<?xml version="1.0" encoding="UTF-8"?>
<gpx creator="Garmin Connect" version="1.1"
  xsi:schemaLocation="http://www.topografix.com/GPX/1/1 http://www.topografix.com/GPX/11.xsd"
  xmlns:ns3="http://www.garmin.com/xmlschemas/TrackPointExtension/v1"
  xmlns="http://www.topografix.com/GPX/1/1"
  xmlns:xsi="http://www.w3.org/2001/XMLSchema-instance" xmlns:ns2="http://www.garmin.com/xmlschemas/GpxExtensions/v3">
  <metadata>
    <link href="connect.garmin.com">
      <text>Garmin Connect</text>
    </link>
    <time>2026-08-17T22:35:00.000Z</time>
  </metadata>
  <trk>
    <name>深圳市 跑步</name>
    <type>running</type>
    <trkseg>
      <trkpt lat="22.58644290268421173095703125" lon="113.875706680119037628173828125">
        <ele>10.3999996185302734375</ele>
        <time>2026-08-17T22:35:20.000Z</time>
        <extensions>
          <ns3:TrackPointExtension>
            <ns3:hr>84</ns3:hr>
            <ns3:cad>91</ns3:cad>
          </ns3:TrackPointExtension>
        </extensions>
      </trkpt>
      <trkpt lat="22.58644868619740009307861328125" lon="113.87572034262120723724365234375">
        <ele>10.3999996185302734375</ele>
        <time>2026-08-17T22:35:21.000Z</time>
        <extensions>
          <ns3:TrackPointExtension>
            <ns3:hr>84</ns3:hr>
            <ns3:cad>91</ns3:cad>
          </ns3:TrackPointExtension>
        </extensions>
      </trkpt>
      <trkpt lat="22.58647416718304157257080078125" lon="113.8757591508328914642333984375">
        <ele>10.3999996185302734375</ele>
        <time>2026-08-17T22:35:22.000Z</time>
        <extensions>
          <ns3:TrackPointExtension>
            <ns3:hr>85</ns3:hr>
            <ns3:cad>91</ns3:cad>
          </ns3:TrackPointExtension>
        </extensions>
      </trkpt>
      <trkpt lat="22.5864849798381328582763671875" lon="113.875783123075962066650390625">
        <ele>10.3999996185302734375</ele>
        <time>2026-08-17T22:35:23.000Z</time>
        <extensions>
          <ns3:TrackPointExtension>
            <ns3:hr>86</ns3:hr>
            <ns3:cad>92</ns3:cad>
          </ns3:TrackPointExtension>
        </extensions>
      </trkpt>
      <trkpt lat="22.58650685660541057586669921875" lon="113.87579879723489284515380859375">
        <ele>10.3999996185302734375</ele>
        <time>2026-08-17T22:35:24.000Z</time>
        <extensions>
          <ns3:TrackPointExtension>
            <ns3:hr>87</ns3:hr>
            <ns3:cad>92</ns3:cad>
          </ns3:TrackPointExtension>
        </extensions>
      </trkpt>
      <trkpt lat="22.5865295715630054473876953125" lon="113.875817991793155670166015625">
        <ele>10.3999996185302734375</ele>
        <time>2026-08-17T22:35:25.000Z</time>
        <extensions>
          <ns3:TrackPointExtension>
            <ns3:hr>89</ns3:hr>
            <ns3:cad>92</ns3:cad>
          </ns3:TrackPointExtension>
        </extensions>
      </trkpt>
      <trkpt lat="22.586545161902904510498046875" lon="113.87583919800817966461181640625">
        <ele>10.3999996185302734375</ele>
        <time>2026-08-17T22:35:26.000Z</time>
        <extensions>
          <ns3:TrackPointExtension>
            <ns3:hr>90</ns3:hr>
            <ns3:cad>92</ns3:cad>
          </ns3:TrackPointExtension>
        </extensions>
      </trkpt>
      <trkpt lat="22.5865600816905498504638671875" lon="113.87585881166160106658935546875">
        <ele>10.19999980926513671875</ele>
        <time>2026-08-17T22:35:27.000Z</time>
        <extensions>
          <ns3:TrackPointExtension>
            <ns3:hr>92</ns3:hr>
            <ns3:cad>92</ns3:cad>
          </ns3:TrackPointExtension>
        </extensions>
      </trkpt>
      <trkpt lat="22.58657835423946380615234375" lon="113.87588345445692539215087890625">
        <ele>10.19999980926513671875</ele>
        <time>2026-08-17T22:35:28.000Z</time>
        <extensions>
          <ns3:TrackPointExtension>
            <ns3:hr>93</ns3:hr>
            <ns3:cad>92</ns3:cad>
          </ns3:TrackPointExtension>
        </extensions>
      </trkpt>
      <trkpt lat="22.58659168146550655364990234375" lon="113.8758999668061733245849609375">
        <ele>10.19999980926513671875</ele>
        <time>2026-08-17T22:35:29.000Z</time>
        <extensions>
          <ns3:TrackPointExtension>
            <ns3:hr>94</ns3:hr>
            <ns3:cad>93</ns3:cad>
          </ns3:TrackPointExtension>
        </extensions>
      </trkpt>
      <trkpt lat="22.58660827763378620147705078125" lon="113.87592620216310024261474609375">
        <ele>10.19999980926513671875</ele>
        <time>2026-08-17T22:35:30.000Z</time>
        <extensions>
          <ns3:TrackPointExtension>
            <ns3:hr>95</ns3:hr>
            <ns3:cad>93</ns3:cad>
          </ns3:TrackPointExtension>
        </extensions>
      </trkpt>
      <trkpt lat="22.58662252686917781829833984375" lon="113.87594170868396759033203125">
        <ele>10.19999980926513671875</ele>
        <time>2026-08-17T22:35:31.000Z</time>
        <extensions>
          <ns3:TrackPointExtension>
            <ns3:hr>96</ns3:hr>
            <ns3:cad>92</ns3:cad>
          </ns3:TrackPointExtension>
        </extensions>
      </trkpt>
      <trkpt lat="22.58664071559906005859375" lon="113.87596693821251392364501953125">
        <ele>10.19999980926513671875</ele>
        <time>2026-08-17T22:35:32.000Z</time>
        <extensions>
          <ns3:TrackPointExtension>
            <ns3:hr>97</ns3:hr>
            <ns3:cad>92</ns3:cad>
          </ns3:TrackPointExtension>
        </extensions>
      </trkpt>
      <trkpt lat="22.58665940724313259124755859375" lon="113.87598060071468353271484375">
        <ele>10.19999980926513671875</ele>
        <time>2026-08-17T22:35:33.000Z</time>
        <extensions>
          <ns3:TrackPointExtension>
            <ns3:hr>98</ns3:hr>
            <ns3:cad>93</ns3:cad>
          </ns3:TrackPointExtension>
        </extensions>
      </trkpt>
      <trkpt lat="22.58667625486850738525390625" lon="113.87600499205291271209716796875">
        <ele>10.19999980926513671875</ele>
        <time>2026-08-17T22:35:34.000Z</time>
        <extensions>
          <ns3:TrackPointExtension>
            <ns3:hr>99</ns3:hr>
            <ns3:cad>93</ns3:cad>
          </ns3:TrackPointExtension>
        </extensions>
      </trkpt>
      <trkpt lat="22.58669226430356502532958984375" lon="113.87602175585925579071044921875">
        <ele>10.19999980926513671875</ele>
        <time>2026-08-17T22:35:35.000Z</time>
        <extensions>
          <ns3:TrackPointExtension>
            <ns3:hr>100</ns3:hr>
            <ns3:cad>92</ns3:cad>
          </ns3:TrackPointExtension>
        </extensions>
      </trkpt>
      <trkpt lat="22.58670441806316375732421875" lon="113.876043297350406646728515625">
        <ele>10.19999980926513671875</ele>
        <time>2026-08-17T22:35:36.000Z</time>
        <extensions>
          <ns3:TrackPointExtension>
            <ns3:hr>101</ns3:hr>
            <ns3:cad>92</ns3:cad>
          </ns3:TrackPointExtension>
        </extensions>
      </trkpt>
      <trkpt lat="22.58672143332660198211669921875" lon="113.87606517411768436431884765625">
        <ele>10.19999980926513671875</ele>
        <time>2026-08-17T22:35:37.000Z</time>
        <extensions>
          <ns3:TrackPointExtension>
            <ns3:hr>102</ns3:hr>
            <ns3:cad>92</ns3:cad>
          </ns3:TrackPointExtension>
        </extensions>
      </trkpt>
      <trkpt lat="22.5867300666868686676025390625" lon="113.87608612887561321258544921875">
        <ele>10.19999980926513671875</ele>
        <time>2026-08-17T22:35:38.000Z</time>
        <extensions>
          <ns3:TrackPointExtension>
            <ns3:hr>102</ns3:hr>
            <ns3:cad>93</ns3:cad>
          </ns3:TrackPointExtension>
        </extensions>
      </trkpt>
      <trkpt lat="22.58673752658069133758544921875" lon="113.87610741890966892242431640625">
        <ele>10.19999980926513671875</ele>
        <time>2026-08-17T22:35:39.000Z</time>
        <extensions>
          <ns3:TrackPointExtension>
            <ns3:hr>103</ns3:hr>
            <ns3:cad>93</ns3:cad>
          </ns3:TrackPointExtension>
        </extensions>
      </trkpt>
      <trkpt lat="22.58674825541675090789794921875" lon="113.87612803839147090911865234375">
        <ele>10.19999980926513671875</ele>
        <time>2026-08-17T22:35:40.000Z</time>
        <extensions>
          <ns3:TrackPointExtension>
            <ns3:hr>105</ns3:hr>
            <ns3:cad>93</ns3:cad>
          </ns3:TrackPointExtension>
        </extensions>
      </trkpt>
      <trkpt lat="22.586767785251140594482421875" lon="113.87615762650966644287109375">
        <ele>10</ele>
        <time>2026-08-17T22:35:41.000Z</time>
        <extensions>
          <ns3:TrackPointExtension>
            <ns3:hr>106</ns3:hr>
            <ns3:cad>93</ns3:cad>
          </ns3:TrackPointExtension>
        </extensions>
      </trkpt>
      <trkpt lat="22.5867806933820247650146484375" lon="113.8761772401630878448486328125">
        <ele>10</ele>
        <time>2026-08-17T22:35:42.000Z</time>
        <extensions>
          <ns3:TrackPointExtension>
            <ns3:hr>107</ns3:hr>
            <ns3:cad>93</ns3:cad>
          </ns3:TrackPointExtension>
        </extensions>
      </trkpt>
      <trkpt lat="22.58680072613060474395751953125" lon="113.87620330788195133209228515625">
        <ele>10</ele>
        <time>2026-08-17T22:35:43.000Z</time>
        <extensions>
          <ns3:TrackPointExtension>
            <ns3:hr>107</ns3:hr>
            <ns3:cad>91</ns3:cad>
          </ns3:TrackPointExtension>
        </extensions>
      </trkpt>
      <trkpt lat="22.5868125446140766143798828125" lon="113.87621856294572353363037109375">
        <ele>10</ele>
        <time>2026-08-17T22:35:44.000Z</time>
        <extensions>
          <ns3:TrackPointExtension>
            <ns3:hr>108</ns3:hr>
            <ns3:cad>91</ns3:cad>
          </ns3:TrackPointExtension>
        </extensions>
      </trkpt>
      <trkpt lat="22.58683224208652973175048828125" lon="113.87624211609363555908203125">
        <ele>10.19999980926513671875</ele>
        <time>2026-08-17T22:35:45.000Z</time>
        <extensions>
          <ns3:TrackPointExtension>
            <ns3:hr>108</ns3:hr>
            <ns3:cad>91</ns3:cad>
          </ns3:TrackPointExtension>
        </extensions>
      </trkpt>
      <trkpt lat="22.58684833534061908721923828125" lon="113.87625594623386859893798828125">
        <ele>10.19999980926513671875</ele>
        <time>2026-08-17T22:35:46.000Z</time>
        <extensions>
          <ns3:TrackPointExtension>
            <ns3:hr>109</ns3:hr>
            <ns3:cad>93</ns3:cad>
          </ns3:TrackPointExtension>
        </extensions>
      </trkpt>
      <trkpt lat="22.586865015327930450439453125" lon="113.87628109194338321685791015625">
        <ele>10.19999980926513671875</ele>
        <time>2026-08-17T22:35:47.000Z</time>
        <extensions>
          <ns3:TrackPointExtension>
            <ns3:hr>109</ns3:hr>
            <ns3:cad>94</ns3:cad>
          </ns3:TrackPointExtension>
        </extensions>
      </trkpt>
      <trkpt lat="22.5868839584290981292724609375" lon="113.87629668228328227996826171875">
        <ele>10.19999980926513671875</ele>
        <time>2026-08-17T22:35:48.000Z</time>
        <extensions>
          <ns3:TrackPointExtension>
            <ns3:hr>109</ns3:hr>
            <ns3:cad>92</ns3:cad>
          </ns3:TrackPointExtension>
        </extensions>
      </trkpt>
      <trkpt lat="22.5869007222354412078857421875" lon="113.87631855905055999755859375">
        <ele>10.19999980926513671875</ele>
        <time>2026-08-17T22:35:49.000Z</time>
        <extensions>
          <ns3:TrackPointExtension>
            <ns3:hr>110</ns3:hr>
            <ns3:cad>92</ns3:cad>
          </ns3:TrackPointExtension>
        </extensions>
      </trkpt>
      <trkpt lat="22.5869205035269260406494140625" lon="113.87633406557142734527587890625">
        <ele>10.19999980926513671875</ele>
        <time>2026-08-17T22:35:50.000Z</time>
        <extensions>
          <ns3:TrackPointExtension>
            <ns3:hr>111</ns3:hr>
            <ns3:cad>92</ns3:cad>
          </ns3:TrackPointExtension>
        </extensions>
      </trkpt>
      <trkpt lat="22.5869362615048885345458984375" lon="113.876351080834865570068359375">
        <ele>10.19999980926513671875</ele>
        <time>2026-08-17T22:35:51.000Z</time>
        <extensions>
          <ns3:TrackPointExtension>
            <ns3:hr>112</ns3:hr>
            <ns3:cad>92</ns3:cad>
          </ns3:TrackPointExtension>
        </extensions>
      </trkpt>
      <trkpt lat="22.58695612661540508270263671875" lon="113.87637362815439701080322265625">
        <ele>10.19999980926513671875</ele>
        <time>2026-08-17T22:35:52.000Z</time>
        <extensions>
          <ns3:TrackPointExtension>
            <ns3:hr>112</ns3:hr>
            <ns3:cad>93</ns3:cad>
          </ns3:TrackPointExtension>
        </extensions>
      </trkpt>
      <trkpt lat="22.58696920238435268402099609375" lon="113.87639324180781841278076171875">
        <ele>10.19999980926513671875</ele>
        <time>2026-08-17T22:35:53.000Z</time>
        <extensions>
          <ns3:TrackPointExtension>
            <ns3:hr>113</ns3:hr>
            <ns3:cad>93</ns3:cad>
          </ns3:TrackPointExtension>
        </extensions>
      </trkpt>
      <trkpt lat="22.58698730729520320892333984375" lon="113.8764159567654132843017578125">
        <ele>10.19999980926513671875</ele>
        <time>2026-08-17T22:35:54.000Z</time>
        <extensions>
          <ns3:TrackPointExtension>
            <ns3:hr>113</ns3:hr>
            <ns3:cad>93</ns3:cad>
          </ns3:TrackPointExtension>
        </extensions>
      </trkpt>
      <trkpt lat="22.58699920959770679473876953125" lon="113.87643749825656414031982421875">
        <ele>10.19999980926513671875</ele>
        <time>2026-08-17T22:35:55.000Z</time>
        <extensions>
          <ns3:TrackPointExtension>
            <ns3:hr>113</ns3:hr>
            <ns3:cad>93</ns3:cad>
          </ns3:TrackPointExtension>
        </extensions>
      </trkpt>
      <trkpt lat="22.5870177336037158966064453125" lon="113.87646482326090335845947265625">
        <ele>10.19999980926513671875</ele>
        <time>2026-08-17T22:35:56.000Z</time>
        <extensions>
          <ns3:TrackPointExtension>
            <ns3:hr>113</ns3:hr>
            <ns3:cad>93</ns3:cad>
          </ns3:TrackPointExtension>
        </extensions>
      </trkpt>
      <trkpt lat="22.5870294682681560516357421875" lon="113.8764826767146587371826171875">
        <ele>10.3999996185302734375</ele>
        <time>2026-08-17T22:35:57.000Z</time>
        <extensions>
          <ns3:TrackPointExtension>
            <ns3:hr>114</ns3:hr>
            <ns3:cad>93</ns3:cad>
          </ns3:TrackPointExtension>
        </extensions>
      </trkpt>
      <trkpt lat="22.58705151267349720001220703125" lon="113.87650966644287109375">
        <ele>10.3999996185302734375</ele>
        <time>2026-08-17T22:35:58.000Z</time>
        <extensions>
          <ns3:TrackPointExtension>
            <ns3:hr>114</ns3:hr>
            <ns3:cad>93</ns3:cad>
          </ns3:TrackPointExtension>
        </extensions>
      </trkpt>
      <trkpt lat="22.587066181004047393798828125" lon="113.8765271008014678955078125">
        <ele>10.19999980926513671875</ele>
        <time>2026-08-17T22:35:59.000Z</time>
        <extensions>
          <ns3:TrackPointExtension>
            <ns3:hr>115</ns3:hr>
            <ns3:cad>93</ns3:cad>
          </ns3:TrackPointExtension>
        </extensions>
      </trkpt>
      <trkpt lat="22.58708772249519824981689453125" lon="113.87655501253902912139892578125">
        <ele>10.19999980926513671875</ele>
        <time>2026-08-17T22:36:00.000Z</time>
        <extensions>
          <ns3:TrackPointExtension>
            <ns3:hr>115</ns3:hr>
            <ns3:cad>92</ns3:cad>
          </ns3:TrackPointExtension>
        </extensions>
      </trkpt>
      <trkpt lat="22.58710113354027271270751953125" lon="113.87657378800213336944580078125">
        <ele>10.19999980926513671875</ele>
        <time>2026-08-17T22:36:01.000Z</time>
        <extensions>
          <ns3:TrackPointExtension>
            <ns3:hr>115</ns3:hr>
            <ns3:cad>91</ns3:cad>
          </ns3:TrackPointExtension>
        </extensions>
      </trkpt>
      <trkpt lat="22.587120495736598968505859375" lon="113.8766023702919483184814453125">
        <ele>10.19999980926513671875</ele>
        <time>2026-08-17T22:36:02.000Z</time>
        <extensions>
          <ns3:TrackPointExtension>
            <ns3:hr>115</ns3:hr>
            <ns3:cad>91</ns3:cad>
          </ns3:TrackPointExtension>
        </extensions>
      </trkpt>
      <trkpt lat="22.58713717572391033172607421875" lon="113.876619972288608551025390625">
        <ele>10.19999980926513671875</ele>
        <time>2026-08-17T22:36:03.000Z</time>
        <extensions>
          <ns3:TrackPointExtension>
            <ns3:hr>116</ns3:hr>
            <ns3:cad>92</ns3:cad>
          </ns3:TrackPointExtension>
        </extensions>
      </trkpt>
      <trkpt lat="22.58715745992958545684814453125" lon="113.876646123826503753662109375">
        <ele>10.19999980926513671875</ele>
        <time>2026-08-17T22:36:04.000Z</time>
        <extensions>
          <ns3:TrackPointExtension>
            <ns3:hr>116</ns3:hr>
            <ns3:cad>92</ns3:cad>
          </ns3:TrackPointExtension>
        </extensions>
      </trkpt>
      <trkpt lat="22.58717707358300685882568359375" lon="113.87666280381381511688232421875">
        <ele>10.3999996185302734375</ele>
        <time>2026-08-17T22:36:05.000Z</time>
        <extensions>
          <ns3:TrackPointExtension>
            <ns3:hr>116</ns3:hr>
            <ns3:cad>93</ns3:cad>
          </ns3:TrackPointExtension>
        </extensions>
      </trkpt>
      <trkpt lat="22.58719182573258876800537109375" lon="113.87668602168560028076171875">
        <ele>10.3999996185302734375</ele>
        <time>2026-08-17T22:36:06.000Z</time>
        <extensions>
          <ns3:TrackPointExtension>
            <ns3:hr>117</ns3:hr>
            <ns3:cad>93</ns3:cad>
          </ns3:TrackPointExtension>
        </extensions>
      </trkpt>
      <trkpt lat="22.5872152112424373626708984375" lon="113.87670353986322879791259765625">
        <ele>10.3999996185302734375</ele>
        <time>2026-08-17T22:36:07.000Z</time>
        <extensions>
          <ns3:TrackPointExtension>
            <ns3:hr>117</ns3:hr>
            <ns3:cad>93</ns3:cad>
          </ns3:TrackPointExtension>
        </extensions>
      </trkpt>
      <trkpt lat="22.5872313044965267181396484375" lon="113.8767229020595550537109375">
        <ele>10.3999996185302734375</ele>
        <time>2026-08-17T22:36:08.000Z</time>
        <extensions>
          <ns3:TrackPointExtension>
            <ns3:hr>118</ns3:hr>
            <ns3:cad>93</ns3:cad>
          </ns3:TrackPointExtension>
        </extensions>
      </trkpt>
      <trkpt lat="22.58725184015929698944091796875" lon="113.87674511410295963287353515625">
        <ele>10.3999996185302734375</ele>
        <time>2026-08-17T22:36:09.000Z</time>
        <extensions>
          <ns3:TrackPointExtension>
            <ns3:hr>119</ns3:hr>
            <ns3:cad>93</ns3:cad>
          </ns3:TrackPointExtension>
        </extensions>
      </trkpt>
      <trkpt lat="22.58726323954761028289794921875" lon="113.8767599500715732574462890625">
        <ele>10.3999996185302734375</ele>
        <time>2026-08-17T22:36:10.000Z</time>
        <extensions>
          <ns3:TrackPointExtension>
            <ns3:hr>120</ns3:hr>
            <ns3:cad>93</ns3:cad>
          </ns3:TrackPointExtension>
        </extensions>
      </trkpt>
      <trkpt lat="22.58728335611522197723388671875" lon="113.87678266502916812896728515625">
        <ele>10.3999996185302734375</ele>
        <time>2026-08-17T22:36:11.000Z</time>
        <extensions>
          <ns3:TrackPointExtension>
            <ns3:hr>120</ns3:hr>
            <ns3:cad>93</ns3:cad>
          </ns3:TrackPointExtension>
        </extensions>
      </trkpt>
      <trkpt lat="22.58729450404644012451171875" lon="113.87680060230195522308349609375">
        <ele>10.3999996185302734375</ele>
        <time>2026-08-17T22:36:12.000Z</time>
        <extensions>
          <ns3:TrackPointExtension>
            <ns3:hr>120</ns3:hr>
            <ns3:cad>92</ns3:cad>
          </ns3:TrackPointExtension>
        </extensions>
      </trkpt>
      <trkpt lat="22.58731327950954437255859375" lon="113.8768280111253261566162109375">
        <ele>10.3999996185302734375</ele>
        <time>2026-08-17T22:36:13.000Z</time>
        <extensions>
          <ns3:TrackPointExtension>
            <ns3:hr>121</ns3:hr>
            <ns3:cad>92</ns3:cad>
          </ns3:TrackPointExtension>
        </extensions>
      </trkpt>
      <trkpt lat="22.5873265229165554046630859375" lon="113.87684167362749576568603515625">
        <ele>10.3999996185302734375</ele>
        <time>2026-08-17T22:36:14.000Z</time>
        <extensions>
          <ns3:TrackPointExtension>
            <ns3:hr>121</ns3:hr>
            <ns3:cad>92</ns3:cad>
          </ns3:TrackPointExtension>
        </extensions>
      </trkpt>
      <trkpt lat="22.587347142398357391357421875" lon="113.87686480768024921417236328125">
        <ele>10.3999996185302734375</ele>
        <time>2026-08-17T22:36:15.000Z</time>
        <extensions>
          <ns3:TrackPointExtension>
            <ns3:hr>121</ns3:hr>
            <ns3:cad>93</ns3:cad>
          </ns3:TrackPointExtension>
        </extensions>
      </trkpt>
      <trkpt lat="22.58736449293792247772216796875" lon="113.8768783025443553924560546875">
        <ele>10.3999996185302734375</ele>
        <time>2026-08-17T22:36:16.000Z</time>
        <extensions>
          <ns3:TrackPointExtension>
            <ns3:hr>121</ns3:hr>
            <ns3:cad>93</ns3:cad>
          </ns3:TrackPointExtension>
        </extensions>
      </trkpt>
      <trkpt lat="22.5873848609626293182373046875" lon="113.87690453790128231048583984375">
        <ele>10.3999996185302734375</ele>
        <time>2026-08-17T22:36:17.000Z</time>
        <extensions>
          <ns3:TrackPointExtension>
            <ns3:hr>121</ns3:hr>
            <ns3:cad>92</ns3:cad>
          </ns3:TrackPointExtension>
        </extensions>
      </trkpt>
      <trkpt lat="22.5874053128063678741455078125" lon="113.8769218884408473968505859375">
        <ele>10.3999996185302734375</ele>
        <time>2026-08-17T22:36:18.000Z</time>
        <extensions>
          <ns3:TrackPointExtension>
            <ns3:hr>121</ns3:hr>
            <ns3:cad>92</ns3:cad>
          </ns3:TrackPointExtension>
        </extensions>
      </trkpt>
      <trkpt lat="22.58742350153625011444091796875" lon="113.876945860683917999267578125">
        <ele>10.3999996185302734375</ele>
        <time>2026-08-17T22:36:19.000Z</time>
        <extensions>
          <ns3:TrackPointExtension>
            <ns3:hr>121</ns3:hr>
            <ns3:cad>92</ns3:cad>
          </ns3:TrackPointExtension>
        </extensions>
      </trkpt>
      <trkpt lat="22.58743825368583202362060546875" lon="113.8769621215760707855224609375">
        <ele>10.3999996185302734375</ele>
        <time>2026-08-17T22:36:20.000Z</time>
        <extensions>
          <ns3:TrackPointExtension>
            <ns3:hr>122</ns3:hr>
            <ns3:cad>93</ns3:cad>
          </ns3:TrackPointExtension>
        </extensions>
      </trkpt>
      <trkpt lat="22.587452419102191925048828125" lon="113.876979053020477294921875">
        <ele>10.3999996185302734375</ele>
        <time>2026-08-17T22:36:21.000Z</time>
        <extensions>
          <ns3:TrackPointExtension>
            <ns3:hr>123</ns3:hr>
            <ns3:cad>93</ns3:cad>
          </ns3:TrackPointExtension>
        </extensions>
      </trkpt>
      <trkpt lat="22.587470524013042449951171875" lon="113.87699690647423267364501953125">
        <ele>10.3999996185302734375</ele>
        <time>2026-08-17T22:36:22.000Z</time>
        <extensions>
          <ns3:TrackPointExtension>
            <ns3:hr>124</ns3:hr>
            <ns3:cad>93</ns3:cad>
          </ns3:TrackPointExtension>
        </extensions>
      </trkpt>
      <trkpt lat="22.5874844379723072052001953125" lon="113.87701517902314662933349609375">
        <ele>10.3999996185302734375</ele>
        <time>2026-08-17T22:36:23.000Z</time>
        <extensions>
          <ns3:TrackPointExtension>
            <ns3:hr>124</ns3:hr>
            <ns3:cad>93</ns3:cad>
          </ns3:TrackPointExtension>
        </extensions>
      </trkpt>
      <trkpt lat="22.5875030457973480224609375" lon="113.87703361921012401580810546875">
        <ele>10.3999996185302734375</ele>
        <time>2026-08-17T22:36:24.000Z</time>
        <extensions>
          <ns3:TrackPointExtension>
            <ns3:hr>124</ns3:hr>
            <ns3:cad>92</ns3:cad>
          </ns3:TrackPointExtension>
        </extensions>
      </trkpt>
      <trkpt lat="22.587518803775310516357421875" lon="113.87705306522548198699951171875">
        <ele>10.3999996185302734375</ele>
        <time>2026-08-17T22:36:25.000Z</time>
        <extensions>
          <ns3:TrackPointExtension>
            <ns3:hr>125</ns3:hr>
            <ns3:cad>93</ns3:cad>
          </ns3:TrackPointExtension>
        </extensions>
      </trkpt>
      <trkpt lat="22.58753833360970020294189453125" lon="113.87707770802080631256103515625">
        <ele>10.3999996185302734375</ele>
        <time>2026-08-17T22:36:26.000Z</time>
        <extensions>
          <ns3:TrackPointExtension>
            <ns3:hr>125</ns3:hr>
            <ns3:cad>93</ns3:cad>
          </ns3:TrackPointExtension>
        </extensions>
      </trkpt>
      <trkpt lat="22.587551660835742950439453125" lon="113.87709908187389373779296875">
        <ele>10.3999996185302734375</ele>
        <time>2026-08-17T22:36:27.000Z</time>
        <extensions>
          <ns3:TrackPointExtension>
            <ns3:hr>125</ns3:hr>
            <ns3:cad>93</ns3:cad>
          </ns3:TrackPointExtension>
        </extensions>
      </trkpt>
      <trkpt lat="22.58756767027080059051513671875" lon="113.87712347321212291717529296875">
        <ele>10.3999996185302734375</ele>
        <time>2026-08-17T22:36:28.000Z</time>
        <extensions>
          <ns3:TrackPointExtension>
            <ns3:hr>126</ns3:hr>
            <ns3:cad>93</ns3:cad>
          </ns3:TrackPointExtension>
        </extensions>
      </trkpt>
      <trkpt lat="22.58758418262004852294921875" lon="113.8771371357142925262451171875">
        <ele>10.3999996185302734375</ele>
        <time>2026-08-17T22:36:29.000Z</time>
        <extensions>
          <ns3:TrackPointExtension>
            <ns3:hr>126</ns3:hr>
            <ns3:cad>92</ns3:cad>
          </ns3:TrackPointExtension>
        </extensions>
      </trkpt>
      <trkpt lat="22.58760136552155017852783203125" lon="113.8771579228341579437255859375">
        <ele>10.3999996185302734375</ele>
        <time>2026-08-17T22:36:30.000Z</time>
        <extensions>
          <ns3:TrackPointExtension>
            <ns3:hr>126</ns3:hr>
            <ns3:cad>92</ns3:cad>
          </ns3:TrackPointExtension>
        </extensions>
      </trkpt>
      <trkpt lat="22.58761796168982982635498046875" lon="113.8771736808121204376220703125">
        <ele>10.3999996185302734375</ele>
        <time>2026-08-17T22:36:31.000Z</time>
        <extensions>
          <ns3:TrackPointExtension>
            <ns3:hr>126</ns3:hr>
            <ns3:cad>92</ns3:cad>
          </ns3:TrackPointExtension>
        </extensions>
      </trkpt>
      <trkpt lat="22.587641514837741851806640625" lon="113.87719639576971530914306640625">
        <ele>10.3999996185302734375</ele>
        <time>2026-08-17T22:36:32.000Z</time>
        <extensions>
          <ns3:TrackPointExtension>
            <ns3:hr>126</ns3:hr>
            <ns3:cad>92</ns3:cad>
          </ns3:TrackPointExtension>
        </extensions>
      </trkpt>
      <trkpt lat="22.5876586139202117919921875" lon="113.877212069928646087646484375">
        <ele>10.3999996185302734375</ele>
        <time>2026-08-17T22:36:33.000Z</time>
        <extensions>
          <ns3:TrackPointExtension>
            <ns3:hr>127</ns3:hr>
            <ns3:cad>92</ns3:cad>
          </ns3:TrackPointExtension>
        </extensions>
      </trkpt>
      <trkpt lat="22.58768216706812381744384765625" lon="113.87723679654300212860107421875">
        <ele>10.3999996185302734375</ele>
        <time>2026-08-17T22:36:34.000Z</time>
        <extensions>
          <ns3:TrackPointExtension>
            <ns3:hr>127</ns3:hr>
            <ns3:cad>91</ns3:cad>
          </ns3:TrackPointExtension>
        </extensions>
      </trkpt>
      <trkpt lat="22.58770010434091091156005859375" lon="113.87725356034934520721435546875">
        <ele>10.3999996185302734375</ele>
        <time>2026-08-17T22:36:35.000Z</time>
        <extensions>
          <ns3:TrackPointExtension>
            <ns3:hr>127</ns3:hr>
            <ns3:cad>91</ns3:cad>
          </ns3:TrackPointExtension>
        </extensions>
      </trkpt>
      <trkpt lat="22.58772156201303005218505859375" lon="113.8772762753069400787353515625">
        <ele>10.6000003814697265625</ele>
        <time>2026-08-17T22:36:36.000Z</time>
        <extensions>
          <ns3:TrackPointExtension>
            <ns3:hr>127</ns3:hr>
            <ns3:cad>91</ns3:cad>
          </ns3:TrackPointExtension>
        </extensions>
      </trkpt>
      <trkpt lat="22.58774578571319580078125" lon="113.877291195094585418701171875">
        <ele>10.6000003814697265625</ele>
        <time>2026-08-17T22:36:37.000Z</time>
        <extensions>
          <ns3:TrackPointExtension>
            <ns3:hr>127</ns3:hr>
            <ns3:cad>91</ns3:cad>
          </ns3:TrackPointExtension>
        </extensions>
      </trkpt>
      <trkpt lat="22.58776531554758548736572265625" lon="113.87730971910059452056884765625">
        <ele>10.6000003814697265625</ele>
        <time>2026-08-17T22:36:38.000Z</time>
        <extensions>
          <ns3:TrackPointExtension>
            <ns3:hr>127</ns3:hr>
            <ns3:cad>93</ns3:cad>
          </ns3:TrackPointExtension>
        </extensions>
      </trkpt>
      <trkpt lat="22.5877865217626094818115234375" lon="113.877332769334316253662109375">
        <ele>10.6000003814697265625</ele>
        <time>2026-08-17T22:36:39.000Z</time>
        <extensions>
          <ns3:TrackPointExtension>
            <ns3:hr>127</ns3:hr>
            <ns3:cad>93</ns3:cad>
          </ns3:TrackPointExtension>
        </extensions>
      </trkpt>
      <trkpt lat="22.5877982564270496368408203125" lon="113.87735213153064250946044921875">
        <ele>10.6000003814697265625</ele>
        <time>2026-08-17T22:36:40.000Z</time>
        <extensions>
          <ns3:TrackPointExtension>
            <ns3:hr>128</ns3:hr>
            <ns3:cad>92</ns3:cad>
          </ns3:TrackPointExtension>
        </extensions>
      </trkpt>
      <trkpt lat="22.5878168642520904541015625" lon="113.87737643904983997344970703125">
        <ele>10.6000003814697265625</ele>
        <time>2026-08-17T22:36:41.000Z</time>
        <extensions>
          <ns3:TrackPointExtension>
            <ns3:hr>127</ns3:hr>
            <ns3:cad>92</ns3:cad>
          </ns3:TrackPointExtension>
        </extensions>
      </trkpt>
      <trkpt lat="22.58783387951552867889404296875" lon="113.87739672325551509857177734375">
        <ele>10.3999996185302734375</ele>
        <time>2026-08-17T22:36:42.000Z</time>
        <extensions>
          <ns3:TrackPointExtension>
            <ns3:hr>127</ns3:hr>
            <ns3:cad>92</ns3:cad>
          </ns3:TrackPointExtension>
        </extensions>
      </trkpt>
      <trkpt lat="22.58785483427345752716064453125" lon="113.8774204440414905548095703125">
        <ele>10.6000003814697265625</ele>
        <time>2026-08-17T22:36:43.000Z</time>
        <extensions>
          <ns3:TrackPointExtension>
            <ns3:hr>128</ns3:hr>
            <ns3:cad>92</ns3:cad>
          </ns3:TrackPointExtension>
        </extensions>
      </trkpt>
      <trkpt lat="22.587870843708515167236328125" lon="113.87743745930492877960205078125">
        <ele>10.6000003814697265625</ele>
        <time>2026-08-17T22:36:44.000Z</time>
        <extensions>
          <ns3:TrackPointExtension>
            <ns3:hr>128</ns3:hr>
            <ns3:cad>93</ns3:cad>
          </ns3:TrackPointExtension>
        </extensions>
      </trkpt>
      <trkpt lat="22.587888278067111968994140625" lon="113.87745690532028675079345703125">
        <ele>10.6000003814697265625</ele>
        <time>2026-08-17T22:36:45.000Z</time>
        <extensions>
          <ns3:TrackPointExtension>
            <ns3:hr>128</ns3:hr>
            <ns3:cad>93</ns3:cad>
          </ns3:TrackPointExtension>
        </extensions>
      </trkpt>
      <trkpt lat="22.58790261112153530120849609375" lon="113.8774767704308032989501953125">
        <ele>10.6000003814697265625</ele>
        <time>2026-08-17T22:36:46.000Z</time>
        <extensions>
          <ns3:TrackPointExtension>
            <ns3:hr>129</ns3:hr>
            <ns3:cad>92</ns3:cad>
          </ns3:TrackPointExtension>
        </extensions>
      </trkpt>
      <trkpt lat="22.5879196263849735260009765625" lon="113.87750669382512569427490234375">
        <ele>10.6000003814697265625</ele>
        <time>2026-08-17T22:36:47.000Z</time>
        <extensions>
          <ns3:TrackPointExtension>
            <ns3:hr>129</ns3:hr>
            <ns3:cad>92</ns3:cad>
          </ns3:TrackPointExtension>
        </extensions>
      </trkpt>
      <trkpt lat="22.58793597109615802764892578125" lon="113.8775233738124370574951171875">
        <ele>10.6000003814697265625</ele>
        <time>2026-08-17T22:36:48.000Z</time>
        <extensions>
          <ns3:TrackPointExtension>
            <ns3:hr>129</ns3:hr>
            <ns3:cad>92</ns3:cad>
          </ns3:TrackPointExtension>
        </extensions>
      </trkpt>
      <trkpt lat="22.587953321635723114013671875" lon="113.877550028264522552490234375">
        <ele>10.6000003814697265625</ele>
        <time>2026-08-17T22:36:49.000Z</time>
        <extensions>
          <ns3:TrackPointExtension>
            <ns3:hr>129</ns3:hr>
            <ns3:cad>93</ns3:cad>
          </ns3:TrackPointExtension>
        </extensions>
      </trkpt>
      <trkpt lat="22.58796581067144870758056640625" lon="113.87757056392729282379150390625">
        <ele>10.6000003814697265625</ele>
        <time>2026-08-17T22:36:50.000Z</time>
        <extensions>
          <ns3:TrackPointExtension>
            <ns3:hr>130</ns3:hr>
            <ns3:cad>93</ns3:cad>
          </ns3:TrackPointExtension>
        </extensions>
      </trkpt>
      <trkpt lat="22.587984837591648101806640625" lon="113.8775957934558391571044921875">
        <ele>10.6000003814697265625</ele>
        <time>2026-08-17T22:36:51.000Z</time>
        <extensions>
          <ns3:TrackPointExtension>
            <ns3:hr>130</ns3:hr>
            <ns3:cad>93</ns3:cad>
          </ns3:TrackPointExtension>
        </extensions>
      </trkpt>
      <trkpt lat="22.5880000926554203033447265625" lon="113.87761683203279972076416015625">
        <ele>10.6000003814697265625</ele>
        <time>2026-08-17T22:36:52.000Z</time>
        <extensions>
          <ns3:TrackPointExtension>
            <ns3:hr>130</ns3:hr>
            <ns3:cad>93</ns3:cad>
          </ns3:TrackPointExtension>
        </extensions>
      </trkpt>
      <trkpt lat="22.58802096359431743621826171875" lon="113.87763979844748973846435546875">
        <ele>10.6000003814697265625</ele>
        <time>2026-08-17T22:36:53.000Z</time>
        <extensions>
          <ns3:TrackPointExtension>
            <ns3:hr>129</ns3:hr>
            <ns3:cad>92</ns3:cad>
          </ns3:TrackPointExtension>
        </extensions>
      </trkpt>
      <trkpt lat="22.58803672157227993011474609375" lon="113.877657316625118255615234375">
        <ele>10.6000003814697265625</ele>
        <time>2026-08-17T22:36:54.000Z</time>
        <extensions>
          <ns3:TrackPointExtension>
            <ns3:hr>130</ns3:hr>
            <ns3:cad>92</ns3:cad>
          </ns3:TrackPointExtension>
        </extensions>
      </trkpt>
      <trkpt lat="22.58805532939732074737548828125" lon="113.87768070213496685028076171875">
        <ele>10.80000019073486328125</ele>
        <time>2026-08-17T22:36:55.000Z</time>
        <extensions>
          <ns3:TrackPointExtension>
            <ns3:hr>130</ns3:hr>
            <ns3:cad>92</ns3:cad>
          </ns3:TrackPointExtension>
        </extensions>
      </trkpt>
      <trkpt lat="22.588075362145900726318359375" lon="113.8777007348835468292236328125">
        <ele>10.80000019073486328125</ele>
        <time>2026-08-17T22:36:56.000Z</time>
        <extensions>
          <ns3:TrackPointExtension>
            <ns3:hr>130</ns3:hr>
            <ns3:cad>92</ns3:cad>
          </ns3:TrackPointExtension>
        </extensions>
      </trkpt>
      <trkpt lat="22.58809170685708522796630859375" lon="113.8777231983840465545654296875">
        <ele>10.80000019073486328125</ele>
        <time>2026-08-17T22:36:57.000Z</time>
        <extensions>
          <ns3:TrackPointExtension>
            <ns3:hr>130</ns3:hr>
            <ns3:cad>92</ns3:cad>
          </ns3:TrackPointExtension>
        </extensions>
      </trkpt>
      <trkpt lat="22.58811299689114093780517578125" lon="113.87774691917002201080322265625">
        <ele>10.80000019073486328125</ele>
        <time>2026-08-17T22:36:58.000Z</time>
        <extensions>
          <ns3:TrackPointExtension>
            <ns3:hr>130</ns3:hr>
            <ns3:cad>93</ns3:cad>
          </ns3:TrackPointExtension>
        </extensions>
      </trkpt>
      <trkpt lat="22.588130347430706024169921875" lon="113.87776854448020458221435546875">
        <ele>10.80000019073486328125</ele>
        <time>2026-08-17T22:36:59.000Z</time>
        <extensions>
          <ns3:TrackPointExtension>
            <ns3:hr>131</ns3:hr>
            <ns3:cad>92</ns3:cad>
          </ns3:TrackPointExtension>
        </extensions>
      </trkpt>
      <trkpt lat="22.58815323002636432647705078125" lon="113.87779369018971920013427734375">
        <ele>10.80000019073486328125</ele>
        <time>2026-08-17T22:37:00.000Z</time>
        <extensions>
          <ns3:TrackPointExtension>
            <ns3:hr>131</ns3:hr>
            <ns3:cad>93</ns3:cad>
          </ns3:TrackPointExtension>
        </extensions>
      </trkpt>
      <trkpt lat="22.58816915564239025115966796875" lon="113.87781363911926746368408203125">
        <ele>10.80000019073486328125</ele>
        <time>2026-08-17T22:37:01.000Z</time>
        <extensions>
          <ns3:TrackPointExtension>
            <ns3:hr>131</ns3:hr>
            <ns3:cad>93</ns3:cad>
          </ns3:TrackPointExtension>
        </extensions>
      </trkpt>
      <trkpt lat="22.5881928764283657073974609375" lon="113.8778412155807018280029296875">
        <ele>10.80000019073486328125</ele>
        <time>2026-08-17T22:37:02.000Z</time>
        <extensions>
          <ns3:TrackPointExtension>
            <ns3:hr>132</ns3:hr>
            <ns3:cad>93</ns3:cad>
          </ns3:TrackPointExtension>
        </extensions>
      </trkpt>
      <trkpt lat="22.588216178119182586669921875" lon="113.8778566382825374603271484375">
        <ele>10.80000019073486328125</ele>
        <time>2026-08-17T22:37:03.000Z</time>
        <extensions>
          <ns3:TrackPointExtension>
            <ns3:hr>132</ns3:hr>
            <ns3:cad>94</ns3:cad>
          </ns3:TrackPointExtension>
        </extensions>
      </trkpt>
      <trkpt lat="22.588240988552570343017578125" lon="113.877879939973354339599609375">
        <ele>10.80000019073486328125</ele>
        <time>2026-08-17T22:37:04.000Z</time>
        <extensions>
          <ns3:TrackPointExtension>
            <ns3:hr>132</ns3:hr>
            <ns3:cad>93</ns3:cad>
          </ns3:TrackPointExtension>
        </extensions>
      </trkpt>
      <trkpt lat="22.58826102130115032196044921875" lon="113.87789561413228511810302734375">
        <ele>10.80000019073486328125</ele>
        <time>2026-08-17T22:37:05.000Z</time>
        <extensions>
          <ns3:TrackPointExtension>
            <ns3:hr>132</ns3:hr>
            <ns3:cad>93</ns3:cad>
          </ns3:TrackPointExtension>
        </extensions>
      </trkpt>
      <trkpt lat="22.588279210031032562255859375" lon="113.877916820347309112548828125">
        <ele>10.80000019073486328125</ele>
        <time>2026-08-17T22:37:06.000Z</time>
        <extensions>
          <ns3:TrackPointExtension>
            <ns3:hr>132</ns3:hr>
            <ns3:cad>93</ns3:cad>
          </ns3:TrackPointExtension>
        </extensions>
      </trkpt>
      <trkpt lat="22.5882974825799465179443359375" lon="113.87793785892426967620849609375">
        <ele>10.80000019073486328125</ele>
        <time>2026-08-17T22:37:07.000Z</time>
        <extensions>
          <ns3:TrackPointExtension>
            <ns3:hr>132</ns3:hr>
            <ns3:cad>93</ns3:cad>
          </ns3:TrackPointExtension>
        </extensions>
      </trkpt>
      <trkpt lat="22.58831416256725788116455078125" lon="113.877962417900562286376953125">
        <ele>10.80000019073486328125</ele>
        <time>2026-08-17T22:37:08.000Z</time>
        <extensions>
          <ns3:TrackPointExtension>
            <ns3:hr>132</ns3:hr>
            <ns3:cad>92</ns3:cad>
          </ns3:TrackPointExtension>
        </extensions>
      </trkpt>
      <trkpt lat="22.58832757361233234405517578125" lon="113.87798228301107883453369140625">
        <ele>10.80000019073486328125</ele>
        <time>2026-08-17T22:37:09.000Z</time>
        <extensions>
          <ns3:TrackPointExtension>
            <ns3:hr>133</ns3:hr>
            <ns3:cad>92</ns3:cad>
          </ns3:TrackPointExtension>
        </extensions>
      </trkpt>
      <trkpt lat="22.5883450917899608612060546875" lon="113.87800491414964199066162109375">
        <ele>11</ele>
        <time>2026-08-17T22:37:10.000Z</time>
        <extensions>
          <ns3:TrackPointExtension>
            <ns3:hr>132</ns3:hr>
            <ns3:cad>92</ns3:cad>
          </ns3:TrackPointExtension>
        </extensions>
      </trkpt>
      <trkpt lat="22.5883611850440502166748046875" lon="113.87802469544112682342529296875">
        <ele>11</ele>
        <time>2026-08-17T22:37:11.000Z</time>
        <extensions>
          <ns3:TrackPointExtension>
            <ns3:hr>132</ns3:hr>
            <ns3:cad>91</ns3:cad>
          </ns3:TrackPointExtension>
        </extensions>
      </trkpt>
      <trkpt lat="22.58837769739329814910888671875" lon="113.87804481200873851776123046875">
        <ele>11</ele>
        <time>2026-08-17T22:37:12.000Z</time>
        <extensions>
          <ns3:TrackPointExtension>
            <ns3:hr>132</ns3:hr>
            <ns3:cad>92</ns3:cad>
          </ns3:TrackPointExtension>
        </extensions>
      </trkpt>
      <trkpt lat="22.5883943773806095123291015625" lon="113.87806643731892108917236328125">
        <ele>11</ele>
        <time>2026-08-17T22:37:13.000Z</time>
        <extensions>
          <ns3:TrackPointExtension>
            <ns3:hr>133</ns3:hr>
            <ns3:cad>93</ns3:cad>
          </ns3:TrackPointExtension>
        </extensions>
      </trkpt>
      <trkpt lat="22.58841038681566715240478515625" lon="113.8780889846384525299072265625">
        <ele>11</ele>
        <time>2026-08-17T22:37:14.000Z</time>
        <extensions>
          <ns3:TrackPointExtension>
            <ns3:hr>132</ns3:hr>
            <ns3:cad>93</ns3:cad>
          </ns3:TrackPointExtension>
        </extensions>
      </trkpt>
      <trkpt lat="22.5884322635829448699951171875" lon="113.87811538763344287872314453125">
        <ele>11</ele>
        <time>2026-08-17T22:37:15.000Z</time>
        <extensions>
          <ns3:TrackPointExtension>
            <ns3:hr>132</ns3:hr>
            <ns3:cad>91</ns3:cad>
          </ns3:TrackPointExtension>
        </extensions>
      </trkpt>
      <trkpt lat="22.58844852447509765625" lon="113.87813600711524486541748046875">
        <ele>11.19999980926513671875</ele>
        <time>2026-08-17T22:37:16.000Z</time>
        <extensions>
          <ns3:TrackPointExtension>
            <ns3:hr>132</ns3:hr>
            <ns3:cad>91</ns3:cad>
          </ns3:TrackPointExtension>
        </extensions>
      </trkpt>
      <trkpt lat="22.588470317423343658447265625" lon="113.87816064991056919097900390625">
        <ele>11.19999980926513671875</ele>
        <time>2026-08-17T22:37:17.000Z</time>
        <extensions>
          <ns3:TrackPointExtension>
            <ns3:hr>133</ns3:hr>
            <ns3:cad>92</ns3:cad>
          </ns3:TrackPointExtension>
        </extensions>
      </trkpt>
      <trkpt lat="22.58848599158227443695068359375" lon="113.8781801797449588775634765625">
        <ele>11.19999980926513671875</ele>
        <time>2026-08-17T22:37:18.000Z</time>
        <extensions>
          <ns3:TrackPointExtension>
            <ns3:hr>132</ns3:hr>
            <ns3:cad>92</ns3:cad>
          </ns3:TrackPointExtension>
        </extensions>
      </trkpt>
      <trkpt lat="22.58850778453052043914794921875" lon="113.8782049901783466339111328125">
        <ele>11</ele>
        <time>2026-08-17T22:37:19.000Z</time>
        <extensions>
          <ns3:TrackPointExtension>
            <ns3:hr>133</ns3:hr>
            <ns3:cad>92</ns3:cad>
          </ns3:TrackPointExtension>
        </extensions>
      </trkpt>
      <trkpt lat="22.58852563798427581787109375" lon="113.878221251070499420166015625">
        <ele>11</ele>
        <time>2026-08-17T22:37:20.000Z</time>
        <extensions>
          <ns3:TrackPointExtension>
            <ns3:hr>133</ns3:hr>
            <ns3:cad>92</ns3:cad>
          </ns3:TrackPointExtension>
        </extensions>
      </trkpt>
      <trkpt lat="22.5885479338467121124267578125" lon="113.8782475702464580535888671875">
        <ele>11</ele>
        <time>2026-08-17T22:37:21.000Z</time>
        <extensions>
          <ns3:TrackPointExtension>
            <ns3:hr>133</ns3:hr>
            <ns3:cad>92</ns3:cad>
          </ns3:TrackPointExtension>
        </extensions>
      </trkpt>
      <trkpt lat="22.5885677151381969451904296875" lon="113.87826760299503803253173828125">
        <ele>10.80000019073486328125</ele>
        <time>2026-08-17T22:37:22.000Z</time>
        <extensions>
          <ns3:TrackPointExtension>
            <ns3:hr>133</ns3:hr>
            <ns3:cad>92</ns3:cad>
          </ns3:TrackPointExtension>
        </extensions>
      </trkpt>
      <trkpt lat="22.5885901786386966705322265625" lon="113.8782931677997112274169921875">
        <ele>10.80000019073486328125</ele>
        <time>2026-08-17T22:37:23.000Z</time>
        <extensions>
          <ns3:TrackPointExtension>
            <ns3:hr>133</ns3:hr>
            <ns3:cad>93</ns3:cad>
          </ns3:TrackPointExtension>
        </extensions>
      </trkpt>
      <trkpt lat="22.588609121739864349365234375" lon="113.878315798938274383544921875">
        <ele>11</ele>
        <time>2026-08-17T22:37:24.000Z</time>
        <extensions>
          <ns3:TrackPointExtension>
            <ns3:hr>133</ns3:hr>
            <ns3:cad>93</ns3:cad>
          </ns3:TrackPointExtension>
        </extensions>
      </trkpt>
      <trkpt lat="22.588624544441699981689453125" lon="113.87833683751523494720458984375">
        <ele>11</ele>
        <time>2026-08-17T22:37:25.000Z</time>
        <extensions>
          <ns3:TrackPointExtension>
            <ns3:hr>133</ns3:hr>
            <ns3:cad>93</ns3:cad>
          </ns3:TrackPointExtension>
        </extensions>
      </trkpt>
      <trkpt lat="22.5886428169906139373779296875" lon="113.87836684472858905792236328125">
        <ele>11</ele>
        <time>2026-08-17T22:37:26.000Z</time>
        <extensions>
          <ns3:TrackPointExtension>
            <ns3:hr>132</ns3:hr>
            <ns3:cad>93</ns3:cad>
          </ns3:TrackPointExtension>
        </extensions>
      </trkpt>
      <trkpt lat="22.588654719293117523193359375" lon="113.87838394381105899810791015625">
        <ele>11</ele>
        <time>2026-08-17T22:37:27.000Z</time>
        <extensions>
          <ns3:TrackPointExtension>
            <ns3:hr>132</ns3:hr>
            <ns3:cad>93</ns3:cad>
          </ns3:TrackPointExtension>
        </extensions>
      </trkpt>
      <trkpt lat="22.5886776857078075408935546875" lon="113.87841395102441310882568359375">
        <ele>11</ele>
        <time>2026-08-17T22:37:28.000Z</time>
        <extensions>
          <ns3:TrackPointExtension>
            <ns3:hr>132</ns3:hr>
            <ns3:cad>92</ns3:cad>
          </ns3:TrackPointExtension>
        </extensions>
      </trkpt>
      <trkpt lat="22.58869201876223087310791015625" lon="113.87842937372624874114990234375">
        <ele>10.80000019073486328125</ele>
        <time>2026-08-17T22:37:29.000Z</time>
        <extensions>
          <ns3:TrackPointExtension>
            <ns3:hr>132</ns3:hr>
            <ns3:cad>92</ns3:cad>
          </ns3:TrackPointExtension>
        </extensions>
      </trkpt>
      <trkpt lat="22.58871481753885746002197265625" lon="113.87845435179769992828369140625">
        <ele>10.80000019073486328125</ele>
        <time>2026-08-17T22:37:30.000Z</time>
        <extensions>
          <ns3:TrackPointExtension>
            <ns3:hr>133</ns3:hr>
            <ns3:cad>92</ns3:cad>
          </ns3:TrackPointExtension>
        </extensions>
      </trkpt>
      <trkpt lat="22.5887330062687397003173828125" lon="113.87847027741372585296630859375">
        <ele>10.80000019073486328125</ele>
        <time>2026-08-17T22:37:31.000Z</time>
        <extensions>
          <ns3:TrackPointExtension>
            <ns3:hr>133</ns3:hr>
            <ns3:cad>93</ns3:cad>
          </ns3:TrackPointExtension>
        </extensions>
      </trkpt>
      <trkpt lat="22.58875085972249507904052734375" lon="113.87849324382841587066650390625">
        <ele>10.80000019073486328125</ele>
        <time>2026-08-17T22:37:32.000Z</time>
        <extensions>
          <ns3:TrackPointExtension>
            <ns3:hr>132</ns3:hr>
            <ns3:cad>94</ns3:cad>
          </ns3:TrackPointExtension>
        </extensions>
      </trkpt>
      <trkpt lat="22.58877114392817020416259765625" lon="113.8785131089389324188232421875">
        <ele>10.80000019073486328125</ele>
        <time>2026-08-17T22:37:33.000Z</time>
        <extensions>
          <ns3:TrackPointExtension>
            <ns3:hr>132</ns3:hr>
            <ns3:cad>93</ns3:cad>
          </ns3:TrackPointExtension>
        </extensions>
      </trkpt>
      <trkpt lat="22.5887910090386867523193359375" lon="113.87853565625846385955810546875">
        <ele>10.80000019073486328125</ele>
        <time>2026-08-17T22:37:34.000Z</time>
        <extensions>
          <ns3:TrackPointExtension>
            <ns3:hr>132</ns3:hr>
            <ns3:cad>93</ns3:cad>
          </ns3:TrackPointExtension>
        </extensions>
      </trkpt>
      <trkpt lat="22.58881187997758388519287109375" lon="113.87855510227382183074951171875">
        <ele>10.80000019073486328125</ele>
        <time>2026-08-17T22:37:35.000Z</time>
        <extensions>
          <ns3:TrackPointExtension>
            <ns3:hr>132</ns3:hr>
            <ns3:cad>93</ns3:cad>
          </ns3:TrackPointExtension>
        </extensions>
      </trkpt>
      <trkpt lat="22.588830403983592987060546875" lon="113.8785747997462749481201171875">
        <ele>10.80000019073486328125</ele>
        <time>2026-08-17T22:37:36.000Z</time>
        <extensions>
          <ns3:TrackPointExtension>
            <ns3:hr>133</ns3:hr>
            <ns3:cad>93</ns3:cad>
          </ns3:TrackPointExtension>
        </extensions>
      </trkpt>
      <trkpt lat="22.5888510234653949737548828125" lon="113.87859768234193325042724609375">
        <ele>10.80000019073486328125</ele>
        <time>2026-08-17T22:37:37.000Z</time>
        <extensions>
          <ns3:TrackPointExtension>
            <ns3:hr>132</ns3:hr>
            <ns3:cad>93</ns3:cad>
          </ns3:TrackPointExtension>
        </extensions>
      </trkpt>
      <trkpt lat="22.58886585943400859832763671875" lon="113.8786143623292446136474609375">
        <ele>10.80000019073486328125</ele>
        <time>2026-08-17T22:37:38.000Z</time>
        <extensions>
          <ns3:TrackPointExtension>
            <ns3:hr>132</ns3:hr>
            <ns3:cad>91</ns3:cad>
          </ns3:TrackPointExtension>
        </extensions>
      </trkpt>
      <trkpt lat="22.58888480253517627716064453125" lon="113.8786381669342517852783203125">
        <ele>10.80000019073486328125</ele>
        <time>2026-08-17T22:37:39.000Z</time>
        <extensions>
          <ns3:TrackPointExtension>
            <ns3:hr>132</ns3:hr>
            <ns3:cad>91</ns3:cad>
          </ns3:TrackPointExtension>
        </extensions>
      </trkpt>
      <trkpt lat="22.588902823626995086669921875" lon="113.8786572776734828948974609375">
        <ele>10.80000019073486328125</ele>
        <time>2026-08-17T22:37:40.000Z</time>
        <extensions>
          <ns3:TrackPointExtension>
            <ns3:hr>132</ns3:hr>
            <ns3:cad>91</ns3:cad>
          </ns3:TrackPointExtension>
        </extensions>
      </trkpt>
      <trkpt lat="22.58892017416656017303466796875" lon="113.8786857761442661285400390625">
        <ele>10.80000019073486328125</ele>
        <time>2026-08-17T22:37:41.000Z</time>
        <extensions>
          <ns3:TrackPointExtension>
            <ns3:hr>132</ns3:hr>
            <ns3:cad>93</ns3:cad>
          </ns3:TrackPointExtension>
        </extensions>
      </trkpt>
      <trkpt lat="22.58893693797290325164794921875" lon="113.87870782054960727691650390625">
        <ele>10.80000019073486328125</ele>
        <time>2026-08-17T22:37:42.000Z</time>
        <extensions>
          <ns3:TrackPointExtension>
            <ns3:hr>131</ns3:hr>
            <ns3:cad>93</ns3:cad>
          </ns3:TrackPointExtension>
        </extensions>
      </trkpt>
      <trkpt lat="22.58895814418792724609375" lon="113.878737576305866241455078125">
        <ele>10.80000019073486328125</ele>
        <time>2026-08-17T22:37:43.000Z</time>
        <extensions>
          <ns3:TrackPointExtension>
            <ns3:hr>131</ns3:hr>
            <ns3:cad>93</ns3:cad>
          </ns3:TrackPointExtension>
        </extensions>
      </trkpt>
      <trkpt lat="22.58897298015654087066650390625" lon="113.87876146472990512847900390625">
        <ele>10.80000019073486328125</ele>
        <time>2026-08-17T22:37:44.000Z</time>
        <extensions>
          <ns3:TrackPointExtension>
            <ns3:hr>131</ns3:hr>
            <ns3:cad>93</ns3:cad>
          </ns3:TrackPointExtension>
        </extensions>
      </trkpt>
      <trkpt lat="22.58899376727640628814697265625" lon="113.878794573247432708740234375">
        <ele>10.80000019073486328125</ele>
        <time>2026-08-17T22:37:45.000Z</time>
        <extensions>
          <ns3:TrackPointExtension>
            <ns3:hr>130</ns3:hr>
            <ns3:cad>93</ns3:cad>
          </ns3:TrackPointExtension>
        </extensions>
      </trkpt>
      <trkpt lat="22.5890126265585422515869140625" lon="113.878812678158283233642578125">
        <ele>10.80000019073486328125</ele>
        <time>2026-08-17T22:37:46.000Z</time>
        <extensions>
          <ns3:TrackPointExtension>
            <ns3:hr>130</ns3:hr>
            <ns3:cad>92</ns3:cad>
          </ns3:TrackPointExtension>
        </extensions>
      </trkpt>
      <trkpt lat="22.58903031237423419952392578125" lon="113.87884142808616161346435546875">
        <ele>10.80000019073486328125</ele>
        <time>2026-08-17T22:37:47.000Z</time>
        <extensions>
          <ns3:TrackPointExtension>
            <ns3:hr>130</ns3:hr>
            <ns3:cad>92</ns3:cad>
          </ns3:TrackPointExtension>
        </extensions>
      </trkpt>
      <trkpt lat="22.58905026130378246307373046875" lon="113.87885886244475841522216796875">
        <ele>10.80000019073486328125</ele>
        <time>2026-08-17T22:37:48.000Z</time>
        <extensions>
          <ns3:TrackPointExtension>
            <ns3:hr>130</ns3:hr>
            <ns3:cad>93</ns3:cad>
          </ns3:TrackPointExtension>
        </extensions>
      </trkpt>
      <trkpt lat="22.58906518109142780303955078125" lon="113.8788807392120361328125">
        <ele>10.6000003814697265625</ele>
        <time>2026-08-17T22:37:49.000Z</time>
        <extensions>
          <ns3:TrackPointExtension>
            <ns3:hr>130</ns3:hr>
            <ns3:cad>93</ns3:cad>
          </ns3:TrackPointExtension>
        </extensions>
      </trkpt>
      <trkpt lat="22.58908278308808803558349609375" lon="113.87890362180769443511962890625">
        <ele>10.6000003814697265625</ele>
        <time>2026-08-17T22:37:50.000Z</time>
        <extensions>
          <ns3:TrackPointExtension>
            <ns3:hr>130</ns3:hr>
            <ns3:cad>93</ns3:cad>
          </ns3:TrackPointExtension>
        </extensions>
      </trkpt>
      <trkpt lat="22.589094601571559906005859375" lon="113.87892273254692554473876953125">
        <ele>10.6000003814697265625</ele>
        <time>2026-08-17T22:37:51.000Z</time>
        <extensions>
          <ns3:TrackPointExtension>
            <ns3:hr>129</ns3:hr>
            <ns3:cad>92</ns3:cad>
          </ns3:TrackPointExtension>
        </extensions>
      </trkpt>
      <trkpt lat="22.5891148857772350311279296875" lon="113.8789466209709644317626953125">
        <ele>10.6000003814697265625</ele>
        <time>2026-08-17T22:37:52.000Z</time>
        <extensions>
          <ns3:TrackPointExtension>
            <ns3:hr>129</ns3:hr>
            <ns3:cad>92</ns3:cad>
          </ns3:TrackPointExtension>
        </extensions>
      </trkpt>
      <trkpt lat="22.589128799736499786376953125" lon="113.87896682135760784149169921875">
        <ele>10.6000003814697265625</ele>
        <time>2026-08-17T22:37:53.000Z</time>
        <extensions>
          <ns3:TrackPointExtension>
            <ns3:hr>129</ns3:hr>
            <ns3:cad>93</ns3:cad>
          </ns3:TrackPointExtension>
        </extensions>
      </trkpt>
      <trkpt lat="22.58914816193282604217529296875" lon="113.8789959065616130828857421875">
        <ele>10.6000003814697265625</ele>
        <time>2026-08-17T22:37:54.000Z</time>
        <extensions>
          <ns3:TrackPointExtension>
            <ns3:hr>130</ns3:hr>
            <ns3:cad>93</ns3:cad>
          </ns3:TrackPointExtension>
        </extensions>
      </trkpt>
      <trkpt lat="22.5891631655395030975341796875" lon="113.87901694513857364654541015625">
        <ele>10.6000003814697265625</ele>
        <time>2026-08-17T22:37:55.000Z</time>
        <extensions>
          <ns3:TrackPointExtension>
            <ns3:hr>129</ns3:hr>
            <ns3:cad>93</ns3:cad>
          </ns3:TrackPointExtension>
        </extensions>
      </trkpt>
      <trkpt lat="22.58918671868741512298583984375" lon="113.87904728762805461883544921875">
        <ele>10.6000003814697265625</ele>
        <time>2026-08-17T22:37:56.000Z</time>
        <extensions>
          <ns3:TrackPointExtension>
            <ns3:hr>130</ns3:hr>
            <ns3:cad>93</ns3:cad>
          </ns3:TrackPointExtension>
        </extensions>
      </trkpt>
      <trkpt lat="22.58920264430344104766845703125" lon="113.87906514108180999755859375">
        <ele>10.6000003814697265625</ele>
        <time>2026-08-17T22:37:57.000Z</time>
        <extensions>
          <ns3:TrackPointExtension>
            <ns3:hr>130</ns3:hr>
            <ns3:cad>92</ns3:cad>
          </ns3:TrackPointExtension>
        </extensions>
      </trkpt>
      <trkpt lat="22.58922158740460872650146484375" lon="113.87909372337162494659423828125">
        <ele>10.6000003814697265625</ele>
        <time>2026-08-17T22:37:58.000Z</time>
        <extensions>
          <ns3:TrackPointExtension>
            <ns3:hr>130</ns3:hr>
            <ns3:cad>92</ns3:cad>
          </ns3:TrackPointExtension>
        </extensions>
      </trkpt>
      <trkpt lat="22.58924254216253757476806640625" lon="113.879108391702175140380859375">
        <ele>10.6000003814697265625</ele>
        <time>2026-08-17T22:37:59.000Z</time>
        <extensions>
          <ns3:TrackPointExtension>
            <ns3:hr>130</ns3:hr>
            <ns3:cad>92</ns3:cad>
          </ns3:TrackPointExtension>
        </extensions>
      </trkpt>
      <trkpt lat="22.5892617367208003997802734375" lon="113.87912993319332599639892578125">
        <ele>10.80000019073486328125</ele>
        <time>2026-08-17T22:38:00.000Z</time>
        <extensions>
          <ns3:TrackPointExtension>
            <ns3:hr>130</ns3:hr>
            <ns3:cad>93</ns3:cad>
          </ns3:TrackPointExtension>
        </extensions>
      </trkpt>
      <trkpt lat="22.58928143419325351715087890625" lon="113.87915038503706455230712890625">
        <ele>10.6000003814697265625</ele>
        <time>2026-08-17T22:38:01.000Z</time>
        <extensions>
          <ns3:TrackPointExtension>
            <ns3:hr>130</ns3:hr>
            <ns3:cad>93</ns3:cad>
          </ns3:TrackPointExtension>
        </extensions>
      </trkpt>
      <trkpt lat="22.589298784732818603515625" lon="113.8791717588901519775390625">
        <ele>10.6000003814697265625</ele>
        <time>2026-08-17T22:38:02.000Z</time>
        <extensions>
          <ns3:TrackPointExtension>
            <ns3:hr>130</ns3:hr>
            <ns3:cad>93</ns3:cad>
          </ns3:TrackPointExtension>
        </extensions>
      </trkpt>
      <trkpt lat="22.58931688964366912841796875" lon="113.8791907019913196563720703125">
        <ele>10.6000003814697265625</ele>
        <time>2026-08-17T22:38:03.000Z</time>
        <extensions>
          <ns3:TrackPointExtension>
            <ns3:hr>130</ns3:hr>
            <ns3:cad>93</ns3:cad>
          </ns3:TrackPointExtension>
        </extensions>
      </trkpt>
      <trkpt lat="22.58932937867939472198486328125" lon="113.8792091421782970428466796875">
        <ele>10.6000003814697265625</ele>
        <time>2026-08-17T22:38:04.000Z</time>
        <extensions>
          <ns3:TrackPointExtension>
            <ns3:hr>130</ns3:hr>
            <ns3:cad>93</ns3:cad>
          </ns3:TrackPointExtension>
        </extensions>
      </trkpt>
      <trkpt lat="22.5893484055995941162109375" lon="113.87923202477395534515380859375">
        <ele>10.3999996185302734375</ele>
        <time>2026-08-17T22:38:05.000Z</time>
        <extensions>
          <ns3:TrackPointExtension>
            <ns3:hr>130</ns3:hr>
            <ns3:cad>93</ns3:cad>
          </ns3:TrackPointExtension>
        </extensions>
      </trkpt>
      <trkpt lat="22.589362151920795440673828125" lon="113.8792540691792964935302734375">
        <ele>10.6000003814697265625</ele>
        <time>2026-08-17T22:38:06.000Z</time>
        <extensions>
          <ns3:TrackPointExtension>
            <ns3:hr>130</ns3:hr>
            <ns3:cad>93</ns3:cad>
          </ns3:TrackPointExtension>
        </extensions>
      </trkpt>
      <trkpt lat="22.58938268758356571197509765625" lon="113.87927301228046417236328125">
        <ele>10.3999996185302734375</ele>
        <time>2026-08-17T22:38:07.000Z</time>
        <extensions>
          <ns3:TrackPointExtension>
            <ns3:hr>130</ns3:hr>
            <ns3:cad>92</ns3:cad>
          </ns3:TrackPointExtension>
        </extensions>
      </trkpt>
      <trkpt lat="22.58939794264733791351318359375" lon="113.8792924582958221435546875">
        <ele>10.3999996185302734375</ele>
        <time>2026-08-17T22:38:08.000Z</time>
        <extensions>
          <ns3:TrackPointExtension>
            <ns3:hr>130</ns3:hr>
            <ns3:cad>92</ns3:cad>
          </ns3:TrackPointExtension>
        </extensions>
      </trkpt>
      <trkpt lat="22.5894169695675373077392578125" lon="113.87931617908179759979248046875">
        <ele>10.3999996185302734375</ele>
        <time>2026-08-17T22:38:09.000Z</time>
        <extensions>
          <ns3:TrackPointExtension>
            <ns3:hr>131</ns3:hr>
            <ns3:cad>92</ns3:cad>
          </ns3:TrackPointExtension>
        </extensions>
      </trkpt>
      <trkpt lat="22.58943088352680206298828125" lon="113.8793380558490753173828125">
        <ele>10.3999996185302734375</ele>
        <time>2026-08-17T22:38:10.000Z</time>
        <extensions>
          <ns3:TrackPointExtension>
            <ns3:hr>131</ns3:hr>
            <ns3:cad>92</ns3:cad>
          </ns3:TrackPointExtension>
        </extensions>
      </trkpt>
      <trkpt lat="22.5894478149712085723876953125" lon="113.8793610222637653350830078125">
        <ele>10.3999996185302734375</ele>
        <time>2026-08-17T22:38:11.000Z</time>
        <extensions>
          <ns3:TrackPointExtension>
            <ns3:hr>131</ns3:hr>
            <ns3:cad>92</ns3:cad>
          </ns3:TrackPointExtension>
        </extensions>
      </trkpt>
      <trkpt lat="22.58946684189140796661376953125" lon="113.879382312297821044921875">
        <ele>10.6000003814697265625</ele>
        <time>2026-08-17T22:38:12.000Z</time>
        <extensions>
          <ns3:TrackPointExtension>
            <ns3:hr>131</ns3:hr>
            <ns3:cad>93</ns3:cad>
          </ns3:TrackPointExtension>
        </extensions>
      </trkpt>
      <trkpt lat="22.58948444388806819915771484375" lon="113.87940888293087482452392578125">
        <ele>10.6000003814697265625</ele>
        <time>2026-08-17T22:38:13.000Z</time>
        <extensions>
          <ns3:TrackPointExtension>
            <ns3:hr>131</ns3:hr>
            <ns3:cad>93</ns3:cad>
          </ns3:TrackPointExtension>
        </extensions>
      </trkpt>
      <trkpt lat="22.58950137533247470855712890625" lon="113.87943369336426258087158203125">
        <ele>10.6000003814697265625</ele>
        <time>2026-08-17T22:38:14.000Z</time>
        <extensions>
          <ns3:TrackPointExtension>
            <ns3:hr>131</ns3:hr>
            <ns3:cad>93</ns3:cad>
          </ns3:TrackPointExtension>
        </extensions>
      </trkpt>
      <trkpt lat="22.5895148701965808868408203125" lon="113.879457414150238037109375">
        <ele>10.80000019073486328125</ele>
        <time>2026-08-17T22:38:15.000Z</time>
        <extensions>
          <ns3:TrackPointExtension>
            <ns3:hr>131</ns3:hr>
            <ns3:cad>93</ns3:cad>
          </ns3:TrackPointExtension>
        </extensions>
      </trkpt>
      <trkpt lat="22.58953607641160488128662109375" lon="113.8794793747365474700927734375">
        <ele>10.80000019073486328125</ele>
        <time>2026-08-17T22:38:16.000Z</time>
        <extensions>
          <ns3:TrackPointExtension>
            <ns3:hr>131</ns3:hr>
            <ns3:cad>93</ns3:cad>
          </ns3:TrackPointExtension>
        </extensions>
      </trkpt>
      <trkpt lat="22.58954487740993499755859375" lon="113.879503346979618072509765625">
        <ele>10.80000019073486328125</ele>
        <time>2026-08-17T22:38:17.000Z</time>
        <extensions>
          <ns3:TrackPointExtension>
            <ns3:hr>132</ns3:hr>
            <ns3:cad>93</ns3:cad>
          </ns3:TrackPointExtension>
        </extensions>
      </trkpt>
      <trkpt lat="22.58956708945333957672119140625" lon="113.8795323483645915985107421875">
        <ele>10.80000019073486328125</ele>
        <time>2026-08-17T22:38:18.000Z</time>
        <extensions>
          <ns3:TrackPointExtension>
            <ns3:hr>132</ns3:hr>
            <ns3:cad>93</ns3:cad>
          </ns3:TrackPointExtension>
        </extensions>
      </trkpt>
      <trkpt lat="22.58958217687904834747314453125" lon="113.87955187819898128509521484375">
        <ele>10.80000019073486328125</ele>
        <time>2026-08-17T22:38:19.000Z</time>
        <extensions>
          <ns3:TrackPointExtension>
            <ns3:hr>133</ns3:hr>
            <ns3:cad>93</ns3:cad>
          </ns3:TrackPointExtension>
        </extensions>
      </trkpt>
      <trkpt lat="22.58960212580859661102294921875" lon="113.8795809634029865264892578125">
        <ele>10.80000019073486328125</ele>
        <time>2026-08-17T22:38:20.000Z</time>
        <extensions>
          <ns3:TrackPointExtension>
            <ns3:hr>133</ns3:hr>
            <ns3:cad>91</ns3:cad>
          </ns3:TrackPointExtension>
        </extensions>
      </trkpt>
      <trkpt lat="22.5896198116242885589599609375" lon="113.8795977272093296051025390625">
        <ele>10.6000003814697265625</ele>
        <time>2026-08-17T22:38:21.000Z</time>
        <extensions>
          <ns3:TrackPointExtension>
            <ns3:hr>134</ns3:hr>
            <ns3:cad>91</ns3:cad>
          </ns3:TrackPointExtension>
        </extensions>
      </trkpt>
      <trkpt lat="22.58963716216385364532470703125" lon="113.8796317577362060546875">
        <ele>10.80000019073486328125</ele>
        <time>2026-08-17T22:38:22.000Z</time>
        <extensions>
          <ns3:TrackPointExtension>
            <ns3:hr>134</ns3:hr>
            <ns3:cad>92</ns3:cad>
          </ns3:TrackPointExtension>
        </extensions>
      </trkpt>
      <trkpt lat="22.5896516628563404083251953125" lon="113.87965296395123004913330078125">
        <ele>10.80000019073486328125</ele>
        <time>2026-08-17T22:38:23.000Z</time>
        <extensions>
          <ns3:TrackPointExtension>
            <ns3:hr>135</ns3:hr>
            <ns3:cad>92</ns3:cad>
          </ns3:TrackPointExtension>
        </extensions>
      </trkpt>
      <trkpt lat="22.5896707735955715179443359375" lon="113.8796855695545673370361328125">
        <ele>10.80000019073486328125</ele>
        <time>2026-08-17T22:38:24.000Z</time>
        <extensions>
          <ns3:TrackPointExtension>
            <ns3:hr>135</ns3:hr>
            <ns3:cad>93</ns3:cad>
          </ns3:TrackPointExtension>
        </extensions>
      </trkpt>
      <trkpt lat="22.5896918959915637969970703125" lon="113.87970409356057643890380859375">
        <ele>10.80000019073486328125</ele>
        <time>2026-08-17T22:38:25.000Z</time>
        <extensions>
          <ns3:TrackPointExtension>
            <ns3:hr>135</ns3:hr>
            <ns3:cad>93</ns3:cad>
          </ns3:TrackPointExtension>
        </extensions>
      </trkpt>
      <trkpt lat="22.58971326984465122222900390625" lon="113.87972898781299591064453125">
        <ele>10.80000019073486328125</ele>
        <time>2026-08-17T22:38:26.000Z</time>
        <extensions>
          <ns3:TrackPointExtension>
            <ns3:hr>136</ns3:hr>
            <ns3:cad>91</ns3:cad>
          </ns3:TrackPointExtension>
        </extensions>
      </trkpt>
      <trkpt lat="22.58973690681159496307373046875" lon="113.879749439656734466552734375">
        <ele>10.6000003814697265625</ele>
        <time>2026-08-17T22:38:27.000Z</time>
        <extensions>
          <ns3:TrackPointExtension>
            <ns3:hr>136</ns3:hr>
            <ns3:cad>91</ns3:cad>
          </ns3:TrackPointExtension>
        </extensions>
      </trkpt>
      <trkpt lat="22.589757442474365234375" lon="113.8797687180340290069580078125">
        <ele>10.80000019073486328125</ele>
        <time>2026-08-17T22:38:28.000Z</time>
        <extensions>
          <ns3:TrackPointExtension>
            <ns3:hr>136</ns3:hr>
            <ns3:cad>91</ns3:cad>
          </ns3:TrackPointExtension>
        </extensions>
      </trkpt>
      <trkpt lat="22.58977781049907207489013671875" lon="113.879787661135196685791015625">
        <ele>10.80000019073486328125</ele>
        <time>2026-08-17T22:38:29.000Z</time>
        <extensions>
          <ns3:TrackPointExtension>
            <ns3:hr>136</ns3:hr>
            <ns3:cad>91</ns3:cad>
          </ns3:TrackPointExtension>
        </extensions>
      </trkpt>
      <trkpt lat="22.58979558013379573822021484375" lon="113.87980903498828411102294921875">
        <ele>10.80000019073486328125</ele>
        <time>2026-08-17T22:38:30.000Z</time>
        <extensions>
          <ns3:TrackPointExtension>
            <ns3:hr>136</ns3:hr>
            <ns3:cad>93</ns3:cad>
          </ns3:TrackPointExtension>
        </extensions>
      </trkpt>
      <trkpt lat="22.58981402032077312469482421875" lon="113.879832588136196136474609375">
        <ele>11</ele>
        <time>2026-08-17T22:38:31.000Z</time>
        <extensions>
          <ns3:TrackPointExtension>
            <ns3:hr>137</ns3:hr>
            <ns3:cad>93</ns3:cad>
          </ns3:TrackPointExtension>
        </extensions>
      </trkpt>
      <trkpt lat="22.58982650935649871826171875" lon="113.8798465020954608917236328125">
        <ele>11</ele>
        <time>2026-08-17T22:38:32.000Z</time>
        <extensions>
          <ns3:TrackPointExtension>
            <ns3:hr>136</ns3:hr>
            <ns3:cad>93</ns3:cad>
          </ns3:TrackPointExtension>
        </extensions>
      </trkpt>
      <trkpt lat="22.5898481346666812896728515625" lon="113.8798686303198337554931640625">
        <ele>11</ele>
        <time>2026-08-17T22:38:33.000Z</time>
        <extensions>
          <ns3:TrackPointExtension>
            <ns3:hr>136</ns3:hr>
            <ns3:cad>91</ns3:cad>
          </ns3:TrackPointExtension>
        </extensions>
      </trkpt>
      <trkpt lat="22.58986297063529491424560546875" lon="113.87988816015422344207763671875">
        <ele>11</ele>
        <time>2026-08-17T22:38:34.000Z</time>
        <extensions>
          <ns3:TrackPointExtension>
            <ns3:hr>137</ns3:hr>
            <ns3:cad>92</ns3:cad>
          </ns3:TrackPointExtension>
        </extensions>
      </trkpt>
      <trkpt lat="22.58988409303128719329833984375" lon="113.879913724958896636962890625">
        <ele>11</ele>
        <time>2026-08-17T22:38:35.000Z</time>
        <extensions>
          <ns3:TrackPointExtension>
            <ns3:hr>137</ns3:hr>
            <ns3:cad>93</ns3:cad>
          </ns3:TrackPointExtension>
        </extensions>
      </trkpt>
      <trkpt lat="22.58990437723696231842041015625" lon="113.879929147660732269287109375">
        <ele>11</ele>
        <time>2026-08-17T22:38:36.000Z</time>
        <extensions>
          <ns3:TrackPointExtension>
            <ns3:hr>137</ns3:hr>
            <ns3:cad>93</ns3:cad>
          </ns3:TrackPointExtension>
        </extensions>
      </trkpt>
      <trkpt lat="22.58992617018520832061767578125" lon="113.8799551315605640411376953125">
        <ele>11</ele>
        <time>2026-08-17T22:38:37.000Z</time>
        <extensions>
          <ns3:TrackPointExtension>
            <ns3:hr>137</ns3:hr>
            <ns3:cad>93</ns3:cad>
          </ns3:TrackPointExtension>
        </extensions>
      </trkpt>
      <trkpt lat="22.58994678966701030731201171875" lon="113.87997097335755825042724609375">
        <ele>11</ele>
        <time>2026-08-17T22:38:38.000Z</time>
        <extensions>
          <ns3:TrackPointExtension>
            <ns3:hr>137</ns3:hr>
            <ns3:cad>92</ns3:cad>
          </ns3:TrackPointExtension>
        </extensions>
      </trkpt>
      <trkpt lat="22.5899621285498142242431640625" lon="113.87999461032450199127197265625">
        <ele>11</ele>
        <time>2026-08-17T22:38:39.000Z</time>
        <extensions>
          <ns3:TrackPointExtension>
            <ns3:hr>136</ns3:hr>
            <ns3:cad>93</ns3:cad>
          </ns3:TrackPointExtension>
        </extensions>
      </trkpt>
      <trkpt lat="22.5899849273264408111572265625" lon="113.88001464307308197021484375">
        <ele>11</ele>
        <time>2026-08-17T22:38:40.000Z</time>
        <extensions>
          <ns3:TrackPointExtension>
            <ns3:hr>137</ns3:hr>
            <ns3:cad>93</ns3:cad>
          </ns3:TrackPointExtension>
        </extensions>
      </trkpt>
      <trkpt lat="22.5899990089237689971923828125" lon="113.8800312392413616180419921875">
        <ele>11</ele>
        <time>2026-08-17T22:38:41.000Z</time>
        <extensions>
          <ns3:TrackPointExtension>
            <ns3:hr>137</ns3:hr>
            <ns3:cad>93</ns3:cad>
          </ns3:TrackPointExtension>
        </extensions>
      </trkpt>
      <trkpt lat="22.590023316442966461181640625" lon="113.88005730696022510528564453125">
        <ele>11</ele>
        <time>2026-08-17T22:38:42.000Z</time>
        <extensions>
          <ns3:TrackPointExtension>
            <ns3:hr>137</ns3:hr>
            <ns3:cad>93</ns3:cad>
          </ns3:TrackPointExtension>
        </extensions>
      </trkpt>
      <trkpt lat="22.5900382362306118011474609375" lon="113.880074322223663330078125">
        <ele>11</ele>
        <time>2026-08-17T22:38:43.000Z</time>
        <extensions>
          <ns3:TrackPointExtension>
            <ns3:hr>137</ns3:hr>
            <ns3:cad>93</ns3:cad>
          </ns3:TrackPointExtension>
        </extensions>
      </trkpt>
      <trkpt lat="22.5900593586266040802001953125" lon="113.88010357506573200225830078125">
        <ele>11</ele>
        <time>2026-08-17T22:38:44.000Z</time>
        <extensions>
          <ns3:TrackPointExtension>
            <ns3:hr>137</ns3:hr>
            <ns3:cad>93</ns3:cad>
          </ns3:TrackPointExtension>
        </extensions>
      </trkpt>
      <trkpt lat="22.59007570333778858184814453125" lon="113.8801177404820919036865234375">
        <ele>11</ele>
        <time>2026-08-17T22:38:45.000Z</time>
        <extensions>
          <ns3:TrackPointExtension>
            <ns3:hr>137</ns3:hr>
            <ns3:cad>93</ns3:cad>
          </ns3:TrackPointExtension>
        </extensions>
      </trkpt>
      <trkpt lat="22.59010185487568378448486328125" lon="113.8801462389528751373291015625">
        <ele>11</ele>
        <time>2026-08-17T22:38:46.000Z</time>
        <extensions>
          <ns3:TrackPointExtension>
            <ns3:hr>137</ns3:hr>
            <ns3:cad>93</ns3:cad>
          </ns3:TrackPointExtension>
        </extensions>
      </trkpt>
      <trkpt lat="22.59011811576783657073974609375" lon="113.88016291894018650054931640625">
        <ele>11</ele>
        <time>2026-08-17T22:38:47.000Z</time>
        <extensions>
          <ns3:TrackPointExtension>
            <ns3:hr>137</ns3:hr>
            <ns3:cad>93</ns3:cad>
          </ns3:TrackPointExtension>
        </extensions>
      </trkpt>
      <trkpt lat="22.59014141745865345001220703125" lon="113.88018873520195484161376953125">
        <ele>11</ele>
        <time>2026-08-17T22:38:48.000Z</time>
        <extensions>
          <ns3:TrackPointExtension>
            <ns3:hr>136</ns3:hr>
            <ns3:cad>93</ns3:cad>
          </ns3:TrackPointExtension>
        </extensions>
      </trkpt>
      <trkpt lat="22.59016253985464572906494140625" lon="113.880204074084758758544921875">
        <ele>11</ele>
        <time>2026-08-17T22:38:49.000Z</time>
        <extensions>
          <ns3:TrackPointExtension>
            <ns3:hr>136</ns3:hr>
            <ns3:cad>93</ns3:cad>
          </ns3:TrackPointExtension>
        </extensions>
      </trkpt>
      <trkpt lat="22.5901817344129085540771484375" lon="113.88023097999393939971923828125">
        <ele>11</ele>
        <time>2026-08-17T22:38:50.000Z</time>
        <extensions>
          <ns3:TrackPointExtension>
            <ns3:hr>137</ns3:hr>
            <ns3:cad>93</ns3:cad>
          </ns3:TrackPointExtension>
        </extensions>
      </trkpt>
      <trkpt lat="22.590205371379852294921875" lon="113.88025227002799510955810546875">
        <ele>11</ele>
        <time>2026-08-17T22:38:51.000Z</time>
        <extensions>
          <ns3:TrackPointExtension>
            <ns3:hr>137</ns3:hr>
            <ns3:cad>93</ns3:cad>
          </ns3:TrackPointExtension>
        </extensions>
      </trkpt>
      <trkpt lat="22.5902186147868633270263671875" lon="113.8802753202617168426513671875">
        <ele>11</ele>
        <time>2026-08-17T22:38:52.000Z</time>
        <extensions>
          <ns3:TrackPointExtension>
            <ns3:hr>137</ns3:hr>
            <ns3:cad>93</ns3:cad>
          </ns3:TrackPointExtension>
        </extensions>
      </trkpt>
      <trkpt lat="22.59023395366966724395751953125" lon="113.8803048245608806610107421875">
        <ele>11</ele>
        <time>2026-08-17T22:38:53.000Z</time>
        <extensions>
          <ns3:TrackPointExtension>
            <ns3:hr>137</ns3:hr>
            <ns3:cad>93</ns3:cad>
          </ns3:TrackPointExtension>
        </extensions>
      </trkpt>
      <trkpt lat="22.5902464427053928375244140625" lon="113.88032712042331695556640625">
        <ele>11</ele>
        <time>2026-08-17T22:38:54.000Z</time>
        <extensions>
          <ns3:TrackPointExtension>
            <ns3:hr>136</ns3:hr>
            <ns3:cad>93</ns3:cad>
          </ns3:TrackPointExtension>
        </extensions>
      </trkpt>
      <trkpt lat="22.59026899002492427825927734375" lon="113.88035654090344905853271484375">
        <ele>11</ele>
        <time>2026-08-17T22:38:55.000Z</time>
        <extensions>
          <ns3:TrackPointExtension>
            <ns3:hr>136</ns3:hr>
            <ns3:cad>92</ns3:cad>
          </ns3:TrackPointExtension>
        </extensions>
      </trkpt>
      <trkpt lat="22.590285502374172210693359375" lon="113.88037615455687046051025390625">
        <ele>11</ele>
        <time>2026-08-17T22:38:56.000Z</time>
        <extensions>
          <ns3:TrackPointExtension>
            <ns3:hr>136</ns3:hr>
            <ns3:cad>92</ns3:cad>
          </ns3:TrackPointExtension>
        </extensions>
      </trkpt>
      <trkpt lat="22.59030796587467193603515625" lon="113.88040381483733654022216796875">
        <ele>11</ele>
        <time>2026-08-17T22:38:57.000Z</time>
        <extensions>
          <ns3:TrackPointExtension>
            <ns3:hr>137</ns3:hr>
            <ns3:cad>92</ns3:cad>
          </ns3:TrackPointExtension>
        </extensions>
      </trkpt>
      <trkpt lat="22.5903299264609813690185546875" lon="113.88041839934885501861572265625">
        <ele>11</ele>
        <time>2026-08-17T22:38:58.000Z</time>
        <extensions>
          <ns3:TrackPointExtension>
            <ns3:hr>136</ns3:hr>
            <ns3:cad>93</ns3:cad>
          </ns3:TrackPointExtension>
        </extensions>
      </trkpt>
      <trkpt lat="22.590357251465320587158203125" lon="113.88043331913650035858154296875">
        <ele>11</ele>
        <time>2026-08-17T22:38:59.000Z</time>
        <extensions>
          <ns3:TrackPointExtension>
            <ns3:hr>137</ns3:hr>
            <ns3:cad>94</ns3:cad>
          </ns3:TrackPointExtension>
        </extensions>
      </trkpt>
      <trkpt lat="22.59038172662258148193359375" lon="113.8804355822503566741943359375">
        <ele>11</ele>
        <time>2026-08-17T22:39:00.000Z</time>
        <extensions>
          <ns3:TrackPointExtension>
            <ns3:hr>137</ns3:hr>
            <ns3:cad>94</ns3:cad>
          </ns3:TrackPointExtension>
        </extensions>
      </trkpt>
      <trkpt lat="22.590408883988857269287109375" lon="113.88044505380094051361083984375">
        <ele>11</ele>
        <time>2026-08-17T22:39:01.000Z</time>
        <extensions>
          <ns3:TrackPointExtension>
            <ns3:hr>137</ns3:hr>
            <ns3:cad>94</ns3:cad>
          </ns3:TrackPointExtension>
        </extensions>
      </trkpt>
      <trkpt lat="22.5904328562319278717041015625" lon="113.8804471492767333984375">
        <ele>11</ele>
        <time>2026-08-17T22:39:02.000Z</time>
        <extensions>
          <ns3:TrackPointExtension>
            <ns3:hr>137</ns3:hr>
            <ns3:cad>94</ns3:cad>
          </ns3:TrackPointExtension>
        </extensions>
      </trkpt>
      <trkpt lat="22.59045205079019069671630859375" lon="113.88045041821897029876708984375">
        <ele>11</ele>
        <time>2026-08-17T22:39:03.000Z</time>
        <extensions>
          <ns3:TrackPointExtension>
            <ns3:hr>136</ns3:hr>
            <ns3:cad>93</ns3:cad>
          </ns3:TrackPointExtension>
        </extensions>
      </trkpt>
      <trkpt lat="22.5904791243374347686767578125" lon="113.88044379651546478271484375">
        <ele>11.19999980926513671875</ele>
        <time>2026-08-17T22:39:04.000Z</time>
        <extensions>
          <ns3:TrackPointExtension>
            <ns3:hr>136</ns3:hr>
            <ns3:cad>93</ns3:cad>
          </ns3:TrackPointExtension>
        </extensions>
      </trkpt>
      <trkpt lat="22.59050133638083934783935546875" lon="113.88043583370745182037353515625">
        <ele>11.19999980926513671875</ele>
        <time>2026-08-17T22:39:05.000Z</time>
        <extensions>
          <ns3:TrackPointExtension>
            <ns3:hr>136</ns3:hr>
            <ns3:cad>94</ns3:cad>
          </ns3:TrackPointExtension>
        </extensions>
      </trkpt>
      <trkpt lat="22.5905237160623073577880859375" lon="113.8804154656827449798583984375">
        <ele>11.19999980926513671875</ele>
        <time>2026-08-17T22:39:06.000Z</time>
        <extensions>
          <ns3:TrackPointExtension>
            <ns3:hr>136</ns3:hr>
            <ns3:cad>94</ns3:cad>
          </ns3:TrackPointExtension>
        </extensions>
      </trkpt>
      <trkpt lat="22.59054006077349185943603515625" lon="113.8803976960480213165283203125">
        <ele>11.19999980926513671875</ele>
        <time>2026-08-17T22:39:07.000Z</time>
        <extensions>
          <ns3:TrackPointExtension>
            <ns3:hr>136</ns3:hr>
            <ns3:cad>94</ns3:cad>
          </ns3:TrackPointExtension>
        </extensions>
      </trkpt>
      <trkpt lat="22.5905642844736576080322265625" lon="113.8803732208907604217529296875">
        <ele>11.19999980926513671875</ele>
        <time>2026-08-17T22:39:08.000Z</time>
        <extensions>
          <ns3:TrackPointExtension>
            <ns3:hr>136</ns3:hr>
            <ns3:cad>92</ns3:cad>
          </ns3:TrackPointExtension>
        </extensions>
      </trkpt>
      <trkpt lat="22.590579204261302947998046875" lon="113.8803591392934322357177734375">
        <ele>11.19999980926513671875</ele>
        <time>2026-08-17T22:39:09.000Z</time>
        <extensions>
          <ns3:TrackPointExtension>
            <ns3:hr>136</ns3:hr>
            <ns3:cad>92</ns3:cad>
          </ns3:TrackPointExtension>
        </extensions>
      </trkpt>
      <trkpt lat="22.59060166776180267333984375" lon="113.8803363405168056488037109375">
        <ele>11.19999980926513671875</ele>
        <time>2026-08-17T22:39:10.000Z</time>
        <extensions>
          <ns3:TrackPointExtension>
            <ns3:hr>136</ns3:hr>
            <ns3:cad>92</ns3:cad>
          </ns3:TrackPointExtension>
        </extensions>
      </trkpt>
      <trkpt lat="22.590615414083003997802734375" lon="113.8803158886730670928955078125">
        <ele>11.19999980926513671875</ele>
        <time>2026-08-17T22:39:11.000Z</time>
        <extensions>
          <ns3:TrackPointExtension>
            <ns3:hr>135</ns3:hr>
            <ns3:cad>92</ns3:cad>
          </ns3:TrackPointExtension>
        </extensions>
      </trkpt>
      <trkpt lat="22.59063720703125" lon="113.88029417954385280609130859375">
        <ele>11.19999980926513671875</ele>
        <time>2026-08-17T22:39:12.000Z</time>
        <extensions>
          <ns3:TrackPointExtension>
            <ns3:hr>135</ns3:hr>
            <ns3:cad>93</ns3:cad>
          </ns3:TrackPointExtension>
        </extensions>
      </trkpt>
      <trkpt lat="22.5906564854085445404052734375" lon="113.88027305714786052703857421875">
        <ele>11.19999980926513671875</ele>
        <time>2026-08-17T22:39:13.000Z</time>
        <extensions>
          <ns3:TrackPointExtension>
            <ns3:hr>135</ns3:hr>
            <ns3:cad>93</ns3:cad>
          </ns3:TrackPointExtension>
        </extensions>
      </trkpt>
      <trkpt lat="22.59067869745194911956787109375" lon="113.8802508451044559478759765625">
        <ele>11.19999980926513671875</ele>
        <time>2026-08-17T22:39:14.000Z</time>
        <extensions>
          <ns3:TrackPointExtension>
            <ns3:hr>135</ns3:hr>
            <ns3:cad>92</ns3:cad>
          </ns3:TrackPointExtension>
        </extensions>
      </trkpt>
      <trkpt lat="22.59069713763892650604248046875" lon="113.880228884518146514892578125">
        <ele>11.3999996185302734375</ele>
        <time>2026-08-17T22:39:15.000Z</time>
        <extensions>
          <ns3:TrackPointExtension>
            <ns3:hr>135</ns3:hr>
            <ns3:cad>92</ns3:cad>
          </ns3:TrackPointExtension>
        </extensions>
      </trkpt>
      <trkpt lat="22.5907188467681407928466796875" lon="113.88021404854953289031982421875">
        <ele>11.3999996185302734375</ele>
        <time>2026-08-17T22:39:16.000Z</time>
        <extensions>
          <ns3:TrackPointExtension>
            <ns3:hr>135</ns3:hr>
            <ns3:cad>92</ns3:cad>
          </ns3:TrackPointExtension>
        </extensions>
      </trkpt>
      <trkpt lat="22.5907429866492748260498046875" lon="113.880192004144191741943359375">
        <ele>11.3999996185302734375</ele>
        <time>2026-08-17T22:39:17.000Z</time>
        <extensions>
          <ns3:TrackPointExtension>
            <ns3:hr>135</ns3:hr>
            <ns3:cad>93</ns3:cad>
          </ns3:TrackPointExtension>
        </extensions>
      </trkpt>
      <trkpt lat="22.59075799025595188140869140625" lon="113.8801700435578823089599609375">
        <ele>11.3999996185302734375</ele>
        <time>2026-08-17T22:39:18.000Z</time>
        <extensions>
          <ns3:TrackPointExtension>
            <ns3:hr>135</ns3:hr>
            <ns3:cad>93</ns3:cad>
          </ns3:TrackPointExtension>
        </extensions>
      </trkpt>
      <trkpt lat="22.59078011848032474517822265625" lon="113.8801485858857631683349609375">
        <ele>11.3999996185302734375</ele>
        <time>2026-08-17T22:39:19.000Z</time>
        <extensions>
          <ns3:TrackPointExtension>
            <ns3:hr>135</ns3:hr>
            <ns3:cad>94</ns3:cad>
          </ns3:TrackPointExtension>
        </extensions>
      </trkpt>
      <trkpt lat="22.590786404907703399658203125" lon="113.88012452982366085052490234375">
        <ele>11.6000003814697265625</ele>
        <time>2026-08-17T22:39:20.000Z</time>
        <extensions>
          <ns3:TrackPointExtension>
            <ns3:hr>136</ns3:hr>
            <ns3:cad>93</ns3:cad>
          </ns3:TrackPointExtension>
        </extensions>
      </trkpt>
      <trkpt lat="22.59080627001821994781494140625" lon="113.8800942711532115936279296875">
        <ele>11.6000003814697265625</ele>
        <time>2026-08-17T22:39:21.000Z</time>
        <extensions>
          <ns3:TrackPointExtension>
            <ns3:hr>136</ns3:hr>
            <ns3:cad>93</ns3:cad>
          </ns3:TrackPointExtension>
        </extensions>
      </trkpt>
      <trkpt lat="22.59082269854843616485595703125" lon="113.880073316395282745361328125">
        <ele>11.3999996185302734375</ele>
        <time>2026-08-17T22:39:22.000Z</time>
        <extensions>
          <ns3:TrackPointExtension>
            <ns3:hr>136</ns3:hr>
            <ns3:cad>93</ns3:cad>
          </ns3:TrackPointExtension>
        </extensions>
      </trkpt>
      <trkpt lat="22.590842731297016143798828125" lon="113.880050517618656158447265625">
        <ele>11.3999996185302734375</ele>
        <time>2026-08-17T22:39:23.000Z</time>
        <extensions>
          <ns3:TrackPointExtension>
            <ns3:hr>136</ns3:hr>
            <ns3:cad>93</ns3:cad>
          </ns3:TrackPointExtension>
        </extensions>
      </trkpt>
      <trkpt lat="22.59085589088499546051025390625" lon="113.88002763502299785614013671875">
        <ele>11.3999996185302734375</ele>
        <time>2026-08-17T22:39:24.000Z</time>
        <extensions>
          <ns3:TrackPointExtension>
            <ns3:hr>136</ns3:hr>
            <ns3:cad>93</ns3:cad>
          </ns3:TrackPointExtension>
        </extensions>
      </trkpt>
      <trkpt lat="22.5908737443387508392333984375" lon="113.8800013996660709381103515625">
        <ele>11.19999980926513671875</ele>
        <time>2026-08-17T22:39:25.000Z</time>
        <extensions>
          <ns3:TrackPointExtension>
            <ns3:hr>137</ns3:hr>
            <ns3:cad>93</ns3:cad>
          </ns3:TrackPointExtension>
        </extensions>
      </trkpt>
      <trkpt lat="22.59089402854442596435546875" lon="113.87997684068977832794189453125">
        <ele>11.19999980926513671875</ele>
        <time>2026-08-17T22:39:26.000Z</time>
        <extensions>
          <ns3:TrackPointExtension>
            <ns3:hr>136</ns3:hr>
            <ns3:cad>93</ns3:cad>
          </ns3:TrackPointExtension>
        </extensions>
      </trkpt>
      <trkpt lat="22.59091892279684543609619140625" lon="113.87995605356991291046142578125">
        <ele>11.3999996185302734375</ele>
        <time>2026-08-17T22:39:27.000Z</time>
        <extensions>
          <ns3:TrackPointExtension>
            <ns3:hr>136</ns3:hr>
            <ns3:cad>93</ns3:cad>
          </ns3:TrackPointExtension>
        </extensions>
      </trkpt>
      <trkpt lat="22.59094524197280406951904296875" lon="113.8799321651458740234375">
        <ele>11.3999996185302734375</ele>
        <time>2026-08-17T22:39:28.000Z</time>
        <extensions>
          <ns3:TrackPointExtension>
            <ns3:hr>136</ns3:hr>
            <ns3:cad>94</ns3:cad>
          </ns3:TrackPointExtension>
        </extensions>
      </trkpt>
      <trkpt lat="22.59096519090235233306884765625" lon="113.87991364113986492156982421875">
        <ele>11.3999996185302734375</ele>
        <time>2026-08-17T22:39:29.000Z</time>
        <extensions>
          <ns3:TrackPointExtension>
            <ns3:hr>137</ns3:hr>
            <ns3:cad>94</ns3:cad>
          </ns3:TrackPointExtension>
        </extensions>
      </trkpt>
      <trkpt lat="22.5909914262592792510986328125" lon="113.8798879086971282958984375">
        <ele>11.3999996185302734375</ele>
        <time>2026-08-17T22:39:30.000Z</time>
        <extensions>
          <ns3:TrackPointExtension>
            <ns3:hr>137</ns3:hr>
            <ns3:cad>94</ns3:cad>
          </ns3:TrackPointExtension>
        </extensions>
      </trkpt>
      <trkpt lat="22.59100995026528835296630859375" lon="113.8798656128346920013427734375">
        <ele>11.3999996185302734375</ele>
        <time>2026-08-17T22:39:31.000Z</time>
        <extensions>
          <ns3:TrackPointExtension>
            <ns3:hr>137</ns3:hr>
            <ns3:cad>93</ns3:cad>
          </ns3:TrackPointExtension>
        </extensions>
      </trkpt>
      <trkpt lat="22.59103425778448581695556640625" lon="113.87983937747776508331298828125">
        <ele>11.3999996185302734375</ele>
        <time>2026-08-17T22:39:32.000Z</time>
        <extensions>
          <ns3:TrackPointExtension>
            <ns3:hr>136</ns3:hr>
            <ns3:cad>92</ns3:cad>
          </ns3:TrackPointExtension>
        </extensions>
      </trkpt>
      <trkpt lat="22.59104398079216480255126953125" lon="113.87981884181499481201171875">
        <ele>11.3999996185302734375</ele>
        <time>2026-08-17T22:39:33.000Z</time>
        <extensions>
          <ns3:TrackPointExtension>
            <ns3:hr>136</ns3:hr>
            <ns3:cad>92</ns3:cad>
          </ns3:TrackPointExtension>
        </extensions>
      </trkpt>
      <trkpt lat="22.59106627665460109710693359375" lon="113.87979847379028797149658203125">
        <ele>11.19999980926513671875</ele>
        <time>2026-08-17T22:39:34.000Z</time>
        <extensions>
          <ns3:TrackPointExtension>
            <ns3:hr>136</ns3:hr>
            <ns3:cad>93</ns3:cad>
          </ns3:TrackPointExtension>
        </extensions>
      </trkpt>
      <trkpt lat="22.5910832919180393218994140625" lon="113.87978556565940380096435546875">
        <ele>11.3999996185302734375</ele>
        <time>2026-08-17T22:39:35.000Z</time>
        <extensions>
          <ns3:TrackPointExtension>
            <ns3:hr>137</ns3:hr>
            <ns3:cad>93</ns3:cad>
          </ns3:TrackPointExtension>
        </extensions>
      </trkpt>
      <trkpt lat="22.59110483340919017791748046875" lon="113.879772908985614776611328125">
        <ele>11.3999996185302734375</ele>
        <time>2026-08-17T22:39:36.000Z</time>
        <extensions>
          <ns3:TrackPointExtension>
            <ns3:hr>137</ns3:hr>
            <ns3:cad>93</ns3:cad>
          </ns3:TrackPointExtension>
        </extensions>
      </trkpt>
      <trkpt lat="22.59111908264458179473876953125" lon="113.87975287623703479766845703125">
        <ele>11.6000003814697265625</ele>
        <time>2026-08-17T22:39:37.000Z</time>
        <extensions>
          <ns3:TrackPointExtension>
            <ns3:hr>137</ns3:hr>
            <ns3:cad>92</ns3:cad>
          </ns3:TrackPointExtension>
        </extensions>
      </trkpt>
      <trkpt lat="22.5911414623260498046875" lon="113.87974164448678493499755859375">
        <ele>11.6000003814697265625</ele>
        <time>2026-08-17T22:39:38.000Z</time>
        <extensions>
          <ns3:TrackPointExtension>
            <ns3:hr>137</ns3:hr>
            <ns3:cad>92</ns3:cad>
          </ns3:TrackPointExtension>
        </extensions>
      </trkpt>
      <trkpt lat="22.5911674462258815765380859375" lon="113.87972370721399784088134765625">
        <ele>11.6000003814697265625</ele>
        <time>2026-08-17T22:39:39.000Z</time>
        <extensions>
          <ns3:TrackPointExtension>
            <ns3:hr>137</ns3:hr>
            <ns3:cad>92</ns3:cad>
          </ns3:TrackPointExtension>
        </extensions>
      </trkpt>
      <trkpt lat="22.59118362329900264739990234375" lon="113.87970744632184505462646484375">
        <ele>11.6000003814697265625</ele>
        <time>2026-08-17T22:39:40.000Z</time>
        <extensions>
          <ns3:TrackPointExtension>
            <ns3:hr>137</ns3:hr>
            <ns3:cad>92</ns3:cad>
          </ns3:TrackPointExtension>
        </extensions>
      </trkpt>
      <trkpt lat="22.5912123732268810272216796875" lon="113.879687078297138214111328125">
        <ele>11.6000003814697265625</ele>
        <time>2026-08-17T22:39:41.000Z</time>
        <extensions>
          <ns3:TrackPointExtension>
            <ns3:hr>136</ns3:hr>
            <ns3:cad>93</ns3:cad>
          </ns3:TrackPointExtension>
        </extensions>
      </trkpt>
      <trkpt lat="22.59123173542320728302001953125" lon="113.879671990871429443359375">
        <ele>11.80000019073486328125</ele>
        <time>2026-08-17T22:39:42.000Z</time>
        <extensions>
          <ns3:TrackPointExtension>
            <ns3:hr>137</ns3:hr>
            <ns3:cad>94</ns3:cad>
          </ns3:TrackPointExtension>
        </extensions>
      </trkpt>
      <trkpt lat="22.591256797313690185546875" lon="113.87964910827577114105224609375">
        <ele>11.80000019073486328125</ele>
        <time>2026-08-17T22:39:43.000Z</time>
        <extensions>
          <ns3:TrackPointExtension>
            <ns3:hr>136</ns3:hr>
            <ns3:cad>94</ns3:cad>
          </ns3:TrackPointExtension>
        </extensions>
      </trkpt>
      <trkpt lat="22.5912688672542572021484375" lon="113.87962706387042999267578125">
        <ele>11.80000019073486328125</ele>
        <time>2026-08-17T22:39:44.000Z</time>
        <extensions>
          <ns3:TrackPointExtension>
            <ns3:hr>136</ns3:hr>
            <ns3:cad>94</ns3:cad>
          </ns3:TrackPointExtension>
        </extensions>
      </trkpt>
      <trkpt lat="22.5912958569824695587158203125" lon="113.87960669584572315216064453125">
        <ele>11.80000019073486328125</ele>
        <time>2026-08-17T22:39:45.000Z</time>
        <extensions>
          <ns3:TrackPointExtension>
            <ns3:hr>136</ns3:hr>
            <ns3:cad>93</ns3:cad>
          </ns3:TrackPointExtension>
        </extensions>
      </trkpt>
      <trkpt lat="22.59131253696978092193603515625" lon="113.8795846514403820037841796875">
        <ele>11.80000019073486328125</ele>
        <time>2026-08-17T22:39:46.000Z</time>
        <extensions>
          <ns3:TrackPointExtension>
            <ns3:hr>136</ns3:hr>
            <ns3:cad>93</ns3:cad>
          </ns3:TrackPointExtension>
        </extensions>
      </trkpt>
      <trkpt lat="22.5913350842893123626708984375" lon="113.87956537306308746337890625">
        <ele>11.80000019073486328125</ele>
        <time>2026-08-17T22:39:47.000Z</time>
        <extensions>
          <ns3:TrackPointExtension>
            <ns3:hr>136</ns3:hr>
            <ns3:cad>93</ns3:cad>
          </ns3:TrackPointExtension>
        </extensions>
      </trkpt>
      <trkpt lat="22.591355703771114349365234375" lon="113.879541568458080291748046875">
        <ele>11.80000019073486328125</ele>
        <time>2026-08-17T22:39:48.000Z</time>
        <extensions>
          <ns3:TrackPointExtension>
            <ns3:hr>136</ns3:hr>
            <ns3:cad>92</ns3:cad>
          </ns3:TrackPointExtension>
        </extensions>
      </trkpt>
      <trkpt lat="22.59137707762420177459716796875" lon="113.87952220626175403594970703125">
        <ele>11.80000019073486328125</ele>
        <time>2026-08-17T22:39:49.000Z</time>
        <extensions>
          <ns3:TrackPointExtension>
            <ns3:hr>136</ns3:hr>
            <ns3:cad>92</ns3:cad>
          </ns3:TrackPointExtension>
        </extensions>
      </trkpt>
      <trkpt lat="22.59140004403889179229736328125" lon="113.87949638999998569488525390625">
        <ele>11.80000019073486328125</ele>
        <time>2026-08-17T22:39:50.000Z</time>
        <extensions>
          <ns3:TrackPointExtension>
            <ns3:hr>136</ns3:hr>
            <ns3:cad>92</ns3:cad>
          </ns3:TrackPointExtension>
        </extensions>
      </trkpt>
      <trkpt lat="22.59142133407294750213623046875" lon="113.87947962619364261627197265625">
        <ele>11.80000019073486328125</ele>
        <time>2026-08-17T22:39:51.000Z</time>
        <extensions>
          <ns3:TrackPointExtension>
            <ns3:hr>136</ns3:hr>
            <ns3:cad>94</ns3:cad>
          </ns3:TrackPointExtension>
        </extensions>
      </trkpt>
      <trkpt lat="22.591444887220859527587890625" lon="113.87945448048412799835205078125">
        <ele>11.80000019073486328125</ele>
        <time>2026-08-17T22:39:52.000Z</time>
        <extensions>
          <ns3:TrackPointExtension>
            <ns3:hr>136</ns3:hr>
            <ns3:cad>94</ns3:cad>
          </ns3:TrackPointExtension>
        </extensions>
      </trkpt>
      <trkpt lat="22.5914614833891391754150390625" lon="113.879436291754245758056640625">
        <ele>11.80000019073486328125</ele>
        <time>2026-08-17T22:39:53.000Z</time>
        <extensions>
          <ns3:TrackPointExtension>
            <ns3:hr>136</ns3:hr>
            <ns3:cad>94</ns3:cad>
          </ns3:TrackPointExtension>
        </extensions>
      </trkpt>
      <trkpt lat="22.59148905985057353973388671875" lon="113.8794129900634288787841796875">
        <ele>11.80000019073486328125</ele>
        <time>2026-08-17T22:39:54.000Z</time>
        <extensions>
          <ns3:TrackPointExtension>
            <ns3:hr>136</ns3:hr>
            <ns3:cad>94</ns3:cad>
          </ns3:TrackPointExtension>
        </extensions>
      </trkpt>
      <trkpt lat="22.59150330908596515655517578125" lon="113.8793905265629291534423828125">
        <ele>12</ele>
        <time>2026-08-17T22:39:55.000Z</time>
        <extensions>
          <ns3:TrackPointExtension>
            <ns3:hr>136</ns3:hr>
            <ns3:cad>92</ns3:cad>
          </ns3:TrackPointExtension>
        </extensions>
      </trkpt>
      <trkpt lat="22.5915268622338771820068359375" lon="113.879367895424365997314453125">
        <ele>12</ele>
        <time>2026-08-17T22:39:56.000Z</time>
        <extensions>
          <ns3:TrackPointExtension>
            <ns3:hr>136</ns3:hr>
            <ns3:cad>92</ns3:cad>
          </ns3:TrackPointExtension>
        </extensions>
      </trkpt>
      <trkpt lat="22.59154404513537883758544921875" lon="113.8793439231812953948974609375">
        <ele>12</ele>
        <time>2026-08-17T22:39:57.000Z</time>
        <extensions>
          <ns3:TrackPointExtension>
            <ns3:hr>136</ns3:hr>
            <ns3:cad>93</ns3:cad>
          </ns3:TrackPointExtension>
        </extensions>
      </trkpt>
      <trkpt lat="22.59156592190265655517578125" lon="113.87932707555592060089111328125">
        <ele>12</ele>
        <time>2026-08-17T22:39:58.000Z</time>
        <extensions>
          <ns3:TrackPointExtension>
            <ns3:hr>137</ns3:hr>
            <ns3:cad>93</ns3:cad>
          </ns3:TrackPointExtension>
        </extensions>
      </trkpt>
      <trkpt lat="22.591585032641887664794921875" lon="113.87929715216159820556640625">
        <ele>12</ele>
        <time>2026-08-17T22:39:59.000Z</time>
        <extensions>
          <ns3:TrackPointExtension>
            <ns3:hr>136</ns3:hr>
            <ns3:cad>93</ns3:cad>
          </ns3:TrackPointExtension>
        </extensions>
      </trkpt>
      <trkpt lat="22.591603808104991912841796875" lon="113.879275023937225341796875">
        <ele>12</ele>
        <time>2026-08-17T22:40:00.000Z</time>
        <extensions>
          <ns3:TrackPointExtension>
            <ns3:hr>137</ns3:hr>
            <ns3:cad>93</ns3:cad>
          </ns3:TrackPointExtension>
        </extensions>
      </trkpt>
      <trkpt lat="22.59162886999547481536865234375" lon="113.87924862094223499298095703125">
        <ele>12</ele>
        <time>2026-08-17T22:40:01.000Z</time>
        <extensions>
          <ns3:TrackPointExtension>
            <ns3:hr>137</ns3:hr>
            <ns3:cad>92</ns3:cad>
          </ns3:TrackPointExtension>
        </extensions>
      </trkpt>
      <trkpt lat="22.59164580143988132476806640625" lon="113.87922850437462329864501953125">
        <ele>12</ele>
        <time>2026-08-17T22:40:02.000Z</time>
        <extensions>
          <ns3:TrackPointExtension>
            <ns3:hr>137</ns3:hr>
            <ns3:cad>92</ns3:cad>
          </ns3:TrackPointExtension>
        </extensions>
      </trkpt>
      <trkpt lat="22.59167161770164966583251953125" lon="113.8792037777602672576904296875">
        <ele>12</ele>
        <time>2026-08-17T22:40:03.000Z</time>
        <extensions>
          <ns3:TrackPointExtension>
            <ns3:hr>137</ns3:hr>
            <ns3:cad>92</ns3:cad>
          </ns3:TrackPointExtension>
        </extensions>
      </trkpt>
      <trkpt lat="22.59168796241283416748046875" lon="113.87918475084006786346435546875">
        <ele>12.19999980926513671875</ele>
        <time>2026-08-17T22:40:04.000Z</time>
        <extensions>
          <ns3:TrackPointExtension>
            <ns3:hr>137</ns3:hr>
            <ns3:cad>92</ns3:cad>
          </ns3:TrackPointExtension>
        </extensions>
      </trkpt>
      <trkpt lat="22.59171486832201480865478515625" lon="113.87916781939566135406494140625">
        <ele>12.19999980926513671875</ele>
        <time>2026-08-17T22:40:05.000Z</time>
        <extensions>
          <ns3:TrackPointExtension>
            <ns3:hr>137</ns3:hr>
            <ns3:cad>93</ns3:cad>
          </ns3:TrackPointExtension>
        </extensions>
      </trkpt>
      <trkpt lat="22.59173079393804073333740234375" lon="113.87914736755192279815673828125">
        <ele>12.19999980926513671875</ele>
        <time>2026-08-17T22:40:06.000Z</time>
        <extensions>
          <ns3:TrackPointExtension>
            <ns3:hr>138</ns3:hr>
            <ns3:cad>93</ns3:cad>
          </ns3:TrackPointExtension>
        </extensions>
      </trkpt>
      <trkpt lat="22.5917528383433818817138671875" lon="113.87913093902170658111572265625">
        <ele>12.19999980926513671875</ele>
        <time>2026-08-17T22:40:07.000Z</time>
        <extensions>
          <ns3:TrackPointExtension>
            <ns3:hr>138</ns3:hr>
            <ns3:cad>93</ns3:cad>
          </ns3:TrackPointExtension>
        </extensions>
      </trkpt>
      <trkpt lat="22.5917756371200084686279296875" lon="113.879111073911190032958984375">
        <ele>12.19999980926513671875</ele>
        <time>2026-08-17T22:40:08.000Z</time>
        <extensions>
          <ns3:TrackPointExtension>
            <ns3:hr>138</ns3:hr>
            <ns3:cad>93</ns3:cad>
          </ns3:TrackPointExtension>
        </extensions>
      </trkpt>
      <trkpt lat="22.59179768152534961700439453125" lon="113.8790931366384029388427734375">
        <ele>12.19999980926513671875</ele>
        <time>2026-08-17T22:40:09.000Z</time>
        <extensions>
          <ns3:TrackPointExtension>
            <ns3:hr>138</ns3:hr>
            <ns3:cad>93</ns3:cad>
          </ns3:TrackPointExtension>
        </extensions>
      </trkpt>
      <trkpt lat="22.59182081557810306549072265625" lon="113.8790700025856494903564453125">
        <ele>12.19999980926513671875</ele>
        <time>2026-08-17T22:40:10.000Z</time>
        <extensions>
          <ns3:TrackPointExtension>
            <ns3:hr>139</ns3:hr>
            <ns3:cad>93</ns3:cad>
          </ns3:TrackPointExtension>
        </extensions>
      </trkpt>
      <trkpt lat="22.5918349809944629669189453125" lon="113.879051394760608673095703125">
        <ele>12.19999980926513671875</ele>
        <time>2026-08-17T22:40:11.000Z</time>
        <extensions>
          <ns3:TrackPointExtension>
            <ns3:hr>139</ns3:hr>
            <ns3:cad>93</ns3:cad>
          </ns3:TrackPointExtension>
        </extensions>
      </trkpt>
      <trkpt lat="22.59186406619846820831298828125" lon="113.8790349662303924560546875">
        <ele>12.19999980926513671875</ele>
        <time>2026-08-17T22:40:12.000Z</time>
        <extensions>
          <ns3:TrackPointExtension>
            <ns3:hr>139</ns3:hr>
            <ns3:cad>93</ns3:cad>
          </ns3:TrackPointExtension>
        </extensions>
      </trkpt>
      <trkpt lat="22.5918832607567310333251953125" lon="113.87902197428047657012939453125">
        <ele>12.19999980926513671875</ele>
        <time>2026-08-17T22:40:13.000Z</time>
        <extensions>
          <ns3:TrackPointExtension>
            <ns3:hr>139</ns3:hr>
            <ns3:cad>93</ns3:cad>
          </ns3:TrackPointExtension>
        </extensions>
      </trkpt>
      <trkpt lat="22.59191050194203853607177734375" lon="113.8790096528828144073486328125">
        <ele>12.19999980926513671875</ele>
        <time>2026-08-17T22:40:14.000Z</time>
        <extensions>
          <ns3:TrackPointExtension>
            <ns3:hr>140</ns3:hr>
            <ns3:cad>93</ns3:cad>
          </ns3:TrackPointExtension>
        </extensions>
      </trkpt>
      <trkpt lat="22.5919278524816036224365234375" lon="113.87899146415293216705322265625">
        <ele>12.19999980926513671875</ele>
        <time>2026-08-17T22:40:15.000Z</time>
        <extensions>
          <ns3:TrackPointExtension>
            <ns3:hr>140</ns3:hr>
            <ns3:cad>94</ns3:cad>
          </ns3:TrackPointExtension>
        </extensions>
      </trkpt>
      <trkpt lat="22.5919543392956256866455078125" lon="113.8789781369268894195556640625">
        <ele>12.19999980926513671875</ele>
        <time>2026-08-17T22:40:16.000Z</time>
        <extensions>
          <ns3:TrackPointExtension>
            <ns3:hr>139</ns3:hr>
            <ns3:cad>94</ns3:cad>
          </ns3:TrackPointExtension>
        </extensions>
      </trkpt>
      <trkpt lat="22.59197629988193511962890625" lon="113.878962211310863494873046875">
        <ele>12.19999980926513671875</ele>
        <time>2026-08-17T22:40:17.000Z</time>
        <extensions>
          <ns3:TrackPointExtension>
            <ns3:hr>139</ns3:hr>
            <ns3:cad>92</ns3:cad>
          </ns3:TrackPointExtension>
        </extensions>
      </trkpt>
      <trkpt lat="22.5919999368488788604736328125" lon="113.878952153027057647705078125">
        <ele>12.19999980926513671875</ele>
        <time>2026-08-17T22:40:18.000Z</time>
        <extensions>
          <ns3:TrackPointExtension>
            <ns3:hr>138</ns3:hr>
            <ns3:cad>92</ns3:cad>
          </ns3:TrackPointExtension>
        </extensions>
      </trkpt>
      <trkpt lat="22.59202315472066402435302734375" lon="113.878937400877475738525390625">
        <ele>12.19999980926513671875</ele>
        <time>2026-08-17T22:40:19.000Z</time>
        <extensions>
          <ns3:TrackPointExtension>
            <ns3:hr>138</ns3:hr>
            <ns3:cad>92</ns3:cad>
          </ns3:TrackPointExtension>
        </extensions>
      </trkpt>
      <trkpt lat="22.59204545058310031890869140625" lon="113.8789261691272258758544921875">
        <ele>12.19999980926513671875</ele>
        <time>2026-08-17T22:40:20.000Z</time>
        <extensions>
          <ns3:TrackPointExtension>
            <ns3:hr>138</ns3:hr>
            <ns3:cad>93</ns3:cad>
          </ns3:TrackPointExtension>
        </extensions>
      </trkpt>
      <trkpt lat="22.59206992574036121368408203125" lon="113.8789063878357410430908203125">
        <ele>12.19999980926513671875</ele>
        <time>2026-08-17T22:40:21.000Z</time>
        <extensions>
          <ns3:TrackPointExtension>
            <ns3:hr>138</ns3:hr>
            <ns3:cad>93</ns3:cad>
          </ns3:TrackPointExtension>
        </extensions>
      </trkpt>
      <trkpt lat="22.5920963287353515625" lon="113.87890286743640899658203125">
        <ele>12.19999980926513671875</ele>
        <time>2026-08-17T22:40:22.000Z</time>
        <extensions>
          <ns3:TrackPointExtension>
            <ns3:hr>138</ns3:hr>
            <ns3:cad>93</ns3:cad>
          </ns3:TrackPointExtension>
        </extensions>
      </trkpt>
      <trkpt lat="22.59212709031999111175537109375" lon="113.878910243511199951171875">
        <ele>12.3999996185302734375</ele>
        <time>2026-08-17T22:40:23.000Z</time>
        <extensions>
          <ns3:TrackPointExtension>
            <ns3:hr>138</ns3:hr>
            <ns3:cad>93</ns3:cad>
          </ns3:TrackPointExtension>
        </extensions>
      </trkpt>
      <trkpt lat="22.592148296535015106201171875" lon="113.87891787104308605194091796875">
        <ele>12.3999996185302734375</ele>
        <time>2026-08-17T22:40:24.000Z</time>
        <extensions>
          <ns3:TrackPointExtension>
            <ns3:hr>138</ns3:hr>
            <ns3:cad>92</ns3:cad>
          </ns3:TrackPointExtension>
        </extensions>
      </trkpt>
      <trkpt lat="22.5921762920916080474853515625" lon="113.87893463484942913055419921875">
        <ele>12.3999996185302734375</ele>
        <time>2026-08-17T22:40:25.000Z</time>
        <extensions>
          <ns3:TrackPointExtension>
            <ns3:hr>138</ns3:hr>
            <ns3:cad>92</ns3:cad>
          </ns3:TrackPointExtension>
        </extensions>
      </trkpt>
      <trkpt lat="22.592189870774745941162109375" lon="113.87894636951386928558349609375">
        <ele>12.3999996185302734375</ele>
        <time>2026-08-17T22:40:26.000Z</time>
        <extensions>
          <ns3:TrackPointExtension>
            <ns3:hr>138</ns3:hr>
            <ns3:cad>92</ns3:cad>
          </ns3:TrackPointExtension>
        </extensions>
      </trkpt>
      <trkpt lat="22.592212669551372528076171875" lon="113.87897537089884281158447265625">
        <ele>12.3999996185302734375</ele>
        <time>2026-08-17T22:40:27.000Z</time>
        <extensions>
          <ns3:TrackPointExtension>
            <ns3:hr>138</ns3:hr>
            <ns3:cad>92</ns3:cad>
          </ns3:TrackPointExtension>
        </extensions>
      </trkpt>
      <trkpt lat="22.59222566150128841400146484375" lon="113.87899733148515224456787109375">
        <ele>12.3999996185302734375</ele>
        <time>2026-08-17T22:40:28.000Z</time>
        <extensions>
          <ns3:TrackPointExtension>
            <ns3:hr>137</ns3:hr>
            <ns3:cad>92</ns3:cad>
          </ns3:TrackPointExtension>
        </extensions>
      </trkpt>
      <trkpt lat="22.5922425091266632080078125" lon="113.8790309429168701171875">
        <ele>12.3999996185302734375</ele>
        <time>2026-08-17T22:40:29.000Z</time>
        <extensions>
          <ns3:TrackPointExtension>
            <ns3:hr>137</ns3:hr>
            <ns3:cad>92</ns3:cad>
          </ns3:TrackPointExtension>
        </extensions>
      </trkpt>
      <trkpt lat="22.59225415997207164764404296875" lon="113.8790525682270526885986328125">
        <ele>12.3999996185302734375</ele>
        <time>2026-08-17T22:40:30.000Z</time>
        <extensions>
          <ns3:TrackPointExtension>
            <ns3:hr>137</ns3:hr>
            <ns3:cad>91</ns3:cad>
          </ns3:TrackPointExtension>
        </extensions>
      </trkpt>
      <trkpt lat="22.59226572699844837188720703125" lon="113.879088945686817169189453125">
        <ele>12.3999996185302734375</ele>
        <time>2026-08-17T22:40:31.000Z</time>
        <extensions>
          <ns3:TrackPointExtension>
            <ns3:hr>137</ns3:hr>
            <ns3:cad>91</ns3:cad>
          </ns3:TrackPointExtension>
        </extensions>
      </trkpt>
      <trkpt lat="22.5922745279967784881591796875" lon="113.87911132536828517913818359375">
        <ele>12.3999996185302734375</ele>
        <time>2026-08-17T22:40:32.000Z</time>
        <extensions>
          <ns3:TrackPointExtension>
            <ns3:hr>136</ns3:hr>
            <ns3:cad>92</ns3:cad>
          </ns3:TrackPointExtension>
        </extensions>
      </trkpt>
      <trkpt lat="22.59228500537574291229248046875" lon="113.87914502061903476715087890625">
        <ele>12.6000003814697265625</ele>
        <time>2026-08-17T22:40:33.000Z</time>
        <extensions>
          <ns3:TrackPointExtension>
            <ns3:hr>137</ns3:hr>
            <ns3:cad>92</ns3:cad>
          </ns3:TrackPointExtension>
        </extensions>
      </trkpt>
      <trkpt lat="22.5922959856688976287841796875" lon="113.8791632093489170074462890625">
        <ele>12.6000003814697265625</ele>
        <time>2026-08-17T22:40:34.000Z</time>
        <extensions>
          <ns3:TrackPointExtension>
            <ns3:hr>136</ns3:hr>
            <ns3:cad>92</ns3:cad>
          </ns3:TrackPointExtension>
        </extensions>
      </trkpt>
      <trkpt lat="22.59231568314135074615478515625" lon="113.8791811466217041015625">
        <ele>12.6000003814697265625</ele>
        <time>2026-08-17T22:40:35.000Z</time>
        <extensions>
          <ns3:TrackPointExtension>
            <ns3:hr>136</ns3:hr>
            <ns3:cad>91</ns3:cad>
          </ns3:TrackPointExtension>
        </extensions>
      </trkpt>
      <trkpt lat="22.59233035147190093994140625" lon="113.8791860081255435943603515625">
        <ele>12.80000019073486328125</ele>
        <time>2026-08-17T22:40:36.000Z</time>
        <extensions>
          <ns3:TrackPointExtension>
            <ns3:hr>136</ns3:hr>
            <ns3:cad>90</ns3:cad>
          </ns3:TrackPointExtension>
        </extensions>
      </trkpt>
      <trkpt lat="22.59228743612766265869140625" lon="113.8791487924754619598388671875">
        <ele>12.3999996185302734375</ele>
        <time>2026-08-17T22:42:22.000Z</time>
        <extensions>
          <ns3:TrackPointExtension>
            <ns3:hr>83</ns3:hr>
            <ns3:cad>51</ns3:cad>
          </ns3:TrackPointExtension>
        </extensions>
      </trkpt>
      <trkpt lat="22.592302523553371429443359375" lon="113.8791447691619396209716796875">
        <ele>12.3999996185302734375</ele>
        <time>2026-08-17T22:42:23.000Z</time>
        <extensions>
          <ns3:TrackPointExtension>
            <ns3:hr>83</ns3:hr>
            <ns3:cad>51</ns3:cad>
          </ns3:TrackPointExtension>
        </extensions>
      </trkpt>
      <trkpt lat="22.592324316501617431640625" lon="113.8791377283632755279541015625">
        <ele>12.3999996185302734375</ele>
        <time>2026-08-17T22:42:24.000Z</time>
        <extensions>
          <ns3:TrackPointExtension>
            <ns3:hr>84</ns3:hr>
            <ns3:cad>51</ns3:cad>
          </ns3:TrackPointExtension>
        </extensions>
      </trkpt>
      <trkpt lat="22.592344768345355987548828125" lon="113.87912440113723278045654296875">
        <ele>12.3999996185302734375</ele>
        <time>2026-08-17T22:42:25.000Z</time>
        <extensions>
          <ns3:TrackPointExtension>
            <ns3:hr>83</ns3:hr>
            <ns3:cad>51</ns3:cad>
          </ns3:TrackPointExtension>
        </extensions>
      </trkpt>
      <trkpt lat="22.59236413054168224334716796875" lon="113.87911149300634860992431640625">
        <ele>12.3999996185302734375</ele>
        <time>2026-08-17T22:42:26.000Z</time>
        <extensions>
          <ns3:TrackPointExtension>
            <ns3:hr>83</ns3:hr>
            <ns3:cad>51</ns3:cad>
          </ns3:TrackPointExtension>
        </extensions>
      </trkpt>
      <trkpt lat="22.592385001480579376220703125" lon="113.87909405864775180816650390625">
        <ele>12.3999996185302734375</ele>
        <time>2026-08-17T22:42:27.000Z</time>
        <extensions>
          <ns3:TrackPointExtension>
            <ns3:hr>83</ns3:hr>
            <ns3:cad>90</ns3:cad>
          </ns3:TrackPointExtension>
        </extensions>
      </trkpt>
      <trkpt lat="22.59240302257239818572998046875" lon="113.8790763728320598602294921875">
        <ele>12.3999996185302734375</ele>
        <time>2026-08-17T22:42:28.000Z</time>
        <extensions>
          <ns3:TrackPointExtension>
            <ns3:hr>84</ns3:hr>
            <ns3:cad>90</ns3:cad>
          </ns3:TrackPointExtension>
        </extensions>
      </trkpt>
      <trkpt lat="22.59243101812899112701416015625" lon="113.879050053656101226806640625">
        <ele>12.6000003814697265625</ele>
        <time>2026-08-17T22:42:29.000Z</time>
        <extensions>
          <ns3:TrackPointExtension>
            <ns3:hr>84</ns3:hr>
            <ns3:cad>91</ns3:cad>
          </ns3:TrackPointExtension>
        </extensions>
      </trkpt>
      <trkpt lat="22.59244945831596851348876953125" lon="113.87903404422104358673095703125">
        <ele>12.6000003814697265625</ele>
        <time>2026-08-17T22:42:30.000Z</time>
        <extensions>
          <ns3:TrackPointExtension>
            <ns3:hr>85</ns3:hr>
            <ns3:cad>91</ns3:cad>
          </ns3:TrackPointExtension>
        </extensions>
      </trkpt>
      <trkpt lat="22.59248147718608379364013671875" lon="113.8790133409202098846435546875">
        <ele>12.6000003814697265625</ele>
        <time>2026-08-17T22:42:31.000Z</time>
        <extensions>
          <ns3:TrackPointExtension>
            <ns3:hr>89</ns3:hr>
            <ns3:cad>92</ns3:cad>
          </ns3:TrackPointExtension>
        </extensions>
      </trkpt>
      <trkpt lat="22.5924988277256488800048828125" lon="113.878993056714534759521484375">
        <ele>12.6000003814697265625</ele>
        <time>2026-08-17T22:42:32.000Z</time>
        <extensions>
          <ns3:TrackPointExtension>
            <ns3:hr>92</ns3:hr>
            <ns3:cad>92</ns3:cad>
          </ns3:TrackPointExtension>
        </extensions>
      </trkpt>
      <trkpt lat="22.59252623654901981353759765625" lon="113.87897260487079620361328125">
        <ele>12.3999996185302734375</ele>
        <time>2026-08-17T22:42:33.000Z</time>
        <extensions>
          <ns3:TrackPointExtension>
            <ns3:hr>93</ns3:hr>
            <ns3:cad>92</ns3:cad>
          </ns3:TrackPointExtension>
        </extensions>
      </trkpt>
      <trkpt lat="22.59254685603082180023193359375" lon="113.8789519853889942169189453125">
        <ele>12.3999996185302734375</ele>
        <time>2026-08-17T22:42:34.000Z</time>
        <extensions>
          <ns3:TrackPointExtension>
            <ns3:hr>94</ns3:hr>
            <ns3:cad>92</ns3:cad>
          </ns3:TrackPointExtension>
        </extensions>
      </trkpt>
      <trkpt lat="22.5925725884735584259033203125" lon="113.87894066981971263885498046875">
        <ele>12.3999996185302734375</ele>
        <time>2026-08-17T22:42:35.000Z</time>
        <extensions>
          <ns3:TrackPointExtension>
            <ns3:hr>95</ns3:hr>
            <ns3:cad>92</ns3:cad>
          </ns3:TrackPointExtension>
        </extensions>
      </trkpt>
      <trkpt lat="22.59259949438273906707763671875" lon="113.878923989832401275634765625">
        <ele>12.3999996185302734375</ele>
        <time>2026-08-17T22:42:36.000Z</time>
        <extensions>
          <ns3:TrackPointExtension>
            <ns3:hr>96</ns3:hr>
            <ns3:cad>92</ns3:cad>
          </ns3:TrackPointExtension>
        </extensions>
      </trkpt>
      <trkpt lat="22.5926233828067779541015625" lon="113.8789104111492633819580078125">
        <ele>12.3999996185302734375</ele>
        <time>2026-08-17T22:42:37.000Z</time>
        <extensions>
          <ns3:TrackPointExtension>
            <ns3:hr>97</ns3:hr>
            <ns3:cad>92</ns3:cad>
          </ns3:TrackPointExtension>
        </extensions>
      </trkpt>
      <trkpt lat="22.592652551829814910888671875" lon="113.87889423407614231109619140625">
        <ele>12.3999996185302734375</ele>
        <time>2026-08-17T22:42:38.000Z</time>
        <extensions>
          <ns3:TrackPointExtension>
            <ns3:hr>97</ns3:hr>
            <ns3:cad>92</ns3:cad>
          </ns3:TrackPointExtension>
        </extensions>
      </trkpt>
      <trkpt lat="22.5926751829683780670166015625" lon="113.87888316996395587921142578125">
        <ele>12.3999996185302734375</ele>
        <time>2026-08-17T22:42:39.000Z</time>
        <extensions>
          <ns3:TrackPointExtension>
            <ns3:hr>97</ns3:hr>
            <ns3:cad>92</ns3:cad>
          </ns3:TrackPointExtension>
        </extensions>
      </trkpt>
      <trkpt lat="22.59270720183849334716796875" lon="113.878865651786327362060546875">
        <ele>12.3999996185302734375</ele>
        <time>2026-08-17T22:42:40.000Z</time>
        <extensions>
          <ns3:TrackPointExtension>
            <ns3:hr>98</ns3:hr>
            <ns3:cad>92</ns3:cad>
          </ns3:TrackPointExtension>
        </extensions>
      </trkpt>
      <trkpt lat="22.5927244685590267181396484375" lon="113.8788480497896671295166015625">
        <ele>12.3999996185302734375</ele>
        <time>2026-08-17T22:42:41.000Z</time>
        <extensions>
          <ns3:TrackPointExtension>
            <ns3:hr>99</ns3:hr>
            <ns3:cad>94</ns3:cad>
          </ns3:TrackPointExtension>
        </extensions>
      </trkpt>
      <trkpt lat="22.59275690652430057525634765625" lon="113.8788279332220554351806640625">
        <ele>12.3999996185302734375</ele>
        <time>2026-08-17T22:42:42.000Z</time>
        <extensions>
          <ns3:TrackPointExtension>
            <ns3:hr>101</ns3:hr>
            <ns3:cad>94</ns3:cad>
          </ns3:TrackPointExtension>
        </extensions>
      </trkpt>
      <trkpt lat="22.59277367033064365386962890625" lon="113.87880974449217319488525390625">
        <ele>12.3999996185302734375</ele>
        <time>2026-08-17T22:42:43.000Z</time>
        <extensions>
          <ns3:TrackPointExtension>
            <ns3:hr>102</ns3:hr>
            <ns3:cad>92</ns3:cad>
          </ns3:TrackPointExtension>
        </extensions>
      </trkpt>
      <trkpt lat="22.5927937030792236328125" lon="113.8787813298404216766357421875">
        <ele>12.19999980926513671875</ele>
        <time>2026-08-17T22:42:44.000Z</time>
        <extensions>
          <ns3:TrackPointExtension>
            <ns3:hr>103</ns3:hr>
            <ns3:cad>92</ns3:cad>
          </ns3:TrackPointExtension>
        </extensions>
      </trkpt>
      <trkpt lat="22.59280099533498287200927734375" lon="113.8787508197128772735595703125">
        <ele>12.19999980926513671875</ele>
        <time>2026-08-17T22:42:45.000Z</time>
        <extensions>
          <ns3:TrackPointExtension>
            <ns3:hr>104</ns3:hr>
            <ns3:cad>92</ns3:cad>
          </ns3:TrackPointExtension>
        </extensions>
      </trkpt>
      <trkpt lat="22.592814154922962188720703125" lon="113.87872374616563320159912109375">
        <ele>12.19999980926513671875</ele>
        <time>2026-08-17T22:42:46.000Z</time>
        <extensions>
          <ns3:TrackPointExtension>
            <ns3:hr>105</ns3:hr>
            <ns3:cad>92</ns3:cad>
          </ns3:TrackPointExtension>
        </extensions>
      </trkpt>
      <trkpt lat="22.59282882325351238250732421875" lon="113.87869340367615222930908203125">
        <ele>12.19999980926513671875</ele>
        <time>2026-08-17T22:42:47.000Z</time>
        <extensions>
          <ns3:TrackPointExtension>
            <ns3:hr>106</ns3:hr>
            <ns3:cad>93</ns3:cad>
          </ns3:TrackPointExtension>
        </extensions>
      </trkpt>
      <trkpt lat="22.59284290485084056854248046875" lon="113.8786723650991916656494140625">
        <ele>12.19999980926513671875</ele>
        <time>2026-08-17T22:42:48.000Z</time>
        <extensions>
          <ns3:TrackPointExtension>
            <ns3:hr>107</ns3:hr>
            <ns3:cad>92</ns3:cad>
          </ns3:TrackPointExtension>
        </extensions>
      </trkpt>
      <trkpt lat="22.59286436252295970916748046875" lon="113.87863942421972751617431640625">
        <ele>12.19999980926513671875</ele>
        <time>2026-08-17T22:42:49.000Z</time>
        <extensions>
          <ns3:TrackPointExtension>
            <ns3:hr>108</ns3:hr>
            <ns3:cad>92</ns3:cad>
          </ns3:TrackPointExtension>
        </extensions>
      </trkpt>
      <trkpt lat="22.592875175178050994873046875" lon="113.8786183856427669525146484375">
        <ele>12.19999980926513671875</ele>
        <time>2026-08-17T22:42:50.000Z</time>
        <extensions>
          <ns3:TrackPointExtension>
            <ns3:hr>109</ns3:hr>
            <ns3:cad>92</ns3:cad>
          </ns3:TrackPointExtension>
        </extensions>
      </trkpt>
      <trkpt lat="22.5928978063166141510009765625" lon="113.878590725362300872802734375">
        <ele>12.19999980926513671875</ele>
        <time>2026-08-17T22:42:51.000Z</time>
        <extensions>
          <ns3:TrackPointExtension>
            <ns3:hr>111</ns3:hr>
            <ns3:cad>93</ns3:cad>
          </ns3:TrackPointExtension>
        </extensions>
      </trkpt>
      <trkpt lat="22.59291532449424266815185546875" lon="113.878564573824405670166015625">
        <ele>12.19999980926513671875</ele>
        <time>2026-08-17T22:42:52.000Z</time>
        <extensions>
          <ns3:TrackPointExtension>
            <ns3:hr>114</ns3:hr>
            <ns3:cad>94</ns3:cad>
          </ns3:TrackPointExtension>
        </extensions>
      </trkpt>
      <trkpt lat="22.59293711744248867034912109375" lon="113.8785441219806671142578125">
        <ele>12.19999980926513671875</ele>
        <time>2026-08-17T22:42:53.000Z</time>
        <extensions>
          <ns3:TrackPointExtension>
            <ns3:hr>115</ns3:hr>
            <ns3:cad>95</ns3:cad>
          </ns3:TrackPointExtension>
        </extensions>
      </trkpt>
      <trkpt lat="22.59295857511460781097412109375" lon="113.87852157466113567352294921875">
        <ele>12</ele>
        <time>2026-08-17T22:42:54.000Z</time>
        <extensions>
          <ns3:TrackPointExtension>
            <ns3:hr>116</ns3:hr>
            <ns3:cad>95</ns3:cad>
          </ns3:TrackPointExtension>
        </extensions>
      </trkpt>
      <trkpt lat="22.59298187680542469024658203125" lon="113.8785030506551265716552734375">
        <ele>12</ele>
        <time>2026-08-17T22:42:55.000Z</time>
        <extensions>
          <ns3:TrackPointExtension>
            <ns3:hr>117</ns3:hr>
            <ns3:cad>95</ns3:cad>
          </ns3:TrackPointExtension>
        </extensions>
      </trkpt>
      <trkpt lat="22.59300786070525646209716796875" lon="113.87847748585045337677001953125">
        <ele>12</ele>
        <time>2026-08-17T22:42:56.000Z</time>
        <extensions>
          <ns3:TrackPointExtension>
            <ns3:hr>117</ns3:hr>
            <ns3:cad>95</ns3:cad>
          </ns3:TrackPointExtension>
        </extensions>
      </trkpt>
      <trkpt lat="22.59302730672061443328857421875" lon="113.87845762073993682861328125">
        <ele>12</ele>
        <time>2026-08-17T22:42:57.000Z</time>
        <extensions>
          <ns3:TrackPointExtension>
            <ns3:hr>118</ns3:hr>
            <ns3:cad>93</ns3:cad>
          </ns3:TrackPointExtension>
        </extensions>
      </trkpt>
      <trkpt lat="22.59305412881076335906982421875" lon="113.87843356467783451080322265625">
        <ele>12</ele>
        <time>2026-08-17T22:42:58.000Z</time>
        <extensions>
          <ns3:TrackPointExtension>
            <ns3:hr>118</ns3:hr>
            <ns3:cad>94</ns3:cad>
          </ns3:TrackPointExtension>
        </extensions>
      </trkpt>
      <trkpt lat="22.59307323954999446868896484375" lon="113.87841093353927135467529296875">
        <ele>12</ele>
        <time>2026-08-17T22:42:59.000Z</time>
        <extensions>
          <ns3:TrackPointExtension>
            <ns3:hr>119</ns3:hr>
            <ns3:cad>95</ns3:cad>
          </ns3:TrackPointExtension>
        </extensions>
      </trkpt>
      <trkpt lat="22.5930962897837162017822265625" lon="113.87838914059102535247802734375">
        <ele>12</ele>
        <time>2026-08-17T22:43:00.000Z</time>
        <extensions>
          <ns3:TrackPointExtension>
            <ns3:hr>120</ns3:hr>
            <ns3:cad>95</ns3:cad>
          </ns3:TrackPointExtension>
        </extensions>
      </trkpt>
      <trkpt lat="22.5931143946945667266845703125" lon="113.8783662579953670501708984375">
        <ele>12</ele>
        <time>2026-08-17T22:43:01.000Z</time>
        <extensions>
          <ns3:TrackPointExtension>
            <ns3:hr>121</ns3:hr>
            <ns3:cad>95</ns3:cad>
          </ns3:TrackPointExtension>
        </extensions>
      </trkpt>
      <trkpt lat="22.5931418873369693756103515625" lon="113.8783505000174045562744140625">
        <ele>12</ele>
        <time>2026-08-17T22:43:02.000Z</time>
        <extensions>
          <ns3:TrackPointExtension>
            <ns3:hr>121</ns3:hr>
            <ns3:cad>93</ns3:cad>
          </ns3:TrackPointExtension>
        </extensions>
      </trkpt>
      <trkpt lat="22.5931643508374691009521484375" lon="113.87832862325012683868408203125">
        <ele>12</ele>
        <time>2026-08-17T22:43:03.000Z</time>
        <extensions>
          <ns3:TrackPointExtension>
            <ns3:hr>122</ns3:hr>
            <ns3:cad>93</ns3:cad>
          </ns3:TrackPointExtension>
        </extensions>
      </trkpt>
      <trkpt lat="22.5931817851960659027099609375" lon="113.87830741703510284423828125">
        <ele>12</ele>
        <time>2026-08-17T22:43:04.000Z</time>
        <extensions>
          <ns3:TrackPointExtension>
            <ns3:hr>123</ns3:hr>
            <ns3:cad>93</ns3:cad>
          </ns3:TrackPointExtension>
        </extensions>
      </trkpt>
      <trkpt lat="22.5932107865810394287109375" lon="113.87828461825847625732421875">
        <ele>12</ele>
        <time>2026-08-17T22:43:05.000Z</time>
        <extensions>
          <ns3:TrackPointExtension>
            <ns3:hr>123</ns3:hr>
            <ns3:cad>94</ns3:cad>
          </ns3:TrackPointExtension>
        </extensions>
      </trkpt>
      <trkpt lat="22.5932293944060802459716796875" lon="113.878264166414737701416015625">
        <ele>12</ele>
        <time>2026-08-17T22:43:06.000Z</time>
        <extensions>
          <ns3:TrackPointExtension>
            <ns3:hr>124</ns3:hr>
            <ns3:cad>94</ns3:cad>
          </ns3:TrackPointExtension>
        </extensions>
      </trkpt>
      <trkpt lat="22.59325311519205570220947265625" lon="113.87824530713260173797607421875">
        <ele>12</ele>
        <time>2026-08-17T22:43:07.000Z</time>
        <extensions>
          <ns3:TrackPointExtension>
            <ns3:hr>124</ns3:hr>
            <ns3:cad>93</ns3:cad>
          </ns3:TrackPointExtension>
        </extensions>
      </trkpt>
      <trkpt lat="22.5932729803025722503662109375" lon="113.87822267599403858184814453125">
        <ele>12</ele>
        <time>2026-08-17T22:43:08.000Z</time>
        <extensions>
          <ns3:TrackPointExtension>
            <ns3:hr>125</ns3:hr>
            <ns3:cad>93</ns3:cad>
          </ns3:TrackPointExtension>
        </extensions>
      </trkpt>
      <trkpt lat="22.5932941026985645294189453125" lon="113.87820406816899776458740234375">
        <ele>12</ele>
        <time>2026-08-17T22:43:09.000Z</time>
        <extensions>
          <ns3:TrackPointExtension>
            <ns3:hr>125</ns3:hr>
            <ns3:cad>93</ns3:cad>
          </ns3:TrackPointExtension>
        </extensions>
      </trkpt>
      <trkpt lat="22.593316733837127685546875" lon="113.8781838677823543548583984375">
        <ele>12</ele>
        <time>2026-08-17T22:43:10.000Z</time>
        <extensions>
          <ns3:TrackPointExtension>
            <ns3:hr>126</ns3:hr>
            <ns3:cad>93</ns3:cad>
          </ns3:TrackPointExtension>
        </extensions>
      </trkpt>
      <trkpt lat="22.59333609603345394134521484375" lon="113.87816852889955043792724609375">
        <ele>11.80000019073486328125</ele>
        <time>2026-08-17T22:43:11.000Z</time>
        <extensions>
          <ns3:TrackPointExtension>
            <ns3:hr>126</ns3:hr>
            <ns3:cad>94</ns3:cad>
          </ns3:TrackPointExtension>
        </extensions>
      </trkpt>
      <trkpt lat="22.5933604873716831207275390625" lon="113.8781429640948772430419921875">
        <ele>11.80000019073486328125</ele>
        <time>2026-08-17T22:43:12.000Z</time>
        <extensions>
          <ns3:TrackPointExtension>
            <ns3:hr>126</ns3:hr>
            <ns3:cad>92</ns3:cad>
          </ns3:TrackPointExtension>
        </extensions>
      </trkpt>
      <trkpt lat="22.59337373077869415283203125" lon="113.8781208358705043792724609375">
        <ele>11.80000019073486328125</ele>
        <time>2026-08-17T22:43:13.000Z</time>
        <extensions>
          <ns3:TrackPointExtension>
            <ns3:hr>127</ns3:hr>
            <ns3:cad>92</ns3:cad>
          </ns3:TrackPointExtension>
        </extensions>
      </trkpt>
      <trkpt lat="22.5933973677456378936767578125" lon="113.8780970312654972076416015625">
        <ele>11.80000019073486328125</ele>
        <time>2026-08-17T22:43:14.000Z</time>
        <extensions>
          <ns3:TrackPointExtension>
            <ns3:hr>127</ns3:hr>
            <ns3:cad>92</ns3:cad>
          </ns3:TrackPointExtension>
        </extensions>
      </trkpt>
      <trkpt lat="22.593412958085536956787109375" lon="113.8780728913843631744384765625">
        <ele>11.80000019073486328125</ele>
        <time>2026-08-17T22:43:15.000Z</time>
        <extensions>
          <ns3:TrackPointExtension>
            <ns3:hr>127</ns3:hr>
            <ns3:cad>92</ns3:cad>
          </ns3:TrackPointExtension>
        </extensions>
      </trkpt>
      <trkpt lat="22.593431733548641204833984375" lon="113.87805101461708545684814453125">
        <ele>11.80000019073486328125</ele>
        <time>2026-08-17T22:43:16.000Z</time>
        <extensions>
          <ns3:TrackPointExtension>
            <ns3:hr>127</ns3:hr>
            <ns3:cad>94</ns3:cad>
          </ns3:TrackPointExtension>
        </extensions>
      </trkpt>
      <trkpt lat="22.59345210157334804534912109375" lon="113.878024779260158538818359375">
        <ele>11.6000003814697265625</ele>
        <time>2026-08-17T22:43:17.000Z</time>
        <extensions>
          <ns3:TrackPointExtension>
            <ns3:hr>127</ns3:hr>
            <ns3:cad>94</ns3:cad>
          </ns3:TrackPointExtension>
        </extensions>
      </trkpt>
      <trkpt lat="22.5934701226651668548583984375" lon="113.87800441123545169830322265625">
        <ele>11.6000003814697265625</ele>
        <time>2026-08-17T22:43:18.000Z</time>
        <extensions>
          <ns3:TrackPointExtension>
            <ns3:hr>126</ns3:hr>
            <ns3:cad>94</ns3:cad>
          </ns3:TrackPointExtension>
        </extensions>
      </trkpt>
      <trkpt lat="22.5934982858598232269287109375" lon="113.87797825969755649566650390625">
        <ele>11.6000003814697265625</ele>
        <time>2026-08-17T22:43:19.000Z</time>
        <extensions>
          <ns3:TrackPointExtension>
            <ns3:hr>126</ns3:hr>
            <ns3:cad>94</ns3:cad>
          </ns3:TrackPointExtension>
        </extensions>
      </trkpt>
      <trkpt lat="22.593516893684864044189453125" lon="113.877958394587039947509765625">
        <ele>11.6000003814697265625</ele>
        <time>2026-08-17T22:43:20.000Z</time>
        <extensions>
          <ns3:TrackPointExtension>
            <ns3:hr>126</ns3:hr>
            <ns3:cad>94</ns3:cad>
          </ns3:TrackPointExtension>
        </extensions>
      </trkpt>
      <trkpt lat="22.5935495831072330474853515625" lon="113.87794188223779201507568359375">
        <ele>11.6000003814697265625</ele>
        <time>2026-08-17T22:43:21.000Z</time>
        <extensions>
          <ns3:TrackPointExtension>
            <ns3:hr>126</ns3:hr>
            <ns3:cad>94</ns3:cad>
          </ns3:TrackPointExtension>
        </extensions>
      </trkpt>
      <trkpt lat="22.593575231730937957763671875" lon="113.8779246993362903594970703125">
        <ele>11.6000003814697265625</ele>
        <time>2026-08-17T22:43:22.000Z</time>
        <extensions>
          <ns3:TrackPointExtension>
            <ns3:hr>125</ns3:hr>
            <ns3:cad>94</ns3:cad>
          </ns3:TrackPointExtension>
        </extensions>
      </trkpt>
      <trkpt lat="22.5936038978397846221923828125" lon="113.87791221030056476593017578125">
        <ele>11.6000003814697265625</ele>
        <time>2026-08-17T22:43:23.000Z</time>
        <extensions>
          <ns3:TrackPointExtension>
            <ns3:hr>125</ns3:hr>
            <ns3:cad>94</ns3:cad>
          </ns3:TrackPointExtension>
        </extensions>
      </trkpt>
      <trkpt lat="22.59363499470055103302001953125" lon="113.8779069297015666961669921875">
        <ele>11.80000019073486328125</ele>
        <time>2026-08-17T22:43:24.000Z</time>
        <extensions>
          <ns3:TrackPointExtension>
            <ns3:hr>125</ns3:hr>
            <ns3:cad>94</ns3:cad>
          </ns3:TrackPointExtension>
        </extensions>
      </trkpt>
      <trkpt lat="22.59366231970489025115966796875" lon="113.877920173108577728271484375">
        <ele>11.80000019073486328125</ele>
        <time>2026-08-17T22:43:25.000Z</time>
        <extensions>
          <ns3:TrackPointExtension>
            <ns3:hr>125</ns3:hr>
            <ns3:cad>94</ns3:cad>
          </ns3:TrackPointExtension>
        </extensions>
      </trkpt>
      <trkpt lat="22.5936880521476268768310546875" lon="113.8779298961162567138671875">
        <ele>11.80000019073486328125</ele>
        <time>2026-08-17T22:43:26.000Z</time>
        <extensions>
          <ns3:TrackPointExtension>
            <ns3:hr>125</ns3:hr>
            <ns3:cad>94</ns3:cad>
          </ns3:TrackPointExtension>
        </extensions>
      </trkpt>
      <trkpt lat="22.59371437132358551025390625" lon="113.877937607467174530029296875">
        <ele>11.80000019073486328125</ele>
        <time>2026-08-17T22:43:27.000Z</time>
        <extensions>
          <ns3:TrackPointExtension>
            <ns3:hr>125</ns3:hr>
            <ns3:cad>93</ns3:cad>
          </ns3:TrackPointExtension>
        </extensions>
      </trkpt>
      <trkpt lat="22.59374119341373443603515625" lon="113.877944312989711761474609375">
        <ele>12</ele>
        <time>2026-08-17T22:43:28.000Z</time>
        <extensions>
          <ns3:TrackPointExtension>
            <ns3:hr>125</ns3:hr>
            <ns3:cad>93</ns3:cad>
          </ns3:TrackPointExtension>
        </extensions>
      </trkpt>
      <trkpt lat="22.59376726113259792327880859375" lon="113.87795261107385158538818359375">
        <ele>12</ele>
        <time>2026-08-17T22:43:29.000Z</time>
        <extensions>
          <ns3:TrackPointExtension>
            <ns3:hr>126</ns3:hr>
            <ns3:cad>93</ns3:cad>
          </ns3:TrackPointExtension>
        </extensions>
      </trkpt>
      <trkpt lat="22.59379751980304718017578125" lon="113.87795981951057910919189453125">
        <ele>12</ele>
        <time>2026-08-17T22:43:30.000Z</time>
        <extensions>
          <ns3:TrackPointExtension>
            <ns3:hr>126</ns3:hr>
            <ns3:cad>94</ns3:cad>
          </ns3:TrackPointExtension>
        </extensions>
      </trkpt>
      <trkpt lat="22.5938196480274200439453125" lon="113.87797088362276554107666015625">
        <ele>12</ele>
        <time>2026-08-17T22:43:31.000Z</time>
        <extensions>
          <ns3:TrackPointExtension>
            <ns3:hr>126</ns3:hr>
            <ns3:cad>94</ns3:cad>
          </ns3:TrackPointExtension>
        </extensions>
      </trkpt>
      <trkpt lat="22.59385091252624988555908203125" lon="113.8779833726584911346435546875">
        <ele>12</ele>
        <time>2026-08-17T22:43:32.000Z</time>
        <extensions>
          <ns3:TrackPointExtension>
            <ns3:hr>126</ns3:hr>
            <ns3:cad>92</ns3:cad>
          </ns3:TrackPointExtension>
        </extensions>
      </trkpt>
      <trkpt lat="22.59387857280671596527099609375" lon="113.877991251647472381591796875">
        <ele>12</ele>
        <time>2026-08-17T22:43:33.000Z</time>
        <extensions>
          <ns3:TrackPointExtension>
            <ns3:hr>126</ns3:hr>
            <ns3:cad>92</ns3:cad>
          </ns3:TrackPointExtension>
        </extensions>
      </trkpt>
      <trkpt lat="22.59391025640070438385009765625" lon="113.87800089083611965179443359375">
        <ele>12</ele>
        <time>2026-08-17T22:43:34.000Z</time>
        <extensions>
          <ns3:TrackPointExtension>
            <ns3:hr>127</ns3:hr>
            <ns3:cad>92</ns3:cad>
          </ns3:TrackPointExtension>
        </extensions>
      </trkpt>
      <trkpt lat="22.59393640793859958648681640625" lon="113.8780051656067371368408203125">
        <ele>12.19999980926513671875</ele>
        <time>2026-08-17T22:43:35.000Z</time>
        <extensions>
          <ns3:TrackPointExtension>
            <ns3:hr>127</ns3:hr>
            <ns3:cad>93</ns3:cad>
          </ns3:TrackPointExtension>
        </extensions>
      </trkpt>
      <trkpt lat="22.593962140381336212158203125" lon="113.878012038767337799072265625">
        <ele>12</ele>
        <time>2026-08-17T22:43:36.000Z</time>
        <extensions>
          <ns3:TrackPointExtension>
            <ns3:hr>128</ns3:hr>
            <ns3:cad>92</ns3:cad>
          </ns3:TrackPointExtension>
        </extensions>
      </trkpt>
      <trkpt lat="22.59399558417499065399169921875" lon="113.87801748700439929962158203125">
        <ele>12</ele>
        <time>2026-08-17T22:43:37.000Z</time>
        <extensions>
          <ns3:TrackPointExtension>
            <ns3:hr>129</ns3:hr>
            <ns3:cad>92</ns3:cad>
          </ns3:TrackPointExtension>
        </extensions>
      </trkpt>
      <trkpt lat="22.59402441792190074920654296875" lon="113.87802955694496631622314453125">
        <ele>12</ele>
        <time>2026-08-17T22:43:38.000Z</time>
        <extensions>
          <ns3:TrackPointExtension>
            <ns3:hr>129</ns3:hr>
            <ns3:cad>92</ns3:cad>
          </ns3:TrackPointExtension>
        </extensions>
      </trkpt>
      <trkpt lat="22.59405995719134807586669921875" lon="113.87803676538169384002685546875">
        <ele>12.19999980926513671875</ele>
        <time>2026-08-17T22:43:39.000Z</time>
        <extensions>
          <ns3:TrackPointExtension>
            <ns3:hr>130</ns3:hr>
            <ns3:cad>92</ns3:cad>
          </ns3:TrackPointExtension>
        </extensions>
      </trkpt>
      <trkpt lat="22.5940836779773235321044921875" lon="113.8780410401523113250732421875">
        <ele>12</ele>
        <time>2026-08-17T22:43:40.000Z</time>
        <extensions>
          <ns3:TrackPointExtension>
            <ns3:hr>130</ns3:hr>
            <ns3:cad>92</ns3:cad>
          </ns3:TrackPointExtension>
        </extensions>
      </trkpt>
      <trkpt lat="22.59411728940904140472412109375" lon="113.8780510984361171722412109375">
        <ele>12.19999980926513671875</ele>
        <time>2026-08-17T22:43:41.000Z</time>
        <extensions>
          <ns3:TrackPointExtension>
            <ns3:hr>130</ns3:hr>
            <ns3:cad>93</ns3:cad>
          </ns3:TrackPointExtension>
        </extensions>
      </trkpt>
      <trkpt lat="22.59414277039468288421630859375" lon="113.87805537320673465728759765625">
        <ele>12.19999980926513671875</ele>
        <time>2026-08-17T22:43:42.000Z</time>
        <extensions>
          <ns3:TrackPointExtension>
            <ns3:hr>130</ns3:hr>
            <ns3:cad>93</ns3:cad>
          </ns3:TrackPointExtension>
        </extensions>
      </trkpt>
      <trkpt lat="22.594178728759288787841796875" lon="113.87806241400539875030517578125">
        <ele>12.19999980926513671875</ele>
        <time>2026-08-17T22:43:43.000Z</time>
        <extensions>
          <ns3:TrackPointExtension>
            <ns3:hr>131</ns3:hr>
            <ns3:cad>93</ns3:cad>
          </ns3:TrackPointExtension>
        </extensions>
      </trkpt>
      <trkpt lat="22.594207227230072021484375" lon="113.87806660495698451995849609375">
        <ele>12.19999980926513671875</ele>
        <time>2026-08-17T22:43:44.000Z</time>
        <extensions>
          <ns3:TrackPointExtension>
            <ns3:hr>131</ns3:hr>
            <ns3:cad>93</ns3:cad>
          </ns3:TrackPointExtension>
        </extensions>
      </trkpt>
      <trkpt lat="22.59424150921404361724853515625" lon="113.87807230465114116668701171875">
        <ele>12.19999980926513671875</ele>
        <time>2026-08-17T22:43:45.000Z</time>
        <extensions>
          <ns3:TrackPointExtension>
            <ns3:hr>131</ns3:hr>
            <ns3:cad>93</ns3:cad>
          </ns3:TrackPointExtension>
        </extensions>
      </trkpt>
      <trkpt lat="22.5942729413509368896484375" lon="113.87807599268853664398193359375">
        <ele>12.19999980926513671875</ele>
        <time>2026-08-17T22:43:46.000Z</time>
        <extensions>
          <ns3:TrackPointExtension>
            <ns3:hr>131</ns3:hr>
            <ns3:cad>93</ns3:cad>
          </ns3:TrackPointExtension>
        </extensions>
      </trkpt>
      <trkpt lat="22.59430135600268840789794921875" lon="113.87807548977434635162353515625">
        <ele>12.19999980926513671875</ele>
        <time>2026-08-17T22:43:47.000Z</time>
        <extensions>
          <ns3:TrackPointExtension>
            <ns3:hr>132</ns3:hr>
            <ns3:cad>93</ns3:cad>
          </ns3:TrackPointExtension>
        </extensions>
      </trkpt>
      <trkpt lat="22.59433530271053314208984375" lon="113.87807196937501430511474609375">
        <ele>12.19999980926513671875</ele>
        <time>2026-08-17T22:43:48.000Z</time>
        <extensions>
          <ns3:TrackPointExtension>
            <ns3:hr>132</ns3:hr>
            <ns3:cad>93</ns3:cad>
          </ns3:TrackPointExtension>
        </extensions>
      </trkpt>
      <trkpt lat="22.594369165599346160888671875" lon="113.87807096354663372039794921875">
        <ele>12.19999980926513671875</ele>
        <time>2026-08-17T22:43:49.000Z</time>
        <extensions>
          <ns3:TrackPointExtension>
            <ns3:hr>132</ns3:hr>
            <ns3:cad>93</ns3:cad>
          </ns3:TrackPointExtension>
        </extensions>
      </trkpt>
      <trkpt lat="22.594407387077808380126953125" lon="113.87806694023311138153076171875">
        <ele>12.19999980926513671875</ele>
        <time>2026-08-17T22:43:50.000Z</time>
        <extensions>
          <ns3:TrackPointExtension>
            <ns3:hr>132</ns3:hr>
            <ns3:cad>93</ns3:cad>
          </ns3:TrackPointExtension>
        </extensions>
      </trkpt>
      <trkpt lat="22.59443362243473529815673828125" lon="113.8780638389289379119873046875">
        <ele>12.19999980926513671875</ele>
        <time>2026-08-17T22:43:51.000Z</time>
        <extensions>
          <ns3:TrackPointExtension>
            <ns3:hr>133</ns3:hr>
            <ns3:cad>92</ns3:cad>
          </ns3:TrackPointExtension>
        </extensions>
      </trkpt>
      <trkpt lat="22.594465054571628570556640625" lon="113.8780653476715087890625">
        <ele>12.19999980926513671875</ele>
        <time>2026-08-17T22:43:52.000Z</time>
        <extensions>
          <ns3:TrackPointExtension>
            <ns3:hr>133</ns3:hr>
            <ns3:cad>93</ns3:cad>
          </ns3:TrackPointExtension>
        </extensions>
      </trkpt>
      <trkpt lat="22.5944886915385723114013671875" lon="113.8780611567199230194091796875">
        <ele>12</ele>
        <time>2026-08-17T22:43:53.000Z</time>
        <extensions>
          <ns3:TrackPointExtension>
            <ns3:hr>133</ns3:hr>
            <ns3:cad>94</ns3:cad>
          </ns3:TrackPointExtension>
        </extensions>
      </trkpt>
      <trkpt lat="22.5945151783525943756103515625" lon="113.87805822305381298065185546875">
        <ele>12</ele>
        <time>2026-08-17T22:43:54.000Z</time>
        <extensions>
          <ns3:TrackPointExtension>
            <ns3:hr>134</ns3:hr>
            <ns3:cad>94</ns3:cad>
          </ns3:TrackPointExtension>
        </extensions>
      </trkpt>
      <trkpt lat="22.5945483706891536712646484375" lon="113.8780507631599903106689453125">
        <ele>12.19999980926513671875</ele>
        <time>2026-08-17T22:43:55.000Z</time>
        <extensions>
          <ns3:TrackPointExtension>
            <ns3:hr>134</ns3:hr>
            <ns3:cad>94</ns3:cad>
          </ns3:TrackPointExtension>
        </extensions>
      </trkpt>
      <trkpt lat="22.59457577951252460479736328125" lon="113.8780484162271022796630859375">
        <ele>12.19999980926513671875</ele>
        <time>2026-08-17T22:43:56.000Z</time>
        <extensions>
          <ns3:TrackPointExtension>
            <ns3:hr>134</ns3:hr>
            <ns3:cad>93</ns3:cad>
          </ns3:TrackPointExtension>
        </extensions>
      </trkpt>
      <trkpt lat="22.594607882201671600341796875" lon="113.87803659774363040924072265625">
        <ele>12.19999980926513671875</ele>
        <time>2026-08-17T22:43:57.000Z</time>
        <extensions>
          <ns3:TrackPointExtension>
            <ns3:hr>134</ns3:hr>
            <ns3:cad>93</ns3:cad>
          </ns3:TrackPointExtension>
        </extensions>
      </trkpt>
      <trkpt lat="22.5946315191686153411865234375" lon="113.87802989222109317779541015625">
        <ele>12.3999996185302734375</ele>
        <time>2026-08-17T22:43:58.000Z</time>
        <extensions>
          <ns3:TrackPointExtension>
            <ns3:hr>136</ns3:hr>
            <ns3:cad>93</ns3:cad>
          </ns3:TrackPointExtension>
        </extensions>
      </trkpt>
      <trkpt lat="22.5946645438671112060546875" lon="113.8780272938311100006103515625">
        <ele>12.3999996185302734375</ele>
        <time>2026-08-17T22:43:59.000Z</time>
        <extensions>
          <ns3:TrackPointExtension>
            <ns3:hr>139</ns3:hr>
            <ns3:cad>93</ns3:cad>
          </ns3:TrackPointExtension>
        </extensions>
      </trkpt>
      <trkpt lat="22.5946858339011669158935546875" lon="113.87801463715732097625732421875">
        <ele>12.6000003814697265625</ele>
        <time>2026-08-17T22:44:00.000Z</time>
        <extensions>
          <ns3:TrackPointExtension>
            <ns3:hr>140</ns3:hr>
            <ns3:cad>94</ns3:cad>
          </ns3:TrackPointExtension>
        </extensions>
      </trkpt>
      <trkpt lat="22.5947200320661067962646484375" lon="113.87800960801541805267333984375">
        <ele>12.6000003814697265625</ele>
        <time>2026-08-17T22:44:01.000Z</time>
        <extensions>
          <ns3:TrackPointExtension>
            <ns3:hr>141</ns3:hr>
            <ns3:cad>92</ns3:cad>
          </ns3:TrackPointExtension>
        </extensions>
      </trkpt>
      <trkpt lat="22.59475096128880977630615234375" lon="113.87800307013094425201416015625">
        <ele>12.80000019073486328125</ele>
        <time>2026-08-17T22:44:02.000Z</time>
        <extensions>
          <ns3:TrackPointExtension>
            <ns3:hr>141</ns3:hr>
            <ns3:cad>92</ns3:cad>
          </ns3:TrackPointExtension>
        </extensions>
      </trkpt>
      <trkpt lat="22.5947803817689418792724609375" lon="113.877996616065502166748046875">
        <ele>12.80000019073486328125</ele>
        <time>2026-08-17T22:44:03.000Z</time>
        <extensions>
          <ns3:TrackPointExtension>
            <ns3:hr>142</ns3:hr>
            <ns3:cad>92</ns3:cad>
          </ns3:TrackPointExtension>
        </extensions>
      </trkpt>
      <trkpt lat="22.594815082848072052001953125" lon="113.87798965908586978912353515625">
        <ele>12.80000019073486328125</ele>
        <time>2026-08-17T22:44:04.000Z</time>
        <extensions>
          <ns3:TrackPointExtension>
            <ns3:hr>142</ns3:hr>
            <ns3:cad>92</ns3:cad>
          </ns3:TrackPointExtension>
        </extensions>
      </trkpt>
      <trkpt lat="22.59483997710049152374267578125" lon="113.87797825969755649566650390625">
        <ele>12.80000019073486328125</ele>
        <time>2026-08-17T22:44:05.000Z</time>
        <extensions>
          <ns3:TrackPointExtension>
            <ns3:hr>143</ns3:hr>
            <ns3:cad>93</ns3:cad>
          </ns3:TrackPointExtension>
        </extensions>
      </trkpt>
      <trkpt lat="22.5948750972747802734375" lon="113.87796971015632152557373046875">
        <ele>12.80000019073486328125</ele>
        <time>2026-08-17T22:44:06.000Z</time>
        <extensions>
          <ns3:TrackPointExtension>
            <ns3:hr>143</ns3:hr>
            <ns3:cad>94</ns3:cad>
          </ns3:TrackPointExtension>
        </extensions>
      </trkpt>
      <trkpt lat="22.59489999152719974517822265625" lon="113.87796183116734027862548828125">
        <ele>12.80000019073486328125</ele>
        <time>2026-08-17T22:44:07.000Z</time>
        <extensions>
          <ns3:TrackPointExtension>
            <ns3:hr>143</ns3:hr>
            <ns3:cad>95</ns3:cad>
          </ns3:TrackPointExtension>
        </extensions>
      </trkpt>
      <trkpt lat="22.59493611752986907958984375" lon="113.8779595680534839630126953125">
        <ele>12.80000019073486328125</ele>
        <time>2026-08-17T22:44:08.000Z</time>
        <extensions>
          <ns3:TrackPointExtension>
            <ns3:hr>143</ns3:hr>
            <ns3:cad>95</ns3:cad>
          </ns3:TrackPointExtension>
        </extensions>
      </trkpt>
      <trkpt lat="22.59496604092419147491455078125" lon="113.87795277871191501617431640625">
        <ele>13</ele>
        <time>2026-08-17T22:44:09.000Z</time>
        <extensions>
          <ns3:TrackPointExtension>
            <ns3:hr>144</ns3:hr>
            <ns3:cad>95</ns3:cad>
          </ns3:TrackPointExtension>
        </extensions>
      </trkpt>
      <trkpt lat="22.594993114471435546875" lon="113.87795126996934413909912109375">
        <ele>13</ele>
        <time>2026-08-17T22:44:10.000Z</time>
        <extensions>
          <ns3:TrackPointExtension>
            <ns3:hr>144</ns3:hr>
            <ns3:cad>94</ns3:cad>
          </ns3:TrackPointExtension>
        </extensions>
      </trkpt>
      <trkpt lat="22.59502572007477283477783203125" lon="113.877938948571681976318359375">
        <ele>13</ele>
        <time>2026-08-17T22:44:11.000Z</time>
        <extensions>
          <ns3:TrackPointExtension>
            <ns3:hr>144</ns3:hr>
            <ns3:cad>94</ns3:cad>
          </ns3:TrackPointExtension>
        </extensions>
      </trkpt>
      <trkpt lat="22.59505036287009716033935546875" lon="113.8779344223439693450927734375">
        <ele>13</ele>
        <time>2026-08-17T22:44:12.000Z</time>
        <extensions>
          <ns3:TrackPointExtension>
            <ns3:hr>143</ns3:hr>
            <ns3:cad>94</ns3:cad>
          </ns3:TrackPointExtension>
        </extensions>
      </trkpt>
      <trkpt lat="22.59508556686341762542724609375" lon="113.87792176567018032073974609375">
        <ele>13</ele>
        <time>2026-08-17T22:44:13.000Z</time>
        <extensions>
          <ns3:TrackPointExtension>
            <ns3:hr>143</ns3:hr>
            <ns3:cad>94</ns3:cad>
          </ns3:TrackPointExtension>
        </extensions>
      </trkpt>
      <trkpt lat="22.5951136462390422821044921875" lon="113.87791522778570652008056640625">
        <ele>12.80000019073486328125</ele>
        <time>2026-08-17T22:44:14.000Z</time>
        <extensions>
          <ns3:TrackPointExtension>
            <ns3:hr>143</ns3:hr>
            <ns3:cad>93</ns3:cad>
          </ns3:TrackPointExtension>
        </extensions>
      </trkpt>
      <trkpt lat="22.5951500236988067626953125" lon="113.87791204266250133514404296875">
        <ele>13</ele>
        <time>2026-08-17T22:44:15.000Z</time>
        <extensions>
          <ns3:TrackPointExtension>
            <ns3:hr>143</ns3:hr>
            <ns3:cad>93</ns3:cad>
          </ns3:TrackPointExtension>
        </extensions>
      </trkpt>
      <trkpt lat="22.59517894126474857330322265625" lon="113.87790097855031490325927734375">
        <ele>13</ele>
        <time>2026-08-17T22:44:16.000Z</time>
        <extensions>
          <ns3:TrackPointExtension>
            <ns3:hr>143</ns3:hr>
            <ns3:cad>94</ns3:cad>
          </ns3:TrackPointExtension>
        </extensions>
      </trkpt>
      <trkpt lat="22.5952138938009738922119140625" lon="113.87789963744580745697021484375">
        <ele>13</ele>
        <time>2026-08-17T22:44:17.000Z</time>
        <extensions>
          <ns3:TrackPointExtension>
            <ns3:hr>143</ns3:hr>
            <ns3:cad>94</ns3:cad>
          </ns3:TrackPointExtension>
        </extensions>
      </trkpt>
      <trkpt lat="22.595243565738201141357421875" lon="113.87789167463779449462890625">
        <ele>13</ele>
        <time>2026-08-17T22:44:18.000Z</time>
        <extensions>
          <ns3:TrackPointExtension>
            <ns3:hr>144</ns3:hr>
            <ns3:cad>94</ns3:cad>
          </ns3:TrackPointExtension>
        </extensions>
      </trkpt>
      <trkpt lat="22.59527315385639667510986328125" lon="113.877885639667510986328125">
        <ele>13</ele>
        <time>2026-08-17T22:44:19.000Z</time>
        <extensions>
          <ns3:TrackPointExtension>
            <ns3:hr>144</ns3:hr>
            <ns3:cad>94</ns3:cad>
          </ns3:TrackPointExtension>
        </extensions>
      </trkpt>
      <trkpt lat="22.59530668146908283233642578125" lon="113.87787826359272003173828125">
        <ele>13</ele>
        <time>2026-08-17T22:44:20.000Z</time>
        <extensions>
          <ns3:TrackPointExtension>
            <ns3:hr>144</ns3:hr>
            <ns3:cad>93</ns3:cad>
          </ns3:TrackPointExtension>
        </extensions>
      </trkpt>
      <trkpt lat="22.5953285582363605499267578125" lon="113.8778682053089141845703125">
        <ele>13</ele>
        <time>2026-08-17T22:44:21.000Z</time>
        <extensions>
          <ns3:TrackPointExtension>
            <ns3:hr>144</ns3:hr>
            <ns3:cad>92</ns3:cad>
          </ns3:TrackPointExtension>
        </extensions>
      </trkpt>
      <trkpt lat="22.59536552242934703826904296875" lon="113.87786761857569217681884765625">
        <ele>13</ele>
        <time>2026-08-17T22:44:22.000Z</time>
        <extensions>
          <ns3:TrackPointExtension>
            <ns3:hr>144</ns3:hr>
            <ns3:cad>92</ns3:cad>
          </ns3:TrackPointExtension>
        </extensions>
      </trkpt>
      <trkpt lat="22.5953912548720836639404296875" lon="113.87786242179572582244873046875">
        <ele>13</ele>
        <time>2026-08-17T22:44:23.000Z</time>
        <extensions>
          <ns3:TrackPointExtension>
            <ns3:hr>145</ns3:hr>
            <ns3:cad>92</ns3:cad>
          </ns3:TrackPointExtension>
        </extensions>
      </trkpt>
      <trkpt lat="22.59542738087475299835205078125" lon="113.87786812148988246917724609375">
        <ele>13</ele>
        <time>2026-08-17T22:44:24.000Z</time>
        <extensions>
          <ns3:TrackPointExtension>
            <ns3:hr>145</ns3:hr>
            <ns3:cad>94</ns3:cad>
          </ns3:TrackPointExtension>
        </extensions>
      </trkpt>
      <trkpt lat="22.59545370005071163177490234375" lon="113.87786753475666046142578125">
        <ele>13</ele>
        <time>2026-08-17T22:44:25.000Z</time>
        <extensions>
          <ns3:TrackPointExtension>
            <ns3:hr>145</ns3:hr>
            <ns3:cad>94</ns3:cad>
          </ns3:TrackPointExtension>
        </extensions>
      </trkpt>
      <trkpt lat="22.595480270683765411376953125" lon="113.87786887586116790771484375">
        <ele>13</ele>
        <time>2026-08-17T22:44:26.000Z</time>
        <extensions>
          <ns3:TrackPointExtension>
            <ns3:hr>145</ns3:hr>
            <ns3:cad>93</ns3:cad>
          </ns3:TrackPointExtension>
        </extensions>
      </trkpt>
      <trkpt lat="22.59549938142299652099609375" lon="113.8778552971780300140380859375">
        <ele>13.19999980926513671875</ele>
        <time>2026-08-17T22:44:27.000Z</time>
        <extensions>
          <ns3:TrackPointExtension>
            <ns3:hr>145</ns3:hr>
            <ns3:cad>93</ns3:cad>
          </ns3:TrackPointExtension>
        </extensions>
      </trkpt>
      <trkpt lat="22.59553399868309497833251953125" lon="113.87784783728420734405517578125">
        <ele>13.3999996185302734375</ele>
        <time>2026-08-17T22:44:28.000Z</time>
        <extensions>
          <ns3:TrackPointExtension>
            <ns3:hr>145</ns3:hr>
            <ns3:cad>93</ns3:cad>
          </ns3:TrackPointExtension>
        </extensions>
      </trkpt>
      <trkpt lat="22.5955630838871002197265625" lon="113.877841047942638397216796875">
        <ele>13.6000003814697265625</ele>
        <time>2026-08-17T22:44:29.000Z</time>
        <extensions>
          <ns3:TrackPointExtension>
            <ns3:hr>146</ns3:hr>
            <ns3:cad>93</ns3:cad>
          </ns3:TrackPointExtension>
        </extensions>
      </trkpt>
      <trkpt lat="22.5955917499959468841552734375" lon="113.8778412155807018280029296875">
        <ele>13.80000019073486328125</ele>
        <time>2026-08-17T22:44:30.000Z</time>
        <extensions>
          <ns3:TrackPointExtension>
            <ns3:hr>146</ns3:hr>
            <ns3:cad>92</ns3:cad>
          </ns3:TrackPointExtension>
        </extensions>
      </trkpt>
      <trkpt lat="22.5956232659518718719482421875" lon="113.8778306543827056884765625">
        <ele>13.80000019073486328125</ele>
        <time>2026-08-17T22:44:31.000Z</time>
        <extensions>
          <ns3:TrackPointExtension>
            <ns3:hr>146</ns3:hr>
            <ns3:cad>92</ns3:cad>
          </ns3:TrackPointExtension>
        </extensions>
      </trkpt>
      <trkpt lat="22.59564899839460849761962890625" lon="113.8778284750878810882568359375">
        <ele>13.80000019073486328125</ele>
        <time>2026-08-17T22:44:32.000Z</time>
        <extensions>
          <ns3:TrackPointExtension>
            <ns3:hr>146</ns3:hr>
            <ns3:cad>92</ns3:cad>
          </ns3:TrackPointExtension>
        </extensions>
      </trkpt>
      <trkpt lat="22.595677413046360015869140625" lon="113.877818249166011810302734375">
        <ele>13.80000019073486328125</ele>
        <time>2026-08-17T22:44:33.000Z</time>
        <extensions>
          <ns3:TrackPointExtension>
            <ns3:hr>145</ns3:hr>
            <ns3:cad>92</ns3:cad>
          </ns3:TrackPointExtension>
        </extensions>
      </trkpt>
      <trkpt lat="22.59571068920195102691650390625" lon="113.87780911289155483245849609375">
        <ele>13.6000003814697265625</ele>
        <time>2026-08-17T22:44:34.000Z</time>
        <extensions>
          <ns3:TrackPointExtension>
            <ns3:hr>145</ns3:hr>
            <ns3:cad>90</ns3:cad>
          </ns3:TrackPointExtension>
        </extensions>
      </trkpt>
      <trkpt lat="22.5957489944994449615478515625" lon="113.8777983002364635467529296875">
        <ele>13.6000003814697265625</ele>
        <time>2026-08-17T22:44:35.000Z</time>
        <extensions>
          <ns3:TrackPointExtension>
            <ns3:hr>145</ns3:hr>
            <ns3:cad>93</ns3:cad>
          </ns3:TrackPointExtension>
        </extensions>
      </trkpt>
      <trkpt lat="22.5957763195037841796875" lon="113.877798132598400115966796875">
        <ele>13.3999996185302734375</ele>
        <time>2026-08-17T22:44:36.000Z</time>
        <extensions>
          <ns3:TrackPointExtension>
            <ns3:hr>145</ns3:hr>
            <ns3:cad>93</ns3:cad>
          </ns3:TrackPointExtension>
        </extensions>
      </trkpt>
      <trkpt lat="22.5958147086203098297119140625" lon="113.877797462046146392822265625">
        <ele>13.19999980926513671875</ele>
        <time>2026-08-17T22:44:37.000Z</time>
        <extensions>
          <ns3:TrackPointExtension>
            <ns3:hr>145</ns3:hr>
            <ns3:cad>93</ns3:cad>
          </ns3:TrackPointExtension>
        </extensions>
      </trkpt>
      <trkpt lat="22.59584044106304645538330078125" lon="113.87779603712260723114013671875">
        <ele>13</ele>
        <time>2026-08-17T22:44:38.000Z</time>
        <extensions>
          <ns3:TrackPointExtension>
            <ns3:hr>146</ns3:hr>
            <ns3:cad>93</ns3:cad>
          </ns3:TrackPointExtension>
        </extensions>
      </trkpt>
      <trkpt lat="22.5958757288753986358642578125" lon="113.87779771350324153900146484375">
        <ele>13.19999980926513671875</ele>
        <time>2026-08-17T22:44:39.000Z</time>
        <extensions>
          <ns3:TrackPointExtension>
            <ns3:hr>145</ns3:hr>
            <ns3:cad>90</ns3:cad>
          </ns3:TrackPointExtension>
        </extensions>
      </trkpt>
      <trkpt lat="22.5959090888500213623046875" lon="113.87779176235198974609375">
        <ele>13.19999980926513671875</ele>
        <time>2026-08-17T22:44:40.000Z</time>
        <extensions>
          <ns3:TrackPointExtension>
            <ns3:hr>145</ns3:hr>
            <ns3:cad>92</ns3:cad>
          </ns3:TrackPointExtension>
        </extensions>
      </trkpt>
      <trkpt lat="22.595943622291088104248046875" lon="113.87779469601809978485107421875">
        <ele>13.19999980926513671875</ele>
        <time>2026-08-17T22:44:41.000Z</time>
        <extensions>
          <ns3:TrackPointExtension>
            <ns3:hr>145</ns3:hr>
            <ns3:cad>94</ns3:cad>
          </ns3:TrackPointExtension>
        </extensions>
      </trkpt>
      <trkpt lat="22.59597689844667911529541015625" lon="113.8777905888855457305908203125">
        <ele>13.19999980926513671875</ele>
        <time>2026-08-17T22:44:42.000Z</time>
        <extensions>
          <ns3:TrackPointExtension>
            <ns3:hr>145</ns3:hr>
            <ns3:cad>94</ns3:cad>
          </ns3:TrackPointExtension>
        </extensions>
      </trkpt>
      <trkpt lat="22.5960056483745574951171875" lon="113.877792097628116607666015625">
        <ele>13.19999980926513671875</ele>
        <time>2026-08-17T22:44:43.000Z</time>
        <extensions>
          <ns3:TrackPointExtension>
            <ns3:hr>146</ns3:hr>
            <ns3:cad>94</ns3:cad>
          </ns3:TrackPointExtension>
        </extensions>
      </trkpt>
      <trkpt lat="22.5960431993007659912109375" lon="113.8777909241616725921630859375">
        <ele>13</ele>
        <time>2026-08-17T22:44:44.000Z</time>
        <extensions>
          <ns3:TrackPointExtension>
            <ns3:hr>145</ns3:hr>
            <ns3:cad>94</ns3:cad>
          </ns3:TrackPointExtension>
        </extensions>
      </trkpt>
      <trkpt lat="22.59606926701962947845458984375" lon="113.8777889125049114227294921875">
        <ele>13</ele>
        <time>2026-08-17T22:44:45.000Z</time>
        <extensions>
          <ns3:TrackPointExtension>
            <ns3:hr>145</ns3:hr>
            <ns3:cad>94</ns3:cad>
          </ns3:TrackPointExtension>
        </extensions>
      </trkpt>
      <trkpt lat="22.59610421955585479736328125" lon="113.87779586948454380035400390625">
        <ele>13</ele>
        <time>2026-08-17T22:44:46.000Z</time>
        <extensions>
          <ns3:TrackPointExtension>
            <ns3:hr>146</ns3:hr>
            <ns3:cad>94</ns3:cad>
          </ns3:TrackPointExtension>
        </extensions>
      </trkpt>
      <trkpt lat="22.5961288623511791229248046875" lon="113.8778006471693515777587890625">
        <ele>13</ele>
        <time>2026-08-17T22:44:47.000Z</time>
        <extensions>
          <ns3:TrackPointExtension>
            <ns3:hr>146</ns3:hr>
            <ns3:cad>94</ns3:cad>
          </ns3:TrackPointExtension>
        </extensions>
      </trkpt>
      <trkpt lat="22.59616347961127758026123046875" lon="113.87781313620507717132568359375">
        <ele>13.19999980926513671875</ele>
        <time>2026-08-17T22:44:48.000Z</time>
        <extensions>
          <ns3:TrackPointExtension>
            <ns3:hr>146</ns3:hr>
            <ns3:cad>94</ns3:cad>
          </ns3:TrackPointExtension>
        </extensions>
      </trkpt>
      <trkpt lat="22.5961902178823947906494140625" lon="113.877818249166011810302734375">
        <ele>13.19999980926513671875</ele>
        <time>2026-08-17T22:44:49.000Z</time>
        <extensions>
          <ns3:TrackPointExtension>
            <ns3:hr>145</ns3:hr>
            <ns3:cad>94</ns3:cad>
          </ns3:TrackPointExtension>
        </extensions>
      </trkpt>
      <trkpt lat="22.59622265584766864776611328125" lon="113.877827636897563934326171875">
        <ele>13.19999980926513671875</ele>
        <time>2026-08-17T22:44:50.000Z</time>
        <extensions>
          <ns3:TrackPointExtension>
            <ns3:hr>145</ns3:hr>
            <ns3:cad>94</ns3:cad>
          </ns3:TrackPointExtension>
        </extensions>
      </trkpt>
      <trkpt lat="22.59624813683331012725830078125" lon="113.877834342420101165771484375">
        <ele>13.19999980926513671875</ele>
        <time>2026-08-17T22:44:51.000Z</time>
        <extensions>
          <ns3:TrackPointExtension>
            <ns3:hr>145</ns3:hr>
            <ns3:cad>93</ns3:cad>
          </ns3:TrackPointExtension>
        </extensions>
      </trkpt>
      <trkpt lat="22.59627697058022022247314453125" lon="113.8778495974838733673095703125">
        <ele>13.19999980926513671875</ele>
        <time>2026-08-17T22:44:52.000Z</time>
        <extensions>
          <ns3:TrackPointExtension>
            <ns3:hr>145</ns3:hr>
            <ns3:cad>93</ns3:cad>
          </ns3:TrackPointExtension>
        </extensions>
      </trkpt>
      <trkpt lat="22.5963109172880649566650390625" lon="113.87785940431058406829833984375">
        <ele>13.19999980926513671875</ele>
        <time>2026-08-17T22:44:53.000Z</time>
        <extensions>
          <ns3:TrackPointExtension>
            <ns3:hr>145</ns3:hr>
            <ns3:cad>93</ns3:cad>
          </ns3:TrackPointExtension>
        </extensions>
      </trkpt>
      <trkpt lat="22.59633480571210384368896484375" lon="113.8778757490217685699462890625">
        <ele>13.19999980926513671875</ele>
        <time>2026-08-17T22:44:54.000Z</time>
        <extensions>
          <ns3:TrackPointExtension>
            <ns3:hr>145</ns3:hr>
            <ns3:cad>93</ns3:cad>
          </ns3:TrackPointExtension>
        </extensions>
      </trkpt>
      <trkpt lat="22.59636950679123401641845703125" lon="113.8778948597609996795654296875">
        <ele>13.19999980926513671875</ele>
        <time>2026-08-17T22:44:55.000Z</time>
        <extensions>
          <ns3:TrackPointExtension>
            <ns3:hr>146</ns3:hr>
            <ns3:cad>94</ns3:cad>
          </ns3:TrackPointExtension>
        </extensions>
      </trkpt>
      <trkpt lat="22.5963954068720340728759765625" lon="113.87790433131158351898193359375">
        <ele>13.19999980926513671875</ele>
        <time>2026-08-17T22:44:56.000Z</time>
        <extensions>
          <ns3:TrackPointExtension>
            <ns3:hr>145</ns3:hr>
            <ns3:cad>94</ns3:cad>
          </ns3:TrackPointExtension>
        </extensions>
      </trkpt>
      <trkpt lat="22.5964239053428173065185546875" lon="113.877918832004070281982421875">
        <ele>13.19999980926513671875</ele>
        <time>2026-08-17T22:44:57.000Z</time>
        <extensions>
          <ns3:TrackPointExtension>
            <ns3:hr>145</ns3:hr>
            <ns3:cad>93</ns3:cad>
          </ns3:TrackPointExtension>
        </extensions>
      </trkpt>
      <trkpt lat="22.59644687175750732421875" lon="113.8779347576200962066650390625">
        <ele>13.19999980926513671875</ele>
        <time>2026-08-17T22:44:58.000Z</time>
        <extensions>
          <ns3:TrackPointExtension>
            <ns3:hr>145</ns3:hr>
            <ns3:cad>93</ns3:cad>
          </ns3:TrackPointExtension>
        </extensions>
      </trkpt>
      <trkpt lat="22.59646858088672161102294921875" lon="113.877948336303234100341796875">
        <ele>13.19999980926513671875</ele>
        <time>2026-08-17T22:44:59.000Z</time>
        <extensions>
          <ns3:TrackPointExtension>
            <ns3:hr>145</ns3:hr>
            <ns3:cad>93</ns3:cad>
          </ns3:TrackPointExtension>
        </extensions>
      </trkpt>
      <trkpt lat="22.59650127030909061431884765625" lon="113.8779632560908794403076171875">
        <ele>13.19999980926513671875</ele>
        <time>2026-08-17T22:45:00.000Z</time>
        <extensions>
          <ns3:TrackPointExtension>
            <ns3:hr>145</ns3:hr>
            <ns3:cad>94</ns3:cad>
          </ns3:TrackPointExtension>
        </extensions>
      </trkpt>
      <trkpt lat="22.59653077460825443267822265625" lon="113.8779770024120807647705078125">
        <ele>13</ele>
        <time>2026-08-17T22:45:01.000Z</time>
        <extensions>
          <ns3:TrackPointExtension>
            <ns3:hr>145</ns3:hr>
            <ns3:cad>94</ns3:cad>
          </ns3:TrackPointExtension>
        </extensions>
      </trkpt>
      <trkpt lat="22.59656824171543121337890625" lon="113.8779941014945507049560546875">
        <ele>13.19999980926513671875</ele>
        <time>2026-08-17T22:45:02.000Z</time>
        <extensions>
          <ns3:TrackPointExtension>
            <ns3:hr>144</ns3:hr>
            <ns3:cad>94</ns3:cad>
          </ns3:TrackPointExtension>
        </extensions>
      </trkpt>
      <trkpt lat="22.59659447707235813140869140625" lon="113.878009356558322906494140625">
        <ele>13</ele>
        <time>2026-08-17T22:45:03.000Z</time>
        <extensions>
          <ns3:TrackPointExtension>
            <ns3:hr>145</ns3:hr>
            <ns3:cad>94</ns3:cad>
          </ns3:TrackPointExtension>
        </extensions>
      </trkpt>
      <trkpt lat="22.59662683121860027313232421875" lon="113.87802972458302974700927734375">
        <ele>13.19999980926513671875</ele>
        <time>2026-08-17T22:45:04.000Z</time>
        <extensions>
          <ns3:TrackPointExtension>
            <ns3:hr>144</ns3:hr>
            <ns3:cad>94</ns3:cad>
          </ns3:TrackPointExtension>
        </extensions>
      </trkpt>
      <trkpt lat="22.59665499441325664520263671875" lon="113.87804187834262847900390625">
        <ele>13.19999980926513671875</ele>
        <time>2026-08-17T22:45:05.000Z</time>
        <extensions>
          <ns3:TrackPointExtension>
            <ns3:hr>144</ns3:hr>
            <ns3:cad>94</ns3:cad>
          </ns3:TrackPointExtension>
        </extensions>
      </trkpt>
      <trkpt lat="22.59667687118053436279296875" lon="113.87805688194930553436279296875">
        <ele>13.19999980926513671875</ele>
        <time>2026-08-17T22:45:06.000Z</time>
        <extensions>
          <ns3:TrackPointExtension>
            <ns3:hr>144</ns3:hr>
            <ns3:cad>94</ns3:cad>
          </ns3:TrackPointExtension>
        </extensions>
      </trkpt>
      <trkpt lat="22.596707381308078765869140625" lon="113.8780742324888706207275390625">
        <ele>13.19999980926513671875</ele>
        <time>2026-08-17T22:45:07.000Z</time>
        <extensions>
          <ns3:TrackPointExtension>
            <ns3:hr>145</ns3:hr>
            <ns3:cad>94</ns3:cad>
          </ns3:TrackPointExtension>
        </extensions>
      </trkpt>
      <trkpt lat="22.59672976098954677581787109375" lon="113.87808772735297679901123046875">
        <ele>13.19999980926513671875</ele>
        <time>2026-08-17T22:45:08.000Z</time>
        <extensions>
          <ns3:TrackPointExtension>
            <ns3:hr>145</ns3:hr>
            <ns3:cad>94</ns3:cad>
          </ns3:TrackPointExtension>
        </extensions>
      </trkpt>
      <trkpt lat="22.59675976820290088653564453125" lon="113.878108598291873931884765625">
        <ele>13</ele>
        <time>2026-08-17T22:45:09.000Z</time>
        <extensions>
          <ns3:TrackPointExtension>
            <ns3:hr>145</ns3:hr>
            <ns3:cad>94</ns3:cad>
          </ns3:TrackPointExtension>
        </extensions>
      </trkpt>
      <trkpt lat="22.596785165369510650634765625" lon="113.8781174831092357635498046875">
        <ele>13</ele>
        <time>2026-08-17T22:45:10.000Z</time>
        <extensions>
          <ns3:TrackPointExtension>
            <ns3:hr>145</ns3:hr>
            <ns3:cad>93</ns3:cad>
          </ns3:TrackPointExtension>
        </extensions>
      </trkpt>
      <trkpt lat="22.5968138314783573150634765625" lon="113.8781386055052280426025390625">
        <ele>13</ele>
        <time>2026-08-17T22:45:11.000Z</time>
        <extensions>
          <ns3:TrackPointExtension>
            <ns3:hr>145</ns3:hr>
            <ns3:cad>93</ns3:cad>
          </ns3:TrackPointExtension>
        </extensions>
      </trkpt>
      <trkpt lat="22.5968430005013942718505859375" lon="113.8781577162444591522216796875">
        <ele>13</ele>
        <time>2026-08-17T22:45:12.000Z</time>
        <extensions>
          <ns3:TrackPointExtension>
            <ns3:hr>146</ns3:hr>
            <ns3:cad>93</ns3:cad>
          </ns3:TrackPointExtension>
        </extensions>
      </trkpt>
      <trkpt lat="22.59686730802059173583984375" lon="113.87817607261240482330322265625">
        <ele>13</ele>
        <time>2026-08-17T22:45:13.000Z</time>
        <extensions>
          <ns3:TrackPointExtension>
            <ns3:hr>148</ns3:hr>
            <ns3:cad>93</ns3:cad>
          </ns3:TrackPointExtension>
        </extensions>
      </trkpt>
      <trkpt lat="22.596896477043628692626953125" lon="113.8781949318945407867431640625">
        <ele>13</ele>
        <time>2026-08-17T22:45:14.000Z</time>
        <extensions>
          <ns3:TrackPointExtension>
            <ns3:hr>149</ns3:hr>
            <ns3:cad>93</ns3:cad>
          </ns3:TrackPointExtension>
        </extensions>
      </trkpt>
      <trkpt lat="22.59691935963928699493408203125" lon="113.87821010313928127288818359375">
        <ele>13</ele>
        <time>2026-08-17T22:45:15.000Z</time>
        <extensions>
          <ns3:TrackPointExtension>
            <ns3:hr>149</ns3:hr>
            <ns3:cad>95</ns3:cad>
          </ns3:TrackPointExtension>
        </extensions>
      </trkpt>
      <trkpt lat="22.59694685228168964385986328125" lon="113.87822720222175121307373046875">
        <ele>13</ele>
        <time>2026-08-17T22:45:16.000Z</time>
        <extensions>
          <ns3:TrackPointExtension>
            <ns3:hr>149</ns3:hr>
            <ns3:cad>95</ns3:cad>
          </ns3:TrackPointExtension>
        </extensions>
      </trkpt>
      <trkpt lat="22.5969710759818553924560546875" lon="113.87824161909520626068115234375">
        <ele>13</ele>
        <time>2026-08-17T22:45:17.000Z</time>
        <extensions>
          <ns3:TrackPointExtension>
            <ns3:hr>148</ns3:hr>
            <ns3:cad>94</ns3:cad>
          </ns3:TrackPointExtension>
        </extensions>
      </trkpt>
      <trkpt lat="22.596995718777179718017578125" lon="113.8782482407987117767333984375">
        <ele>13</ele>
        <time>2026-08-17T22:45:18.000Z</time>
        <extensions>
          <ns3:TrackPointExtension>
            <ns3:hr>148</ns3:hr>
            <ns3:cad>94</ns3:cad>
          </ns3:TrackPointExtension>
        </extensions>
      </trkpt>
      <trkpt lat="22.59703033603727817535400390625" lon="113.8782613165676593780517578125">
        <ele>13</ele>
        <time>2026-08-17T22:45:19.000Z</time>
        <extensions>
          <ns3:TrackPointExtension>
            <ns3:hr>148</ns3:hr>
            <ns3:cad>94</ns3:cad>
          </ns3:TrackPointExtension>
        </extensions>
      </trkpt>
      <trkpt lat="22.59705715812742710113525390625" lon="113.87827112339437007904052734375">
        <ele>12.80000019073486328125</ele>
        <time>2026-08-17T22:45:20.000Z</time>
        <extensions>
          <ns3:TrackPointExtension>
            <ns3:hr>149</ns3:hr>
            <ns3:cad>95</ns3:cad>
          </ns3:TrackPointExtension>
        </extensions>
      </trkpt>
      <trkpt lat="22.59708515368402004241943359375" lon="113.8782955147325992584228515625">
        <ele>12.80000019073486328125</ele>
        <time>2026-08-17T22:45:21.000Z</time>
        <extensions>
          <ns3:TrackPointExtension>
            <ns3:hr>148</ns3:hr>
            <ns3:cad>95</ns3:cad>
          </ns3:TrackPointExtension>
        </extensions>
      </trkpt>
      <trkpt lat="22.59710828773677349090576171875" lon="113.8783149607479572296142578125">
        <ele>12.80000019073486328125</ele>
        <time>2026-08-17T22:45:22.000Z</time>
        <extensions>
          <ns3:TrackPointExtension>
            <ns3:hr>148</ns3:hr>
            <ns3:cad>95</ns3:cad>
          </ns3:TrackPointExtension>
        </extensions>
      </trkpt>
      <trkpt lat="22.5971397198736667633056640625" lon="113.8783407770097255706787109375">
        <ele>12.80000019073486328125</ele>
        <time>2026-08-17T22:45:23.000Z</time>
        <extensions>
          <ns3:TrackPointExtension>
            <ns3:hr>148</ns3:hr>
            <ns3:cad>95</ns3:cad>
          </ns3:TrackPointExtension>
        </extensions>
      </trkpt>
      <trkpt lat="22.5971618480980396270751953125" lon="113.8783585466444492340087890625">
        <ele>12.6000003814697265625</ele>
        <time>2026-08-17T22:45:24.000Z</time>
        <extensions>
          <ns3:TrackPointExtension>
            <ns3:hr>148</ns3:hr>
            <ns3:cad>92</ns3:cad>
          </ns3:TrackPointExtension>
        </extensions>
      </trkpt>
      <trkpt lat="22.59720115922391414642333984375" lon="113.87837874703109264373779296875">
        <ele>12.6000003814697265625</ele>
        <time>2026-08-17T22:45:25.000Z</time>
        <extensions>
          <ns3:TrackPointExtension>
            <ns3:hr>148</ns3:hr>
            <ns3:cad>91</ns3:cad>
          </ns3:TrackPointExtension>
        </extensions>
      </trkpt>
      <trkpt lat="22.59722664020955562591552734375" lon="113.8783914037048816680908203125">
        <ele>12.80000019073486328125</ele>
        <time>2026-08-17T22:45:26.000Z</time>
        <extensions>
          <ns3:TrackPointExtension>
            <ns3:hr>148</ns3:hr>
            <ns3:cad>92</ns3:cad>
          </ns3:TrackPointExtension>
        </extensions>
      </trkpt>
      <trkpt lat="22.59725497104227542877197265625" lon="113.87840808369219303131103515625">
        <ele>12.80000019073486328125</ele>
        <time>2026-08-17T22:45:27.000Z</time>
        <extensions>
          <ns3:TrackPointExtension>
            <ns3:hr>148</ns3:hr>
            <ns3:cad>92</ns3:cad>
          </ns3:TrackPointExtension>
        </extensions>
      </trkpt>
      <trkpt lat="22.59728212840855121612548828125" lon="113.878422081470489501953125">
        <ele>12.80000019073486328125</ele>
        <time>2026-08-17T22:45:28.000Z</time>
        <extensions>
          <ns3:TrackPointExtension>
            <ns3:hr>148</ns3:hr>
            <ns3:cad>92</ns3:cad>
          </ns3:TrackPointExtension>
        </extensions>
      </trkpt>
      <trkpt lat="22.59730392135679721832275390625" lon="113.8784353248775005340576171875">
        <ele>13</ele>
        <time>2026-08-17T22:45:29.000Z</time>
        <extensions>
          <ns3:TrackPointExtension>
            <ns3:hr>147</ns3:hr>
            <ns3:cad>93</ns3:cad>
          </ns3:TrackPointExtension>
        </extensions>
      </trkpt>
      <trkpt lat="22.5973338447511196136474609375" lon="113.87845166958868503570556640625">
        <ele>13</ele>
        <time>2026-08-17T22:45:30.000Z</time>
        <extensions>
          <ns3:TrackPointExtension>
            <ns3:hr>148</ns3:hr>
            <ns3:cad>93</ns3:cad>
          </ns3:TrackPointExtension>
        </extensions>
      </trkpt>
      <trkpt lat="22.597359828650951385498046875" lon="113.8784661702811717987060546875">
        <ele>13.19999980926513671875</ele>
        <time>2026-08-17T22:45:31.000Z</time>
        <extensions>
          <ns3:TrackPointExtension>
            <ns3:hr>148</ns3:hr>
            <ns3:cad>94</ns3:cad>
          </ns3:TrackPointExtension>
        </extensions>
      </trkpt>
      <trkpt lat="22.597394026815891265869140625" lon="113.87848905287683010101318359375">
        <ele>13.19999980926513671875</ele>
        <time>2026-08-17T22:45:32.000Z</time>
        <extensions>
          <ns3:TrackPointExtension>
            <ns3:hr>148</ns3:hr>
            <ns3:cad>94</ns3:cad>
          </ns3:TrackPointExtension>
        </extensions>
      </trkpt>
      <trkpt lat="22.5974210165441036224365234375" lon="113.8785023801028728485107421875">
        <ele>13.19999980926513671875</ele>
        <time>2026-08-17T22:45:33.000Z</time>
        <extensions>
          <ns3:TrackPointExtension>
            <ns3:hr>148</ns3:hr>
            <ns3:cad>94</ns3:cad>
          </ns3:TrackPointExtension>
        </extensions>
      </trkpt>
      <trkpt lat="22.59745378978550434112548828125" lon="113.8785181380808353424072265625">
        <ele>13.3999996185302734375</ele>
        <time>2026-08-17T22:45:34.000Z</time>
        <extensions>
          <ns3:TrackPointExtension>
            <ns3:hr>148</ns3:hr>
            <ns3:cad>94</ns3:cad>
          </ns3:TrackPointExtension>
        </extensions>
      </trkpt>
      <trkpt lat="22.5974847190082073211669921875" lon="113.87852844782173633575439453125">
        <ele>13.3999996185302734375</ele>
        <time>2026-08-17T22:45:35.000Z</time>
        <extensions>
          <ns3:TrackPointExtension>
            <ns3:hr>147</ns3:hr>
            <ns3:cad>93</ns3:cad>
          </ns3:TrackPointExtension>
        </extensions>
      </trkpt>
      <trkpt lat="22.59751464240252971649169921875" lon="113.8785382546484470367431640625">
        <ele>13.19999980926513671875</ele>
        <time>2026-08-17T22:45:36.000Z</time>
        <extensions>
          <ns3:TrackPointExtension>
            <ns3:hr>147</ns3:hr>
            <ns3:cad>93</ns3:cad>
          </ns3:TrackPointExtension>
        </extensions>
      </trkpt>
      <trkpt lat="22.5975507684051990509033203125" lon="113.8785536773502826690673828125">
        <ele>13.19999980926513671875</ele>
        <time>2026-08-17T22:45:37.000Z</time>
        <extensions>
          <ns3:TrackPointExtension>
            <ns3:hr>147</ns3:hr>
            <ns3:cad>93</ns3:cad>
          </ns3:TrackPointExtension>
        </extensions>
      </trkpt>
      <trkpt lat="22.5975812785327434539794921875" lon="113.87855820357799530029296875">
        <ele>13.19999980926513671875</ele>
        <time>2026-08-17T22:45:38.000Z</time>
        <extensions>
          <ns3:TrackPointExtension>
            <ns3:hr>148</ns3:hr>
            <ns3:cad>93</ns3:cad>
          </ns3:TrackPointExtension>
        </extensions>
      </trkpt>
      <trkpt lat="22.597615979611873626708984375" lon="113.87857521884143352508544921875">
        <ele>13.3999996185302734375</ele>
        <time>2026-08-17T22:45:39.000Z</time>
        <extensions>
          <ns3:TrackPointExtension>
            <ns3:hr>148</ns3:hr>
            <ns3:cad>93</ns3:cad>
          </ns3:TrackPointExtension>
        </extensions>
      </trkpt>
      <trkpt lat="22.59764246642589569091796875" lon="113.87858477421104907989501953125">
        <ele>13.6000003814697265625</ele>
        <time>2026-08-17T22:45:40.000Z</time>
        <extensions>
          <ns3:TrackPointExtension>
            <ns3:hr>148</ns3:hr>
            <ns3:cad>95</ns3:cad>
          </ns3:TrackPointExtension>
        </extensions>
      </trkpt>
      <trkpt lat="22.5976721383631229400634765625" lon="113.8786026276648044586181640625">
        <ele>13.6000003814697265625</ele>
        <time>2026-08-17T22:45:41.000Z</time>
        <extensions>
          <ns3:TrackPointExtension>
            <ns3:hr>148</ns3:hr>
            <ns3:cad>95</ns3:cad>
          </ns3:TrackPointExtension>
        </extensions>
      </trkpt>
      <trkpt lat="22.5976982899010181427001953125" lon="113.8786138594150543212890625">
        <ele>13.80000019073486328125</ele>
        <time>2026-08-17T22:45:42.000Z</time>
        <extensions>
          <ns3:TrackPointExtension>
            <ns3:hr>148</ns3:hr>
            <ns3:cad>93</ns3:cad>
          </ns3:TrackPointExtension>
        </extensions>
      </trkpt>
      <trkpt lat="22.59772586636245250701904296875" lon="113.87862618081271648406982421875">
        <ele>13.80000019073486328125</ele>
        <time>2026-08-17T22:45:43.000Z</time>
        <extensions>
          <ns3:TrackPointExtension>
            <ns3:hr>148</ns3:hr>
            <ns3:cad>93</ns3:cad>
          </ns3:TrackPointExtension>
        </extensions>
      </trkpt>
      <trkpt lat="22.5977532751858234405517578125" lon="113.8786381669342517852783203125">
        <ele>14</ele>
        <time>2026-08-17T22:45:44.000Z</time>
        <extensions>
          <ns3:TrackPointExtension>
            <ns3:hr>148</ns3:hr>
            <ns3:cad>93</ns3:cad>
          </ns3:TrackPointExtension>
        </extensions>
      </trkpt>
      <trkpt lat="22.597778923809528350830078125" lon="113.87865149416029453277587890625">
        <ele>14</ele>
        <time>2026-08-17T22:45:45.000Z</time>
        <extensions>
          <ns3:TrackPointExtension>
            <ns3:hr>148</ns3:hr>
            <ns3:cad>94</ns3:cad>
          </ns3:TrackPointExtension>
        </extensions>
      </trkpt>
      <trkpt lat="22.59780784137547016143798828125" lon="113.87866188772022724151611328125">
        <ele>14.19999980926513671875</ele>
        <time>2026-08-17T22:45:46.000Z</time>
        <extensions>
          <ns3:TrackPointExtension>
            <ns3:hr>149</ns3:hr>
            <ns3:cad>93</ns3:cad>
          </ns3:TrackPointExtension>
        </extensions>
      </trkpt>
      <trkpt lat="22.59783432818949222564697265625" lon="113.8786727003753185272216796875">
        <ele>14.19999980926513671875</ele>
        <time>2026-08-17T22:45:47.000Z</time>
        <extensions>
          <ns3:TrackPointExtension>
            <ns3:hr>149</ns3:hr>
            <ns3:cad>93</ns3:cad>
          </ns3:TrackPointExtension>
        </extensions>
      </trkpt>
      <trkpt lat="22.59786508977413177490234375" lon="113.87868954800069332122802734375">
        <ele>14.19999980926513671875</ele>
        <time>2026-08-17T22:45:48.000Z</time>
        <extensions>
          <ns3:TrackPointExtension>
            <ns3:hr>149</ns3:hr>
            <ns3:cad>93</ns3:cad>
          </ns3:TrackPointExtension>
        </extensions>
      </trkpt>
      <trkpt lat="22.5978924147784709930419921875" lon="113.87870262376964092254638671875">
        <ele>14.19999980926513671875</ele>
        <time>2026-08-17T22:45:49.000Z</time>
        <extensions>
          <ns3:TrackPointExtension>
            <ns3:hr>149</ns3:hr>
            <ns3:cad>93</ns3:cad>
          </ns3:TrackPointExtension>
        </extensions>
      </trkpt>
      <trkpt lat="22.59792602621018886566162109375" lon="113.878720141947269439697265625">
        <ele>14.19999980926513671875</ele>
        <time>2026-08-17T22:45:50.000Z</time>
        <extensions>
          <ns3:TrackPointExtension>
            <ns3:hr>149</ns3:hr>
            <ns3:cad>93</ns3:cad>
          </ns3:TrackPointExtension>
        </extensions>
      </trkpt>
      <trkpt lat="22.5979547761380672454833984375" lon="113.87873095460236072540283203125">
        <ele>14.19999980926513671875</ele>
        <time>2026-08-17T22:45:51.000Z</time>
        <extensions>
          <ns3:TrackPointExtension>
            <ns3:hr>150</ns3:hr>
            <ns3:cad>93</ns3:cad>
          </ns3:TrackPointExtension>
        </extensions>
      </trkpt>
      <trkpt lat="22.59798687882721424102783203125" lon="113.87874671258032321929931640625">
        <ele>14</ele>
        <time>2026-08-17T22:45:52.000Z</time>
        <extensions>
          <ns3:TrackPointExtension>
            <ns3:hr>150</ns3:hr>
            <ns3:cad>92</ns3:cad>
          </ns3:TrackPointExtension>
        </extensions>
      </trkpt>
      <trkpt lat="22.59801822714507579803466796875" lon="113.87875878252089023590087890625">
        <ele>14</ele>
        <time>2026-08-17T22:45:53.000Z</time>
        <extensions>
          <ns3:TrackPointExtension>
            <ns3:hr>151</ns3:hr>
            <ns3:cad>92</ns3:cad>
          </ns3:TrackPointExtension>
        </extensions>
      </trkpt>
      <trkpt lat="22.5980483181774616241455078125" lon="113.878773786127567291259765625">
        <ele>14</ele>
        <time>2026-08-17T22:45:54.000Z</time>
        <extensions>
          <ns3:TrackPointExtension>
            <ns3:hr>151</ns3:hr>
            <ns3:cad>92</ns3:cad>
          </ns3:TrackPointExtension>
        </extensions>
      </trkpt>
      <trkpt lat="22.59807790629565715789794921875" lon="113.878787867724895477294921875">
        <ele>14</ele>
        <time>2026-08-17T22:45:55.000Z</time>
        <extensions>
          <ns3:TrackPointExtension>
            <ns3:hr>151</ns3:hr>
            <ns3:cad>92</ns3:cad>
          </ns3:TrackPointExtension>
        </extensions>
      </trkpt>
      <trkpt lat="22.5981022976338863372802734375" lon="113.8787990994751453399658203125">
        <ele>14</ele>
        <time>2026-08-17T22:45:56.000Z</time>
        <extensions>
          <ns3:TrackPointExtension>
            <ns3:hr>151</ns3:hr>
            <ns3:cad>94</ns3:cad>
          </ns3:TrackPointExtension>
        </extensions>
      </trkpt>
      <trkpt lat="22.598136998713016510009765625" lon="113.8788218982517719268798828125">
        <ele>14</ele>
        <time>2026-08-17T22:45:57.000Z</time>
        <extensions>
          <ns3:TrackPointExtension>
            <ns3:hr>150</ns3:hr>
            <ns3:cad>94</ns3:cad>
          </ns3:TrackPointExtension>
        </extensions>
      </trkpt>
      <trkpt lat="22.59816776029765605926513671875" lon="113.87883271090686321258544921875">
        <ele>14</ele>
        <time>2026-08-17T22:45:58.000Z</time>
        <extensions>
          <ns3:TrackPointExtension>
            <ns3:hr>150</ns3:hr>
            <ns3:cad>94</ns3:cad>
          </ns3:TrackPointExtension>
        </extensions>
      </trkpt>
      <trkpt lat="22.598202712833881378173828125" lon="113.87884922325611114501953125">
        <ele>14</ele>
        <time>2026-08-17T22:45:59.000Z</time>
        <extensions>
          <ns3:TrackPointExtension>
            <ns3:hr>150</ns3:hr>
            <ns3:cad>94</ns3:cad>
          </ns3:TrackPointExtension>
        </extensions>
      </trkpt>
      <trkpt lat="22.5982347317039966583251953125" lon="113.878857605159282684326171875">
        <ele>14</ele>
        <time>2026-08-17T22:46:00.000Z</time>
        <extensions>
          <ns3:TrackPointExtension>
            <ns3:hr>150</ns3:hr>
            <ns3:cad>94</ns3:cad>
          </ns3:TrackPointExtension>
        </extensions>
      </trkpt>
      <trkpt lat="22.5982595421373844146728515625" lon="113.87886825017631053924560546875">
        <ele>14</ele>
        <time>2026-08-17T22:46:01.000Z</time>
        <extensions>
          <ns3:TrackPointExtension>
            <ns3:hr>150</ns3:hr>
            <ns3:cad>94</ns3:cad>
          </ns3:TrackPointExtension>
        </extensions>
      </trkpt>
      <trkpt lat="22.59828644804656505584716796875" lon="113.8788829185068607330322265625">
        <ele>14</ele>
        <time>2026-08-17T22:46:02.000Z</time>
        <extensions>
          <ns3:TrackPointExtension>
            <ns3:hr>150</ns3:hr>
            <ns3:cad>94</ns3:cad>
          </ns3:TrackPointExtension>
        </extensions>
      </trkpt>
      <trkpt lat="22.5983081571757793426513671875" lon="113.8788929767906665802001953125">
        <ele>14</ele>
        <time>2026-08-17T22:46:03.000Z</time>
        <extensions>
          <ns3:TrackPointExtension>
            <ns3:hr>150</ns3:hr>
            <ns3:cad>95</ns3:cad>
          </ns3:TrackPointExtension>
        </extensions>
      </trkpt>
      <trkpt lat="22.5983406789600849151611328125" lon="113.878905884921550750732421875">
        <ele>14</ele>
        <time>2026-08-17T22:46:04.000Z</time>
        <extensions>
          <ns3:TrackPointExtension>
            <ns3:hr>151</ns3:hr>
            <ns3:cad>95</ns3:cad>
          </ns3:TrackPointExtension>
        </extensions>
      </trkpt>
      <trkpt lat="22.5983658246695995330810546875" lon="113.87891627848148345947265625">
        <ele>14.19999980926513671875</ele>
        <time>2026-08-17T22:46:05.000Z</time>
        <extensions>
          <ns3:TrackPointExtension>
            <ns3:hr>151</ns3:hr>
            <ns3:cad>95</ns3:cad>
          </ns3:TrackPointExtension>
        </extensions>
      </trkpt>
      <trkpt lat="22.5983996875584125518798828125" lon="113.87893161736428737640380859375">
        <ele>14.19999980926513671875</ele>
        <time>2026-08-17T22:46:06.000Z</time>
        <extensions>
          <ns3:TrackPointExtension>
            <ns3:hr>151</ns3:hr>
            <ns3:cad>94</ns3:cad>
          </ns3:TrackPointExtension>
        </extensions>
      </trkpt>
      <trkpt lat="22.59842793457210063934326171875" lon="113.87894117273390293121337890625">
        <ele>14.19999980926513671875</ele>
        <time>2026-08-17T22:46:07.000Z</time>
        <extensions>
          <ns3:TrackPointExtension>
            <ns3:hr>151</ns3:hr>
            <ns3:cad>94</ns3:cad>
          </ns3:TrackPointExtension>
        </extensions>
      </trkpt>
      <trkpt lat="22.59845383465290069580078125" lon="113.87895190156996250152587890625">
        <ele>14.19999980926513671875</ele>
        <time>2026-08-17T22:46:08.000Z</time>
        <extensions>
          <ns3:TrackPointExtension>
            <ns3:hr>150</ns3:hr>
            <ns3:cad>94</ns3:cad>
          </ns3:TrackPointExtension>
        </extensions>
      </trkpt>
      <trkpt lat="22.5984888710081577301025390625" lon="113.87897260487079620361328125">
        <ele>14.19999980926513671875</ele>
        <time>2026-08-17T22:46:09.000Z</time>
        <extensions>
          <ns3:TrackPointExtension>
            <ns3:hr>151</ns3:hr>
            <ns3:cad>94</ns3:cad>
          </ns3:TrackPointExtension>
        </extensions>
      </trkpt>
      <trkpt lat="22.59852114133536815643310546875" lon="113.87897755019366741180419921875">
        <ele>14.19999980926513671875</ele>
        <time>2026-08-17T22:46:10.000Z</time>
        <extensions>
          <ns3:TrackPointExtension>
            <ns3:hr>151</ns3:hr>
            <ns3:cad>94</ns3:cad>
          </ns3:TrackPointExtension>
        </extensions>
      </trkpt>
      <trkpt lat="22.59855718351900577545166015625" lon="113.87899431400001049041748046875">
        <ele>14.19999980926513671875</ele>
        <time>2026-08-17T22:46:11.000Z</time>
        <extensions>
          <ns3:TrackPointExtension>
            <ns3:hr>150</ns3:hr>
            <ns3:cad>94</ns3:cad>
          </ns3:TrackPointExtension>
        </extensions>
      </trkpt>
      <trkpt lat="22.59858769364655017852783203125" lon="113.879002444446086883544921875">
        <ele>14.19999980926513671875</ele>
        <time>2026-08-17T22:46:12.000Z</time>
        <extensions>
          <ns3:TrackPointExtension>
            <ns3:hr>150</ns3:hr>
            <ns3:cad>93</ns3:cad>
          </ns3:TrackPointExtension>
        </extensions>
      </trkpt>
      <trkpt lat="22.59862147271633148193359375" lon="113.87902046553790569305419921875">
        <ele>14.19999980926513671875</ele>
        <time>2026-08-17T22:46:13.000Z</time>
        <extensions>
          <ns3:TrackPointExtension>
            <ns3:hr>151</ns3:hr>
            <ns3:cad>93</ns3:cad>
          </ns3:TrackPointExtension>
        </extensions>
      </trkpt>
      <trkpt lat="22.59865474887192249298095703125" lon="113.87903161346912384033203125">
        <ele>14.19999980926513671875</ele>
        <time>2026-08-17T22:46:14.000Z</time>
        <extensions>
          <ns3:TrackPointExtension>
            <ns3:hr>151</ns3:hr>
            <ns3:cad>93</ns3:cad>
          </ns3:TrackPointExtension>
        </extensions>
      </trkpt>
      <trkpt lat="22.59867888875305652618408203125" lon="113.87904410250484943389892578125">
        <ele>14.19999980926513671875</ele>
        <time>2026-08-17T22:46:15.000Z</time>
        <extensions>
          <ns3:TrackPointExtension>
            <ns3:hr>151</ns3:hr>
            <ns3:cad>93</ns3:cad>
          </ns3:TrackPointExtension>
        </extensions>
      </trkpt>
      <trkpt lat="22.59871006943285465240478515625" lon="113.879062794148921966552734375">
        <ele>14.19999980926513671875</ele>
        <time>2026-08-17T22:46:16.000Z</time>
        <extensions>
          <ns3:TrackPointExtension>
            <ns3:hr>150</ns3:hr>
            <ns3:cad>94</ns3:cad>
          </ns3:TrackPointExtension>
        </extensions>
      </trkpt>
      <trkpt lat="22.59873387403786182403564453125" lon="113.87907327152788639068603515625">
        <ele>14.19999980926513671875</ele>
        <time>2026-08-17T22:46:17.000Z</time>
        <extensions>
          <ns3:TrackPointExtension>
            <ns3:hr>150</ns3:hr>
            <ns3:cad>94</ns3:cad>
          </ns3:TrackPointExtension>
        </extensions>
      </trkpt>
      <trkpt lat="22.59876740165054798126220703125" lon="113.8790914602577686309814453125">
        <ele>14.19999980926513671875</ele>
        <time>2026-08-17T22:46:18.000Z</time>
        <extensions>
          <ns3:TrackPointExtension>
            <ns3:hr>150</ns3:hr>
            <ns3:cad>94</ns3:cad>
          </ns3:TrackPointExtension>
        </extensions>
      </trkpt>
      <trkpt lat="22.5987943075597286224365234375" lon="113.87909866869449615478515625">
        <ele>14.3999996185302734375</ele>
        <time>2026-08-17T22:46:19.000Z</time>
        <extensions>
          <ns3:TrackPointExtension>
            <ns3:hr>150</ns3:hr>
            <ns3:cad>94</ns3:cad>
          </ns3:TrackPointExtension>
        </extensions>
      </trkpt>
      <trkpt lat="22.598825655877590179443359375" lon="113.87911987490952014923095703125">
        <ele>14.19999980926513671875</ele>
        <time>2026-08-17T22:46:20.000Z</time>
        <extensions>
          <ns3:TrackPointExtension>
            <ns3:hr>151</ns3:hr>
            <ns3:cad>93</ns3:cad>
          </ns3:TrackPointExtension>
        </extensions>
      </trkpt>
      <trkpt lat="22.59885792620480060577392578125" lon="113.8791310228407382965087890625">
        <ele>14.19999980926513671875</ele>
        <time>2026-08-17T22:46:21.000Z</time>
        <extensions>
          <ns3:TrackPointExtension>
            <ns3:hr>151</ns3:hr>
            <ns3:cad>94</ns3:cad>
          </ns3:TrackPointExtension>
        </extensions>
      </trkpt>
      <trkpt lat="22.59888139553368091583251953125" lon="113.87914904393255710601806640625">
        <ele>14.19999980926513671875</ele>
        <time>2026-08-17T22:46:22.000Z</time>
        <extensions>
          <ns3:TrackPointExtension>
            <ns3:hr>151</ns3:hr>
            <ns3:cad>94</ns3:cad>
          </ns3:TrackPointExtension>
        </extensions>
      </trkpt>
      <trkpt lat="22.598910816013813018798828125" lon="113.87916580773890018463134765625">
        <ele>14.3999996185302734375</ele>
        <time>2026-08-17T22:46:23.000Z</time>
        <extensions>
          <ns3:TrackPointExtension>
            <ns3:hr>152</ns3:hr>
            <ns3:cad>94</ns3:cad>
          </ns3:TrackPointExtension>
        </extensions>
      </trkpt>
      <trkpt lat="22.5989305973052978515625" lon="113.8791880197823047637939453125">
        <ele>14.19999980926513671875</ele>
        <time>2026-08-17T22:46:24.000Z</time>
        <extensions>
          <ns3:TrackPointExtension>
            <ns3:hr>152</ns3:hr>
            <ns3:cad>94</ns3:cad>
          </ns3:TrackPointExtension>
        </extensions>
      </trkpt>
      <trkpt lat="22.59895968250930309295654296875" lon="113.8792138360440731048583984375">
        <ele>14.19999980926513671875</ele>
        <time>2026-08-17T22:46:25.000Z</time>
        <extensions>
          <ns3:TrackPointExtension>
            <ns3:hr>152</ns3:hr>
            <ns3:cad>93</ns3:cad>
          </ns3:TrackPointExtension>
        </extensions>
      </trkpt>
      <trkpt lat="22.59897812269628047943115234375" lon="113.87923143804073333740234375">
        <ele>14.3999996185302734375</ele>
        <time>2026-08-17T22:46:26.000Z</time>
        <extensions>
          <ns3:TrackPointExtension>
            <ns3:hr>151</ns3:hr>
            <ns3:cad>92</ns3:cad>
          </ns3:TrackPointExtension>
        </extensions>
      </trkpt>
      <trkpt lat="22.599008046090602874755859375" lon="113.87926085852086544036865234375">
        <ele>14.19999980926513671875</ele>
        <time>2026-08-17T22:46:27.000Z</time>
        <extensions>
          <ns3:TrackPointExtension>
            <ns3:hr>152</ns3:hr>
            <ns3:cad>93</ns3:cad>
          </ns3:TrackPointExtension>
        </extensions>
      </trkpt>
      <trkpt lat="22.59902925230562686920166015625" lon="113.879280388355255126953125">
        <ele>14.3999996185302734375</ele>
        <time>2026-08-17T22:46:28.000Z</time>
        <extensions>
          <ns3:TrackPointExtension>
            <ns3:hr>152</ns3:hr>
            <ns3:cad>94</ns3:cad>
          </ns3:TrackPointExtension>
        </extensions>
      </trkpt>
      <trkpt lat="22.59905154816806316375732421875" lon="113.8793164305388927459716796875">
        <ele>14.3999996185302734375</ele>
        <time>2026-08-17T22:46:29.000Z</time>
        <extensions>
          <ns3:TrackPointExtension>
            <ns3:hr>151</ns3:hr>
            <ns3:cad>94</ns3:cad>
          </ns3:TrackPointExtension>
        </extensions>
      </trkpt>
      <trkpt lat="22.59907401166856288909912109375" lon="113.8793412409722805023193359375">
        <ele>14.3999996185302734375</ele>
        <time>2026-08-17T22:46:30.000Z</time>
        <extensions>
          <ns3:TrackPointExtension>
            <ns3:hr>152</ns3:hr>
            <ns3:cad>94</ns3:cad>
          </ns3:TrackPointExtension>
        </extensions>
      </trkpt>
      <trkpt lat="22.5990913622081279754638671875" lon="113.87936714105308055877685546875">
        <ele>14.3999996185302734375</ele>
        <time>2026-08-17T22:46:31.000Z</time>
        <extensions>
          <ns3:TrackPointExtension>
            <ns3:hr>152</ns3:hr>
            <ns3:cad>93</ns3:cad>
          </ns3:TrackPointExtension>
        </extensions>
      </trkpt>
      <trkpt lat="22.59911902248859405517578125" lon="113.87939832173287868499755859375">
        <ele>14.3999996185302734375</ele>
        <time>2026-08-17T22:46:32.000Z</time>
        <extensions>
          <ns3:TrackPointExtension>
            <ns3:hr>151</ns3:hr>
            <ns3:cad>93</ns3:cad>
          </ns3:TrackPointExtension>
        </extensions>
      </trkpt>
      <trkpt lat="22.59913570247590541839599609375" lon="113.87941785156726837158203125">
        <ele>14.3999996185302734375</ele>
        <time>2026-08-17T22:46:33.000Z</time>
        <extensions>
          <ns3:TrackPointExtension>
            <ns3:hr>152</ns3:hr>
            <ns3:cad>93</ns3:cad>
          </ns3:TrackPointExtension>
        </extensions>
      </trkpt>
      <trkpt lat="22.59916151873767375946044921875" lon="113.8794515468180179595947265625">
        <ele>14.3999996185302734375</ele>
        <time>2026-08-17T22:46:34.000Z</time>
        <extensions>
          <ns3:TrackPointExtension>
            <ns3:hr>152</ns3:hr>
            <ns3:cad>93</ns3:cad>
          </ns3:TrackPointExtension>
        </extensions>
      </trkpt>
      <trkpt lat="22.59917979128658771514892578125" lon="113.87947375886142253875732421875">
        <ele>14.3999996185302734375</ele>
        <time>2026-08-17T22:46:35.000Z</time>
        <extensions>
          <ns3:TrackPointExtension>
            <ns3:hr>151</ns3:hr>
            <ns3:cad>95</ns3:cad>
          </ns3:TrackPointExtension>
        </extensions>
      </trkpt>
      <trkpt lat="22.59919521398842334747314453125" lon="113.87950192205607891082763671875">
        <ele>14.3999996185302734375</ele>
        <time>2026-08-17T22:46:36.000Z</time>
        <extensions>
          <ns3:TrackPointExtension>
            <ns3:hr>152</ns3:hr>
            <ns3:cad>95</ns3:cad>
          </ns3:TrackPointExtension>
        </extensions>
      </trkpt>
      <trkpt lat="22.5992167554795742034912109375" lon="113.87952354736626148223876953125">
        <ele>14.3999996185302734375</ele>
        <time>2026-08-17T22:46:37.000Z</time>
        <extensions>
          <ns3:TrackPointExtension>
            <ns3:hr>152</ns3:hr>
            <ns3:cad>95</ns3:cad>
          </ns3:TrackPointExtension>
        </extensions>
      </trkpt>
      <trkpt lat="22.59923175908625125885009765625" lon="113.87954969890415668487548828125">
        <ele>14.3999996185302734375</ele>
        <time>2026-08-17T22:46:38.000Z</time>
        <extensions>
          <ns3:TrackPointExtension>
            <ns3:hr>152</ns3:hr>
            <ns3:cad>94</ns3:cad>
          </ns3:TrackPointExtension>
        </extensions>
      </trkpt>
      <trkpt lat="22.5992539711296558380126953125" lon="113.87958188541233539581298828125">
        <ele>14.3999996185302734375</ele>
        <time>2026-08-17T22:46:39.000Z</time>
        <extensions>
          <ns3:TrackPointExtension>
            <ns3:hr>152</ns3:hr>
            <ns3:cad>94</ns3:cad>
          </ns3:TrackPointExtension>
        </extensions>
      </trkpt>
      <trkpt lat="22.59927199222147464752197265625" lon="113.8795977272093296051025390625">
        <ele>14.6000003814697265625</ele>
        <time>2026-08-17T22:46:40.000Z</time>
        <extensions>
          <ns3:TrackPointExtension>
            <ns3:hr>152</ns3:hr>
            <ns3:cad>94</ns3:cad>
          </ns3:TrackPointExtension>
        </extensions>
      </trkpt>
      <trkpt lat="22.59929730556905269622802734375" lon="113.87962714768946170806884765625">
        <ele>14.6000003814697265625</ele>
        <time>2026-08-17T22:46:41.000Z</time>
        <extensions>
          <ns3:TrackPointExtension>
            <ns3:hr>151</ns3:hr>
            <ns3:cad>95</ns3:cad>
          </ns3:TrackPointExtension>
        </extensions>
      </trkpt>
      <trkpt lat="22.5993180088698863983154296875" lon="113.87964692898094654083251953125">
        <ele>14.6000003814697265625</ele>
        <time>2026-08-17T22:46:42.000Z</time>
        <extensions>
          <ns3:TrackPointExtension>
            <ns3:hr>152</ns3:hr>
            <ns3:cad>95</ns3:cad>
          </ns3:TrackPointExtension>
        </extensions>
      </trkpt>
      <trkpt lat="22.5993314199149608612060546875" lon="113.8796813786029815673828125">
        <ele>14.3999996185302734375</ele>
        <time>2026-08-17T22:46:43.000Z</time>
        <extensions>
          <ns3:TrackPointExtension>
            <ns3:hr>152</ns3:hr>
            <ns3:cad>94</ns3:cad>
          </ns3:TrackPointExtension>
        </extensions>
      </trkpt>
      <trkpt lat="22.59935178793966770172119140625" lon="113.87970979325473308563232421875">
        <ele>14.3999996185302734375</ele>
        <time>2026-08-17T22:46:44.000Z</time>
        <extensions>
          <ns3:TrackPointExtension>
            <ns3:hr>151</ns3:hr>
            <ns3:cad>94</ns3:cad>
          </ns3:TrackPointExtension>
        </extensions>
      </trkpt>
      <trkpt lat="22.59937140159308910369873046875" lon="113.87973996810615062713623046875">
        <ele>14.3999996185302734375</ele>
        <time>2026-08-17T22:46:45.000Z</time>
        <extensions>
          <ns3:TrackPointExtension>
            <ns3:hr>152</ns3:hr>
            <ns3:cad>93</ns3:cad>
          </ns3:TrackPointExtension>
        </extensions>
      </trkpt>
      <trkpt lat="22.59939260780811309814453125" lon="113.879773579537868499755859375">
        <ele>14.3999996185302734375</ele>
        <time>2026-08-17T22:46:46.000Z</time>
        <extensions>
          <ns3:TrackPointExtension>
            <ns3:hr>152</ns3:hr>
            <ns3:cad>93</ns3:cad>
          </ns3:TrackPointExtension>
        </extensions>
      </trkpt>
      <trkpt lat="22.59940878488123416900634765625" lon="113.87979528866708278656005859375">
        <ele>14.6000003814697265625</ele>
        <time>2026-08-17T22:46:47.000Z</time>
        <extensions>
          <ns3:TrackPointExtension>
            <ns3:hr>152</ns3:hr>
            <ns3:cad>95</ns3:cad>
          </ns3:TrackPointExtension>
        </extensions>
      </trkpt>
      <trkpt lat="22.59942504577338695526123046875" lon="113.87982697226107120513916015625">
        <ele>14.6000003814697265625</ele>
        <time>2026-08-17T22:46:48.000Z</time>
        <extensions>
          <ns3:TrackPointExtension>
            <ns3:hr>152</ns3:hr>
            <ns3:cad>95</ns3:cad>
          </ns3:TrackPointExtension>
        </extensions>
      </trkpt>
      <trkpt lat="22.599436528980731964111328125" lon="113.87984926812350749969482421875">
        <ele>14.6000003814697265625</ele>
        <time>2026-08-17T22:46:49.000Z</time>
        <extensions>
          <ns3:TrackPointExtension>
            <ns3:hr>153</ns3:hr>
            <ns3:cad>95</ns3:cad>
          </ns3:TrackPointExtension>
        </extensions>
      </trkpt>
      <trkpt lat="22.59945698082447052001953125" lon="113.8798820413649082183837890625">
        <ele>14.6000003814697265625</ele>
        <time>2026-08-17T22:46:50.000Z</time>
        <extensions>
          <ns3:TrackPointExtension>
            <ns3:hr>152</ns3:hr>
            <ns3:cad>94</ns3:cad>
          </ns3:TrackPointExtension>
        </extensions>
      </trkpt>
      <trkpt lat="22.59947164915502071380615234375" lon="113.8799081929028034210205078125">
        <ele>14.6000003814697265625</ele>
        <time>2026-08-17T22:46:51.000Z</time>
        <extensions>
          <ns3:TrackPointExtension>
            <ns3:hr>152</ns3:hr>
            <ns3:cad>93</ns3:cad>
          </ns3:TrackPointExtension>
        </extensions>
      </trkpt>
      <trkpt lat="22.59948589839041233062744140625" lon="113.87994314543902873992919921875">
        <ele>14.6000003814697265625</ele>
        <time>2026-08-17T22:46:52.000Z</time>
        <extensions>
          <ns3:TrackPointExtension>
            <ns3:hr>152</ns3:hr>
            <ns3:cad>92</ns3:cad>
          </ns3:TrackPointExtension>
        </extensions>
      </trkpt>
      <trkpt lat="22.599505595862865447998046875" lon="113.87996996752917766571044921875">
        <ele>14.6000003814697265625</ele>
        <time>2026-08-17T22:46:53.000Z</time>
        <extensions>
          <ns3:TrackPointExtension>
            <ns3:hr>152</ns3:hr>
            <ns3:cad>92</ns3:cad>
          </ns3:TrackPointExtension>
        </extensions>
      </trkpt>
      <trkpt lat="22.59951733052730560302734375" lon="113.8800007291138172149658203125">
        <ele>14.6000003814697265625</ele>
        <time>2026-08-17T22:46:54.000Z</time>
        <extensions>
          <ns3:TrackPointExtension>
            <ns3:hr>152</ns3:hr>
            <ns3:cad>94</ns3:cad>
          </ns3:TrackPointExtension>
        </extensions>
      </trkpt>
      <trkpt lat="22.59954088367521762847900390625" lon="113.88003132306039333343505859375">
        <ele>14.6000003814697265625</ele>
        <time>2026-08-17T22:46:55.000Z</time>
        <extensions>
          <ns3:TrackPointExtension>
            <ns3:hr>152</ns3:hr>
            <ns3:cad>94</ns3:cad>
          </ns3:TrackPointExtension>
        </extensions>
      </trkpt>
      <trkpt lat="22.5995537079870700836181640625" lon="113.880053199827671051025390625">
        <ele>14.80000019073486328125</ele>
        <time>2026-08-17T22:46:56.000Z</time>
        <extensions>
          <ns3:TrackPointExtension>
            <ns3:hr>152</ns3:hr>
            <ns3:cad>94</ns3:cad>
          </ns3:TrackPointExtension>
        </extensions>
      </trkpt>
      <trkpt lat="22.59957608766853809356689453125" lon="113.880088068544864654541015625">
        <ele>14.80000019073486328125</ele>
        <time>2026-08-17T22:46:57.000Z</time>
        <extensions>
          <ns3:TrackPointExtension>
            <ns3:hr>152</ns3:hr>
            <ns3:cad>93</ns3:cad>
          </ns3:TrackPointExtension>
        </extensions>
      </trkpt>
      <trkpt lat="22.5995909236371517181396484375" lon="113.8801103644073009490966796875">
        <ele>14.80000019073486328125</ele>
        <time>2026-08-17T22:46:58.000Z</time>
        <extensions>
          <ns3:TrackPointExtension>
            <ns3:hr>152</ns3:hr>
            <ns3:cad>93</ns3:cad>
          </ns3:TrackPointExtension>
        </extensions>
      </trkpt>
      <trkpt lat="22.59960710071027278900146484375" lon="113.880144394934177398681640625">
        <ele>14.80000019073486328125</ele>
        <time>2026-08-17T22:46:59.000Z</time>
        <extensions>
          <ns3:TrackPointExtension>
            <ns3:hr>152</ns3:hr>
            <ns3:cad>93</ns3:cad>
          </ns3:TrackPointExtension>
        </extensions>
      </trkpt>
      <trkpt lat="22.59962654672563076019287109375" lon="113.88017021119594573974609375">
        <ele>14.80000019073486328125</ele>
        <time>2026-08-17T22:47:00.000Z</time>
        <extensions>
          <ns3:TrackPointExtension>
            <ns3:hr>152</ns3:hr>
            <ns3:cad>93</ns3:cad>
          </ns3:TrackPointExtension>
        </extensions>
      </trkpt>
      <trkpt lat="22.599641382694244384765625" lon="113.8801998831331729888916015625">
        <ele>14.80000019073486328125</ele>
        <time>2026-08-17T22:47:01.000Z</time>
        <extensions>
          <ns3:TrackPointExtension>
            <ns3:hr>151</ns3:hr>
            <ns3:cad>94</ns3:cad>
          </ns3:TrackPointExtension>
        </extensions>
      </trkpt>
      <trkpt lat="22.5996599905192852020263671875" lon="113.88023433275520801544189453125">
        <ele>14.80000019073486328125</ele>
        <time>2026-08-17T22:47:02.000Z</time>
        <extensions>
          <ns3:TrackPointExtension>
            <ns3:hr>151</ns3:hr>
            <ns3:cad>94</ns3:cad>
          </ns3:TrackPointExtension>
        </extensions>
      </trkpt>
      <trkpt lat="22.5996734015643596649169921875" lon="113.880256377160549163818359375">
        <ele>14.80000019073486328125</ele>
        <time>2026-08-17T22:47:03.000Z</time>
        <extensions>
          <ns3:TrackPointExtension>
            <ns3:hr>151</ns3:hr>
            <ns3:cad>94</ns3:cad>
          </ns3:TrackPointExtension>
        </extensions>
      </trkpt>
      <trkpt lat="22.59969745762646198272705078125" lon="113.8802924193441867828369140625">
        <ele>15</ele>
        <time>2026-08-17T22:47:04.000Z</time>
        <extensions>
          <ns3:TrackPointExtension>
            <ns3:hr>152</ns3:hr>
            <ns3:cad>94</ns3:cad>
          </ns3:TrackPointExtension>
        </extensions>
      </trkpt>
      <trkpt lat="22.59971489198505878448486328125" lon="113.88031647540628910064697265625">
        <ele>15</ele>
        <time>2026-08-17T22:47:05.000Z</time>
        <extensions>
          <ns3:TrackPointExtension>
            <ns3:hr>151</ns3:hr>
            <ns3:cad>94</ns3:cad>
          </ns3:TrackPointExtension>
        </extensions>
      </trkpt>
      <trkpt lat="22.59973400272428989410400390625" lon="113.88035033829510211944580078125">
        <ele>15</ele>
        <time>2026-08-17T22:47:06.000Z</time>
        <extensions>
          <ns3:TrackPointExtension>
            <ns3:hr>152</ns3:hr>
            <ns3:cad>94</ns3:cad>
          </ns3:TrackPointExtension>
        </extensions>
      </trkpt>
      <trkpt lat="22.5997558794915676116943359375" lon="113.88037397526204586029052734375">
        <ele>15</ele>
        <time>2026-08-17T22:47:07.000Z</time>
        <extensions>
          <ns3:TrackPointExtension>
            <ns3:hr>152</ns3:hr>
            <ns3:cad>95</ns3:cad>
          </ns3:TrackPointExtension>
        </extensions>
      </trkpt>
      <trkpt lat="22.5997674465179443359375" lon="113.880401886999607086181640625">
        <ele>14.80000019073486328125</ele>
        <time>2026-08-17T22:47:08.000Z</time>
        <extensions>
          <ns3:TrackPointExtension>
            <ns3:hr>152</ns3:hr>
            <ns3:cad>94</ns3:cad>
          </ns3:TrackPointExtension>
        </extensions>
      </trkpt>
      <trkpt lat="22.59978462941944599151611328125" lon="113.88043248094618320465087890625">
        <ele>14.80000019073486328125</ele>
        <time>2026-08-17T22:47:09.000Z</time>
        <extensions>
          <ns3:TrackPointExtension>
            <ns3:hr>152</ns3:hr>
            <ns3:cad>93</ns3:cad>
          </ns3:TrackPointExtension>
        </extensions>
      </trkpt>
      <trkpt lat="22.59979468770325183868408203125" lon="113.88046164996922016143798828125">
        <ele>14.80000019073486328125</ele>
        <time>2026-08-17T22:47:10.000Z</time>
        <extensions>
          <ns3:TrackPointExtension>
            <ns3:hr>152</ns3:hr>
            <ns3:cad>93</ns3:cad>
          </ns3:TrackPointExtension>
        </extensions>
      </trkpt>
      <trkpt lat="22.5998148880898952484130859375" lon="113.880496434867382049560546875">
        <ele>14.80000019073486328125</ele>
        <time>2026-08-17T22:47:11.000Z</time>
        <extensions>
          <ns3:TrackPointExtension>
            <ns3:hr>151</ns3:hr>
            <ns3:cad>93</ns3:cad>
          </ns3:TrackPointExtension>
        </extensions>
      </trkpt>
      <trkpt lat="22.599830143153667449951171875" lon="113.8805207423865795135498046875">
        <ele>14.80000019073486328125</ele>
        <time>2026-08-17T22:47:12.000Z</time>
        <extensions>
          <ns3:TrackPointExtension>
            <ns3:hr>152</ns3:hr>
            <ns3:cad>94</ns3:cad>
          </ns3:TrackPointExtension>
        </extensions>
      </trkpt>
      <trkpt lat="22.59984296746551990509033203125" lon="113.88055720366537570953369140625">
        <ele>14.80000019073486328125</ele>
        <time>2026-08-17T22:47:13.000Z</time>
        <extensions>
          <ns3:TrackPointExtension>
            <ns3:hr>152</ns3:hr>
            <ns3:cad>94</ns3:cad>
          </ns3:TrackPointExtension>
        </extensions>
      </trkpt>
      <trkpt lat="22.59985252283513545989990234375" lon="113.88059240765869617462158203125">
        <ele>14.80000019073486328125</ele>
        <time>2026-08-17T22:47:14.000Z</time>
        <extensions>
          <ns3:TrackPointExtension>
            <ns3:hr>152</ns3:hr>
            <ns3:cad>94</ns3:cad>
          </ns3:TrackPointExtension>
        </extensions>
      </trkpt>
      <trkpt lat="22.5998571328818798065185546875" lon="113.88063129968941211700439453125">
        <ele>14.80000019073486328125</ele>
        <time>2026-08-17T22:47:15.000Z</time>
        <extensions>
          <ns3:TrackPointExtension>
            <ns3:hr>153</ns3:hr>
            <ns3:cad>94</ns3:cad>
          </ns3:TrackPointExtension>
        </extensions>
      </trkpt>
      <trkpt lat="22.59987230412662029266357421875" lon="113.88066868297755718231201171875">
        <ele>14.80000019073486328125</ele>
        <time>2026-08-17T22:47:16.000Z</time>
        <extensions>
          <ns3:TrackPointExtension>
            <ns3:hr>152</ns3:hr>
            <ns3:cad>95</ns3:cad>
          </ns3:TrackPointExtension>
        </extensions>
      </trkpt>
      <trkpt lat="22.59987951256334781646728515625" lon="113.8806974329054355621337890625">
        <ele>14.80000019073486328125</ele>
        <time>2026-08-17T22:47:17.000Z</time>
        <extensions>
          <ns3:TrackPointExtension>
            <ns3:hr>153</ns3:hr>
            <ns3:cad>95</ns3:cad>
          </ns3:TrackPointExtension>
        </extensions>
      </trkpt>
      <trkpt lat="22.59989392943680286407470703125" lon="113.88073456473648548126220703125">
        <ele>14.80000019073486328125</ele>
        <time>2026-08-17T22:47:18.000Z</time>
        <extensions>
          <ns3:TrackPointExtension>
            <ns3:hr>153</ns3:hr>
            <ns3:cad>94</ns3:cad>
          </ns3:TrackPointExtension>
        </extensions>
      </trkpt>
      <trkpt lat="22.5999047420918941497802734375" lon="113.88075895607471466064453125">
        <ele>14.80000019073486328125</ele>
        <time>2026-08-17T22:47:19.000Z</time>
        <extensions>
          <ns3:TrackPointExtension>
            <ns3:hr>153</ns3:hr>
            <ns3:cad>93</ns3:cad>
          </ns3:TrackPointExtension>
        </extensions>
      </trkpt>
      <trkpt lat="22.5999208353459835052490234375" lon="113.88079944066703319549560546875">
        <ele>14.80000019073486328125</ele>
        <time>2026-08-17T22:47:20.000Z</time>
        <extensions>
          <ns3:TrackPointExtension>
            <ns3:hr>154</ns3:hr>
            <ns3:cad>93</ns3:cad>
          </ns3:TrackPointExtension>
        </extensions>
      </trkpt>
      <trkpt lat="22.59993734769523143768310546875" lon="113.88082575984299182891845703125">
        <ele>14.6000003814697265625</ele>
        <time>2026-08-17T22:47:21.000Z</time>
        <extensions>
          <ns3:TrackPointExtension>
            <ns3:hr>154</ns3:hr>
            <ns3:cad>93</ns3:cad>
          </ns3:TrackPointExtension>
        </extensions>
      </trkpt>
      <trkpt lat="22.59995310567319393157958984375" lon="113.88086088001728057861328125">
        <ele>14.6000003814697265625</ele>
        <time>2026-08-17T22:47:22.000Z</time>
        <extensions>
          <ns3:TrackPointExtension>
            <ns3:hr>153</ns3:hr>
            <ns3:cad>92</ns3:cad>
          </ns3:TrackPointExtension>
        </extensions>
      </trkpt>
      <trkpt lat="22.59997623972594738006591796875" lon="113.88088040985167026519775390625">
        <ele>14.80000019073486328125</ele>
        <time>2026-08-17T22:47:23.000Z</time>
        <extensions>
          <ns3:TrackPointExtension>
            <ns3:hr>153</ns3:hr>
            <ns3:cad>93</ns3:cad>
          </ns3:TrackPointExtension>
        </extensions>
      </trkpt>
      <trkpt lat="22.59999233298003673553466796875" lon="113.88090781867504119873046875">
        <ele>14.80000019073486328125</ele>
        <time>2026-08-17T22:47:24.000Z</time>
        <extensions>
          <ns3:TrackPointExtension>
            <ns3:hr>153</ns3:hr>
            <ns3:cad>93</ns3:cad>
          </ns3:TrackPointExtension>
        </extensions>
      </trkpt>
      <trkpt lat="22.60001244954764842987060546875" lon="113.880941011011600494384765625">
        <ele>14.80000019073486328125</ele>
        <time>2026-08-17T22:47:25.000Z</time>
        <extensions>
          <ns3:TrackPointExtension>
            <ns3:hr>153</ns3:hr>
            <ns3:cad>93</ns3:cad>
          </ns3:TrackPointExtension>
        </extensions>
      </trkpt>
      <trkpt lat="22.600022256374359130859375" lon="113.88096808455884456634521484375">
        <ele>14.80000019073486328125</ele>
        <time>2026-08-17T22:47:26.000Z</time>
        <extensions>
          <ns3:TrackPointExtension>
            <ns3:hr>153</ns3:hr>
            <ns3:cad>93</ns3:cad>
          </ns3:TrackPointExtension>
        </extensions>
      </trkpt>
      <trkpt lat="22.6000370085239410400390625" lon="113.8810045458376407623291015625">
        <ele>14.80000019073486328125</ele>
        <time>2026-08-17T22:47:27.000Z</time>
        <extensions>
          <ns3:TrackPointExtension>
            <ns3:hr>153</ns3:hr>
            <ns3:cad>94</ns3:cad>
          </ns3:TrackPointExtension>
        </extensions>
      </trkpt>
      <trkpt lat="22.60005243122577667236328125" lon="113.88102826662361621856689453125">
        <ele>14.80000019073486328125</ele>
        <time>2026-08-17T22:47:28.000Z</time>
        <extensions>
          <ns3:TrackPointExtension>
            <ns3:hr>152</ns3:hr>
            <ns3:cad>93</ns3:cad>
          </ns3:TrackPointExtension>
        </extensions>
      </trkpt>
      <trkpt lat="22.6000691950321197509765625" lon="113.8810712657868862152099609375">
        <ele>14.80000019073486328125</ele>
        <time>2026-08-17T22:47:29.000Z</time>
        <extensions>
          <ns3:TrackPointExtension>
            <ns3:hr>152</ns3:hr>
            <ns3:cad>92</ns3:cad>
          </ns3:TrackPointExtension>
        </extensions>
      </trkpt>
      <trkpt lat="22.60008604265749454498291015625" lon="113.88109900988638401031494140625">
        <ele>14.80000019073486328125</ele>
        <time>2026-08-17T22:47:30.000Z</time>
        <extensions>
          <ns3:TrackPointExtension>
            <ns3:hr>152</ns3:hr>
            <ns3:cad>92</ns3:cad>
          </ns3:TrackPointExtension>
        </extensions>
      </trkpt>
      <trkpt lat="22.60009895078837871551513671875" lon="113.8811346329748630523681640625">
        <ele>14.80000019073486328125</ele>
        <time>2026-08-17T22:47:31.000Z</time>
        <extensions>
          <ns3:TrackPointExtension>
            <ns3:hr>152</ns3:hr>
            <ns3:cad>92</ns3:cad>
          </ns3:TrackPointExtension>
        </extensions>
      </trkpt>
      <trkpt lat="22.6001107692718505859375" lon="113.88116606511175632476806640625">
        <ele>14.80000019073486328125</ele>
        <time>2026-08-17T22:47:32.000Z</time>
        <extensions>
          <ns3:TrackPointExtension>
            <ns3:hr>152</ns3:hr>
            <ns3:cad>93</ns3:cad>
          </ns3:TrackPointExtension>
        </extensions>
      </trkpt>
      <trkpt lat="22.6001176424324512481689453125" lon="113.88119238428771495819091796875">
        <ele>14.80000019073486328125</ele>
        <time>2026-08-17T22:47:33.000Z</time>
        <extensions>
          <ns3:TrackPointExtension>
            <ns3:hr>153</ns3:hr>
            <ns3:cad>94</ns3:cad>
          </ns3:TrackPointExtension>
        </extensions>
      </trkpt>
      <trkpt lat="22.6001367531716823577880859375" lon="113.8812295161187648773193359375">
        <ele>14.80000019073486328125</ele>
        <time>2026-08-17T22:47:34.000Z</time>
        <extensions>
          <ns3:TrackPointExtension>
            <ns3:hr>153</ns3:hr>
            <ns3:cad>94</ns3:cad>
          </ns3:TrackPointExtension>
        </extensions>
      </trkpt>
      <trkpt lat="22.600149996578693389892578125" lon="113.8812539912760257720947265625">
        <ele>14.80000019073486328125</ele>
        <time>2026-08-17T22:47:35.000Z</time>
        <extensions>
          <ns3:TrackPointExtension>
            <ns3:hr>153</ns3:hr>
            <ns3:cad>94</ns3:cad>
          </ns3:TrackPointExtension>
        </extensions>
      </trkpt>
      <trkpt lat="22.60016466490924358367919921875" lon="113.88129405677318572998046875">
        <ele>14.80000019073486328125</ele>
        <time>2026-08-17T22:47:36.000Z</time>
        <extensions>
          <ns3:TrackPointExtension>
            <ns3:hr>153</ns3:hr>
            <ns3:cad>94</ns3:cad>
          </ns3:TrackPointExtension>
        </extensions>
      </trkpt>
      <trkpt lat="22.60018025524914264678955078125" lon="113.88132632710039615631103515625">
        <ele>14.80000019073486328125</ele>
        <time>2026-08-17T22:47:37.000Z</time>
        <extensions>
          <ns3:TrackPointExtension>
            <ns3:hr>153</ns3:hr>
            <ns3:cad>94</ns3:cad>
          </ns3:TrackPointExtension>
        </extensions>
      </trkpt>
      <trkpt lat="22.6001910679042339324951171875" lon="113.88136186636984348297119140625">
        <ele>14.80000019073486328125</ele>
        <time>2026-08-17T22:47:38.000Z</time>
        <extensions>
          <ns3:TrackPointExtension>
            <ns3:hr>153</ns3:hr>
            <ns3:cad>95</ns3:cad>
          </ns3:TrackPointExtension>
        </extensions>
      </trkpt>
      <trkpt lat="22.60020657442510128021240234375" lon="113.88139598071575164794921875">
        <ele>14.80000019073486328125</ele>
        <time>2026-08-17T22:47:39.000Z</time>
        <extensions>
          <ns3:TrackPointExtension>
            <ns3:hr>153</ns3:hr>
            <ns3:cad>95</ns3:cad>
          </ns3:TrackPointExtension>
        </extensions>
      </trkpt>
      <trkpt lat="22.60021881200373172760009765625" lon="113.88142053969204425811767578125">
        <ele>14.80000019073486328125</ele>
        <time>2026-08-17T22:47:40.000Z</time>
        <extensions>
          <ns3:TrackPointExtension>
            <ns3:hr>153</ns3:hr>
            <ns3:cad>95</ns3:cad>
          </ns3:TrackPointExtension>
        </extensions>
      </trkpt>
      <trkpt lat="22.60023616254329681396484375" lon="113.88145691715180873870849609375">
        <ele>14.6000003814697265625</ele>
        <time>2026-08-17T22:47:41.000Z</time>
        <extensions>
          <ns3:TrackPointExtension>
            <ns3:hr>153</ns3:hr>
            <ns3:cad>95</ns3:cad>
          </ns3:TrackPointExtension>
        </extensions>
      </trkpt>
      <trkpt lat="22.60025116614997386932373046875" lon="113.88147887773811817169189453125">
        <ele>14.6000003814697265625</ele>
        <time>2026-08-17T22:47:42.000Z</time>
        <extensions>
          <ns3:TrackPointExtension>
            <ns3:hr>153</ns3:hr>
            <ns3:cad>94</ns3:cad>
          </ns3:TrackPointExtension>
        </extensions>
      </trkpt>
      <trkpt lat="22.60026566684246063232421875" lon="113.88151668012142181396484375">
        <ele>14.6000003814697265625</ele>
        <time>2026-08-17T22:47:43.000Z</time>
        <extensions>
          <ns3:TrackPointExtension>
            <ns3:hr>153</ns3:hr>
            <ns3:cad>93</ns3:cad>
          </ns3:TrackPointExtension>
        </extensions>
      </trkpt>
      <trkpt lat="22.60028268210589885711669921875" lon="113.8815433345735073089599609375">
        <ele>14.6000003814697265625</ele>
        <time>2026-08-17T22:47:44.000Z</time>
        <extensions>
          <ns3:TrackPointExtension>
            <ns3:hr>153</ns3:hr>
            <ns3:cad>94</ns3:cad>
          </ns3:TrackPointExtension>
        </extensions>
      </trkpt>
      <trkpt lat="22.60029248893260955810546875" lon="113.881575353443622589111328125">
        <ele>14.80000019073486328125</ele>
        <time>2026-08-17T22:47:45.000Z</time>
        <extensions>
          <ns3:TrackPointExtension>
            <ns3:hr>153</ns3:hr>
            <ns3:cad>95</ns3:cad>
          </ns3:TrackPointExtension>
        </extensions>
      </trkpt>
      <trkpt lat="22.60030916891992092132568359375" lon="113.88160762377083301544189453125">
        <ele>14.80000019073486328125</ele>
        <time>2026-08-17T22:47:46.000Z</time>
        <extensions>
          <ns3:TrackPointExtension>
            <ns3:hr>153</ns3:hr>
            <ns3:cad>95</ns3:cad>
          </ns3:TrackPointExtension>
        </extensions>
      </trkpt>
      <trkpt lat="22.600318305194377899169921875" lon="113.88163243420422077178955078125">
        <ele>14.80000019073486328125</ele>
        <time>2026-08-17T22:47:47.000Z</time>
        <extensions>
          <ns3:TrackPointExtension>
            <ns3:hr>154</ns3:hr>
            <ns3:cad>96</ns3:cad>
          </ns3:TrackPointExtension>
        </extensions>
      </trkpt>
      <trkpt lat="22.60033582337200641632080078125" lon="113.88166730292141437530517578125">
        <ele>14.80000019073486328125</ele>
        <time>2026-08-17T22:47:48.000Z</time>
        <extensions>
          <ns3:TrackPointExtension>
            <ns3:hr>154</ns3:hr>
            <ns3:cad>95</ns3:cad>
          </ns3:TrackPointExtension>
        </extensions>
      </trkpt>
      <trkpt lat="22.6003489829599857330322265625" lon="113.881692029535770416259765625">
        <ele>14.6000003814697265625</ele>
        <time>2026-08-17T22:47:49.000Z</time>
        <extensions>
          <ns3:TrackPointExtension>
            <ns3:hr>153</ns3:hr>
            <ns3:cad>94</ns3:cad>
          </ns3:TrackPointExtension>
        </extensions>
      </trkpt>
      <trkpt lat="22.6003637351095676422119140625" lon="113.8817270658910274505615234375">
        <ele>14.3999996185302734375</ele>
        <time>2026-08-17T22:47:50.000Z</time>
        <extensions>
          <ns3:TrackPointExtension>
            <ns3:hr>153</ns3:hr>
            <ns3:cad>94</ns3:cad>
          </ns3:TrackPointExtension>
        </extensions>
      </trkpt>
      <trkpt lat="22.60038058273494243621826171875" lon="113.88175413943827152252197265625">
        <ele>14.3999996185302734375</ele>
        <time>2026-08-17T22:47:51.000Z</time>
        <extensions>
          <ns3:TrackPointExtension>
            <ns3:hr>153</ns3:hr>
            <ns3:cad>94</ns3:cad>
          </ns3:TrackPointExtension>
        </extensions>
      </trkpt>
      <trkpt lat="22.60038745589554309844970703125" lon="113.88178381137549877166748046875">
        <ele>14.3999996185302734375</ele>
        <time>2026-08-17T22:47:52.000Z</time>
        <extensions>
          <ns3:TrackPointExtension>
            <ns3:hr>153</ns3:hr>
            <ns3:cad>95</ns3:cad>
          </ns3:TrackPointExtension>
        </extensions>
      </trkpt>
      <trkpt lat="22.60040371678769588470458984375" lon="113.8818169198930263519287109375">
        <ele>14.3999996185302734375</ele>
        <time>2026-08-17T22:47:53.000Z</time>
        <extensions>
          <ns3:TrackPointExtension>
            <ns3:hr>153</ns3:hr>
            <ns3:cad>94</ns3:cad>
          </ns3:TrackPointExtension>
        </extensions>
      </trkpt>
      <trkpt lat="22.60041260160505771636962890625" lon="113.881844244897365570068359375">
        <ele>14.3999996185302734375</ele>
        <time>2026-08-17T22:47:54.000Z</time>
        <extensions>
          <ns3:TrackPointExtension>
            <ns3:hr>153</ns3:hr>
            <ns3:cad>94</ns3:cad>
          </ns3:TrackPointExtension>
        </extensions>
      </trkpt>
      <trkpt lat="22.600426934659481048583984375" lon="113.881883807480335235595703125">
        <ele>14.19999980926513671875</ele>
        <time>2026-08-17T22:47:55.000Z</time>
        <extensions>
          <ns3:TrackPointExtension>
            <ns3:hr>153</ns3:hr>
            <ns3:cad>93</ns3:cad>
          </ns3:TrackPointExtension>
        </extensions>
      </trkpt>
      <trkpt lat="22.600435651838779449462890625" lon="113.88190853409469127655029296875">
        <ele>14.19999980926513671875</ele>
        <time>2026-08-17T22:47:56.000Z</time>
        <extensions>
          <ns3:TrackPointExtension>
            <ns3:hr>153</ns3:hr>
            <ns3:cad>93</ns3:cad>
          </ns3:TrackPointExtension>
        </extensions>
      </trkpt>
      <trkpt lat="22.60044914670288562774658203125" lon="113.88194809667766094207763671875">
        <ele>14.19999980926513671875</ele>
        <time>2026-08-17T22:47:57.000Z</time>
        <extensions>
          <ns3:TrackPointExtension>
            <ns3:hr>153</ns3:hr>
            <ns3:cad>94</ns3:cad>
          </ns3:TrackPointExtension>
        </extensions>
      </trkpt>
      <trkpt lat="22.6004613004624843597412109375" lon="113.8819734938442707061767578125">
        <ele>14.19999980926513671875</ele>
        <time>2026-08-17T22:47:58.000Z</time>
        <extensions>
          <ns3:TrackPointExtension>
            <ns3:hr>153</ns3:hr>
            <ns3:cad>94</ns3:cad>
          </ns3:TrackPointExtension>
        </extensions>
      </trkpt>
      <trkpt lat="22.60047395713627338409423828125" lon="113.88200643472373485565185546875">
        <ele>14.19999980926513671875</ele>
        <time>2026-08-17T22:47:59.000Z</time>
        <extensions>
          <ns3:TrackPointExtension>
            <ns3:hr>153</ns3:hr>
            <ns3:cad>94</ns3:cad>
          </ns3:TrackPointExtension>
        </extensions>
      </trkpt>
      <trkpt lat="22.60048829019069671630859375" lon="113.882038034498691558837890625">
        <ele>14</ele>
        <time>2026-08-17T22:48:00.000Z</time>
        <extensions>
          <ns3:TrackPointExtension>
            <ns3:hr>152</ns3:hr>
            <ns3:cad>92</ns3:cad>
          </ns3:TrackPointExtension>
        </extensions>
      </trkpt>
      <trkpt lat="22.6004938222467899322509765625" lon="113.882067538797855377197265625">
        <ele>14</ele>
        <time>2026-08-17T22:48:01.000Z</time>
        <extensions>
          <ns3:TrackPointExtension>
            <ns3:hr>153</ns3:hr>
            <ns3:cad>92</ns3:cad>
          </ns3:TrackPointExtension>
        </extensions>
      </trkpt>
      <trkpt lat="22.600508742034435272216796875" lon="113.8821022398769855499267578125">
        <ele>14</ele>
        <time>2026-08-17T22:48:02.000Z</time>
        <extensions>
          <ns3:TrackPointExtension>
            <ns3:hr>153</ns3:hr>
            <ns3:cad>92</ns3:cad>
          </ns3:TrackPointExtension>
        </extensions>
      </trkpt>
      <trkpt lat="22.60051402263343334197998046875" lon="113.88212847523391246795654296875">
        <ele>14</ele>
        <time>2026-08-17T22:48:03.000Z</time>
        <extensions>
          <ns3:TrackPointExtension>
            <ns3:hr>153</ns3:hr>
            <ns3:cad>95</ns3:cad>
          </ns3:TrackPointExtension>
        </extensions>
      </trkpt>
      <trkpt lat="22.6005307026207447052001953125" lon="113.882168121635913848876953125">
        <ele>14</ele>
        <time>2026-08-17T22:48:04.000Z</time>
        <extensions>
          <ns3:TrackPointExtension>
            <ns3:hr>152</ns3:hr>
            <ns3:cad>95</ns3:cad>
          </ns3:TrackPointExtension>
        </extensions>
      </trkpt>
      <trkpt lat="22.6005466282367706298828125" lon="113.8821944408118724822998046875">
        <ele>14</ele>
        <time>2026-08-17T22:48:05.000Z</time>
        <extensions>
          <ns3:TrackPointExtension>
            <ns3:hr>153</ns3:hr>
            <ns3:cad>95</ns3:cad>
          </ns3:TrackPointExtension>
        </extensions>
      </trkpt>
      <trkpt lat="22.600561045110225677490234375" lon="113.8822283037006855010986328125">
        <ele>14</ele>
        <time>2026-08-17T22:48:06.000Z</time>
        <extensions>
          <ns3:TrackPointExtension>
            <ns3:hr>153</ns3:hr>
            <ns3:cad>95</ns3:cad>
          </ns3:TrackPointExtension>
        </extensions>
      </trkpt>
      <trkpt lat="22.6005769707262516021728515625" lon="113.88225705362856388092041015625">
        <ele>14</ele>
        <time>2026-08-17T22:48:07.000Z</time>
        <extensions>
          <ns3:TrackPointExtension>
            <ns3:hr>152</ns3:hr>
            <ns3:cad>94</ns3:cad>
          </ns3:TrackPointExtension>
        </extensions>
      </trkpt>
      <trkpt lat="22.600585520267486572265625" lon="113.8822853006422519683837890625">
        <ele>14</ele>
        <time>2026-08-17T22:48:08.000Z</time>
        <extensions>
          <ns3:TrackPointExtension>
            <ns3:hr>152</ns3:hr>
            <ns3:cad>94</ns3:cad>
          </ns3:TrackPointExtension>
        </extensions>
      </trkpt>
      <trkpt lat="22.60060169734060764312744140625" lon="113.8823221810162067413330078125">
        <ele>14</ele>
        <time>2026-08-17T22:48:09.000Z</time>
        <extensions>
          <ns3:TrackPointExtension>
            <ns3:hr>152</ns3:hr>
            <ns3:cad>95</ns3:cad>
          </ns3:TrackPointExtension>
        </extensions>
      </trkpt>
      <trkpt lat="22.600613348186016082763671875" lon="113.88234489597380161285400390625">
        <ele>14</ele>
        <time>2026-08-17T22:48:10.000Z</time>
        <extensions>
          <ns3:TrackPointExtension>
            <ns3:hr>152</ns3:hr>
            <ns3:cad>95</ns3:cad>
          </ns3:TrackPointExtension>
        </extensions>
      </trkpt>
      <trkpt lat="22.6006296090781688690185546875" lon="113.8823842070996761322021484375">
        <ele>14</ele>
        <time>2026-08-17T22:48:11.000Z</time>
        <extensions>
          <ns3:TrackPointExtension>
            <ns3:hr>152</ns3:hr>
            <ns3:cad>95</ns3:cad>
          </ns3:TrackPointExtension>
        </extensions>
      </trkpt>
      <trkpt lat="22.60064654052257537841796875" lon="113.88240910135209560394287109375">
        <ele>14</ele>
        <time>2026-08-17T22:48:12.000Z</time>
        <extensions>
          <ns3:TrackPointExtension>
            <ns3:hr>152</ns3:hr>
            <ns3:cad>95</ns3:cad>
          </ns3:TrackPointExtension>
        </extensions>
      </trkpt>
      <trkpt lat="22.600655257701873779296875" lon="113.8824440538883209228515625">
        <ele>14</ele>
        <time>2026-08-17T22:48:13.000Z</time>
        <extensions>
          <ns3:TrackPointExtension>
            <ns3:hr>152</ns3:hr>
            <ns3:cad>95</ns3:cad>
          </ns3:TrackPointExtension>
        </extensions>
      </trkpt>
      <trkpt lat="22.60067294351756572723388671875" lon="113.8824720494449138641357421875">
        <ele>14</ele>
        <time>2026-08-17T22:48:14.000Z</time>
        <extensions>
          <ns3:TrackPointExtension>
            <ns3:hr>151</ns3:hr>
            <ns3:cad>94</ns3:cad>
          </ns3:TrackPointExtension>
        </extensions>
      </trkpt>
      <trkpt lat="22.600685097277164459228515625" lon="113.8825018890202045440673828125">
        <ele>14</ele>
        <time>2026-08-17T22:48:15.000Z</time>
        <extensions>
          <ns3:TrackPointExtension>
            <ns3:hr>152</ns3:hr>
            <ns3:cad>94</ns3:cad>
          </ns3:TrackPointExtension>
        </extensions>
      </trkpt>
      <trkpt lat="22.60070026852190494537353515625" lon="113.882535584270954132080078125">
        <ele>14</ele>
        <time>2026-08-17T22:48:16.000Z</time>
        <extensions>
          <ns3:TrackPointExtension>
            <ns3:hr>152</ns3:hr>
            <ns3:cad>94</ns3:cad>
          </ns3:TrackPointExtension>
        </extensions>
      </trkpt>
      <trkpt lat="22.60071082971990108489990234375" lon="113.8825629092752933502197265625">
        <ele>14</ele>
        <time>2026-08-17T22:48:17.000Z</time>
        <extensions>
          <ns3:TrackPointExtension>
            <ns3:hr>152</ns3:hr>
            <ns3:cad>94</ns3:cad>
          </ns3:TrackPointExtension>
        </extensions>
      </trkpt>
      <trkpt lat="22.60072574950754642486572265625" lon="113.88260641135275363922119140625">
        <ele>14</ele>
        <time>2026-08-17T22:48:18.000Z</time>
        <extensions>
          <ns3:TrackPointExtension>
            <ns3:hr>152</ns3:hr>
            <ns3:cad>94</ns3:cad>
          </ns3:TrackPointExtension>
        </extensions>
      </trkpt>
      <trkpt lat="22.600726000964641571044921875" lon="113.88263247907161712646484375">
        <ele>14</ele>
        <time>2026-08-17T22:48:19.000Z</time>
        <extensions>
          <ns3:TrackPointExtension>
            <ns3:hr>151</ns3:hr>
            <ns3:cad>93</ns3:cad>
          </ns3:TrackPointExtension>
        </extensions>
      </trkpt>
      <trkpt lat="22.60073547251522541046142578125" lon="113.8826765678822994232177734375">
        <ele>14</ele>
        <time>2026-08-17T22:48:20.000Z</time>
        <extensions>
          <ns3:TrackPointExtension>
            <ns3:hr>152</ns3:hr>
            <ns3:cad>93</ns3:cad>
          </ns3:TrackPointExtension>
        </extensions>
      </trkpt>
      <trkpt lat="22.60074787773191928863525390625" lon="113.88270649127662181854248046875">
        <ele>13.80000019073486328125</ele>
        <time>2026-08-17T22:48:21.000Z</time>
        <extensions>
          <ns3:TrackPointExtension>
            <ns3:hr>152</ns3:hr>
            <ns3:cad>93</ns3:cad>
          </ns3:TrackPointExtension>
        </extensions>
      </trkpt>
      <trkpt lat="22.60076162405312061309814453125" lon="113.882743455469608306884765625">
        <ele>13.80000019073486328125</ele>
        <time>2026-08-17T22:48:22.000Z</time>
        <extensions>
          <ns3:TrackPointExtension>
            <ns3:hr>152</ns3:hr>
            <ns3:cad>93</ns3:cad>
          </ns3:TrackPointExtension>
        </extensions>
      </trkpt>
      <trkpt lat="22.60077754966914653778076171875" lon="113.8827737979590892791748046875">
        <ele>13.6000003814697265625</ele>
        <time>2026-08-17T22:48:23.000Z</time>
        <extensions>
          <ns3:TrackPointExtension>
            <ns3:hr>152</ns3:hr>
            <ns3:cad>93</ns3:cad>
          </ns3:TrackPointExtension>
        </extensions>
      </trkpt>
      <trkpt lat="22.60078827850520610809326171875" lon="113.88280439190566539764404296875">
        <ele>13.6000003814697265625</ele>
        <time>2026-08-17T22:48:24.000Z</time>
        <extensions>
          <ns3:TrackPointExtension>
            <ns3:hr>153</ns3:hr>
            <ns3:cad>92</ns3:cad>
          </ns3:TrackPointExtension>
        </extensions>
      </trkpt>
      <trkpt lat="22.6008076407015323638916015625" lon="113.8828395120799541473388671875">
        <ele>13.6000003814697265625</ele>
        <time>2026-08-17T22:48:25.000Z</time>
        <extensions>
          <ns3:TrackPointExtension>
            <ns3:hr>153</ns3:hr>
            <ns3:cad>92</ns3:cad>
          </ns3:TrackPointExtension>
        </extensions>
      </trkpt>
      <trkpt lat="22.60082088410854339599609375" lon="113.8828592933714389801025390625">
        <ele>13.6000003814697265625</ele>
        <time>2026-08-17T22:48:26.000Z</time>
        <extensions>
          <ns3:TrackPointExtension>
            <ns3:hr>153</ns3:hr>
            <ns3:cad>92</ns3:cad>
          </ns3:TrackPointExtension>
        </extensions>
      </trkpt>
      <trkpt lat="22.6008381508290767669677734375" lon="113.88289608992636203765869140625">
        <ele>13.6000003814697265625</ele>
        <time>2026-08-17T22:48:27.000Z</time>
        <extensions>
          <ns3:TrackPointExtension>
            <ns3:hr>153</ns3:hr>
            <ns3:cad>92</ns3:cad>
          </ns3:TrackPointExtension>
        </extensions>
      </trkpt>
      <trkpt lat="22.60085030458867549896240234375" lon="113.8829183019697666168212890625">
        <ele>13.6000003814697265625</ele>
        <time>2026-08-17T22:48:28.000Z</time>
        <extensions>
          <ns3:TrackPointExtension>
            <ns3:hr>152</ns3:hr>
            <ns3:cad>93</ns3:cad>
          </ns3:TrackPointExtension>
        </extensions>
      </trkpt>
      <trkpt lat="22.6008683256804943084716796875" lon="113.8829525001347064971923828125">
        <ele>13.6000003814697265625</ele>
        <time>2026-08-17T22:48:29.000Z</time>
        <extensions>
          <ns3:TrackPointExtension>
            <ns3:hr>153</ns3:hr>
            <ns3:cad>94</ns3:cad>
          </ns3:TrackPointExtension>
        </extensions>
      </trkpt>
      <trkpt lat="22.60088383220136165618896484375" lon="113.88297446072101593017578125">
        <ele>13.6000003814697265625</ele>
        <time>2026-08-17T22:48:30.000Z</time>
        <extensions>
          <ns3:TrackPointExtension>
            <ns3:hr>153</ns3:hr>
            <ns3:cad>93</ns3:cad>
          </ns3:TrackPointExtension>
        </extensions>
      </trkpt>
      <trkpt lat="22.6008979976177215576171875" lon="113.88300455175340175628662109375">
        <ele>13.6000003814697265625</ele>
        <time>2026-08-17T22:48:31.000Z</time>
        <extensions>
          <ns3:TrackPointExtension>
            <ns3:hr>153</ns3:hr>
            <ns3:cad>93</ns3:cad>
          </ns3:TrackPointExtension>
        </extensions>
      </trkpt>
      <trkpt lat="22.60091266594827175140380859375" lon="113.88303472660481929779052734375">
        <ele>13.6000003814697265625</ele>
        <time>2026-08-17T22:48:32.000Z</time>
        <extensions>
          <ns3:TrackPointExtension>
            <ns3:hr>152</ns3:hr>
            <ns3:cad>93</ns3:cad>
          </ns3:TrackPointExtension>
        </extensions>
      </trkpt>
      <trkpt lat="22.60092146694660186767578125" lon="113.88306565582752227783203125">
        <ele>13.6000003814697265625</ele>
        <time>2026-08-17T22:48:33.000Z</time>
        <extensions>
          <ns3:TrackPointExtension>
            <ns3:hr>152</ns3:hr>
            <ns3:cad>93</ns3:cad>
          </ns3:TrackPointExtension>
        </extensions>
      </trkpt>
      <trkpt lat="22.600934542715549468994140625" lon="113.88310379348695278167724609375">
        <ele>13.6000003814697265625</ele>
        <time>2026-08-17T22:48:34.000Z</time>
        <extensions>
          <ns3:TrackPointExtension>
            <ns3:hr>153</ns3:hr>
            <ns3:cad>94</ns3:cad>
          </ns3:TrackPointExtension>
        </extensions>
      </trkpt>
      <trkpt lat="22.60094250552356243133544921875" lon="113.883135728538036346435546875">
        <ele>13.6000003814697265625</ele>
        <time>2026-08-17T22:48:35.000Z</time>
        <extensions>
          <ns3:TrackPointExtension>
            <ns3:hr>153</ns3:hr>
            <ns3:cad>94</ns3:cad>
          </ns3:TrackPointExtension>
        </extensions>
      </trkpt>
      <trkpt lat="22.60096035897731781005859375" lon="113.883175291121006011962890625">
        <ele>13.6000003814697265625</ele>
        <time>2026-08-17T22:48:36.000Z</time>
        <extensions>
          <ns3:TrackPointExtension>
            <ns3:hr>153</ns3:hr>
            <ns3:cad>94</ns3:cad>
          </ns3:TrackPointExtension>
        </extensions>
      </trkpt>
      <trkpt lat="22.6009752787649631500244140625" lon="113.88320119120180606842041015625">
        <ele>13.80000019073486328125</ele>
        <time>2026-08-17T22:48:37.000Z</time>
        <extensions>
          <ns3:TrackPointExtension>
            <ns3:hr>153</ns3:hr>
            <ns3:cad>94</ns3:cad>
          </ns3:TrackPointExtension>
        </extensions>
      </trkpt>
      <trkpt lat="22.60098961181938648223876953125" lon="113.88323488645255565643310546875">
        <ele>14</ele>
        <time>2026-08-17T22:48:38.000Z</time>
        <extensions>
          <ns3:TrackPointExtension>
            <ns3:hr>153</ns3:hr>
            <ns3:cad>94</ns3:cad>
          </ns3:TrackPointExtension>
        </extensions>
      </trkpt>
      <trkpt lat="22.60100268758833408355712890625" lon="113.883260786533355712890625">
        <ele>14</ele>
        <time>2026-08-17T22:48:39.000Z</time>
        <extensions>
          <ns3:TrackPointExtension>
            <ns3:hr>153</ns3:hr>
            <ns3:cad>92</ns3:cad>
          </ns3:TrackPointExtension>
        </extensions>
      </trkpt>
      <trkpt lat="22.60101324878633022308349609375" lon="113.88329657725989818572998046875">
        <ele>14</ele>
        <time>2026-08-17T22:48:40.000Z</time>
        <extensions>
          <ns3:TrackPointExtension>
            <ns3:hr>153</ns3:hr>
            <ns3:cad>92</ns3:cad>
          </ns3:TrackPointExtension>
        </extensions>
      </trkpt>
      <trkpt lat="22.601026408374309539794921875" lon="113.88332893140614032745361328125">
        <ele>14</ele>
        <time>2026-08-17T22:48:41.000Z</time>
        <extensions>
          <ns3:TrackPointExtension>
            <ns3:hr>152</ns3:hr>
            <ns3:cad>92</ns3:cad>
          </ns3:TrackPointExtension>
        </extensions>
      </trkpt>
      <trkpt lat="22.60103420354425907135009765625" lon="113.88335575349628925323486328125">
        <ele>13.80000019073486328125</ele>
        <time>2026-08-17T22:48:42.000Z</time>
        <extensions>
          <ns3:TrackPointExtension>
            <ns3:hr>153</ns3:hr>
            <ns3:cad>92</ns3:cad>
          </ns3:TrackPointExtension>
        </extensions>
      </trkpt>
      <trkpt lat="22.6010540686547756195068359375" lon="113.883393220603466033935546875">
        <ele>13.80000019073486328125</ele>
        <time>2026-08-17T22:48:43.000Z</time>
        <extensions>
          <ns3:TrackPointExtension>
            <ns3:hr>153</ns3:hr>
            <ns3:cad>92</ns3:cad>
          </ns3:TrackPointExtension>
        </extensions>
      </trkpt>
      <trkpt lat="22.60106974281370639801025390625" lon="113.883419036865234375">
        <ele>13.80000019073486328125</ele>
        <time>2026-08-17T22:48:44.000Z</time>
        <extensions>
          <ns3:TrackPointExtension>
            <ns3:hr>152</ns3:hr>
            <ns3:cad>92</ns3:cad>
          </ns3:TrackPointExtension>
        </extensions>
      </trkpt>
      <trkpt lat="22.601090110838413238525390625" lon="113.88345130719244480133056640625">
        <ele>13.80000019073486328125</ele>
        <time>2026-08-17T22:48:45.000Z</time>
        <extensions>
          <ns3:TrackPointExtension>
            <ns3:hr>153</ns3:hr>
            <ns3:cad>93</ns3:cad>
          </ns3:TrackPointExtension>
        </extensions>
      </trkpt>
      <trkpt lat="22.60110913775861263275146484375" lon="113.8834798894822597503662109375">
        <ele>13.80000019073486328125</ele>
        <time>2026-08-17T22:48:46.000Z</time>
        <extensions>
          <ns3:TrackPointExtension>
            <ns3:hr>152</ns3:hr>
            <ns3:cad>94</ns3:cad>
          </ns3:TrackPointExtension>
        </extensions>
      </trkpt>
      <trkpt lat="22.6011233031749725341796875" lon="113.88351023197174072265625">
        <ele>14</ele>
        <time>2026-08-17T22:48:47.000Z</time>
        <extensions>
          <ns3:TrackPointExtension>
            <ns3:hr>153</ns3:hr>
            <ns3:cad>94</ns3:cad>
          </ns3:TrackPointExtension>
        </extensions>
      </trkpt>
      <trkpt lat="22.601141072809696197509765625" lon="113.88354082591831684112548828125">
        <ele>14</ele>
        <time>2026-08-17T22:48:48.000Z</time>
        <extensions>
          <ns3:TrackPointExtension>
            <ns3:hr>153</ns3:hr>
            <ns3:cad>94</ns3:cad>
          </ns3:TrackPointExtension>
        </extensions>
      </trkpt>
      <trkpt lat="22.60115490294992923736572265625" lon="113.8835714198648929595947265625">
        <ele>14</ele>
        <time>2026-08-17T22:48:49.000Z</time>
        <extensions>
          <ns3:TrackPointExtension>
            <ns3:hr>153</ns3:hr>
            <ns3:cad>95</ns3:cad>
          </ns3:TrackPointExtension>
        </extensions>
      </trkpt>
      <trkpt lat="22.60117032565176486968994140625" lon="113.8836022652685642242431640625">
        <ele>13.80000019073486328125</ele>
        <time>2026-08-17T22:48:50.000Z</time>
        <extensions>
          <ns3:TrackPointExtension>
            <ns3:hr>153</ns3:hr>
            <ns3:cad>95</ns3:cad>
          </ns3:TrackPointExtension>
        </extensions>
      </trkpt>
      <trkpt lat="22.601183988153934478759765625" lon="113.8836314342916011810302734375">
        <ele>13.80000019073486328125</ele>
        <time>2026-08-17T22:48:51.000Z</time>
        <extensions>
          <ns3:TrackPointExtension>
            <ns3:hr>153</ns3:hr>
            <ns3:cad>95</ns3:cad>
          </ns3:TrackPointExtension>
        </extensions>
      </trkpt>
      <trkpt lat="22.60120133869349956512451171875" lon="113.8836663030087947845458984375">
        <ele>13.80000019073486328125</ele>
        <time>2026-08-17T22:48:52.000Z</time>
        <extensions>
          <ns3:TrackPointExtension>
            <ns3:hr>153</ns3:hr>
            <ns3:cad>95</ns3:cad>
          </ns3:TrackPointExtension>
        </extensions>
      </trkpt>
      <trkpt lat="22.60121542029082775115966796875" lon="113.88369354419410228729248046875">
        <ele>13.80000019073486328125</ele>
        <time>2026-08-17T22:48:53.000Z</time>
        <extensions>
          <ns3:TrackPointExtension>
            <ns3:hr>154</ns3:hr>
            <ns3:cad>94</ns3:cad>
          </ns3:TrackPointExtension>
        </extensions>
      </trkpt>
      <trkpt lat="22.60123469866812229156494140625" lon="113.8837263174355030059814453125">
        <ele>14</ele>
        <time>2026-08-17T22:48:54.000Z</time>
        <extensions>
          <ns3:TrackPointExtension>
            <ns3:hr>154</ns3:hr>
            <ns3:cad>94</ns3:cad>
          </ns3:TrackPointExtension>
        </extensions>
      </trkpt>
      <trkpt lat="22.6012491993606090545654296875" lon="113.88375624082982540130615234375">
        <ele>14</ele>
        <time>2026-08-17T22:48:55.000Z</time>
        <extensions>
          <ns3:TrackPointExtension>
            <ns3:hr>154</ns3:hr>
            <ns3:cad>94</ns3:cad>
          </ns3:TrackPointExtension>
        </extensions>
      </trkpt>
      <trkpt lat="22.60126118548214435577392578125" lon="113.8837856613099575042724609375">
        <ele>14</ele>
        <time>2026-08-17T22:48:56.000Z</time>
        <extensions>
          <ns3:TrackPointExtension>
            <ns3:hr>154</ns3:hr>
            <ns3:cad>94</ns3:cad>
          </ns3:TrackPointExtension>
        </extensions>
      </trkpt>
      <trkpt lat="22.60127727873623371124267578125" lon="113.8838141597807407379150390625">
        <ele>14</ele>
        <time>2026-08-17T22:48:57.000Z</time>
        <extensions>
          <ns3:TrackPointExtension>
            <ns3:hr>155</ns3:hr>
            <ns3:cad>94</ns3:cad>
          </ns3:TrackPointExtension>
        </extensions>
      </trkpt>
      <trkpt lat="22.601284570991992950439453125" lon="113.883841820061206817626953125">
        <ele>14</ele>
        <time>2026-08-17T22:48:58.000Z</time>
        <extensions>
          <ns3:TrackPointExtension>
            <ns3:hr>155</ns3:hr>
            <ns3:cad>93</ns3:cad>
          </ns3:TrackPointExtension>
        </extensions>
      </trkpt>
      <trkpt lat="22.60129974223673343658447265625" lon="113.88387677259743213653564453125">
        <ele>14</ele>
        <time>2026-08-17T22:48:59.000Z</time>
        <extensions>
          <ns3:TrackPointExtension>
            <ns3:hr>155</ns3:hr>
            <ns3:cad>93</ns3:cad>
          </ns3:TrackPointExtension>
        </extensions>
      </trkpt>
      <trkpt lat="22.60130829177796840667724609375" lon="113.88390250504016876220703125">
        <ele>14</ele>
        <time>2026-08-17T22:49:00.000Z</time>
        <extensions>
          <ns3:TrackPointExtension>
            <ns3:hr>155</ns3:hr>
            <ns3:cad>94</ns3:cad>
          </ns3:TrackPointExtension>
        </extensions>
      </trkpt>
      <trkpt lat="22.6013232953846454620361328125" lon="113.88393293134868144989013671875">
        <ele>14</ele>
        <time>2026-08-17T22:49:01.000Z</time>
        <extensions>
          <ns3:TrackPointExtension>
            <ns3:hr>155</ns3:hr>
            <ns3:cad>94</ns3:cad>
          </ns3:TrackPointExtension>
        </extensions>
      </trkpt>
      <trkpt lat="22.6013343594968318939208984375" lon="113.88396344147622585296630859375">
        <ele>14</ele>
        <time>2026-08-17T22:49:02.000Z</time>
        <extensions>
          <ns3:TrackPointExtension>
            <ns3:hr>155</ns3:hr>
            <ns3:cad>94</ns3:cad>
          </ns3:TrackPointExtension>
        </extensions>
      </trkpt>
      <trkpt lat="22.6013464294373989105224609375" lon="113.8839978910982608795166015625">
        <ele>14</ele>
        <time>2026-08-17T22:49:03.000Z</time>
        <extensions>
          <ns3:TrackPointExtension>
            <ns3:hr>156</ns3:hr>
            <ns3:cad>94</ns3:cad>
          </ns3:TrackPointExtension>
        </extensions>
      </trkpt>
      <trkpt lat="22.60135673917829990386962890625" lon="113.88402915559709072113037109375">
        <ele>14</ele>
        <time>2026-08-17T22:49:04.000Z</time>
        <extensions>
          <ns3:TrackPointExtension>
            <ns3:hr>156</ns3:hr>
            <ns3:cad>93</ns3:cad>
          </ns3:TrackPointExtension>
        </extensions>
      </trkpt>
      <trkpt lat="22.60136939585208892822265625" lon="113.88406218029558658599853515625">
        <ele>14.19999980926513671875</ele>
        <time>2026-08-17T22:49:05.000Z</time>
        <extensions>
          <ns3:TrackPointExtension>
            <ns3:hr>155</ns3:hr>
            <ns3:cad>93</ns3:cad>
          </ns3:TrackPointExtension>
        </extensions>
      </trkpt>
      <trkpt lat="22.60138054378330707550048828125" lon="113.88409964740276336669921875">
        <ele>14.19999980926513671875</ele>
        <time>2026-08-17T22:49:06.000Z</time>
        <extensions>
          <ns3:TrackPointExtension>
            <ns3:hr>156</ns3:hr>
            <ns3:cad>93</ns3:cad>
          </ns3:TrackPointExtension>
        </extensions>
      </trkpt>
      <trkpt lat="22.6013903506100177764892578125" lon="113.8841284811496734619140625">
        <ele>14.19999980926513671875</ele>
        <time>2026-08-17T22:49:07.000Z</time>
        <extensions>
          <ns3:TrackPointExtension>
            <ns3:hr>156</ns3:hr>
            <ns3:cad>93</ns3:cad>
          </ns3:TrackPointExtension>
        </extensions>
      </trkpt>
      <trkpt lat="22.60139898397028446197509765625" lon="113.8841618411242961883544921875">
        <ele>14</ele>
        <time>2026-08-17T22:49:08.000Z</time>
        <extensions>
          <ns3:TrackPointExtension>
            <ns3:hr>156</ns3:hr>
            <ns3:cad>93</ns3:cad>
          </ns3:TrackPointExtension>
        </extensions>
      </trkpt>
      <trkpt lat="22.6014076173305511474609375" lon="113.88419008813798427581787109375">
        <ele>14</ele>
        <time>2026-08-17T22:49:09.000Z</time>
        <extensions>
          <ns3:TrackPointExtension>
            <ns3:hr>156</ns3:hr>
            <ns3:cad>94</ns3:cad>
          </ns3:TrackPointExtension>
        </extensions>
      </trkpt>
      <trkpt lat="22.60141222737729549407958984375" lon="113.884222023189067840576171875">
        <ele>14</ele>
        <time>2026-08-17T22:49:10.000Z</time>
        <extensions>
          <ns3:TrackPointExtension>
            <ns3:hr>156</ns3:hr>
            <ns3:cad>94</ns3:cad>
          </ns3:TrackPointExtension>
        </extensions>
      </trkpt>
      <trkpt lat="22.60142027400434017181396484375" lon="113.884252868592739105224609375">
        <ele>14</ele>
        <time>2026-08-17T22:49:11.000Z</time>
        <extensions>
          <ns3:TrackPointExtension>
            <ns3:hr>156</ns3:hr>
            <ns3:cad>94</ns3:cad>
          </ns3:TrackPointExtension>
        </extensions>
      </trkpt>
      <trkpt lat="22.60142530314624309539794921875" lon="113.88428413309156894683837890625">
        <ele>14</ele>
        <time>2026-08-17T22:49:12.000Z</time>
        <extensions>
          <ns3:TrackPointExtension>
            <ns3:hr>156</ns3:hr>
            <ns3:cad>94</ns3:cad>
          </ns3:TrackPointExtension>
        </extensions>
      </trkpt>
      <trkpt lat="22.60143376886844635009765625" lon="113.88431665487587451934814453125">
        <ele>14</ele>
        <time>2026-08-17T22:49:13.000Z</time>
        <extensions>
          <ns3:TrackPointExtension>
            <ns3:hr>155</ns3:hr>
            <ns3:cad>94</ns3:cad>
          </ns3:TrackPointExtension>
        </extensions>
      </trkpt>
      <trkpt lat="22.601440139114856719970703125" lon="113.8843479193747043609619140625">
        <ele>14</ele>
        <time>2026-08-17T22:49:14.000Z</time>
        <extensions>
          <ns3:TrackPointExtension>
            <ns3:hr>156</ns3:hr>
            <ns3:cad>94</ns3:cad>
          </ns3:TrackPointExtension>
        </extensions>
      </trkpt>
      <trkpt lat="22.601446844637393951416015625" lon="113.88438320718705654144287109375">
        <ele>14</ele>
        <time>2026-08-17T22:49:15.000Z</time>
        <extensions>
          <ns3:TrackPointExtension>
            <ns3:hr>155</ns3:hr>
            <ns3:cad>94</ns3:cad>
          </ns3:TrackPointExtension>
        </extensions>
      </trkpt>
      <trkpt lat="22.60145782493054866790771484375" lon="113.88441480696201324462890625">
        <ele>14</ele>
        <time>2026-08-17T22:49:16.000Z</time>
        <extensions>
          <ns3:TrackPointExtension>
            <ns3:hr>155</ns3:hr>
            <ns3:cad>93</ns3:cad>
          </ns3:TrackPointExtension>
        </extensions>
      </trkpt>
      <trkpt lat="22.6014694757759571075439453125" lon="113.8844505138695240020751953125">
        <ele>14</ele>
        <time>2026-08-17T22:49:17.000Z</time>
        <extensions>
          <ns3:TrackPointExtension>
            <ns3:hr>155</ns3:hr>
            <ns3:cad>93</ns3:cad>
          </ns3:TrackPointExtension>
        </extensions>
      </trkpt>
      <trkpt lat="22.6014840602874755859375" lon="113.88450692407786846160888671875">
        <ele>13.80000019073486328125</ele>
        <time>2026-08-17T22:49:18.000Z</time>
        <extensions>
          <ns3:TrackPointExtension>
            <ns3:hr>156</ns3:hr>
            <ns3:cad>93</ns3:cad>
          </ns3:TrackPointExtension>
        </extensions>
      </trkpt>
      <trkpt lat="22.601491771638393402099609375" lon="113.88454162515699863433837890625">
        <ele>13.80000019073486328125</ele>
        <time>2026-08-17T22:49:19.000Z</time>
        <extensions>
          <ns3:TrackPointExtension>
            <ns3:hr>155</ns3:hr>
            <ns3:cad>94</ns3:cad>
          </ns3:TrackPointExtension>
        </extensions>
      </trkpt>
      <trkpt lat="22.601501159369945526123046875" lon="113.8845816068351268768310546875">
        <ele>13.80000019073486328125</ele>
        <time>2026-08-17T22:49:20.000Z</time>
        <extensions>
          <ns3:TrackPointExtension>
            <ns3:hr>155</ns3:hr>
            <ns3:cad>95</ns3:cad>
          </ns3:TrackPointExtension>
        </extensions>
      </trkpt>
      <trkpt lat="22.60151297785341739654541015625" lon="113.88461253605782985687255859375">
        <ele>13.80000019073486328125</ele>
        <time>2026-08-17T22:49:21.000Z</time>
        <extensions>
          <ns3:TrackPointExtension>
            <ns3:hr>155</ns3:hr>
            <ns3:cad>95</ns3:cad>
          </ns3:TrackPointExtension>
        </extensions>
      </trkpt>
      <trkpt lat="22.60152236558496952056884765625" lon="113.88464824296534061431884765625">
        <ele>13.80000019073486328125</ele>
        <time>2026-08-17T22:49:22.000Z</time>
        <extensions>
          <ns3:TrackPointExtension>
            <ns3:hr>155</ns3:hr>
            <ns3:cad>95</ns3:cad>
          </ns3:TrackPointExtension>
        </extensions>
      </trkpt>
      <trkpt lat="22.60153778828680515289306640625" lon="113.88467992655932903289794921875">
        <ele>13.80000019073486328125</ele>
        <time>2026-08-17T22:49:23.000Z</time>
        <extensions>
          <ns3:TrackPointExtension>
            <ns3:hr>155</ns3:hr>
            <ns3:cad>95</ns3:cad>
          </ns3:TrackPointExtension>
        </extensions>
      </trkpt>
      <trkpt lat="22.601556815207004547119140625" lon="113.884707503020763397216796875">
        <ele>13.80000019073486328125</ele>
        <time>2026-08-17T22:49:24.000Z</time>
        <extensions>
          <ns3:TrackPointExtension>
            <ns3:hr>155</ns3:hr>
            <ns3:cad>94</ns3:cad>
          </ns3:TrackPointExtension>
        </extensions>
      </trkpt>
      <trkpt lat="22.60158791206777095794677734375" lon="113.884741030633449554443359375">
        <ele>13.6000003814697265625</ele>
        <time>2026-08-17T22:49:25.000Z</time>
        <extensions>
          <ns3:TrackPointExtension>
            <ns3:hr>155</ns3:hr>
            <ns3:cad>95</ns3:cad>
          </ns3:TrackPointExtension>
        </extensions>
      </trkpt>
      <trkpt lat="22.60160601697862148284912109375" lon="113.884771876037120819091796875">
        <ele>13.6000003814697265625</ele>
        <time>2026-08-17T22:49:26.000Z</time>
        <extensions>
          <ns3:TrackPointExtension>
            <ns3:hr>154</ns3:hr>
            <ns3:cad>95</ns3:cad>
          </ns3:TrackPointExtension>
        </extensions>
      </trkpt>
      <trkpt lat="22.6016221940517425537109375" lon="113.884816467761993408203125">
        <ele>13.6000003814697265625</ele>
        <time>2026-08-17T22:49:27.000Z</time>
        <extensions>
          <ns3:TrackPointExtension>
            <ns3:hr>155</ns3:hr>
            <ns3:cad>94</ns3:cad>
          </ns3:TrackPointExtension>
        </extensions>
      </trkpt>
      <trkpt lat="22.60163317434489727020263671875" lon="113.88484655879437923431396484375">
        <ele>13.6000003814697265625</ele>
        <time>2026-08-17T22:49:28.000Z</time>
        <extensions>
          <ns3:TrackPointExtension>
            <ns3:hr>155</ns3:hr>
            <ns3:cad>94</ns3:cad>
          </ns3:TrackPointExtension>
        </extensions>
      </trkpt>
      <trkpt lat="22.6016434840857982635498046875" lon="113.884885869920253753662109375">
        <ele>13.6000003814697265625</ele>
        <time>2026-08-17T22:49:29.000Z</time>
        <extensions>
          <ns3:TrackPointExtension>
            <ns3:hr>155</ns3:hr>
            <ns3:cad>93</ns3:cad>
          </ns3:TrackPointExtension>
        </extensions>
      </trkpt>
      <trkpt lat="22.6016568951308727264404296875" lon="113.88491881079971790313720703125">
        <ele>13.6000003814697265625</ele>
        <time>2026-08-17T22:49:30.000Z</time>
        <extensions>
          <ns3:TrackPointExtension>
            <ns3:hr>155</ns3:hr>
            <ns3:cad>93</ns3:cad>
          </ns3:TrackPointExtension>
        </extensions>
      </trkpt>
      <trkpt lat="22.60166385211050510406494140625" lon="113.8849497400224208831787109375">
        <ele>13.6000003814697265625</ele>
        <time>2026-08-17T22:49:31.000Z</time>
        <extensions>
          <ns3:TrackPointExtension>
            <ns3:hr>155</ns3:hr>
            <ns3:cad>93</ns3:cad>
          </ns3:TrackPointExtension>
        </extensions>
      </trkpt>
      <trkpt lat="22.60167424567043781280517578125" lon="113.88499022461473941802978515625">
        <ele>13.6000003814697265625</ele>
        <time>2026-08-17T22:49:32.000Z</time>
        <extensions>
          <ns3:TrackPointExtension>
            <ns3:hr>155</ns3:hr>
            <ns3:cad>95</ns3:cad>
          </ns3:TrackPointExtension>
        </extensions>
      </trkpt>
      <trkpt lat="22.60168396867811679840087890625" lon="113.88501830399036407470703125">
        <ele>13.6000003814697265625</ele>
        <time>2026-08-17T22:49:33.000Z</time>
        <extensions>
          <ns3:TrackPointExtension>
            <ns3:hr>155</ns3:hr>
            <ns3:cad>95</ns3:cad>
          </ns3:TrackPointExtension>
        </extensions>
      </trkpt>
      <trkpt lat="22.6016907580196857452392578125" lon="113.8850590400397777557373046875">
        <ele>13.6000003814697265625</ele>
        <time>2026-08-17T22:49:34.000Z</time>
        <extensions>
          <ns3:TrackPointExtension>
            <ns3:hr>155</ns3:hr>
            <ns3:cad>95</ns3:cad>
          </ns3:TrackPointExtension>
        </extensions>
      </trkpt>
      <trkpt lat="22.60170408524572849273681640625" lon="113.88509206473827362060546875">
        <ele>13.3999996185302734375</ele>
        <time>2026-08-17T22:49:35.000Z</time>
        <extensions>
          <ns3:TrackPointExtension>
            <ns3:hr>155</ns3:hr>
            <ns3:cad>96</ns3:cad>
          </ns3:TrackPointExtension>
        </extensions>
      </trkpt>
      <trkpt lat="22.60170877911150455474853515625" lon="113.8851264305412769317626953125">
        <ele>13.6000003814697265625</ele>
        <time>2026-08-17T22:49:36.000Z</time>
        <extensions>
          <ns3:TrackPointExtension>
            <ns3:hr>155</ns3:hr>
            <ns3:cad>96</ns3:cad>
          </ns3:TrackPointExtension>
        </extensions>
      </trkpt>
      <trkpt lat="22.60171917267143726348876953125" lon="113.88516523875296115875244140625">
        <ele>13.6000003814697265625</ele>
        <time>2026-08-17T22:49:37.000Z</time>
        <extensions>
          <ns3:TrackPointExtension>
            <ns3:hr>155</ns3:hr>
            <ns3:cad>94</ns3:cad>
          </ns3:TrackPointExtension>
        </extensions>
      </trkpt>
      <trkpt lat="22.60172135196626186370849609375" lon="113.8851938210427761077880859375">
        <ele>13.6000003814697265625</ele>
        <time>2026-08-17T22:49:38.000Z</time>
        <extensions>
          <ns3:TrackPointExtension>
            <ns3:hr>154</ns3:hr>
            <ns3:cad>94</ns3:cad>
          </ns3:TrackPointExtension>
        </extensions>
      </trkpt>
      <trkpt lat="22.60173141025006771087646484375" lon="113.88523765839636325836181640625">
        <ele>13.6000003814697265625</ele>
        <time>2026-08-17T22:49:39.000Z</time>
        <extensions>
          <ns3:TrackPointExtension>
            <ns3:hr>154</ns3:hr>
            <ns3:cad>94</ns3:cad>
          </ns3:TrackPointExtension>
        </extensions>
      </trkpt>
      <trkpt lat="22.60173694230616092681884765625" lon="113.8852692581713199615478515625">
        <ele>13.6000003814697265625</ele>
        <time>2026-08-17T22:49:40.000Z</time>
        <extensions>
          <ns3:TrackPointExtension>
            <ns3:hr>154</ns3:hr>
            <ns3:cad>95</ns3:cad>
          </ns3:TrackPointExtension>
        </extensions>
      </trkpt>
      <trkpt lat="22.60173954069614410400390625" lon="113.885307647287845611572265625">
        <ele>13.6000003814697265625</ele>
        <time>2026-08-17T22:49:41.000Z</time>
        <extensions>
          <ns3:TrackPointExtension>
            <ns3:hr>154</ns3:hr>
            <ns3:cad>94</ns3:cad>
          </ns3:TrackPointExtension>
        </extensions>
      </trkpt>
      <trkpt lat="22.6017507724463939666748046875" lon="113.88534377329051494598388671875">
        <ele>13.6000003814697265625</ele>
        <time>2026-08-17T22:49:42.000Z</time>
        <extensions>
          <ns3:TrackPointExtension>
            <ns3:hr>155</ns3:hr>
            <ns3:cad>94</ns3:cad>
          </ns3:TrackPointExtension>
        </extensions>
      </trkpt>
      <trkpt lat="22.6017527841031551361083984375" lon="113.8853738643229007720947265625">
        <ele>13.6000003814697265625</ele>
        <time>2026-08-17T22:49:43.000Z</time>
        <extensions>
          <ns3:TrackPointExtension>
            <ns3:hr>155</ns3:hr>
            <ns3:cad>94</ns3:cad>
          </ns3:TrackPointExtension>
        </extensions>
      </trkpt>
      <trkpt lat="22.6017635129392147064208984375" lon="113.885418288409709930419921875">
        <ele>13.6000003814697265625</ele>
        <time>2026-08-17T22:49:44.000Z</time>
        <extensions>
          <ns3:TrackPointExtension>
            <ns3:hr>155</ns3:hr>
            <ns3:cad>94</ns3:cad>
          </ns3:TrackPointExtension>
        </extensions>
      </trkpt>
      <trkpt lat="22.6017702184617519378662109375" lon="113.88544603250920772552490234375">
        <ele>13.6000003814697265625</ele>
        <time>2026-08-17T22:49:45.000Z</time>
        <extensions>
          <ns3:TrackPointExtension>
            <ns3:hr>154</ns3:hr>
            <ns3:cad>95</ns3:cad>
          </ns3:TrackPointExtension>
        </extensions>
      </trkpt>
      <trkpt lat="22.6017789356410503387451171875" lon="113.88548341579735279083251953125">
        <ele>13.6000003814697265625</ele>
        <time>2026-08-17T22:49:46.000Z</time>
        <extensions>
          <ns3:TrackPointExtension>
            <ns3:hr>155</ns3:hr>
            <ns3:cad>95</ns3:cad>
          </ns3:TrackPointExtension>
        </extensions>
      </trkpt>
      <trkpt lat="22.60178790427744388580322265625" lon="113.88551224954426288604736328125">
        <ele>13.3999996185302734375</ele>
        <time>2026-08-17T22:49:47.000Z</time>
        <extensions>
          <ns3:TrackPointExtension>
            <ns3:hr>155</ns3:hr>
            <ns3:cad>95</ns3:cad>
          </ns3:TrackPointExtension>
        </extensions>
      </trkpt>
      <trkpt lat="22.60179511271417140960693359375" lon="113.8855438493192195892333984375">
        <ele>13.3999996185302734375</ele>
        <time>2026-08-17T22:49:48.000Z</time>
        <extensions>
          <ns3:TrackPointExtension>
            <ns3:hr>154</ns3:hr>
            <ns3:cad>95</ns3:cad>
          </ns3:TrackPointExtension>
        </extensions>
      </trkpt>
      <trkpt lat="22.60180919431149959564208984375" lon="113.8855793885886669158935546875">
        <ele>13.3999996185302734375</ele>
        <time>2026-08-17T22:49:49.000Z</time>
        <extensions>
          <ns3:TrackPointExtension>
            <ns3:hr>155</ns3:hr>
            <ns3:cad>94</ns3:cad>
          </ns3:TrackPointExtension>
        </extensions>
      </trkpt>
      <trkpt lat="22.60181623511016368865966796875" lon="113.88560545630753040313720703125">
        <ele>13.3999996185302734375</ele>
        <time>2026-08-17T22:49:50.000Z</time>
        <extensions>
          <ns3:TrackPointExtension>
            <ns3:hr>155</ns3:hr>
            <ns3:cad>94</ns3:cad>
          </ns3:TrackPointExtension>
        </extensions>
      </trkpt>
      <trkpt lat="22.60182671248912811279296875" lon="113.885645605623722076416015625">
        <ele>13.3999996185302734375</ele>
        <time>2026-08-17T22:49:51.000Z</time>
        <extensions>
          <ns3:TrackPointExtension>
            <ns3:hr>154</ns3:hr>
            <ns3:cad>94</ns3:cad>
          </ns3:TrackPointExtension>
        </extensions>
      </trkpt>
      <trkpt lat="22.6018394529819488525390625" lon="113.885674774646759033203125">
        <ele>13.3999996185302734375</ele>
        <time>2026-08-17T22:49:52.000Z</time>
        <extensions>
          <ns3:TrackPointExtension>
            <ns3:hr>155</ns3:hr>
            <ns3:cad>94</ns3:cad>
          </ns3:TrackPointExtension>
        </extensions>
      </trkpt>
      <trkpt lat="22.6018459908664226531982421875" lon="113.88570888899266719818115234375">
        <ele>13.3999996185302734375</ele>
        <time>2026-08-17T22:49:53.000Z</time>
        <extensions>
          <ns3:TrackPointExtension>
            <ns3:hr>154</ns3:hr>
            <ns3:cad>94</ns3:cad>
          </ns3:TrackPointExtension>
        </extensions>
      </trkpt>
      <trkpt lat="22.601859904825687408447265625" lon="113.88573990203440189361572265625">
        <ele>13.3999996185302734375</ele>
        <time>2026-08-17T22:49:54.000Z</time>
        <extensions>
          <ns3:TrackPointExtension>
            <ns3:hr>154</ns3:hr>
            <ns3:cad>95</ns3:cad>
          </ns3:TrackPointExtension>
        </extensions>
      </trkpt>
      <trkpt lat="22.601867616176605224609375" lon="113.885769657790660858154296875">
        <ele>13.3999996185302734375</ele>
        <time>2026-08-17T22:49:55.000Z</time>
        <extensions>
          <ns3:TrackPointExtension>
            <ns3:hr>154</ns3:hr>
            <ns3:cad>94</ns3:cad>
          </ns3:TrackPointExtension>
        </extensions>
      </trkpt>
      <trkpt lat="22.6018872298300266265869140625" lon="113.88580611906945705413818359375">
        <ele>13.3999996185302734375</ele>
        <time>2026-08-17T22:49:56.000Z</time>
        <extensions>
          <ns3:TrackPointExtension>
            <ns3:hr>155</ns3:hr>
            <ns3:cad>94</ns3:cad>
          </ns3:TrackPointExtension>
        </extensions>
      </trkpt>
      <trkpt lat="22.60189586319029331207275390625" lon="113.8858321867883205413818359375">
        <ele>13.3999996185302734375</ele>
        <time>2026-08-17T22:49:57.000Z</time>
        <extensions>
          <ns3:TrackPointExtension>
            <ns3:hr>155</ns3:hr>
            <ns3:cad>94</ns3:cad>
          </ns3:TrackPointExtension>
        </extensions>
      </trkpt>
      <trkpt lat="22.60191212408244609832763671875" lon="113.88587116263806819915771484375">
        <ele>13.19999980926513671875</ele>
        <time>2026-08-17T22:49:58.000Z</time>
        <extensions>
          <ns3:TrackPointExtension>
            <ns3:hr>155</ns3:hr>
            <ns3:cad>94</ns3:cad>
          </ns3:TrackPointExtension>
        </extensions>
      </trkpt>
      <trkpt lat="22.60192461311817169189453125" lon="113.88589513488113880157470703125">
        <ele>13.3999996185302734375</ele>
        <time>2026-08-17T22:49:59.000Z</time>
        <extensions>
          <ns3:TrackPointExtension>
            <ns3:hr>155</ns3:hr>
            <ns3:cad>94</ns3:cad>
          </ns3:TrackPointExtension>
        </extensions>
      </trkpt>
      <trkpt lat="22.6019422151148319244384765625" lon="113.88592698611319065093994140625">
        <ele>13.3999996185302734375</ele>
        <time>2026-08-17T22:50:00.000Z</time>
        <extensions>
          <ns3:TrackPointExtension>
            <ns3:hr>155</ns3:hr>
            <ns3:cad>94</ns3:cad>
          </ns3:TrackPointExtension>
        </extensions>
      </trkpt>
      <trkpt lat="22.6019633375108242034912109375" lon="113.88595498166978359222412109375">
        <ele>13.3999996185302734375</ele>
        <time>2026-08-17T22:50:01.000Z</time>
        <extensions>
          <ns3:TrackPointExtension>
            <ns3:hr>155</ns3:hr>
            <ns3:cad>93</ns3:cad>
          </ns3:TrackPointExtension>
        </extensions>
      </trkpt>
      <trkpt lat="22.60197767056524753570556640625" lon="113.8859830610454082489013671875">
        <ele>13.19999980926513671875</ele>
        <time>2026-08-17T22:50:02.000Z</time>
        <extensions>
          <ns3:TrackPointExtension>
            <ns3:hr>155</ns3:hr>
            <ns3:cad>93</ns3:cad>
          </ns3:TrackPointExtension>
        </extensions>
      </trkpt>
      <trkpt lat="22.6020005531609058380126953125" lon="113.88601382263004779815673828125">
        <ele>13.19999980926513671875</ele>
        <time>2026-08-17T22:50:03.000Z</time>
        <extensions>
          <ns3:TrackPointExtension>
            <ns3:hr>155</ns3:hr>
            <ns3:cad>93</ns3:cad>
          </ns3:TrackPointExtension>
        </extensions>
      </trkpt>
      <trkpt lat="22.60201438330113887786865234375" lon="113.8860360346734523773193359375">
        <ele>13.19999980926513671875</ele>
        <time>2026-08-17T22:50:04.000Z</time>
        <extensions>
          <ns3:TrackPointExtension>
            <ns3:hr>155</ns3:hr>
            <ns3:cad>93</ns3:cad>
          </ns3:TrackPointExtension>
        </extensions>
      </trkpt>
      <trkpt lat="22.6020352542400360107421875" lon="113.88607232831418514251708984375">
        <ele>13.19999980926513671875</ele>
        <time>2026-08-17T22:50:05.000Z</time>
        <extensions>
          <ns3:TrackPointExtension>
            <ns3:hr>156</ns3:hr>
            <ns3:cad>95</ns3:cad>
          </ns3:TrackPointExtension>
        </extensions>
      </trkpt>
      <trkpt lat="22.6020538620650768280029296875" lon="113.8860918581485748291015625">
        <ele>13.19999980926513671875</ele>
        <time>2026-08-17T22:50:06.000Z</time>
        <extensions>
          <ns3:TrackPointExtension>
            <ns3:hr>155</ns3:hr>
            <ns3:cad>95</ns3:cad>
          </ns3:TrackPointExtension>
        </extensions>
      </trkpt>
      <trkpt lat="22.602073140442371368408203125" lon="113.88612261973321437835693359375">
        <ele>13.3999996185302734375</ele>
        <time>2026-08-17T22:50:07.000Z</time>
        <extensions>
          <ns3:TrackPointExtension>
            <ns3:hr>155</ns3:hr>
            <ns3:cad>94</ns3:cad>
          </ns3:TrackPointExtension>
        </extensions>
      </trkpt>
      <trkpt lat="22.602095268666744232177734375" lon="113.88614617288112640380859375">
        <ele>13.3999996185302734375</ele>
        <time>2026-08-17T22:50:08.000Z</time>
        <extensions>
          <ns3:TrackPointExtension>
            <ns3:hr>155</ns3:hr>
            <ns3:cad>94</ns3:cad>
          </ns3:TrackPointExtension>
        </extensions>
      </trkpt>
      <trkpt lat="22.60211261920630931854248046875" lon="113.886169977486133575439453125">
        <ele>13.3999996185302734375</ele>
        <time>2026-08-17T22:50:09.000Z</time>
        <extensions>
          <ns3:TrackPointExtension>
            <ns3:hr>156</ns3:hr>
            <ns3:cad>94</ns3:cad>
          </ns3:TrackPointExtension>
        </extensions>
      </trkpt>
      <trkpt lat="22.60213525034487247467041015625" lon="113.8862019963562488555908203125">
        <ele>13.3999996185302734375</ele>
        <time>2026-08-17T22:50:10.000Z</time>
        <extensions>
          <ns3:TrackPointExtension>
            <ns3:hr>155</ns3:hr>
            <ns3:cad>94</ns3:cad>
          </ns3:TrackPointExtension>
        </extensions>
      </trkpt>
      <trkpt lat="22.6021527685225009918212890625" lon="113.8862224481999874114990234375">
        <ele>13.3999996185302734375</ele>
        <time>2026-08-17T22:50:11.000Z</time>
        <extensions>
          <ns3:TrackPointExtension>
            <ns3:hr>155</ns3:hr>
            <ns3:cad>94</ns3:cad>
          </ns3:TrackPointExtension>
        </extensions>
      </trkpt>
      <trkpt lat="22.60217665694653987884521484375" lon="113.88625455088913440704345703125">
        <ele>13.3999996185302734375</ele>
        <time>2026-08-17T22:50:12.000Z</time>
        <extensions>
          <ns3:TrackPointExtension>
            <ns3:hr>156</ns3:hr>
            <ns3:cad>95</ns3:cad>
          </ns3:TrackPointExtension>
        </extensions>
      </trkpt>
      <trkpt lat="22.60219744406640529632568359375" lon="113.88627097941935062408447265625">
        <ele>13.3999996185302734375</ele>
        <time>2026-08-17T22:50:13.000Z</time>
        <extensions>
          <ns3:TrackPointExtension>
            <ns3:hr>156</ns3:hr>
            <ns3:cad>95</ns3:cad>
          </ns3:TrackPointExtension>
        </extensions>
      </trkpt>
      <trkpt lat="22.6022168062627315521240234375" lon="113.88630132190883159637451171875">
        <ele>13.3999996185302734375</ele>
        <time>2026-08-17T22:50:14.000Z</time>
        <extensions>
          <ns3:TrackPointExtension>
            <ns3:hr>156</ns3:hr>
            <ns3:cad>95</ns3:cad>
          </ns3:TrackPointExtension>
        </extensions>
      </trkpt>
      <trkpt lat="22.6022399403154850006103515625" lon="113.8863265514373779296875">
        <ele>13.3999996185302734375</ele>
        <time>2026-08-17T22:50:15.000Z</time>
        <extensions>
          <ns3:TrackPointExtension>
            <ns3:hr>156</ns3:hr>
            <ns3:cad>94</ns3:cad>
          </ns3:TrackPointExtension>
        </extensions>
      </trkpt>
      <trkpt lat="22.60226349346339702606201171875" lon="113.8863520324230194091796875">
        <ele>13.3999996185302734375</ele>
        <time>2026-08-17T22:50:16.000Z</time>
        <extensions>
          <ns3:TrackPointExtension>
            <ns3:hr>155</ns3:hr>
            <ns3:cad>94</ns3:cad>
          </ns3:TrackPointExtension>
        </extensions>
      </trkpt>
      <trkpt lat="22.60229048319160938262939453125" lon="113.886379189789295196533203125">
        <ele>13.3999996185302734375</ele>
        <time>2026-08-17T22:50:17.000Z</time>
        <extensions>
          <ns3:TrackPointExtension>
            <ns3:hr>156</ns3:hr>
            <ns3:cad>94</ns3:cad>
          </ns3:TrackPointExtension>
        </extensions>
      </trkpt>
      <trkpt lat="22.60231026448309421539306640625" lon="113.88639737851917743682861328125">
        <ele>13.3999996185302734375</ele>
        <time>2026-08-17T22:50:18.000Z</time>
        <extensions>
          <ns3:TrackPointExtension>
            <ns3:hr>156</ns3:hr>
            <ns3:cad>94</ns3:cad>
          </ns3:TrackPointExtension>
        </extensions>
      </trkpt>
      <trkpt lat="22.602332644164562225341796875" lon="113.8864299841225147247314453125">
        <ele>13.3999996185302734375</ele>
        <time>2026-08-17T22:50:19.000Z</time>
        <extensions>
          <ns3:TrackPointExtension>
            <ns3:hr>156</ns3:hr>
            <ns3:cad>94</ns3:cad>
          </ns3:TrackPointExtension>
        </extensions>
      </trkpt>
      <trkpt lat="22.60235108435153961181640625" lon="113.88645865023136138916015625">
        <ele>13.3999996185302734375</ele>
        <time>2026-08-17T22:50:20.000Z</time>
        <extensions>
          <ns3:TrackPointExtension>
            <ns3:hr>156</ns3:hr>
            <ns3:cad>93</ns3:cad>
          </ns3:TrackPointExtension>
        </extensions>
      </trkpt>
      <trkpt lat="22.6023713685572147369384765625" lon="113.88649092055857181549072265625">
        <ele>13.19999980926513671875</ele>
        <time>2026-08-17T22:50:21.000Z</time>
        <extensions>
          <ns3:TrackPointExtension>
            <ns3:hr>156</ns3:hr>
            <ns3:cad>93</ns3:cad>
          </ns3:TrackPointExtension>
        </extensions>
      </trkpt>
      <trkpt lat="22.60239425115287303924560546875" lon="113.88651288114488124847412109375">
        <ele>13.19999980926513671875</ele>
        <time>2026-08-17T22:50:22.000Z</time>
        <extensions>
          <ns3:TrackPointExtension>
            <ns3:hr>156</ns3:hr>
            <ns3:cad>93</ns3:cad>
          </ns3:TrackPointExtension>
        </extensions>
      </trkpt>
      <trkpt lat="22.60242057032883167266845703125" lon="113.88653635047376155853271484375">
        <ele>13.19999980926513671875</ele>
        <time>2026-08-17T22:50:23.000Z</time>
        <extensions>
          <ns3:TrackPointExtension>
            <ns3:hr>156</ns3:hr>
            <ns3:cad>93</ns3:cad>
          </ns3:TrackPointExtension>
        </extensions>
      </trkpt>
      <trkpt lat="22.60244739241898059844970703125" lon="113.88655093498528003692626953125">
        <ele>13.19999980926513671875</ele>
        <time>2026-08-17T22:50:24.000Z</time>
        <extensions>
          <ns3:TrackPointExtension>
            <ns3:hr>156</ns3:hr>
            <ns3:cad>93</ns3:cad>
          </ns3:TrackPointExtension>
        </extensions>
      </trkpt>
      <trkpt lat="22.60247287340462207794189453125" lon="113.88657205738127231597900390625">
        <ele>13</ele>
        <time>2026-08-17T22:50:25.000Z</time>
        <extensions>
          <ns3:TrackPointExtension>
            <ns3:hr>156</ns3:hr>
            <ns3:cad>94</ns3:cad>
          </ns3:TrackPointExtension>
        </extensions>
      </trkpt>
      <trkpt lat="22.602505981922149658203125" lon="113.88659100048243999481201171875">
        <ele>13</ele>
        <time>2026-08-17T22:50:26.000Z</time>
        <extensions>
          <ns3:TrackPointExtension>
            <ns3:hr>155</ns3:hr>
            <ns3:cad>93</ns3:cad>
          </ns3:TrackPointExtension>
        </extensions>
      </trkpt>
      <trkpt lat="22.60253087617456912994384765625" lon="113.88660558499395847320556640625">
        <ele>13</ele>
        <time>2026-08-17T22:50:27.000Z</time>
        <extensions>
          <ns3:TrackPointExtension>
            <ns3:hr>156</ns3:hr>
            <ns3:cad>93</ns3:cad>
          </ns3:TrackPointExtension>
        </extensions>
      </trkpt>
      <trkpt lat="22.60256138630211353302001953125" lon="113.886625282466411590576171875">
        <ele>13</ele>
        <time>2026-08-17T22:50:28.000Z</time>
        <extensions>
          <ns3:TrackPointExtension>
            <ns3:hr>156</ns3:hr>
            <ns3:cad>93</ns3:cad>
          </ns3:TrackPointExtension>
        </extensions>
      </trkpt>
      <trkpt lat="22.60258887894451618194580078125" lon="113.88663928024470806121826171875">
        <ele>13</ele>
        <time>2026-08-17T22:50:29.000Z</time>
        <extensions>
          <ns3:TrackPointExtension>
            <ns3:hr>156</ns3:hr>
            <ns3:cad>93</ns3:cad>
          </ns3:TrackPointExtension>
        </extensions>
      </trkpt>
      <trkpt lat="22.602616287767887115478515625" lon="113.8866526074707508087158203125">
        <ele>13</ele>
        <time>2026-08-17T22:50:30.000Z</time>
        <extensions>
          <ns3:TrackPointExtension>
            <ns3:hr>156</ns3:hr>
            <ns3:cad>95</ns3:cad>
          </ns3:TrackPointExtension>
        </extensions>
      </trkpt>
      <trkpt lat="22.602642439305782318115234375" lon="113.88666652143001556396484375">
        <ele>13</ele>
        <time>2026-08-17T22:50:31.000Z</time>
        <extensions>
          <ns3:TrackPointExtension>
            <ns3:hr>156</ns3:hr>
            <ns3:cad>96</ns3:cad>
          </ns3:TrackPointExtension>
        </extensions>
      </trkpt>
      <trkpt lat="22.6026700995862483978271484375" lon="113.8866801001131534576416015625">
        <ele>13</ele>
        <time>2026-08-17T22:50:32.000Z</time>
        <extensions>
          <ns3:TrackPointExtension>
            <ns3:hr>156</ns3:hr>
            <ns3:cad>96</ns3:cad>
          </ns3:TrackPointExtension>
        </extensions>
      </trkpt>
      <trkpt lat="22.60269817896187305450439453125" lon="113.88669342733919620513916015625">
        <ele>13</ele>
        <time>2026-08-17T22:50:33.000Z</time>
        <extensions>
          <ns3:TrackPointExtension>
            <ns3:hr>156</ns3:hr>
            <ns3:cad>94</ns3:cad>
          </ns3:TrackPointExtension>
        </extensions>
      </trkpt>
      <trkpt lat="22.602724246680736541748046875" lon="113.88670600019395351409912109375">
        <ele>13</ele>
        <time>2026-08-17T22:50:34.000Z</time>
        <extensions>
          <ns3:TrackPointExtension>
            <ns3:hr>156</ns3:hr>
            <ns3:cad>94</ns3:cad>
          </ns3:TrackPointExtension>
        </extensions>
      </trkpt>
      <trkpt lat="22.6027488894760608673095703125" lon="113.88671748340129852294921875">
        <ele>13</ele>
        <time>2026-08-17T22:50:35.000Z</time>
        <extensions>
          <ns3:TrackPointExtension>
            <ns3:hr>156</ns3:hr>
            <ns3:cad>94</ns3:cad>
          </ns3:TrackPointExtension>
        </extensions>
      </trkpt>
      <trkpt lat="22.60277462191879749298095703125" lon="113.88672553002834320068359375">
        <ele>13</ele>
        <time>2026-08-17T22:50:36.000Z</time>
        <extensions>
          <ns3:TrackPointExtension>
            <ns3:hr>156</ns3:hr>
            <ns3:cad>95</ns3:cad>
          </ns3:TrackPointExtension>
        </extensions>
      </trkpt>
      <trkpt lat="22.6027998514473438262939453125" lon="113.8867293857038021087646484375">
        <ele>12.80000019073486328125</ele>
        <time>2026-08-17T22:50:37.000Z</time>
        <extensions>
          <ns3:TrackPointExtension>
            <ns3:hr>157</ns3:hr>
            <ns3:cad>95</ns3:cad>
          </ns3:TrackPointExtension>
        </extensions>
      </trkpt>
      <trkpt lat="22.602826841175556182861328125" lon="113.88676065020263195037841796875">
        <ele>12.80000019073486328125</ele>
        <time>2026-08-17T22:50:38.000Z</time>
        <extensions>
          <ns3:TrackPointExtension>
            <ns3:hr>157</ns3:hr>
            <ns3:cad>95</ns3:cad>
          </ns3:TrackPointExtension>
        </extensions>
      </trkpt>
      <trkpt lat="22.60286581702530384063720703125" lon="113.88676433824002742767333984375">
        <ele>12.80000019073486328125</ele>
        <time>2026-08-17T22:50:39.000Z</time>
        <extensions>
          <ns3:TrackPointExtension>
            <ns3:hr>157</ns3:hr>
            <ns3:cad>95</ns3:cad>
          </ns3:TrackPointExtension>
        </extensions>
      </trkpt>
      <trkpt lat="22.60290420614182949066162109375" lon="113.88678914867341518402099609375">
        <ele>12.6000003814697265625</ele>
        <time>2026-08-17T22:50:40.000Z</time>
        <extensions>
          <ns3:TrackPointExtension>
            <ns3:hr>157</ns3:hr>
            <ns3:cad>94</ns3:cad>
          </ns3:TrackPointExtension>
        </extensions>
      </trkpt>
      <trkpt lat="22.6029346324503421783447265625" lon="113.88680197298526763916015625">
        <ele>12.6000003814697265625</ele>
        <time>2026-08-17T22:50:41.000Z</time>
        <extensions>
          <ns3:TrackPointExtension>
            <ns3:hr>157</ns3:hr>
            <ns3:cad>95</ns3:cad>
          </ns3:TrackPointExtension>
        </extensions>
      </trkpt>
      <trkpt lat="22.6029611192643642425537109375" lon="113.886822424829006195068359375">
        <ele>12.80000019073486328125</ele>
        <time>2026-08-17T22:50:42.000Z</time>
        <extensions>
          <ns3:TrackPointExtension>
            <ns3:hr>157</ns3:hr>
            <ns3:cad>95</ns3:cad>
          </ns3:TrackPointExtension>
        </extensions>
      </trkpt>
      <trkpt lat="22.602984420955181121826171875" lon="113.88683759607374668121337890625">
        <ele>13</ele>
        <time>2026-08-17T22:50:43.000Z</time>
        <extensions>
          <ns3:TrackPointExtension>
            <ns3:hr>158</ns3:hr>
            <ns3:cad>95</ns3:cad>
          </ns3:TrackPointExtension>
        </extensions>
      </trkpt>
      <trkpt lat="22.60300613008439540863037109375" lon="113.886855952441692352294921875">
        <ele>13</ele>
        <time>2026-08-17T22:50:44.000Z</time>
        <extensions>
          <ns3:TrackPointExtension>
            <ns3:hr>157</ns3:hr>
            <ns3:cad>95</ns3:cad>
          </ns3:TrackPointExtension>
        </extensions>
      </trkpt>
      <trkpt lat="22.6030409149825572967529296875" lon="113.88687212951481342315673828125">
        <ele>13.19999980926513671875</ele>
        <time>2026-08-17T22:50:45.000Z</time>
        <extensions>
          <ns3:TrackPointExtension>
            <ns3:hr>157</ns3:hr>
            <ns3:cad>95</ns3:cad>
          </ns3:TrackPointExtension>
        </extensions>
      </trkpt>
      <trkpt lat="22.60306815616786479949951171875" lon="113.88688403181731700897216796875">
        <ele>13.19999980926513671875</ele>
        <time>2026-08-17T22:50:46.000Z</time>
        <extensions>
          <ns3:TrackPointExtension>
            <ns3:hr>157</ns3:hr>
            <ns3:cad>95</ns3:cad>
          </ns3:TrackPointExtension>
        </extensions>
      </trkpt>
      <trkpt lat="22.60310369543731212615966796875" lon="113.88690314255654811859130859375">
        <ele>13.19999980926513671875</ele>
        <time>2026-08-17T22:50:47.000Z</time>
        <extensions>
          <ns3:TrackPointExtension>
            <ns3:hr>158</ns3:hr>
            <ns3:cad>92</ns3:cad>
          </ns3:TrackPointExtension>
        </extensions>
      </trkpt>
      <trkpt lat="22.60312800295650959014892578125" lon="113.88691286556422710418701171875">
        <ele>13.19999980926513671875</ele>
        <time>2026-08-17T22:50:48.000Z</time>
        <extensions>
          <ns3:TrackPointExtension>
            <ns3:hr>157</ns3:hr>
            <ns3:cad>92</ns3:cad>
          </ns3:TrackPointExtension>
        </extensions>
      </trkpt>
      <trkpt lat="22.60316119529306888580322265625" lon="113.886925019323825836181640625">
        <ele>13.19999980926513671875</ele>
        <time>2026-08-17T22:50:49.000Z</time>
        <extensions>
          <ns3:TrackPointExtension>
            <ns3:hr>157</ns3:hr>
            <ns3:cad>92</ns3:cad>
          </ns3:TrackPointExtension>
        </extensions>
      </trkpt>
      <trkpt lat="22.603181563317775726318359375" lon="113.88691940344870090484619140625">
        <ele>13.19999980926513671875</ele>
        <time>2026-08-17T22:50:50.000Z</time>
        <extensions>
          <ns3:TrackPointExtension>
            <ns3:hr>156</ns3:hr>
            <ns3:cad>93</ns3:cad>
          </ns3:TrackPointExtension>
        </extensions>
      </trkpt>
      <trkpt lat="22.603210397064685821533203125" lon="113.88692937791347503662109375">
        <ele>13.19999980926513671875</ele>
        <time>2026-08-17T22:50:51.000Z</time>
        <extensions>
          <ns3:TrackPointExtension>
            <ns3:hr>156</ns3:hr>
            <ns3:cad>94</ns3:cad>
          </ns3:TrackPointExtension>
        </extensions>
      </trkpt>
      <trkpt lat="22.6032303459942340850830078125" lon="113.88694287277758121490478515625">
        <ele>13.19999980926513671875</ele>
        <time>2026-08-17T22:50:52.000Z</time>
        <extensions>
          <ns3:TrackPointExtension>
            <ns3:hr>156</ns3:hr>
            <ns3:cad>93</ns3:cad>
          </ns3:TrackPointExtension>
        </extensions>
      </trkpt>
      <trkpt lat="22.60325356386601924896240234375" lon="113.886975981295108795166015625">
        <ele>13.19999980926513671875</ele>
        <time>2026-08-17T22:50:53.000Z</time>
        <extensions>
          <ns3:TrackPointExtension>
            <ns3:hr>156</ns3:hr>
            <ns3:cad>92</ns3:cad>
          </ns3:TrackPointExtension>
        </extensions>
      </trkpt>
      <trkpt lat="22.60328021831810474395751953125" lon="113.88698997907340526580810546875">
        <ele>13.3999996185302734375</ele>
        <time>2026-08-17T22:50:54.000Z</time>
        <extensions>
          <ns3:TrackPointExtension>
            <ns3:hr>156</ns3:hr>
            <ns3:cad>92</ns3:cad>
          </ns3:TrackPointExtension>
        </extensions>
      </trkpt>
      <trkpt lat="22.60331005789339542388916015625" lon="113.88699911534786224365234375">
        <ele>13.3999996185302734375</ele>
        <time>2026-08-17T22:50:55.000Z</time>
        <extensions>
          <ns3:TrackPointExtension>
            <ns3:hr>156</ns3:hr>
            <ns3:cad>92</ns3:cad>
          </ns3:TrackPointExtension>
        </extensions>
      </trkpt>
      <trkpt lat="22.6033453457057476043701171875" lon="113.88699643313884735107421875">
        <ele>13.3999996185302734375</ele>
        <time>2026-08-17T22:50:56.000Z</time>
        <extensions>
          <ns3:TrackPointExtension>
            <ns3:hr>156</ns3:hr>
            <ns3:cad>92</ns3:cad>
          </ns3:TrackPointExtension>
        </extensions>
      </trkpt>
      <trkpt lat="22.60337308980524539947509765625" lon="113.8869962655007839202880859375">
        <ele>13.3999996185302734375</ele>
        <time>2026-08-17T22:50:57.000Z</time>
        <extensions>
          <ns3:TrackPointExtension>
            <ns3:hr>156</ns3:hr>
            <ns3:cad>90</ns3:cad>
          </ns3:TrackPointExtension>
        </extensions>
      </trkpt>
      <trkpt lat="22.60340628214180469512939453125" lon="113.88699517585337162017822265625">
        <ele>13.6000003814697265625</ele>
        <time>2026-08-17T22:50:58.000Z</time>
        <extensions>
          <ns3:TrackPointExtension>
            <ns3:hr>156</ns3:hr>
            <ns3:cad>92</ns3:cad>
          </ns3:TrackPointExtension>
        </extensions>
      </trkpt>
      <trkpt lat="22.6034325174987316131591796875" lon="113.88700171373784542083740234375">
        <ele>13.80000019073486328125</ele>
        <time>2026-08-17T22:50:59.000Z</time>
        <extensions>
          <ns3:TrackPointExtension>
            <ns3:hr>156</ns3:hr>
            <ns3:cad>93</ns3:cad>
          </ns3:TrackPointExtension>
        </extensions>
      </trkpt>
      <trkpt lat="22.6034700684249401092529296875" lon="113.88700892217457294464111328125">
        <ele>13.80000019073486328125</ele>
        <time>2026-08-17T22:51:00.000Z</time>
        <extensions>
          <ns3:TrackPointExtension>
            <ns3:hr>156</ns3:hr>
            <ns3:cad>93</ns3:cad>
          </ns3:TrackPointExtension>
        </extensions>
      </trkpt>
      <trkpt lat="22.60349730961024761199951171875" lon="113.887008167803287506103515625">
        <ele>14</ele>
        <time>2026-08-17T22:51:01.000Z</time>
        <extensions>
          <ns3:TrackPointExtension>
            <ns3:hr>156</ns3:hr>
            <ns3:cad>93</ns3:cad>
          </ns3:TrackPointExtension>
        </extensions>
      </trkpt>
      <trkpt lat="22.60353259742259979248046875" lon="113.88702166266739368438720703125">
        <ele>14</ele>
        <time>2026-08-17T22:51:02.000Z</time>
        <extensions>
          <ns3:TrackPointExtension>
            <ns3:hr>155</ns3:hr>
            <ns3:cad>92</ns3:cad>
          </ns3:TrackPointExtension>
        </extensions>
      </trkpt>
      <trkpt lat="22.60356604121625423431396484375" lon="113.887025602161884307861328125">
        <ele>14</ele>
        <time>2026-08-17T22:51:03.000Z</time>
        <extensions>
          <ns3:TrackPointExtension>
            <ns3:hr>156</ns3:hr>
            <ns3:cad>93</ns3:cad>
          </ns3:TrackPointExtension>
        </extensions>
      </trkpt>
      <trkpt lat="22.60359604842960834503173828125" lon="113.88703675009310245513916015625">
        <ele>14</ele>
        <time>2026-08-17T22:51:04.000Z</time>
        <extensions>
          <ns3:TrackPointExtension>
            <ns3:hr>155</ns3:hr>
            <ns3:cad>93</ns3:cad>
          </ns3:TrackPointExtension>
        </extensions>
      </trkpt>
      <trkpt lat="22.60362840257585048675537109375" lon="113.887046389281749725341796875">
        <ele>14</ele>
        <time>2026-08-17T22:51:05.000Z</time>
        <extensions>
          <ns3:TrackPointExtension>
            <ns3:hr>155</ns3:hr>
            <ns3:cad>93</ns3:cad>
          </ns3:TrackPointExtension>
        </extensions>
      </trkpt>
      <trkpt lat="22.60365597903728485107421875" lon="113.88705686666071414947509765625">
        <ele>14</ele>
        <time>2026-08-17T22:51:06.000Z</time>
        <extensions>
          <ns3:TrackPointExtension>
            <ns3:hr>155</ns3:hr>
            <ns3:cad>94</ns3:cad>
          </ns3:TrackPointExtension>
        </extensions>
      </trkpt>
      <trkpt lat="22.60369327850639820098876953125" lon="113.887075893580913543701171875">
        <ele>14</ele>
        <time>2026-08-17T22:51:07.000Z</time>
        <extensions>
          <ns3:TrackPointExtension>
            <ns3:hr>155</ns3:hr>
            <ns3:cad>94</ns3:cad>
          </ns3:TrackPointExtension>
        </extensions>
      </trkpt>
      <trkpt lat="22.60371725074946880340576171875" lon="113.887089304625988006591796875">
        <ele>14</ele>
        <time>2026-08-17T22:51:08.000Z</time>
        <extensions>
          <ns3:TrackPointExtension>
            <ns3:hr>156</ns3:hr>
            <ns3:cad>94</ns3:cad>
          </ns3:TrackPointExtension>
        </extensions>
      </trkpt>
      <trkpt lat="22.6037493534386157989501953125" lon="113.8871062360703945159912109375">
        <ele>14</ele>
        <time>2026-08-17T22:51:09.000Z</time>
        <extensions>
          <ns3:TrackPointExtension>
            <ns3:hr>155</ns3:hr>
            <ns3:cad>94</ns3:cad>
          </ns3:TrackPointExtension>
        </extensions>
      </trkpt>
      <trkpt lat="22.6037781871855258941650390625" lon="113.88710782863199710845947265625">
        <ele>14</ele>
        <time>2026-08-17T22:51:10.000Z</time>
        <extensions>
          <ns3:TrackPointExtension>
            <ns3:hr>155</ns3:hr>
            <ns3:cad>94</ns3:cad>
          </ns3:TrackPointExtension>
        </extensions>
      </trkpt>
      <trkpt lat="22.6038130559027194976806640625" lon="113.88710497878491878509521484375">
        <ele>14</ele>
        <time>2026-08-17T22:51:11.000Z</time>
        <extensions>
          <ns3:TrackPointExtension>
            <ns3:hr>155</ns3:hr>
            <ns3:cad>93</ns3:cad>
          </ns3:TrackPointExtension>
        </extensions>
      </trkpt>
      <trkpt lat="22.6038345135748386383056640625" lon="113.887088298797607421875">
        <ele>14</ele>
        <time>2026-08-17T22:51:12.000Z</time>
        <extensions>
          <ns3:TrackPointExtension>
            <ns3:hr>156</ns3:hr>
            <ns3:cad>93</ns3:cad>
          </ns3:TrackPointExtension>
        </extensions>
      </trkpt>
      <trkpt lat="22.60385203175246715545654296875" lon="113.88706491328775882720947265625">
        <ele>14</ele>
        <time>2026-08-17T22:51:13.000Z</time>
        <extensions>
          <ns3:TrackPointExtension>
            <ns3:hr>156</ns3:hr>
            <ns3:cad>93</ns3:cad>
          </ns3:TrackPointExtension>
        </extensions>
      </trkpt>
      <trkpt lat="22.60385722853243350982666015625" lon="113.88702635653316974639892578125">
        <ele>14</ele>
        <time>2026-08-17T22:51:14.000Z</time>
        <extensions>
          <ns3:TrackPointExtension>
            <ns3:hr>156</ns3:hr>
            <ns3:cad>93</ns3:cad>
          </ns3:TrackPointExtension>
        </extensions>
      </trkpt>
      <trkpt lat="22.60385974310338497161865234375" lon="113.8869959302246570587158203125">
        <ele>13.80000019073486328125</ele>
        <time>2026-08-17T22:51:15.000Z</time>
        <extensions>
          <ns3:TrackPointExtension>
            <ns3:hr>155</ns3:hr>
            <ns3:cad>93</ns3:cad>
          </ns3:TrackPointExtension>
        </extensions>
      </trkpt>
      <trkpt lat="22.60386996902525424957275390625" lon="113.8869583792984485626220703125">
        <ele>13.80000019073486328125</ele>
        <time>2026-08-17T22:51:16.000Z</time>
        <extensions>
          <ns3:TrackPointExtension>
            <ns3:hr>156</ns3:hr>
            <ns3:cad>94</ns3:cad>
          </ns3:TrackPointExtension>
        </extensions>
      </trkpt>
      <trkpt lat="22.60388128459453582763671875" lon="113.88694010674953460693359375">
        <ele>13.80000019073486328125</ele>
        <time>2026-08-17T22:51:17.000Z</time>
        <extensions>
          <ns3:TrackPointExtension>
            <ns3:hr>156</ns3:hr>
            <ns3:cad>93</ns3:cad>
          </ns3:TrackPointExtension>
        </extensions>
      </trkpt>
      <trkpt lat="22.603911459445953369140625" lon="113.88693273067474365234375">
        <ele>13.6000003814697265625</ele>
        <time>2026-08-17T22:51:18.000Z</time>
        <extensions>
          <ns3:TrackPointExtension>
            <ns3:hr>156</ns3:hr>
            <ns3:cad>93</ns3:cad>
          </ns3:TrackPointExtension>
        </extensions>
      </trkpt>
      <trkpt lat="22.60393149219453334808349609375" lon="113.88692845590412616729736328125">
        <ele>13.6000003814697265625</ele>
        <time>2026-08-17T22:51:19.000Z</time>
        <extensions>
          <ns3:TrackPointExtension>
            <ns3:hr>156</ns3:hr>
            <ns3:cad>93</ns3:cad>
          </ns3:TrackPointExtension>
        </extensions>
      </trkpt>
      <trkpt lat="22.60396820493042469024658203125" lon="113.8869198225438594818115234375">
        <ele>13.3999996185302734375</ele>
        <time>2026-08-17T22:51:20.000Z</time>
        <extensions>
          <ns3:TrackPointExtension>
            <ns3:hr>157</ns3:hr>
            <ns3:cad>93</ns3:cad>
          </ns3:TrackPointExtension>
        </extensions>
      </trkpt>
      <trkpt lat="22.60399125516414642333984375" lon="113.88690783642232418060302734375">
        <ele>13.19999980926513671875</ele>
        <time>2026-08-17T22:51:21.000Z</time>
        <extensions>
          <ns3:TrackPointExtension>
            <ns3:hr>157</ns3:hr>
            <ns3:cad>93</ns3:cad>
          </ns3:TrackPointExtension>
        </extensions>
      </trkpt>
      <trkpt lat="22.60402872227132320404052734375" lon="113.88689593411982059478759765625">
        <ele>13.19999980926513671875</ele>
        <time>2026-08-17T22:51:22.000Z</time>
        <extensions>
          <ns3:TrackPointExtension>
            <ns3:hr>157</ns3:hr>
            <ns3:cad>90</ns3:cad>
          </ns3:TrackPointExtension>
        </extensions>
      </trkpt>
      <trkpt lat="22.60405587963759899139404296875" lon="113.8868816010653972625732421875">
        <ele>13.19999980926513671875</ele>
        <time>2026-08-17T22:51:23.000Z</time>
        <extensions>
          <ns3:TrackPointExtension>
            <ns3:hr>157</ns3:hr>
            <ns3:cad>90</ns3:cad>
          </ns3:TrackPointExtension>
        </extensions>
      </trkpt>
      <trkpt lat="22.60408647358417510986328125" lon="113.88688378036022186279296875">
        <ele>13.19999980926513671875</ele>
        <time>2026-08-17T22:51:24.000Z</time>
        <extensions>
          <ns3:TrackPointExtension>
            <ns3:hr>157</ns3:hr>
            <ns3:cad>89</ns3:cad>
          </ns3:TrackPointExtension>
        </extensions>
      </trkpt>
      <trkpt lat="22.60411052964627742767333984375" lon="113.88688453473150730133056640625">
        <ele>13.19999980926513671875</ele>
        <time>2026-08-17T22:51:25.000Z</time>
        <extensions>
          <ns3:TrackPointExtension>
            <ns3:hr>156</ns3:hr>
            <ns3:cad>89</ns3:cad>
          </ns3:TrackPointExtension>
        </extensions>
      </trkpt>
      <trkpt lat="22.60411673225462436676025390625" lon="113.88690297491848468780517578125">
        <ele>13.3999996185302734375</ele>
        <time>2026-08-17T22:51:26.000Z</time>
        <extensions>
          <ns3:TrackPointExtension>
            <ns3:hr>156</ns3:hr>
            <ns3:cad>89</ns3:cad>
          </ns3:TrackPointExtension>
        </extensions>
      </trkpt>
      <trkpt lat="22.6041193306446075439453125" lon="113.8869275338947772979736328125">
        <ele>13.6000003814697265625</ele>
        <time>2026-08-17T22:51:27.000Z</time>
        <extensions>
          <ns3:TrackPointExtension>
            <ns3:hr>156</ns3:hr>
            <ns3:cad>91</ns3:cad>
          </ns3:TrackPointExtension>
        </extensions>
      </trkpt>
      <trkpt lat="22.6041158102452754974365234375" lon="113.88695863075554370880126953125">
        <ele>13.6000003814697265625</ele>
        <time>2026-08-17T22:51:28.000Z</time>
        <extensions>
          <ns3:TrackPointExtension>
            <ns3:hr>155</ns3:hr>
            <ns3:cad>91</ns3:cad>
          </ns3:TrackPointExtension>
        </extensions>
      </trkpt>
      <trkpt lat="22.6041184924542903900146484375" lon="113.8869922421872615814208984375">
        <ele>13.6000003814697265625</ele>
        <time>2026-08-17T22:51:29.000Z</time>
        <extensions>
          <ns3:TrackPointExtension>
            <ns3:hr>155</ns3:hr>
            <ns3:cad>91</ns3:cad>
          </ns3:TrackPointExtension>
        </extensions>
      </trkpt>
      <trkpt lat="22.6041144691407680511474609375" lon="113.88702820055186748504638671875">
        <ele>13.3999996185302734375</ele>
        <time>2026-08-17T22:51:30.000Z</time>
        <extensions>
          <ns3:TrackPointExtension>
            <ns3:hr>155</ns3:hr>
            <ns3:cad>91</ns3:cad>
          </ns3:TrackPointExtension>
        </extensions>
      </trkpt>
      <trkpt lat="22.6041158102452754974365234375" lon="113.8870737142860889434814453125">
        <ele>13.3999996185302734375</ele>
        <time>2026-08-17T22:51:31.000Z</time>
        <extensions>
          <ns3:TrackPointExtension>
            <ns3:hr>155</ns3:hr>
            <ns3:cad>91</ns3:cad>
          </ns3:TrackPointExtension>
        </extensions>
      </trkpt>
      <trkpt lat="22.6041144691407680511474609375" lon="113.88710615225136280059814453125">
        <ele>13.3999996185302734375</ele>
        <time>2026-08-17T22:51:32.000Z</time>
        <extensions>
          <ns3:TrackPointExtension>
            <ns3:hr>154</ns3:hr>
            <ns3:cad>93</ns3:cad>
          </ns3:TrackPointExtension>
        </extensions>
      </trkpt>
      <trkpt lat="22.60414020158350467681884765625" lon="113.88714269734919071197509765625">
        <ele>13.3999996185302734375</ele>
        <time>2026-08-17T22:51:33.000Z</time>
        <extensions>
          <ns3:TrackPointExtension>
            <ns3:hr>154</ns3:hr>
            <ns3:cad>93</ns3:cad>
          </ns3:TrackPointExtension>
        </extensions>
      </trkpt>
      <trkpt lat="22.60416450910270214080810546875" lon="113.8871541805565357208251953125">
        <ele>13.3999996185302734375</ele>
        <time>2026-08-17T22:51:34.000Z</time>
        <extensions>
          <ns3:TrackPointExtension>
            <ns3:hr>154</ns3:hr>
            <ns3:cad>93</ns3:cad>
          </ns3:TrackPointExtension>
        </extensions>
      </trkpt>
      <trkpt lat="22.60420625098049640655517578125" lon="113.8871635682880878448486328125">
        <ele>13.3999996185302734375</ele>
        <time>2026-08-17T22:51:35.000Z</time>
        <extensions>
          <ns3:TrackPointExtension>
            <ns3:hr>154</ns3:hr>
            <ns3:cad>93</ns3:cad>
          </ns3:TrackPointExtension>
        </extensions>
      </trkpt>
      <trkpt lat="22.6042321510612964630126953125" lon="113.88716415502130985260009765625">
        <ele>13.19999980926513671875</ele>
        <time>2026-08-17T22:51:36.000Z</time>
        <extensions>
          <ns3:TrackPointExtension>
            <ns3:hr>154</ns3:hr>
            <ns3:cad>93</ns3:cad>
          </ns3:TrackPointExtension>
        </extensions>
      </trkpt>
      <trkpt lat="22.60426928289234638214111328125" lon="113.88716541230678558349609375">
        <ele>13.19999980926513671875</ele>
        <time>2026-08-17T22:51:37.000Z</time>
        <extensions>
          <ns3:TrackPointExtension>
            <ns3:hr>155</ns3:hr>
            <ns3:cad>92</ns3:cad>
          </ns3:TrackPointExtension>
        </extensions>
      </trkpt>
      <trkpt lat="22.60429660789668560028076171875" lon="113.887161053717136383056640625">
        <ele>13.3999996185302734375</ele>
        <time>2026-08-17T22:51:38.000Z</time>
        <extensions>
          <ns3:TrackPointExtension>
            <ns3:hr>155</ns3:hr>
            <ns3:cad>92</ns3:cad>
          </ns3:TrackPointExtension>
        </extensions>
      </trkpt>
      <trkpt lat="22.60433415882289409637451171875" lon="113.88716247864067554473876953125">
        <ele>13.3999996185302734375</ele>
        <time>2026-08-17T22:51:39.000Z</time>
        <extensions>
          <ns3:TrackPointExtension>
            <ns3:hr>155</ns3:hr>
            <ns3:cad>92</ns3:cad>
          </ns3:TrackPointExtension>
        </extensions>
      </trkpt>
      <trkpt lat="22.60436818934977054595947265625" lon="113.88715426437556743621826171875">
        <ele>13.6000003814697265625</ele>
        <time>2026-08-17T22:51:40.000Z</time>
        <extensions>
          <ns3:TrackPointExtension>
            <ns3:hr>154</ns3:hr>
            <ns3:cad>92</ns3:cad>
          </ns3:TrackPointExtension>
        </extensions>
      </trkpt>
      <trkpt lat="22.60439760982990264892578125" lon="113.887151665985584259033203125">
        <ele>13.6000003814697265625</ele>
        <time>2026-08-17T22:51:41.000Z</time>
        <extensions>
          <ns3:TrackPointExtension>
            <ns3:hr>154</ns3:hr>
            <ns3:cad>92</ns3:cad>
          </ns3:TrackPointExtension>
        </extensions>
      </trkpt>
      <trkpt lat="22.60443055070936679840087890625" lon="113.88714420609176158905029296875">
        <ele>13.6000003814697265625</ele>
        <time>2026-08-17T22:51:42.000Z</time>
        <extensions>
          <ns3:TrackPointExtension>
            <ns3:hr>154</ns3:hr>
            <ns3:cad>92</ns3:cad>
          </ns3:TrackPointExtension>
        </extensions>
      </trkpt>
      <trkpt lat="22.6044567860662937164306640625" lon="113.88713599182665348052978515625">
        <ele>13.6000003814697265625</ele>
        <time>2026-08-17T22:51:43.000Z</time>
        <extensions>
          <ns3:TrackPointExtension>
            <ns3:hr>154</ns3:hr>
            <ns3:cad>92</ns3:cad>
          </ns3:TrackPointExtension>
        </extensions>
      </trkpt>
      <trkpt lat="22.604489810764789581298828125" lon="113.8871243409812450408935546875">
        <ele>13.6000003814697265625</ele>
        <time>2026-08-17T22:51:44.000Z</time>
        <extensions>
          <ns3:TrackPointExtension>
            <ns3:hr>154</ns3:hr>
            <ns3:cad>92</ns3:cad>
          </ns3:TrackPointExtension>
        </extensions>
      </trkpt>
      <trkpt lat="22.60451587848365306854248046875" lon="113.88711201958358287811279296875">
        <ele>13.6000003814697265625</ele>
        <time>2026-08-17T22:51:45.000Z</time>
        <extensions>
          <ns3:TrackPointExtension>
            <ns3:hr>154</ns3:hr>
            <ns3:cad>92</ns3:cad>
          </ns3:TrackPointExtension>
        </extensions>
      </trkpt>
      <trkpt lat="22.60455317795276641845703125" lon="113.88709978200495243072509765625">
        <ele>13.6000003814697265625</ele>
        <time>2026-08-17T22:51:46.000Z</time>
        <extensions>
          <ns3:TrackPointExtension>
            <ns3:hr>154</ns3:hr>
            <ns3:cad>93</ns3:cad>
          </ns3:TrackPointExtension>
        </extensions>
      </trkpt>
      <trkpt lat="22.60458243079483509063720703125" lon="113.887081928551197052001953125">
        <ele>13.6000003814697265625</ele>
        <time>2026-08-17T22:51:47.000Z</time>
        <extensions>
          <ns3:TrackPointExtension>
            <ns3:hr>154</ns3:hr>
            <ns3:cad>93</ns3:cad>
          </ns3:TrackPointExtension>
        </extensions>
      </trkpt>
      <trkpt lat="22.60461646132171154022216796875" lon="113.88707497157156467437744140625">
        <ele>13.6000003814697265625</ele>
        <time>2026-08-17T22:51:48.000Z</time>
        <extensions>
          <ns3:TrackPointExtension>
            <ns3:hr>154</ns3:hr>
            <ns3:cad>92</ns3:cad>
          </ns3:TrackPointExtension>
        </extensions>
      </trkpt>
      <trkpt lat="22.604649402201175689697265625" lon="113.88706172816455364227294921875">
        <ele>13.6000003814697265625</ele>
        <time>2026-08-17T22:51:49.000Z</time>
        <extensions>
          <ns3:TrackPointExtension>
            <ns3:hr>154</ns3:hr>
            <ns3:cad>94</ns3:cad>
          </ns3:TrackPointExtension>
        </extensions>
      </trkpt>
      <trkpt lat="22.60467848740518093109130859375" lon="113.88705586083233356475830078125">
        <ele>13.6000003814697265625</ele>
        <time>2026-08-17T22:51:50.000Z</time>
        <extensions>
          <ns3:TrackPointExtension>
            <ns3:hr>154</ns3:hr>
            <ns3:cad>94</ns3:cad>
          </ns3:TrackPointExtension>
        </extensions>
      </trkpt>
      <trkpt lat="22.60471343994140625" lon="113.88704446144402027130126953125">
        <ele>13.6000003814697265625</ele>
        <time>2026-08-17T22:51:51.000Z</time>
        <extensions>
          <ns3:TrackPointExtension>
            <ns3:hr>154</ns3:hr>
            <ns3:cad>94</ns3:cad>
          </ns3:TrackPointExtension>
        </extensions>
      </trkpt>
      <trkpt lat="22.60474118404090404510498046875" lon="113.8870351575314998626708984375">
        <ele>13.6000003814697265625</ele>
        <time>2026-08-17T22:51:52.000Z</time>
        <extensions>
          <ns3:TrackPointExtension>
            <ns3:hr>154</ns3:hr>
            <ns3:cad>94</ns3:cad>
          </ns3:TrackPointExtension>
        </extensions>
      </trkpt>
      <trkpt lat="22.60478292591869831085205078125" lon="113.88702803291380405426025390625">
        <ele>13.3999996185302734375</ele>
        <time>2026-08-17T22:51:53.000Z</time>
        <extensions>
          <ns3:TrackPointExtension>
            <ns3:hr>154</ns3:hr>
            <ns3:cad>94</ns3:cad>
          </ns3:TrackPointExtension>
        </extensions>
      </trkpt>
      <trkpt lat="22.60481460951268672943115234375" lon="113.88701428659260272979736328125">
        <ele>13.3999996185302734375</ele>
        <time>2026-08-17T22:51:54.000Z</time>
        <extensions>
          <ns3:TrackPointExtension>
            <ns3:hr>155</ns3:hr>
            <ns3:cad>93</ns3:cad>
          </ns3:TrackPointExtension>
        </extensions>
      </trkpt>
      <trkpt lat="22.60484562255442142486572265625" lon="113.88700758107006549835205078125">
        <ele>13.3999996185302734375</ele>
        <time>2026-08-17T22:51:55.000Z</time>
        <extensions>
          <ns3:TrackPointExtension>
            <ns3:hr>155</ns3:hr>
            <ns3:cad>93</ns3:cad>
          </ns3:TrackPointExtension>
        </extensions>
      </trkpt>
      <trkpt lat="22.6048795692622661590576171875" lon="113.88699567876756191253662109375">
        <ele>13.3999996185302734375</ele>
        <time>2026-08-17T22:51:56.000Z</time>
        <extensions>
          <ns3:TrackPointExtension>
            <ns3:hr>156</ns3:hr>
            <ns3:cad>93</ns3:cad>
          </ns3:TrackPointExtension>
        </extensions>
      </trkpt>
      <trkpt lat="22.60490446351468563079833984375" lon="113.88698779977858066558837890625">
        <ele>13.3999996185302734375</ele>
        <time>2026-08-17T22:51:57.000Z</time>
        <extensions>
          <ns3:TrackPointExtension>
            <ns3:hr>156</ns3:hr>
            <ns3:cad>93</ns3:cad>
          </ns3:TrackPointExtension>
        </extensions>
      </trkpt>
      <trkpt lat="22.6049392484128475189208984375" lon="113.8869761489331722259521484375">
        <ele>13.3999996185302734375</ele>
        <time>2026-08-17T22:51:58.000Z</time>
        <extensions>
          <ns3:TrackPointExtension>
            <ns3:hr>156</ns3:hr>
            <ns3:cad>95</ns3:cad>
          </ns3:TrackPointExtension>
        </extensions>
      </trkpt>
      <trkpt lat="22.6049657352268695831298828125" lon="113.8869684375822544097900390625">
        <ele>13.6000003814697265625</ele>
        <time>2026-08-17T22:51:59.000Z</time>
        <extensions>
          <ns3:TrackPointExtension>
            <ns3:hr>157</ns3:hr>
            <ns3:cad>95</ns3:cad>
          </ns3:TrackPointExtension>
        </extensions>
      </trkpt>
      <trkpt lat="22.60500303469598293304443359375" lon="113.88696022331714630126953125">
        <ele>13.6000003814697265625</ele>
        <time>2026-08-17T22:52:00.000Z</time>
        <extensions>
          <ns3:TrackPointExtension>
            <ns3:hr>157</ns3:hr>
            <ns3:cad>95</ns3:cad>
          </ns3:TrackPointExtension>
        </extensions>
      </trkpt>
      <trkpt lat="22.60503170080482959747314453125" lon="113.8869474828243255615234375">
        <ele>13.6000003814697265625</ele>
        <time>2026-08-17T22:52:01.000Z</time>
        <extensions>
          <ns3:TrackPointExtension>
            <ns3:hr>157</ns3:hr>
            <ns3:cad>95</ns3:cad>
          </ns3:TrackPointExtension>
        </extensions>
      </trkpt>
      <trkpt lat="22.60505986399948596954345703125" lon="113.88694169931113719940185546875">
        <ele>13.6000003814697265625</ele>
        <time>2026-08-17T22:52:02.000Z</time>
        <extensions>
          <ns3:TrackPointExtension>
            <ns3:hr>157</ns3:hr>
            <ns3:cad>94</ns3:cad>
          </ns3:TrackPointExtension>
        </extensions>
      </trkpt>
      <trkpt lat="22.60509255342185497283935546875" lon="113.88693314976990222930908203125">
        <ele>13.6000003814697265625</ele>
        <time>2026-08-17T22:52:03.000Z</time>
        <extensions>
          <ns3:TrackPointExtension>
            <ns3:hr>157</ns3:hr>
            <ns3:cad>94</ns3:cad>
          </ns3:TrackPointExtension>
        </extensions>
      </trkpt>
      <trkpt lat="22.605118453502655029296875" lon="113.8869275338947772979736328125">
        <ele>13.6000003814697265625</ele>
        <time>2026-08-17T22:52:04.000Z</time>
        <extensions>
          <ns3:TrackPointExtension>
            <ns3:hr>158</ns3:hr>
            <ns3:cad>94</ns3:cad>
          </ns3:TrackPointExtension>
        </extensions>
      </trkpt>
      <trkpt lat="22.605154328048229217529296875" lon="113.88691722415387630462646484375">
        <ele>13.3999996185302734375</ele>
        <time>2026-08-17T22:52:05.000Z</time>
        <extensions>
          <ns3:TrackPointExtension>
            <ns3:hr>157</ns3:hr>
            <ns3:cad>95</ns3:cad>
          </ns3:TrackPointExtension>
        </extensions>
      </trkpt>
      <trkpt lat="22.60517989285290241241455078125" lon="113.88690632767975330352783203125">
        <ele>13.3999996185302734375</ele>
        <time>2026-08-17T22:52:06.000Z</time>
        <extensions>
          <ns3:TrackPointExtension>
            <ns3:hr>158</ns3:hr>
            <ns3:cad>95</ns3:cad>
          </ns3:TrackPointExtension>
        </extensions>
      </trkpt>
      <trkpt lat="22.6052135042846202850341796875" lon="113.886899538338184356689453125">
        <ele>13.3999996185302734375</ele>
        <time>2026-08-17T22:52:07.000Z</time>
        <extensions>
          <ns3:TrackPointExtension>
            <ns3:hr>158</ns3:hr>
            <ns3:cad>94</ns3:cad>
          </ns3:TrackPointExtension>
        </extensions>
      </trkpt>
      <trkpt lat="22.60523688979446887969970703125" lon="113.886887133121490478515625">
        <ele>13.6000003814697265625</ele>
        <time>2026-08-17T22:52:08.000Z</time>
        <extensions>
          <ns3:TrackPointExtension>
            <ns3:hr>158</ns3:hr>
            <ns3:cad>93</ns3:cad>
          </ns3:TrackPointExtension>
        </extensions>
      </trkpt>
      <trkpt lat="22.60526639409363269805908203125" lon="113.8868795894086360931396484375">
        <ele>13.6000003814697265625</ele>
        <time>2026-08-17T22:52:09.000Z</time>
        <extensions>
          <ns3:TrackPointExtension>
            <ns3:hr>157</ns3:hr>
            <ns3:cad>93</ns3:cad>
          </ns3:TrackPointExtension>
        </extensions>
      </trkpt>
      <trkpt lat="22.60529355145990848541259765625" lon="113.88686860911548137664794921875">
        <ele>13.6000003814697265625</ele>
        <time>2026-08-17T22:52:10.000Z</time>
        <extensions>
          <ns3:TrackPointExtension>
            <ns3:hr>157</ns3:hr>
            <ns3:cad>93</ns3:cad>
          </ns3:TrackPointExtension>
        </extensions>
      </trkpt>
      <trkpt lat="22.6053204573690891265869140625" lon="113.8868618197739124298095703125">
        <ele>13.6000003814697265625</ele>
        <time>2026-08-17T22:52:11.000Z</time>
        <extensions>
          <ns3:TrackPointExtension>
            <ns3:hr>158</ns3:hr>
            <ns3:cad>93</ns3:cad>
          </ns3:TrackPointExtension>
        </extensions>
      </trkpt>
      <trkpt lat="22.60534954257309436798095703125" lon="113.88685251586139202117919921875">
        <ele>13.3999996185302734375</ele>
        <time>2026-08-17T22:52:12.000Z</time>
        <extensions>
          <ns3:TrackPointExtension>
            <ns3:hr>158</ns3:hr>
            <ns3:cad>94</ns3:cad>
          </ns3:TrackPointExtension>
        </extensions>
      </trkpt>
      <trkpt lat="22.6053747721016407012939453125" lon="113.8868467323482036590576171875">
        <ele>13.3999996185302734375</ele>
        <time>2026-08-17T22:52:13.000Z</time>
        <extensions>
          <ns3:TrackPointExtension>
            <ns3:hr>157</ns3:hr>
            <ns3:cad>93</ns3:cad>
          </ns3:TrackPointExtension>
        </extensions>
      </trkpt>
      <trkpt lat="22.6054042764008045196533203125" lon="113.8868396915495395660400390625">
        <ele>13.3999996185302734375</ele>
        <time>2026-08-17T22:52:14.000Z</time>
        <extensions>
          <ns3:TrackPointExtension>
            <ns3:hr>157</ns3:hr>
            <ns3:cad>93</ns3:cad>
          </ns3:TrackPointExtension>
        </extensions>
      </trkpt>
      <trkpt lat="22.60542850010097026824951171875" lon="113.88683692552149295806884765625">
        <ele>13.6000003814697265625</ele>
        <time>2026-08-17T22:52:15.000Z</time>
        <extensions>
          <ns3:TrackPointExtension>
            <ns3:hr>157</ns3:hr>
            <ns3:cad>93</ns3:cad>
          </ns3:TrackPointExtension>
        </extensions>
      </trkpt>
      <trkpt lat="22.6054631173610687255859375" lon="113.886835165321826934814453125">
        <ele>13.6000003814697265625</ele>
        <time>2026-08-17T22:52:16.000Z</time>
        <extensions>
          <ns3:TrackPointExtension>
            <ns3:hr>157</ns3:hr>
            <ns3:cad>93</ns3:cad>
          </ns3:TrackPointExtension>
        </extensions>
      </trkpt>
      <trkpt lat="22.60548918507993221282958984375" lon="113.88682938180863857269287109375">
        <ele>13.6000003814697265625</ele>
        <time>2026-08-17T22:52:17.000Z</time>
        <extensions>
          <ns3:TrackPointExtension>
            <ns3:hr>157</ns3:hr>
            <ns3:cad>93</ns3:cad>
          </ns3:TrackPointExtension>
        </extensions>
      </trkpt>
      <trkpt lat="22.6055229641497135162353515625" lon="113.8868353329598903656005859375">
        <ele>13.6000003814697265625</ele>
        <time>2026-08-17T22:52:18.000Z</time>
        <extensions>
          <ns3:TrackPointExtension>
            <ns3:hr>157</ns3:hr>
            <ns3:cad>93</ns3:cad>
          </ns3:TrackPointExtension>
        </extensions>
      </trkpt>
      <trkpt lat="22.60554735548794269561767578125" lon="113.886840529739856719970703125">
        <ele>13.6000003814697265625</ele>
        <time>2026-08-17T22:52:19.000Z</time>
        <extensions>
          <ns3:TrackPointExtension>
            <ns3:hr>157</ns3:hr>
            <ns3:cad>93</ns3:cad>
          </ns3:TrackPointExtension>
        </extensions>
      </trkpt>
      <trkpt lat="22.60557333938777446746826171875" lon="113.88686475344002246856689453125">
        <ele>13.3999996185302734375</ele>
        <time>2026-08-17T22:52:20.000Z</time>
        <extensions>
          <ns3:TrackPointExtension>
            <ns3:hr>157</ns3:hr>
            <ns3:cad>93</ns3:cad>
          </ns3:TrackPointExtension>
        </extensions>
      </trkpt>
      <trkpt lat="22.6055933721363544464111328125" lon="113.886876739561557769775390625">
        <ele>13.3999996185302734375</ele>
        <time>2026-08-17T22:52:21.000Z</time>
        <extensions>
          <ns3:TrackPointExtension>
            <ns3:hr>156</ns3:hr>
            <ns3:cad>93</ns3:cad>
          </ns3:TrackPointExtension>
        </extensions>
      </trkpt>
      <trkpt lat="22.605611644685268402099609375" lon="113.88690414838492870330810546875">
        <ele>13.3999996185302734375</ele>
        <time>2026-08-17T22:52:22.000Z</time>
        <extensions>
          <ns3:TrackPointExtension>
            <ns3:hr>156</ns3:hr>
            <ns3:cad>93</ns3:cad>
          </ns3:TrackPointExtension>
        </extensions>
      </trkpt>
      <trkpt lat="22.60562983341515064239501953125" lon="113.8869238458573818206787109375">
        <ele>13.3999996185302734375</ele>
        <time>2026-08-17T22:52:23.000Z</time>
        <extensions>
          <ns3:TrackPointExtension>
            <ns3:hr>155</ns3:hr>
            <ns3:cad>92</ns3:cad>
          </ns3:TrackPointExtension>
        </extensions>
      </trkpt>
      <trkpt lat="22.60564257390797138214111328125" lon="113.886952511966228485107421875">
        <ele>13.6000003814697265625</ele>
        <time>2026-08-17T22:52:24.000Z</time>
        <extensions>
          <ns3:TrackPointExtension>
            <ns3:hr>155</ns3:hr>
            <ns3:cad>92</ns3:cad>
          </ns3:TrackPointExtension>
        </extensions>
      </trkpt>
      <trkpt lat="22.60565766133368015289306640625" lon="113.886973969638347625732421875">
        <ele>13.80000019073486328125</ele>
        <time>2026-08-17T22:52:25.000Z</time>
        <extensions>
          <ns3:TrackPointExtension>
            <ns3:hr>154</ns3:hr>
            <ns3:cad>92</ns3:cad>
          </ns3:TrackPointExtension>
        </extensions>
      </trkpt>
      <trkpt lat="22.60566989891231060028076171875" lon="113.88700070790946483612060546875">
        <ele>13.80000019073486328125</ele>
        <time>2026-08-17T22:52:26.000Z</time>
        <extensions>
          <ns3:TrackPointExtension>
            <ns3:hr>154</ns3:hr>
            <ns3:cad>92</ns3:cad>
          </ns3:TrackPointExtension>
        </extensions>
      </trkpt>
      <trkpt lat="22.60568641126155853271484375" lon="113.88702216558158397674560546875">
        <ele>14</ele>
        <time>2026-08-17T22:52:27.000Z</time>
        <extensions>
          <ns3:TrackPointExtension>
            <ns3:hr>154</ns3:hr>
            <ns3:cad>92</ns3:cad>
          </ns3:TrackPointExtension>
        </extensions>
      </trkpt>
      <trkpt lat="22.60569806210696697235107421875" lon="113.88704739511013031005859375">
        <ele>14.19999980926513671875</ele>
        <time>2026-08-17T22:52:28.000Z</time>
        <extensions>
          <ns3:TrackPointExtension>
            <ns3:hr>154</ns3:hr>
            <ns3:cad>92</ns3:cad>
          </ns3:TrackPointExtension>
        </extensions>
      </trkpt>
      <trkpt lat="22.60571247898042201995849609375" lon="113.88707161881029605865478515625">
        <ele>14.3999996185302734375</ele>
        <time>2026-08-17T22:52:29.000Z</time>
        <extensions>
          <ns3:TrackPointExtension>
            <ns3:hr>155</ns3:hr>
            <ns3:cad>92</ns3:cad>
          </ns3:TrackPointExtension>
        </extensions>
      </trkpt>
      <trkpt lat="22.6057315059006214141845703125" lon="113.8870985247194766998291015625">
        <ele>14.3999996185302734375</ele>
        <time>2026-08-17T22:52:30.000Z</time>
        <extensions>
          <ns3:TrackPointExtension>
            <ns3:hr>154</ns3:hr>
            <ns3:cad>92</ns3:cad>
          </ns3:TrackPointExtension>
        </extensions>
      </trkpt>
      <trkpt lat="22.605749107897281646728515625" lon="113.88712626881897449493408203125">
        <ele>14.6000003814697265625</ele>
        <time>2026-08-17T22:52:31.000Z</time>
        <extensions>
          <ns3:TrackPointExtension>
            <ns3:hr>154</ns3:hr>
            <ns3:cad>92</ns3:cad>
          </ns3:TrackPointExtension>
        </extensions>
      </trkpt>
      <trkpt lat="22.60576075874269008636474609375" lon="113.88715024106204509735107421875">
        <ele>14.6000003814697265625</ele>
        <time>2026-08-17T22:52:32.000Z</time>
        <extensions>
          <ns3:TrackPointExtension>
            <ns3:hr>155</ns3:hr>
            <ns3:cad>92</ns3:cad>
          </ns3:TrackPointExtension>
        </extensions>
      </trkpt>
      <trkpt lat="22.60577802546322345733642578125" lon="113.88718561269342899322509765625">
        <ele>14.3999996185302734375</ele>
        <time>2026-08-17T22:52:33.000Z</time>
        <extensions>
          <ns3:TrackPointExtension>
            <ns3:hr>154</ns3:hr>
            <ns3:cad>92</ns3:cad>
          </ns3:TrackPointExtension>
        </extensions>
      </trkpt>
      <trkpt lat="22.60578825138509273529052734375" lon="113.8872061483561992645263671875">
        <ele>14.3999996185302734375</ele>
        <time>2026-08-17T22:52:34.000Z</time>
        <extensions>
          <ns3:TrackPointExtension>
            <ns3:hr>154</ns3:hr>
            <ns3:cad>90</ns3:cad>
          </ns3:TrackPointExtension>
        </extensions>
      </trkpt>
      <trkpt lat="22.6058079488575458526611328125" lon="113.88723808340728282928466796875">
        <ele>14.3999996185302734375</ele>
        <time>2026-08-17T22:52:35.000Z</time>
        <extensions>
          <ns3:TrackPointExtension>
            <ns3:hr>154</ns3:hr>
            <ns3:cad>91</ns3:cad>
          </ns3:TrackPointExtension>
        </extensions>
      </trkpt>
      <trkpt lat="22.605820856988430023193359375" lon="113.887257277965545654296875">
        <ele>14.3999996185302734375</ele>
        <time>2026-08-17T22:52:36.000Z</time>
        <extensions>
          <ns3:TrackPointExtension>
            <ns3:hr>154</ns3:hr>
            <ns3:cad>94</ns3:cad>
          </ns3:TrackPointExtension>
        </extensions>
      </trkpt>
      <trkpt lat="22.6058374531567096710205078125" lon="113.8872899673879146575927734375">
        <ele>14.3999996185302734375</ele>
        <time>2026-08-17T22:52:37.000Z</time>
        <extensions>
          <ns3:TrackPointExtension>
            <ns3:hr>154</ns3:hr>
            <ns3:cad>94</ns3:cad>
          </ns3:TrackPointExtension>
        </extensions>
      </trkpt>
      <trkpt lat="22.6058535464107990264892578125" lon="113.887313939630985260009765625">
        <ele>14.6000003814697265625</ele>
        <time>2026-08-17T22:52:38.000Z</time>
        <extensions>
          <ns3:TrackPointExtension>
            <ns3:hr>155</ns3:hr>
            <ns3:cad>94</ns3:cad>
          </ns3:TrackPointExtension>
        </extensions>
      </trkpt>
      <trkpt lat="22.60586452670395374298095703125" lon="113.8873426057398319244384765625">
        <ele>14.6000003814697265625</ele>
        <time>2026-08-17T22:52:39.000Z</time>
        <extensions>
          <ns3:TrackPointExtension>
            <ns3:hr>155</ns3:hr>
            <ns3:cad>92</ns3:cad>
          </ns3:TrackPointExtension>
        </extensions>
      </trkpt>
      <trkpt lat="22.60588179342448711395263671875" lon="113.887372277677059173583984375">
        <ele>14.6000003814697265625</ele>
        <time>2026-08-17T22:52:40.000Z</time>
        <extensions>
          <ns3:TrackPointExtension>
            <ns3:hr>155</ns3:hr>
            <ns3:cad>92</ns3:cad>
          </ns3:TrackPointExtension>
        </extensions>
      </trkpt>
      <trkpt lat="22.605895288288593292236328125" lon="113.887393064796924591064453125">
        <ele>14.6000003814697265625</ele>
        <time>2026-08-17T22:52:41.000Z</time>
        <extensions>
          <ns3:TrackPointExtension>
            <ns3:hr>156</ns3:hr>
            <ns3:cad>92</ns3:cad>
          </ns3:TrackPointExtension>
        </extensions>
      </trkpt>
      <trkpt lat="22.60591364465653896331787109375" lon="113.8874249160289764404296875">
        <ele>14.6000003814697265625</ele>
        <time>2026-08-17T22:52:42.000Z</time>
        <extensions>
          <ns3:TrackPointExtension>
            <ns3:hr>156</ns3:hr>
            <ns3:cad>92</ns3:cad>
          </ns3:TrackPointExtension>
        </extensions>
      </trkpt>
      <trkpt lat="22.6059249602258205413818359375" lon="113.88744461350142955780029296875">
        <ele>14.80000019073486328125</ele>
        <time>2026-08-17T22:52:43.000Z</time>
        <extensions>
          <ns3:TrackPointExtension>
            <ns3:hr>156</ns3:hr>
            <ns3:cad>93</ns3:cad>
          </ns3:TrackPointExtension>
        </extensions>
      </trkpt>
      <trkpt lat="22.60594147257506847381591796875" lon="113.887478224933147430419921875">
        <ele>14.6000003814697265625</ele>
        <time>2026-08-17T22:52:44.000Z</time>
        <extensions>
          <ns3:TrackPointExtension>
            <ns3:hr>156</ns3:hr>
            <ns3:cad>93</ns3:cad>
          </ns3:TrackPointExtension>
        </extensions>
      </trkpt>
      <trkpt lat="22.60595303960144519805908203125" lon="113.887493647634983062744140625">
        <ele>14.80000019073486328125</ele>
        <time>2026-08-17T22:52:45.000Z</time>
        <extensions>
          <ns3:TrackPointExtension>
            <ns3:hr>156</ns3:hr>
            <ns3:cad>92</ns3:cad>
          </ns3:TrackPointExtension>
        </extensions>
      </trkpt>
      <trkpt lat="22.60596536099910736083984375" lon="113.8875241577625274658203125">
        <ele>14.80000019073486328125</ele>
        <time>2026-08-17T22:52:46.000Z</time>
        <extensions>
          <ns3:TrackPointExtension>
            <ns3:hr>156</ns3:hr>
            <ns3:cad>92</ns3:cad>
          </ns3:TrackPointExtension>
        </extensions>
      </trkpt>
      <trkpt lat="22.605972401797771453857421875" lon="113.88754972256720066070556640625">
        <ele>15</ele>
        <time>2026-08-17T22:52:47.000Z</time>
        <extensions>
          <ns3:TrackPointExtension>
            <ns3:hr>155</ns3:hr>
            <ns3:cad>92</ns3:cad>
          </ns3:TrackPointExtension>
        </extensions>
      </trkpt>
      <trkpt lat="22.60598053224384784698486328125" lon="113.8875762932002544403076171875">
        <ele>15</ele>
        <time>2026-08-17T22:52:48.000Z</time>
        <extensions>
          <ns3:TrackPointExtension>
            <ns3:hr>155</ns3:hr>
            <ns3:cad>92</ns3:cad>
          </ns3:TrackPointExtension>
        </extensions>
      </trkpt>
      <trkpt lat="22.60599075816571712493896484375" lon="113.8876044563949108123779296875">
        <ele>15</ele>
        <time>2026-08-17T22:52:49.000Z</time>
        <extensions>
          <ns3:TrackPointExtension>
            <ns3:hr>156</ns3:hr>
            <ns3:cad>93</ns3:cad>
          </ns3:TrackPointExtension>
        </extensions>
      </trkpt>
      <trkpt lat="22.60600131936371326446533203125" lon="113.88762868009507656097412109375">
        <ele>15</ele>
        <time>2026-08-17T22:52:50.000Z</time>
        <extensions>
          <ns3:TrackPointExtension>
            <ns3:hr>156</ns3:hr>
            <ns3:cad>93</ns3:cad>
          </ns3:TrackPointExtension>
        </extensions>
      </trkpt>
      <trkpt lat="22.60601892136037349700927734375" lon="113.887660615146160125732421875">
        <ele>15</ele>
        <time>2026-08-17T22:52:51.000Z</time>
        <extensions>
          <ns3:TrackPointExtension>
            <ns3:hr>156</ns3:hr>
            <ns3:cad>92</ns3:cad>
          </ns3:TrackPointExtension>
        </extensions>
      </trkpt>
      <trkpt lat="22.60603149421513080596923828125" lon="113.88768450357019901275634765625">
        <ele>15</ele>
        <time>2026-08-17T22:52:52.000Z</time>
        <extensions>
          <ns3:TrackPointExtension>
            <ns3:hr>156</ns3:hr>
            <ns3:cad>92</ns3:cad>
          </ns3:TrackPointExtension>
        </extensions>
      </trkpt>
      <trkpt lat="22.6060493476688861846923828125" lon="113.88771233148872852325439453125">
        <ele>15</ele>
        <time>2026-08-17T22:52:53.000Z</time>
        <extensions>
          <ns3:TrackPointExtension>
            <ns3:hr>156</ns3:hr>
            <ns3:cad>92</ns3:cad>
          </ns3:TrackPointExtension>
        </extensions>
      </trkpt>
      <trkpt lat="22.6060640998184680938720703125" lon="113.88773672282695770263671875">
        <ele>15.19999980926513671875</ele>
        <time>2026-08-17T22:52:54.000Z</time>
        <extensions>
          <ns3:TrackPointExtension>
            <ns3:hr>156</ns3:hr>
            <ns3:cad>94</ns3:cad>
          </ns3:TrackPointExtension>
        </extensions>
      </trkpt>
      <trkpt lat="22.60608337819576263427734375" lon="113.8877623714506626129150390625">
        <ele>15.19999980926513671875</ele>
        <time>2026-08-17T22:52:55.000Z</time>
        <extensions>
          <ns3:TrackPointExtension>
            <ns3:hr>156</ns3:hr>
            <ns3:cad>94</ns3:cad>
          </ns3:TrackPointExtension>
        </extensions>
      </trkpt>
      <trkpt lat="22.60610022582113742828369140625" lon="113.88778441585600376129150390625">
        <ele>15.19999980926513671875</ele>
        <time>2026-08-17T22:52:56.000Z</time>
        <extensions>
          <ns3:TrackPointExtension>
            <ns3:hr>156</ns3:hr>
            <ns3:cad>94</ns3:cad>
          </ns3:TrackPointExtension>
        </extensions>
      </trkpt>
      <trkpt lat="22.60612168349325656890869140625" lon="113.88781308196485042572021484375">
        <ele>15.19999980926513671875</ele>
        <time>2026-08-17T22:52:57.000Z</time>
        <extensions>
          <ns3:TrackPointExtension>
            <ns3:hr>156</ns3:hr>
            <ns3:cad>94</ns3:cad>
          </ns3:TrackPointExtension>
        </extensions>
      </trkpt>
      <trkpt lat="22.606138028204441070556640625" lon="113.8878331147134304046630859375">
        <ele>15.19999980926513671875</ele>
        <time>2026-08-17T22:52:58.000Z</time>
        <extensions>
          <ns3:TrackPointExtension>
            <ns3:hr>156</ns3:hr>
            <ns3:cad>93</ns3:cad>
          </ns3:TrackPointExtension>
        </extensions>
      </trkpt>
      <trkpt lat="22.6061589829623699188232421875" lon="113.88785281218588352203369140625">
        <ele>15.19999980926513671875</ele>
        <time>2026-08-17T22:52:59.000Z</time>
        <extensions>
          <ns3:TrackPointExtension>
            <ns3:hr>155</ns3:hr>
            <ns3:cad>92</ns3:cad>
          </ns3:TrackPointExtension>
        </extensions>
      </trkpt>
      <trkpt lat="22.60617599822580814361572265625" lon="113.88786706142127513885498046875">
        <ele>15.19999980926513671875</ele>
        <time>2026-08-17T22:53:00.000Z</time>
        <extensions>
          <ns3:TrackPointExtension>
            <ns3:hr>156</ns3:hr>
            <ns3:cad>92</ns3:cad>
          </ns3:TrackPointExtension>
        </extensions>
      </trkpt>
      <trkpt lat="22.60620030574500560760498046875" lon="113.88787879608571529388427734375">
        <ele>15.19999980926513671875</ele>
        <time>2026-08-17T22:53:01.000Z</time>
        <extensions>
          <ns3:TrackPointExtension>
            <ns3:hr>156</ns3:hr>
            <ns3:cad>93</ns3:cad>
          </ns3:TrackPointExtension>
        </extensions>
      </trkpt>
      <trkpt lat="22.60622897185385227203369140625" lon="113.887877203524112701416015625">
        <ele>15.19999980926513671875</ele>
        <time>2026-08-17T22:53:02.000Z</time>
        <extensions>
          <ns3:TrackPointExtension>
            <ns3:hr>156</ns3:hr>
            <ns3:cad>93</ns3:cad>
          </ns3:TrackPointExtension>
        </extensions>
      </trkpt>
      <trkpt lat="22.606253363192081451416015625" lon="113.8878797180950641632080078125">
        <ele>15.19999980926513671875</ele>
        <time>2026-08-17T22:53:03.000Z</time>
        <extensions>
          <ns3:TrackPointExtension>
            <ns3:hr>156</ns3:hr>
            <ns3:cad>93</ns3:cad>
          </ns3:TrackPointExtension>
        </extensions>
      </trkpt>
      <trkpt lat="22.606286890804767608642578125" lon="113.88788348995149135589599609375">
        <ele>15.19999980926513671875</ele>
        <time>2026-08-17T22:53:04.000Z</time>
        <extensions>
          <ns3:TrackPointExtension>
            <ns3:hr>156</ns3:hr>
            <ns3:cad>93</ns3:cad>
          </ns3:TrackPointExtension>
        </extensions>
      </trkpt>
      <trkpt lat="22.60631270706653594970703125" lon="113.8878834061324596405029296875">
        <ele>15</ele>
        <time>2026-08-17T22:53:05.000Z</time>
        <extensions>
          <ns3:TrackPointExtension>
            <ns3:hr>156</ns3:hr>
            <ns3:cad>92</ns3:cad>
          </ns3:TrackPointExtension>
        </extensions>
      </trkpt>
      <trkpt lat="22.6063487492501735687255859375" lon="113.8878808915615081787109375">
        <ele>15</ele>
        <time>2026-08-17T22:53:06.000Z</time>
        <extensions>
          <ns3:TrackPointExtension>
            <ns3:hr>156</ns3:hr>
            <ns3:cad>92</ns3:cad>
          </ns3:TrackPointExtension>
        </extensions>
      </trkpt>
      <trkpt lat="22.60637548752129077911376953125" lon="113.887874521315097808837890625">
        <ele>15</ele>
        <time>2026-08-17T22:53:07.000Z</time>
        <extensions>
          <ns3:TrackPointExtension>
            <ns3:hr>156</ns3:hr>
            <ns3:cad>92</ns3:cad>
          </ns3:TrackPointExtension>
        </extensions>
      </trkpt>
      <trkpt lat="22.60641018860042095184326171875" lon="113.8878676481544971466064453125">
        <ele>15</ele>
        <time>2026-08-17T22:53:08.000Z</time>
        <extensions>
          <ns3:TrackPointExtension>
            <ns3:hr>156</ns3:hr>
            <ns3:cad>93</ns3:cad>
          </ns3:TrackPointExtension>
        </extensions>
      </trkpt>
      <trkpt lat="22.6064322330057621002197265625" lon="113.887860774993896484375">
        <ele>15</ele>
        <time>2026-08-17T22:53:09.000Z</time>
        <extensions>
          <ns3:TrackPointExtension>
            <ns3:hr>156</ns3:hr>
            <ns3:cad>93</ns3:cad>
          </ns3:TrackPointExtension>
        </extensions>
      </trkpt>
      <trkpt lat="22.606465928256511688232421875" lon="113.88785281218588352203369140625">
        <ele>14.80000019073486328125</ele>
        <time>2026-08-17T22:53:10.000Z</time>
        <extensions>
          <ns3:TrackPointExtension>
            <ns3:hr>156</ns3:hr>
            <ns3:cad>93</ns3:cad>
          </ns3:TrackPointExtension>
        </extensions>
      </trkpt>
      <trkpt lat="22.60648746974766254425048828125" lon="113.887843005359172821044921875">
        <ele>14.80000019073486328125</ele>
        <time>2026-08-17T22:53:11.000Z</time>
        <extensions>
          <ns3:TrackPointExtension>
            <ns3:hr>156</ns3:hr>
            <ns3:cad>93</ns3:cad>
          </ns3:TrackPointExtension>
        </extensions>
      </trkpt>
      <trkpt lat="22.60651814751327037811279296875" lon="113.88783194124698638916015625">
        <ele>14.80000019073486328125</ele>
        <time>2026-08-17T22:53:12.000Z</time>
        <extensions>
          <ns3:TrackPointExtension>
            <ns3:hr>156</ns3:hr>
            <ns3:cad>92</ns3:cad>
          </ns3:TrackPointExtension>
        </extensions>
      </trkpt>
      <trkpt lat="22.60654161684215068817138671875" lon="113.88781827874481678009033203125">
        <ele>14.80000019073486328125</ele>
        <time>2026-08-17T22:53:13.000Z</time>
        <extensions>
          <ns3:TrackPointExtension>
            <ns3:hr>155</ns3:hr>
            <ns3:cad>92</ns3:cad>
          </ns3:TrackPointExtension>
        </extensions>
      </trkpt>
      <trkpt lat="22.606566511094570159912109375" lon="113.88780956156551837921142578125">
        <ele>14.80000019073486328125</ele>
        <time>2026-08-17T22:53:14.000Z</time>
        <extensions>
          <ns3:TrackPointExtension>
            <ns3:hr>155</ns3:hr>
            <ns3:cad>92</ns3:cad>
          </ns3:TrackPointExtension>
        </extensions>
      </trkpt>
      <trkpt lat="22.6065955124795436859130859375" lon="113.8877999223768711090087890625">
        <ele>14.80000019073486328125</ele>
        <time>2026-08-17T22:53:15.000Z</time>
        <extensions>
          <ns3:TrackPointExtension>
            <ns3:hr>155</ns3:hr>
            <ns3:cad>92</ns3:cad>
          </ns3:TrackPointExtension>
        </extensions>
      </trkpt>
      <trkpt lat="22.606624849140644073486328125" lon="113.8877898640930652618408203125">
        <ele>14.80000019073486328125</ele>
        <time>2026-08-17T22:53:16.000Z</time>
        <extensions>
          <ns3:TrackPointExtension>
            <ns3:hr>155</ns3:hr>
            <ns3:cad>92</ns3:cad>
          </ns3:TrackPointExtension>
        </extensions>
      </trkpt>
      <trkpt lat="22.6066561974585056304931640625" lon="113.88777921907603740692138671875">
        <ele>14.80000019073486328125</ele>
        <time>2026-08-17T22:53:17.000Z</time>
        <extensions>
          <ns3:TrackPointExtension>
            <ns3:hr>156</ns3:hr>
            <ns3:cad>92</ns3:cad>
          </ns3:TrackPointExtension>
        </extensions>
      </trkpt>
      <trkpt lat="22.606681175529956817626953125" lon="113.88777402229607105255126953125">
        <ele>14.80000019073486328125</ele>
        <time>2026-08-17T22:53:18.000Z</time>
        <extensions>
          <ns3:TrackPointExtension>
            <ns3:hr>155</ns3:hr>
            <ns3:cad>92</ns3:cad>
          </ns3:TrackPointExtension>
        </extensions>
      </trkpt>
      <trkpt lat="22.606713362038135528564453125" lon="113.88776379637420177459716796875">
        <ele>14.80000019073486328125</ele>
        <time>2026-08-17T22:53:19.000Z</time>
        <extensions>
          <ns3:TrackPointExtension>
            <ns3:hr>155</ns3:hr>
            <ns3:cad>92</ns3:cad>
          </ns3:TrackPointExtension>
        </extensions>
      </trkpt>
      <trkpt lat="22.6067380048334598541259765625" lon="113.8877546600997447967529296875">
        <ele>14.80000019073486328125</ele>
        <time>2026-08-17T22:53:20.000Z</time>
        <extensions>
          <ns3:TrackPointExtension>
            <ns3:hr>155</ns3:hr>
            <ns3:cad>93</ns3:cad>
          </ns3:TrackPointExtension>
        </extensions>
      </trkpt>
      <trkpt lat="22.6067613065242767333984375" lon="113.887743763625621795654296875">
        <ele>14.80000019073486328125</ele>
        <time>2026-08-17T22:53:21.000Z</time>
        <extensions>
          <ns3:TrackPointExtension>
            <ns3:hr>154</ns3:hr>
            <ns3:cad>94</ns3:cad>
          </ns3:TrackPointExtension>
        </extensions>
      </trkpt>
      <trkpt lat="22.60678343474864959716796875" lon="113.8877288438379764556884765625">
        <ele>14.80000019073486328125</ele>
        <time>2026-08-17T22:53:22.000Z</time>
        <extensions>
          <ns3:TrackPointExtension>
            <ns3:hr>154</ns3:hr>
            <ns3:cad>94</ns3:cad>
          </ns3:TrackPointExtension>
        </extensions>
      </trkpt>
      <trkpt lat="22.606806568801403045654296875" lon="113.88771937228739261627197265625">
        <ele>14.80000019073486328125</ele>
        <time>2026-08-17T22:53:23.000Z</time>
        <extensions>
          <ns3:TrackPointExtension>
            <ns3:hr>154</ns3:hr>
            <ns3:cad>94</ns3:cad>
          </ns3:TrackPointExtension>
        </extensions>
      </trkpt>
      <trkpt lat="22.606835067272186279296875" lon="113.887707553803920745849609375">
        <ele>14.80000019073486328125</ele>
        <time>2026-08-17T22:53:24.000Z</time>
        <extensions>
          <ns3:TrackPointExtension>
            <ns3:hr>154</ns3:hr>
            <ns3:cad>95</ns3:cad>
          </ns3:TrackPointExtension>
        </extensions>
      </trkpt>
      <trkpt lat="22.6068583689630031585693359375" lon="113.88769783079624176025390625">
        <ele>14.80000019073486328125</ele>
        <time>2026-08-17T22:53:25.000Z</time>
        <extensions>
          <ns3:TrackPointExtension>
            <ns3:hr>155</ns3:hr>
            <ns3:cad>92</ns3:cad>
          </ns3:TrackPointExtension>
        </extensions>
      </trkpt>
      <trkpt lat="22.60688577778637409210205078125" lon="113.8876849226653575897216796875">
        <ele>14.80000019073486328125</ele>
        <time>2026-08-17T22:53:26.000Z</time>
        <extensions>
          <ns3:TrackPointExtension>
            <ns3:hr>154</ns3:hr>
            <ns3:cad>92</ns3:cad>
          </ns3:TrackPointExtension>
        </extensions>
      </trkpt>
      <trkpt lat="22.6069088280200958251953125" lon="113.88767645694315433502197265625">
        <ele>14.80000019073486328125</ele>
        <time>2026-08-17T22:53:27.000Z</time>
        <extensions>
          <ns3:TrackPointExtension>
            <ns3:hr>153</ns3:hr>
            <ns3:cad>92</ns3:cad>
          </ns3:TrackPointExtension>
        </extensions>
      </trkpt>
      <trkpt lat="22.60693632066249847412109375" lon="113.88766991905868053436279296875">
        <ele>14.80000019073486328125</ele>
        <time>2026-08-17T22:53:28.000Z</time>
        <extensions>
          <ns3:TrackPointExtension>
            <ns3:hr>153</ns3:hr>
            <ns3:cad>92</ns3:cad>
          </ns3:TrackPointExtension>
        </extensions>
      </trkpt>
      <trkpt lat="22.606960125267505645751953125" lon="113.88766036368906497955322265625">
        <ele>14.80000019073486328125</ele>
        <time>2026-08-17T22:53:29.000Z</time>
        <extensions>
          <ns3:TrackPointExtension>
            <ns3:hr>153</ns3:hr>
            <ns3:cad>94</ns3:cad>
          </ns3:TrackPointExtension>
        </extensions>
      </trkpt>
      <trkpt lat="22.60699105449020862579345703125" lon="113.887648545205593109130859375">
        <ele>14.80000019073486328125</ele>
        <time>2026-08-17T22:53:30.000Z</time>
        <extensions>
          <ns3:TrackPointExtension>
            <ns3:hr>152</ns3:hr>
            <ns3:cad>94</ns3:cad>
          </ns3:TrackPointExtension>
        </extensions>
      </trkpt>
      <trkpt lat="22.6070159487426280975341796875" lon="113.88763622380793094635009765625">
        <ele>14.80000019073486328125</ele>
        <time>2026-08-17T22:53:31.000Z</time>
        <extensions>
          <ns3:TrackPointExtension>
            <ns3:hr>152</ns3:hr>
            <ns3:cad>92</ns3:cad>
          </ns3:TrackPointExtension>
        </extensions>
      </trkpt>
      <trkpt lat="22.6070474646985530853271484375" lon="113.88762750662863254547119140625">
        <ele>14.80000019073486328125</ele>
        <time>2026-08-17T22:53:32.000Z</time>
        <extensions>
          <ns3:TrackPointExtension>
            <ns3:hr>152</ns3:hr>
            <ns3:cad>92</ns3:cad>
          </ns3:TrackPointExtension>
        </extensions>
      </trkpt>
      <trkpt lat="22.6070759631693363189697265625" lon="113.88761862181127071380615234375">
        <ele>14.80000019073486328125</ele>
        <time>2026-08-17T22:53:33.000Z</time>
        <extensions>
          <ns3:TrackPointExtension>
            <ns3:hr>152</ns3:hr>
            <ns3:cad>92</ns3:cad>
          </ns3:TrackPointExtension>
        </extensions>
      </trkpt>
      <trkpt lat="22.60710261762142181396484375" lon="113.88761023990809917449951171875">
        <ele>14.80000019073486328125</ele>
        <time>2026-08-17T22:53:34.000Z</time>
        <extensions>
          <ns3:TrackPointExtension>
            <ns3:hr>152</ns3:hr>
            <ns3:cad>92</ns3:cad>
          </ns3:TrackPointExtension>
        </extensions>
      </trkpt>
      <trkpt lat="22.60712985880672931671142578125" lon="113.887600935995578765869140625">
        <ele>14.80000019073486328125</ele>
        <time>2026-08-17T22:53:35.000Z</time>
        <extensions>
          <ns3:TrackPointExtension>
            <ns3:hr>152</ns3:hr>
            <ns3:cad>94</ns3:cad>
          </ns3:TrackPointExtension>
        </extensions>
      </trkpt>
      <trkpt lat="22.60715181939303874969482421875" lon="113.88759029097855091094970703125">
        <ele>14.6000003814697265625</ele>
        <time>2026-08-17T22:53:36.000Z</time>
        <extensions>
          <ns3:TrackPointExtension>
            <ns3:hr>152</ns3:hr>
            <ns3:cad>92</ns3:cad>
          </ns3:TrackPointExtension>
        </extensions>
      </trkpt>
      <trkpt lat="22.607189118862152099609375" lon="113.88757972978055477142333984375">
        <ele>14.6000003814697265625</ele>
        <time>2026-08-17T22:53:37.000Z</time>
        <extensions>
          <ns3:TrackPointExtension>
            <ns3:hr>152</ns3:hr>
            <ns3:cad>92</ns3:cad>
          </ns3:TrackPointExtension>
        </extensions>
      </trkpt>
      <trkpt lat="22.607215605676174163818359375" lon="113.88757537119090557098388671875">
        <ele>14.80000019073486328125</ele>
        <time>2026-08-17T22:53:38.000Z</time>
        <extensions>
          <ns3:TrackPointExtension>
            <ns3:hr>152</ns3:hr>
            <ns3:cad>92</ns3:cad>
          </ns3:TrackPointExtension>
        </extensions>
      </trkpt>
      <trkpt lat="22.60724972002208232879638671875" lon="113.8875670731067657470703125">
        <ele>14.80000019073486328125</ele>
        <time>2026-08-17T22:53:39.000Z</time>
        <extensions>
          <ns3:TrackPointExtension>
            <ns3:hr>152</ns3:hr>
            <ns3:cad>92</ns3:cad>
          </ns3:TrackPointExtension>
        </extensions>
      </trkpt>
      <trkpt lat="22.6072751171886920928955078125" lon="113.887558691203594207763671875">
        <ele>14.80000019073486328125</ele>
        <time>2026-08-17T22:53:40.000Z</time>
        <extensions>
          <ns3:TrackPointExtension>
            <ns3:hr>151</ns3:hr>
            <ns3:cad>93</ns3:cad>
          </ns3:TrackPointExtension>
        </extensions>
      </trkpt>
      <trkpt lat="22.60730956681072711944580078125" lon="113.88754586689174175262451171875">
        <ele>14.80000019073486328125</ele>
        <time>2026-08-17T22:53:41.000Z</time>
        <extensions>
          <ns3:TrackPointExtension>
            <ns3:hr>152</ns3:hr>
            <ns3:cad>94</ns3:cad>
          </ns3:TrackPointExtension>
        </extensions>
      </trkpt>
      <trkpt lat="22.60733060538768768310546875" lon="113.8875360600650310516357421875">
        <ele>14.80000019073486328125</ele>
        <time>2026-08-17T22:53:42.000Z</time>
        <extensions>
          <ns3:TrackPointExtension>
            <ns3:hr>152</ns3:hr>
            <ns3:cad>94</ns3:cad>
          </ns3:TrackPointExtension>
        </extensions>
      </trkpt>
      <trkpt lat="22.60735197924077510833740234375" lon="113.88752759434282779693603515625">
        <ele>14.80000019073486328125</ele>
        <time>2026-08-17T22:53:43.000Z</time>
        <extensions>
          <ns3:TrackPointExtension>
            <ns3:hr>151</ns3:hr>
            <ns3:cad>93</ns3:cad>
          </ns3:TrackPointExtension>
        </extensions>
      </trkpt>
      <trkpt lat="22.60736924596130847930908203125" lon="113.88751451857388019561767578125">
        <ele>14.80000019073486328125</ele>
        <time>2026-08-17T22:53:44.000Z</time>
        <extensions>
          <ns3:TrackPointExtension>
            <ns3:hr>151</ns3:hr>
            <ns3:cad>93</ns3:cad>
          </ns3:TrackPointExtension>
        </extensions>
      </trkpt>
      <trkpt lat="22.60740059427917003631591796875" lon="113.88749607838690280914306640625">
        <ele>14.80000019073486328125</ele>
        <time>2026-08-17T22:53:45.000Z</time>
        <extensions>
          <ns3:TrackPointExtension>
            <ns3:hr>151</ns3:hr>
            <ns3:cad>92</ns3:cad>
          </ns3:TrackPointExtension>
        </extensions>
      </trkpt>
      <trkpt lat="22.6074269972741603851318359375" lon="113.8874812424182891845703125">
        <ele>14.80000019073486328125</ele>
        <time>2026-08-17T22:53:46.000Z</time>
        <extensions>
          <ns3:TrackPointExtension>
            <ns3:hr>152</ns3:hr>
            <ns3:cad>92</ns3:cad>
          </ns3:TrackPointExtension>
        </extensions>
      </trkpt>
      <trkpt lat="22.60745977051556110382080078125" lon="113.88747076503932476043701171875">
        <ele>14.80000019073486328125</ele>
        <time>2026-08-17T22:53:47.000Z</time>
        <extensions>
          <ns3:TrackPointExtension>
            <ns3:hr>151</ns3:hr>
            <ns3:cad>92</ns3:cad>
          </ns3:TrackPointExtension>
        </extensions>
      </trkpt>
      <trkpt lat="22.60748810134828090667724609375" lon="113.88746372424066066741943359375">
        <ele>14.80000019073486328125</ele>
        <time>2026-08-17T22:53:48.000Z</time>
        <extensions>
          <ns3:TrackPointExtension>
            <ns3:hr>151</ns3:hr>
            <ns3:cad>91</ns3:cad>
          </ns3:TrackPointExtension>
        </extensions>
      </trkpt>
      <trkpt lat="22.60751760564744472503662109375" lon="113.887456767261028289794921875">
        <ele>14.80000019073486328125</ele>
        <time>2026-08-17T22:53:49.000Z</time>
        <extensions>
          <ns3:TrackPointExtension>
            <ns3:hr>152</ns3:hr>
            <ns3:cad>91</ns3:cad>
          </ns3:TrackPointExtension>
        </extensions>
      </trkpt>
      <trkpt lat="22.6075507141649723052978515625" lon="113.88745064847171306610107421875">
        <ele>14.80000019073486328125</ele>
        <time>2026-08-17T22:53:50.000Z</time>
        <extensions>
          <ns3:TrackPointExtension>
            <ns3:hr>151</ns3:hr>
            <ns3:cad>90</ns3:cad>
          </ns3:TrackPointExtension>
        </extensions>
      </trkpt>
      <trkpt lat="22.60757694952189922332763671875" lon="113.8874492235481739044189453125">
        <ele>14.80000019073486328125</ele>
        <time>2026-08-17T22:53:51.000Z</time>
        <extensions>
          <ns3:TrackPointExtension>
            <ns3:hr>151</ns3:hr>
            <ns3:cad>89</ns3:cad>
          </ns3:TrackPointExtension>
        </extensions>
      </trkpt>
      <trkpt lat="22.6076137460768222808837890625" lon="113.8874421827495098114013671875">
        <ele>14.80000019073486328125</ele>
        <time>2026-08-17T22:53:52.000Z</time>
        <extensions>
          <ns3:TrackPointExtension>
            <ns3:hr>151</ns3:hr>
            <ns3:cad>91</ns3:cad>
          </ns3:TrackPointExtension>
        </extensions>
      </trkpt>
      <trkpt lat="22.60764350183308124542236328125" lon="113.88744042254984378814697265625">
        <ele>14.80000019073486328125</ele>
        <time>2026-08-17T22:53:53.000Z</time>
        <extensions>
          <ns3:TrackPointExtension>
            <ns3:hr>151</ns3:hr>
            <ns3:cad>93</ns3:cad>
          </ns3:TrackPointExtension>
        </extensions>
      </trkpt>
      <trkpt lat="22.607681639492511749267578125" lon="113.88743857853114604949951171875">
        <ele>14.80000019073486328125</ele>
        <time>2026-08-17T22:53:54.000Z</time>
        <extensions>
          <ns3:TrackPointExtension>
            <ns3:hr>151</ns3:hr>
            <ns3:cad>93</ns3:cad>
          </ns3:TrackPointExtension>
        </extensions>
      </trkpt>
      <trkpt lat="22.60770804248750209808349609375" lon="113.88743757270276546478271484375">
        <ele>15</ele>
        <time>2026-08-17T22:53:55.000Z</time>
        <extensions>
          <ns3:TrackPointExtension>
            <ns3:hr>151</ns3:hr>
            <ns3:cad>93</ns3:cad>
          </ns3:TrackPointExtension>
        </extensions>
      </trkpt>
      <trkpt lat="22.60773838497698307037353515625" lon="113.887440003454685211181640625">
        <ele>15</ele>
        <time>2026-08-17T22:53:56.000Z</time>
        <extensions>
          <ns3:TrackPointExtension>
            <ns3:hr>151</ns3:hr>
            <ns3:cad>92</ns3:cad>
          </ns3:TrackPointExtension>
        </extensions>
      </trkpt>
      <trkpt lat="22.6077582500874996185302734375" lon="113.88744126074016094207763671875">
        <ele>15.19999980926513671875</ele>
        <time>2026-08-17T22:53:57.000Z</time>
        <extensions>
          <ns3:TrackPointExtension>
            <ns3:hr>151</ns3:hr>
            <ns3:cad>92</ns3:cad>
          </ns3:TrackPointExtension>
        </extensions>
      </trkpt>
      <trkpt lat="22.60778565891087055206298828125" lon="113.88745165430009365081787109375">
        <ele>15.3999996185302734375</ele>
        <time>2026-08-17T22:53:58.000Z</time>
        <extensions>
          <ns3:TrackPointExtension>
            <ns3:hr>151</ns3:hr>
            <ns3:cad>93</ns3:cad>
          </ns3:TrackPointExtension>
        </extensions>
      </trkpt>
      <trkpt lat="22.607809714972972869873046875" lon="113.88745735399425029754638671875">
        <ele>15.6000003814697265625</ele>
        <time>2026-08-17T22:53:59.000Z</time>
        <extensions>
          <ns3:TrackPointExtension>
            <ns3:hr>150</ns3:hr>
            <ns3:cad>93</ns3:cad>
          </ns3:TrackPointExtension>
        </extensions>
      </trkpt>
      <trkpt lat="22.6078340224921703338623046875" lon="113.8874686695635318756103515625">
        <ele>15.80000019073486328125</ele>
        <time>2026-08-17T22:54:00.000Z</time>
        <extensions>
          <ns3:TrackPointExtension>
            <ns3:hr>150</ns3:hr>
            <ns3:cad>93</ns3:cad>
          </ns3:TrackPointExtension>
        </extensions>
      </trkpt>
      <trkpt lat="22.6078611798584461212158203125" lon="113.88747696764767169952392578125">
        <ele>16</ele>
        <time>2026-08-17T22:54:01.000Z</time>
        <extensions>
          <ns3:TrackPointExtension>
            <ns3:hr>150</ns3:hr>
            <ns3:cad>93</ns3:cad>
          </ns3:TrackPointExtension>
        </extensions>
      </trkpt>
      <trkpt lat="22.60788406245410442352294921875" lon="113.88748417608439922332763671875">
        <ele>16.200000762939453125</ele>
        <time>2026-08-17T22:54:02.000Z</time>
        <extensions>
          <ns3:TrackPointExtension>
            <ns3:hr>150</ns3:hr>
            <ns3:cad>93</ns3:cad>
          </ns3:TrackPointExtension>
        </extensions>
      </trkpt>
      <trkpt lat="22.60790669359266757965087890625" lon="113.88749440200626850128173828125">
        <ele>16.3999996185302734375</ele>
        <time>2026-08-17T22:54:03.000Z</time>
        <extensions>
          <ns3:TrackPointExtension>
            <ns3:hr>150</ns3:hr>
            <ns3:cad>92</ns3:cad>
          </ns3:TrackPointExtension>
        </extensions>
      </trkpt>
      <trkpt lat="22.60792580433189868927001953125" lon="113.8875062204897403717041015625">
        <ele>16.6000003814697265625</ele>
        <time>2026-08-17T22:54:04.000Z</time>
        <extensions>
          <ns3:TrackPointExtension>
            <ns3:hr>150</ns3:hr>
            <ns3:cad>92</ns3:cad>
          </ns3:TrackPointExtension>
        </extensions>
      </trkpt>
      <trkpt lat="22.60795061476528644561767578125" lon="113.88751854188740253448486328125">
        <ele>16.799999237060546875</ele>
        <time>2026-08-17T22:54:05.000Z</time>
        <extensions>
          <ns3:TrackPointExtension>
            <ns3:hr>150</ns3:hr>
            <ns3:cad>91</ns3:cad>
          </ns3:TrackPointExtension>
        </extensions>
      </trkpt>
      <trkpt lat="22.60797022841870784759521484375" lon="113.88753044418990612030029296875">
        <ele>17</ele>
        <time>2026-08-17T22:54:06.000Z</time>
        <extensions>
          <ns3:TrackPointExtension>
            <ns3:hr>150</ns3:hr>
            <ns3:cad>92</ns3:cad>
          </ns3:TrackPointExtension>
        </extensions>
      </trkpt>
      <trkpt lat="22.607996463775634765625" lon="113.88754284940659999847412109375">
        <ele>17.200000762939453125</ele>
        <time>2026-08-17T22:54:07.000Z</time>
        <extensions>
          <ns3:TrackPointExtension>
            <ns3:hr>151</ns3:hr>
            <ns3:cad>92</ns3:cad>
          </ns3:TrackPointExtension>
        </extensions>
      </trkpt>
      <trkpt lat="22.60801817290484905242919921875" lon="113.88755592517554759979248046875">
        <ele>17.3999996185302734375</ele>
        <time>2026-08-17T22:54:08.000Z</time>
        <extensions>
          <ns3:TrackPointExtension>
            <ns3:hr>150</ns3:hr>
            <ns3:cad>92</ns3:cad>
          </ns3:TrackPointExtension>
        </extensions>
      </trkpt>
      <trkpt lat="22.60804273188114166259765625" lon="113.8875692524015903472900390625">
        <ele>17.6000003814697265625</ele>
        <time>2026-08-17T22:54:09.000Z</time>
        <extensions>
          <ns3:TrackPointExtension>
            <ns3:hr>151</ns3:hr>
            <ns3:cad>92</ns3:cad>
          </ns3:TrackPointExtension>
        </extensions>
      </trkpt>
      <trkpt lat="22.6080650277435779571533203125" lon="113.88757503591477870941162109375">
        <ele>17.799999237060546875</ele>
        <time>2026-08-17T22:54:10.000Z</time>
        <extensions>
          <ns3:TrackPointExtension>
            <ns3:hr>151</ns3:hr>
            <ns3:cad>92</ns3:cad>
          </ns3:TrackPointExtension>
        </extensions>
      </trkpt>
      <trkpt lat="22.60809562169015407562255859375" lon="113.88758844695985317230224609375">
        <ele>18</ele>
        <time>2026-08-17T22:54:11.000Z</time>
        <extensions>
          <ns3:TrackPointExtension>
            <ns3:hr>151</ns3:hr>
            <ns3:cad>92</ns3:cad>
          </ns3:TrackPointExtension>
        </extensions>
      </trkpt>
      <trkpt lat="22.6081230305135250091552734375" lon="113.88759632594883441925048828125">
        <ele>18.3999996185302734375</ele>
        <time>2026-08-17T22:54:12.000Z</time>
        <extensions>
          <ns3:TrackPointExtension>
            <ns3:hr>152</ns3:hr>
            <ns3:cad>92</ns3:cad>
          </ns3:TrackPointExtension>
        </extensions>
      </trkpt>
      <trkpt lat="22.6081485114991664886474609375" lon="113.88761174865067005157470703125">
        <ele>18.6000003814697265625</ele>
        <time>2026-08-17T22:54:13.000Z</time>
        <extensions>
          <ns3:TrackPointExtension>
            <ns3:hr>152</ns3:hr>
            <ns3:cad>93</ns3:cad>
          </ns3:TrackPointExtension>
        </extensions>
      </trkpt>
      <trkpt lat="22.60816879570484161376953125" lon="113.887620382010936737060546875">
        <ele>18.799999237060546875</ele>
        <time>2026-08-17T22:54:14.000Z</time>
        <extensions>
          <ns3:TrackPointExtension>
            <ns3:hr>152</ns3:hr>
            <ns3:cad>93</ns3:cad>
          </ns3:TrackPointExtension>
        </extensions>
      </trkpt>
      <trkpt lat="22.60819653980433940887451171875" lon="113.88764083385467529296875">
        <ele>19.200000762939453125</ele>
        <time>2026-08-17T22:54:15.000Z</time>
        <extensions>
          <ns3:TrackPointExtension>
            <ns3:hr>152</ns3:hr>
            <ns3:cad>93</ns3:cad>
          </ns3:TrackPointExtension>
        </extensions>
      </trkpt>
      <trkpt lat="22.608219087123870849609375" lon="113.88765332289040088653564453125">
        <ele>19.3999996185302734375</ele>
        <time>2026-08-17T22:54:16.000Z</time>
        <extensions>
          <ns3:TrackPointExtension>
            <ns3:hr>153</ns3:hr>
            <ns3:cad>92</ns3:cad>
          </ns3:TrackPointExtension>
        </extensions>
      </trkpt>
      <trkpt lat="22.6082444004714488983154296875" lon="113.88767302036285400390625">
        <ele>19.6000003814697265625</ele>
        <time>2026-08-17T22:54:17.000Z</time>
        <extensions>
          <ns3:TrackPointExtension>
            <ns3:hr>153</ns3:hr>
            <ns3:cad>92</ns3:cad>
          </ns3:TrackPointExtension>
        </extensions>
      </trkpt>
      <trkpt lat="22.60826828889548778533935546875" lon="113.887685425579547882080078125">
        <ele>19.799999237060546875</ele>
        <time>2026-08-17T22:54:18.000Z</time>
        <extensions>
          <ns3:TrackPointExtension>
            <ns3:hr>153</ns3:hr>
            <ns3:cad>92</ns3:cad>
          </ns3:TrackPointExtension>
        </extensions>
      </trkpt>
      <trkpt lat="22.60829150676727294921875" lon="113.88769942335784435272216796875">
        <ele>20</ele>
        <time>2026-08-17T22:54:19.000Z</time>
        <extensions>
          <ns3:TrackPointExtension>
            <ns3:hr>154</ns3:hr>
            <ns3:cad>92</ns3:cad>
          </ns3:TrackPointExtension>
        </extensions>
      </trkpt>
      <trkpt lat="22.608316652476787567138671875" lon="113.88770663179457187652587890625">
        <ele>20.200000762939453125</ele>
        <time>2026-08-17T22:54:20.000Z</time>
        <extensions>
          <ns3:TrackPointExtension>
            <ns3:hr>154</ns3:hr>
            <ns3:cad>92</ns3:cad>
          </ns3:TrackPointExtension>
        </extensions>
      </trkpt>
      <trkpt lat="22.608337439596652984619140625" lon="113.8877172768115997314453125">
        <ele>20.3999996185302734375</ele>
        <time>2026-08-17T22:54:21.000Z</time>
        <extensions>
          <ns3:TrackPointExtension>
            <ns3:hr>155</ns3:hr>
            <ns3:cad>92</ns3:cad>
          </ns3:TrackPointExtension>
        </extensions>
      </trkpt>
      <trkpt lat="22.608363591134548187255859375" lon="113.88772188685834407806396484375">
        <ele>20.6000003814697265625</ele>
        <time>2026-08-17T22:54:22.000Z</time>
        <extensions>
          <ns3:TrackPointExtension>
            <ns3:hr>155</ns3:hr>
            <ns3:cad>92</ns3:cad>
          </ns3:TrackPointExtension>
        </extensions>
      </trkpt>
      <trkpt lat="22.60838513262569904327392578125" lon="113.88773060403764247894287109375">
        <ele>20.799999237060546875</ele>
        <time>2026-08-17T22:54:23.000Z</time>
        <extensions>
          <ns3:TrackPointExtension>
            <ns3:hr>155</ns3:hr>
            <ns3:cad>92</ns3:cad>
          </ns3:TrackPointExtension>
        </extensions>
      </trkpt>
      <trkpt lat="22.6084056682884693145751953125" lon="113.88773764483630657196044921875">
        <ele>21.200000762939453125</ele>
        <time>2026-08-17T22:54:24.000Z</time>
        <extensions>
          <ns3:TrackPointExtension>
            <ns3:hr>154</ns3:hr>
            <ns3:cad>92</ns3:cad>
          </ns3:TrackPointExtension>
        </extensions>
      </trkpt>
      <trkpt lat="22.6084269583225250244140625" lon="113.8877412490546703338623046875">
        <ele>21.3999996185302734375</ele>
        <time>2026-08-17T22:54:25.000Z</time>
        <extensions>
          <ns3:TrackPointExtension>
            <ns3:hr>154</ns3:hr>
            <ns3:cad>92</ns3:cad>
          </ns3:TrackPointExtension>
        </extensions>
      </trkpt>
      <trkpt lat="22.6084522716701030731201171875" lon="113.88774518854916095733642578125">
        <ele>21.3999996185302734375</ele>
        <time>2026-08-17T22:54:26.000Z</time>
        <extensions>
          <ns3:TrackPointExtension>
            <ns3:hr>155</ns3:hr>
            <ns3:cad>92</ns3:cad>
          </ns3:TrackPointExtension>
        </extensions>
      </trkpt>
      <trkpt lat="22.6084720529615879058837890625" lon="113.88774703256785869598388671875">
        <ele>21.799999237060546875</ele>
        <time>2026-08-17T22:54:27.000Z</time>
        <extensions>
          <ns3:TrackPointExtension>
            <ns3:hr>155</ns3:hr>
            <ns3:cad>92</ns3:cad>
          </ns3:TrackPointExtension>
        </extensions>
      </trkpt>
      <trkpt lat="22.60849929414689540863037109375" lon="113.8877482898533344268798828125">
        <ele>22</ele>
        <time>2026-08-17T22:54:28.000Z</time>
        <extensions>
          <ns3:TrackPointExtension>
            <ns3:hr>155</ns3:hr>
            <ns3:cad>92</ns3:cad>
          </ns3:TrackPointExtension>
        </extensions>
      </trkpt>
      <trkpt lat="22.6085176505148410797119140625" lon="113.8877496309578418731689453125">
        <ele>22.200000762939453125</ele>
        <time>2026-08-17T22:54:29.000Z</time>
        <extensions>
          <ns3:TrackPointExtension>
            <ns3:hr>156</ns3:hr>
            <ns3:cad>92</ns3:cad>
          </ns3:TrackPointExtension>
        </extensions>
      </trkpt>
      <trkpt lat="22.60854489170014858245849609375" lon="113.8877546600997447967529296875">
        <ele>22.3999996185302734375</ele>
        <time>2026-08-17T22:54:30.000Z</time>
        <extensions>
          <ns3:TrackPointExtension>
            <ns3:hr>156</ns3:hr>
            <ns3:cad>92</ns3:cad>
          </ns3:TrackPointExtension>
        </extensions>
      </trkpt>
      <trkpt lat="22.6085659302771091461181640625" lon="113.88775415718555450439453125">
        <ele>22.6000003814697265625</ele>
        <time>2026-08-17T22:54:31.000Z</time>
        <extensions>
          <ns3:TrackPointExtension>
            <ns3:hr>156</ns3:hr>
            <ns3:cad>92</ns3:cad>
          </ns3:TrackPointExtension>
        </extensions>
      </trkpt>
      <trkpt lat="22.60860205627977848052978515625" lon="113.8877643831074237823486328125">
        <ele>22.799999237060546875</ele>
        <time>2026-08-17T22:54:32.000Z</time>
        <extensions>
          <ns3:TrackPointExtension>
            <ns3:hr>156</ns3:hr>
            <ns3:cad>93</ns3:cad>
          </ns3:TrackPointExtension>
        </extensions>
      </trkpt>
      <trkpt lat="22.60862569324672222137451171875" lon="113.887767903506755828857421875">
        <ele>23.200000762939453125</ele>
        <time>2026-08-17T22:54:33.000Z</time>
        <extensions>
          <ns3:TrackPointExtension>
            <ns3:hr>156</ns3:hr>
            <ns3:cad>92</ns3:cad>
          </ns3:TrackPointExtension>
        </extensions>
      </trkpt>
      <trkpt lat="22.6086561195552349090576171875" lon="113.88777536340057849884033203125">
        <ele>23.3999996185302734375</ele>
        <time>2026-08-17T22:54:34.000Z</time>
        <extensions>
          <ns3:TrackPointExtension>
            <ns3:hr>156</ns3:hr>
            <ns3:cad>92</ns3:cad>
          </ns3:TrackPointExtension>
        </extensions>
      </trkpt>
      <trkpt lat="22.60867749340832233428955078125" lon="113.88777469284832477569580078125">
        <ele>23.6000003814697265625</ele>
        <time>2026-08-17T22:54:35.000Z</time>
        <extensions>
          <ns3:TrackPointExtension>
            <ns3:hr>157</ns3:hr>
            <ns3:cad>92</ns3:cad>
          </ns3:TrackPointExtension>
        </extensions>
      </trkpt>
      <trkpt lat="22.6087047345936298370361328125" lon="113.887779973447322845458984375">
        <ele>23.799999237060546875</ele>
        <time>2026-08-17T22:54:36.000Z</time>
        <extensions>
          <ns3:TrackPointExtension>
            <ns3:hr>156</ns3:hr>
            <ns3:cad>91</ns3:cad>
          </ns3:TrackPointExtension>
        </extensions>
      </trkpt>
      <trkpt lat="22.608726359903812408447265625" lon="113.88777435757219791412353515625">
        <ele>24</ele>
        <time>2026-08-17T22:54:37.000Z</time>
        <extensions>
          <ns3:TrackPointExtension>
            <ns3:hr>157</ns3:hr>
            <ns3:cad>92</ns3:cad>
          </ns3:TrackPointExtension>
        </extensions>
      </trkpt>
      <trkpt lat="22.60875594802200794219970703125" lon="113.88777854852378368377685546875">
        <ele>24.200000762939453125</ele>
        <time>2026-08-17T22:54:38.000Z</time>
        <extensions>
          <ns3:TrackPointExtension>
            <ns3:hr>157</ns3:hr>
            <ns3:cad>92</ns3:cad>
          </ns3:TrackPointExtension>
        </extensions>
      </trkpt>
      <trkpt lat="22.6087815128266811370849609375" lon="113.887781985104084014892578125">
        <ele>24.3999996185302734375</ele>
        <time>2026-08-17T22:54:39.000Z</time>
        <extensions>
          <ns3:TrackPointExtension>
            <ns3:hr>157</ns3:hr>
            <ns3:cad>92</ns3:cad>
          </ns3:TrackPointExtension>
        </extensions>
      </trkpt>
      <trkpt lat="22.60880942456424236297607421875" lon="113.88778793625533580780029296875">
        <ele>24.6000003814697265625</ele>
        <time>2026-08-17T22:54:40.000Z</time>
        <extensions>
          <ns3:TrackPointExtension>
            <ns3:hr>158</ns3:hr>
            <ns3:cad>92</ns3:cad>
          </ns3:TrackPointExtension>
        </extensions>
      </trkpt>
      <trkpt lat="22.60883490554988384246826171875" lon="113.88778944499790668487548828125">
        <ele>25</ele>
        <time>2026-08-17T22:54:41.000Z</time>
        <extensions>
          <ns3:TrackPointExtension>
            <ns3:hr>158</ns3:hr>
            <ns3:cad>92</ns3:cad>
          </ns3:TrackPointExtension>
        </extensions>
      </trkpt>
      <trkpt lat="22.60886013507843017578125" lon="113.88779439032077789306640625">
        <ele>25.200000762939453125</ele>
        <time>2026-08-17T22:54:42.000Z</time>
        <extensions>
          <ns3:TrackPointExtension>
            <ns3:hr>158</ns3:hr>
            <ns3:cad>90</ns3:cad>
          </ns3:TrackPointExtension>
        </extensions>
      </trkpt>
      <trkpt lat="22.60888620279729366302490234375" lon="113.8877948932349681854248046875">
        <ele>25.3999996185302734375</ele>
        <time>2026-08-17T22:54:43.000Z</time>
        <extensions>
          <ns3:TrackPointExtension>
            <ns3:hr>158</ns3:hr>
            <ns3:cad>90</ns3:cad>
          </ns3:TrackPointExtension>
        </extensions>
      </trkpt>
      <trkpt lat="22.6089095883071422576904296875" lon="113.8877975754439830780029296875">
        <ele>25.6000003814697265625</ele>
        <time>2026-08-17T22:54:44.000Z</time>
        <extensions>
          <ns3:TrackPointExtension>
            <ns3:hr>158</ns3:hr>
            <ns3:cad>92</ns3:cad>
          </ns3:TrackPointExtension>
        </extensions>
      </trkpt>
      <trkpt lat="22.608938924968242645263671875" lon="113.88779832981526851654052734375">
        <ele>25.799999237060546875</ele>
        <time>2026-08-17T22:54:45.000Z</time>
        <extensions>
          <ns3:TrackPointExtension>
            <ns3:hr>158</ns3:hr>
            <ns3:cad>92</ns3:cad>
          </ns3:TrackPointExtension>
        </extensions>
      </trkpt>
      <trkpt lat="22.608957029879093170166015625" lon="113.887797407805919647216796875">
        <ele>26.200000762939453125</ele>
        <time>2026-08-17T22:54:46.000Z</time>
        <extensions>
          <ns3:TrackPointExtension>
            <ns3:hr>158</ns3:hr>
            <ns3:cad>93</ns3:cad>
          </ns3:TrackPointExtension>
        </extensions>
      </trkpt>
      <trkpt lat="22.60898812673985958099365234375" lon="113.8877977430820465087890625">
        <ele>26.3999996185302734375</ele>
        <time>2026-08-17T22:54:47.000Z</time>
        <extensions>
          <ns3:TrackPointExtension>
            <ns3:hr>158</ns3:hr>
            <ns3:cad>93</ns3:cad>
          </ns3:TrackPointExtension>
        </extensions>
      </trkpt>
      <trkpt lat="22.60901042260229587554931640625" lon="113.8877952285110950469970703125">
        <ele>26.6000003814697265625</ele>
        <time>2026-08-17T22:54:48.000Z</time>
        <extensions>
          <ns3:TrackPointExtension>
            <ns3:hr>158</ns3:hr>
            <ns3:cad>92</ns3:cad>
          </ns3:TrackPointExtension>
        </extensions>
      </trkpt>
      <trkpt lat="22.60904026217758655548095703125" lon="113.887798748910427093505859375">
        <ele>26.799999237060546875</ele>
        <time>2026-08-17T22:54:49.000Z</time>
        <extensions>
          <ns3:TrackPointExtension>
            <ns3:hr>159</ns3:hr>
            <ns3:cad>92</ns3:cad>
          </ns3:TrackPointExtension>
        </extensions>
      </trkpt>
      <trkpt lat="22.60906037874519824981689453125" lon="113.887802101671695709228515625">
        <ele>27</ele>
        <time>2026-08-17T22:54:50.000Z</time>
        <extensions>
          <ns3:TrackPointExtension>
            <ns3:hr>159</ns3:hr>
            <ns3:cad>92</ns3:cad>
          </ns3:TrackPointExtension>
        </extensions>
      </trkpt>
      <trkpt lat="22.60909155942499637603759765625" lon="113.88781090267002582550048828125">
        <ele>27.200000762939453125</ele>
        <time>2026-08-17T22:54:51.000Z</time>
        <extensions>
          <ns3:TrackPointExtension>
            <ns3:hr>159</ns3:hr>
            <ns3:cad>92</ns3:cad>
          </ns3:TrackPointExtension>
        </extensions>
      </trkpt>
      <trkpt lat="22.60910966433584690093994140625" lon="113.88780855573713779449462890625">
        <ele>27.3999996185302734375</ele>
        <time>2026-08-17T22:54:52.000Z</time>
        <extensions>
          <ns3:TrackPointExtension>
            <ns3:hr>159</ns3:hr>
            <ns3:cad>92</ns3:cad>
          </ns3:TrackPointExtension>
        </extensions>
      </trkpt>
      <trkpt lat="22.60913983918726444244384765625" lon="113.8878143392503261566162109375">
        <ele>27.6000003814697265625</ele>
        <time>2026-08-17T22:54:53.000Z</time>
        <extensions>
          <ns3:TrackPointExtension>
            <ns3:hr>159</ns3:hr>
            <ns3:cad>92</ns3:cad>
          </ns3:TrackPointExtension>
        </extensions>
      </trkpt>
      <trkpt lat="22.60915861465036869049072265625" lon="113.8878133334219455718994140625">
        <ele>27.799999237060546875</ele>
        <time>2026-08-17T22:54:54.000Z</time>
        <extensions>
          <ns3:TrackPointExtension>
            <ns3:hr>159</ns3:hr>
            <ns3:cad>91</ns3:cad>
          </ns3:TrackPointExtension>
        </extensions>
      </trkpt>
      <trkpt lat="22.60918267071247100830078125" lon="113.88781827874481678009033203125">
        <ele>28</ele>
        <time>2026-08-17T22:54:55.000Z</time>
        <extensions>
          <ns3:TrackPointExtension>
            <ns3:hr>159</ns3:hr>
            <ns3:cad>91</ns3:cad>
          </ns3:TrackPointExtension>
        </extensions>
      </trkpt>
      <trkpt lat="22.6092016138136386871337890625" lon="113.88782112859189510345458984375">
        <ele>28.200000762939453125</ele>
        <time>2026-08-17T22:54:56.000Z</time>
        <extensions>
          <ns3:TrackPointExtension>
            <ns3:hr>159</ns3:hr>
            <ns3:cad>91</ns3:cad>
          </ns3:TrackPointExtension>
        </extensions>
      </trkpt>
      <trkpt lat="22.609227932989597320556640625" lon="113.887830264866352081298828125">
        <ele>28.3999996185302734375</ele>
        <time>2026-08-17T22:54:57.000Z</time>
        <extensions>
          <ns3:TrackPointExtension>
            <ns3:hr>159</ns3:hr>
            <ns3:cad>91</ns3:cad>
          </ns3:TrackPointExtension>
        </extensions>
      </trkpt>
      <trkpt lat="22.60924411006271839141845703125" lon="113.88783738948404788970947265625">
        <ele>28.799999237060546875</ele>
        <time>2026-08-17T22:54:58.000Z</time>
        <extensions>
          <ns3:TrackPointExtension>
            <ns3:hr>160</ns3:hr>
            <ns3:cad>90</ns3:cad>
          </ns3:TrackPointExtension>
        </extensions>
      </trkpt>
      <trkpt lat="22.60926255024969577789306640625" lon="113.887849040329456329345703125">
        <ele>29</ele>
        <time>2026-08-17T22:54:59.000Z</time>
        <extensions>
          <ns3:TrackPointExtension>
            <ns3:hr>160</ns3:hr>
            <ns3:cad>90</ns3:cad>
          </ns3:TrackPointExtension>
        </extensions>
      </trkpt>
      <trkpt lat="22.60928082279860973358154296875" lon="113.88785130344331264495849609375">
        <ele>29.200000762939453125</ele>
        <time>2026-08-17T22:55:00.000Z</time>
        <extensions>
          <ns3:TrackPointExtension>
            <ns3:hr>160</ns3:hr>
            <ns3:cad>90</ns3:cad>
          </ns3:TrackPointExtension>
        </extensions>
      </trkpt>
      <trkpt lat="22.6093099080026149749755859375" lon="113.88786572031676769256591796875">
        <ele>29.3999996185302734375</ele>
        <time>2026-08-17T22:55:01.000Z</time>
        <extensions>
          <ns3:TrackPointExtension>
            <ns3:hr>160</ns3:hr>
            <ns3:cad>90</ns3:cad>
          </ns3:TrackPointExtension>
        </extensions>
      </trkpt>
      <trkpt lat="22.60933295823633670806884765625" lon="113.8878674805164337158203125">
        <ele>29.799999237060546875</ele>
        <time>2026-08-17T22:55:02.000Z</time>
        <extensions>
          <ns3:TrackPointExtension>
            <ns3:hr>160</ns3:hr>
            <ns3:cad>91</ns3:cad>
          </ns3:TrackPointExtension>
        </extensions>
      </trkpt>
      <trkpt lat="22.609358690679073333740234375" lon="113.8878840766847133636474609375">
        <ele>30</ele>
        <time>2026-08-17T22:55:03.000Z</time>
        <extensions>
          <ns3:TrackPointExtension>
            <ns3:hr>161</ns3:hr>
            <ns3:cad>90</ns3:cad>
          </ns3:TrackPointExtension>
        </extensions>
      </trkpt>
      <trkpt lat="22.60938090272247791290283203125" lon="113.887888602912425994873046875">
        <ele>30.200000762939453125</ele>
        <time>2026-08-17T22:55:04.000Z</time>
        <extensions>
          <ns3:TrackPointExtension>
            <ns3:hr>161</ns3:hr>
            <ns3:cad>91</ns3:cad>
          </ns3:TrackPointExtension>
        </extensions>
      </trkpt>
      <trkpt lat="22.60939816944301128387451171875" lon="113.88790578581392765045166015625">
        <ele>30.3999996185302734375</ele>
        <time>2026-08-17T22:55:05.000Z</time>
        <extensions>
          <ns3:TrackPointExtension>
            <ns3:hr>161</ns3:hr>
            <ns3:cad>91</ns3:cad>
          </ns3:TrackPointExtension>
        </extensions>
      </trkpt>
      <trkpt lat="22.60941334068775177001953125" lon="113.88791902922093868255615234375">
        <ele>30.6000003814697265625</ele>
        <time>2026-08-17T22:55:06.000Z</time>
        <extensions>
          <ns3:TrackPointExtension>
            <ns3:hr>161</ns3:hr>
            <ns3:cad>91</ns3:cad>
          </ns3:TrackPointExtension>
        </extensions>
      </trkpt>
      <trkpt lat="22.6094262488186359405517578125" lon="113.887942247092723846435546875">
        <ele>30.799999237060546875</ele>
        <time>2026-08-17T22:55:07.000Z</time>
        <extensions>
          <ns3:TrackPointExtension>
            <ns3:hr>162</ns3:hr>
            <ns3:cad>91</ns3:cad>
          </ns3:TrackPointExtension>
        </extensions>
      </trkpt>
      <trkpt lat="22.60944292880594730377197265625" lon="113.88796127401292324066162109375">
        <ele>31</ele>
        <time>2026-08-17T22:55:08.000Z</time>
        <extensions>
          <ns3:TrackPointExtension>
            <ns3:hr>162</ns3:hr>
            <ns3:cad>91</ns3:cad>
          </ns3:TrackPointExtension>
        </extensions>
      </trkpt>
      <trkpt lat="22.609465308487415313720703125" lon="113.887981474399566650390625">
        <ele>31.3999996185302734375</ele>
        <time>2026-08-17T22:55:09.000Z</time>
        <extensions>
          <ns3:TrackPointExtension>
            <ns3:hr>162</ns3:hr>
            <ns3:cad>92</ns3:cad>
          </ns3:TrackPointExtension>
        </extensions>
      </trkpt>
      <trkpt lat="22.60948978364467620849609375" lon="113.88800301589071750640869140625">
        <ele>31.6000003814697265625</ele>
        <time>2026-08-17T22:55:10.000Z</time>
        <extensions>
          <ns3:TrackPointExtension>
            <ns3:hr>163</ns3:hr>
            <ns3:cad>92</ns3:cad>
          </ns3:TrackPointExtension>
        </extensions>
      </trkpt>
      <trkpt lat="22.60950378142297267913818359375" lon="113.8880258984863758087158203125">
        <ele>31.799999237060546875</ele>
        <time>2026-08-17T22:55:11.000Z</time>
        <extensions>
          <ns3:TrackPointExtension>
            <ns3:hr>163</ns3:hr>
            <ns3:cad>92</ns3:cad>
          </ns3:TrackPointExtension>
        </extensions>
      </trkpt>
      <trkpt lat="22.60952733457088470458984375" lon="113.8880490325391292572021484375">
        <ele>32</ele>
        <time>2026-08-17T22:55:12.000Z</time>
        <extensions>
          <ns3:TrackPointExtension>
            <ns3:hr>163</ns3:hr>
            <ns3:cad>92</ns3:cad>
          </ns3:TrackPointExtension>
        </extensions>
      </trkpt>
      <trkpt lat="22.60954719968140125274658203125" lon="113.88806453905999660491943359375">
        <ele>32.40000152587890625</ele>
        <time>2026-08-17T22:55:13.000Z</time>
        <extensions>
          <ns3:TrackPointExtension>
            <ns3:hr>163</ns3:hr>
            <ns3:cad>92</ns3:cad>
          </ns3:TrackPointExtension>
        </extensions>
      </trkpt>
      <trkpt lat="22.60956882499158382415771484375" lon="113.8880808837711811065673828125">
        <ele>32.59999847412109375</ele>
        <time>2026-08-17T22:55:14.000Z</time>
        <extensions>
          <ns3:TrackPointExtension>
            <ns3:hr>163</ns3:hr>
            <ns3:cad>92</ns3:cad>
          </ns3:TrackPointExtension>
        </extensions>
      </trkpt>
      <trkpt lat="22.60958676226437091827392578125" lon="113.88809873722493648529052734375">
        <ele>32.799999237060546875</ele>
        <time>2026-08-17T22:55:15.000Z</time>
        <extensions>
          <ns3:TrackPointExtension>
            <ns3:hr>163</ns3:hr>
            <ns3:cad>92</ns3:cad>
          </ns3:TrackPointExtension>
        </extensions>
      </trkpt>
      <trkpt lat="22.6096079684793949127197265625" lon="113.8881197758018970489501953125">
        <ele>33.200000762939453125</ele>
        <time>2026-08-17T22:55:16.000Z</time>
        <extensions>
          <ns3:TrackPointExtension>
            <ns3:hr>163</ns3:hr>
            <ns3:cad>92</ns3:cad>
          </ns3:TrackPointExtension>
        </extensions>
      </trkpt>
      <trkpt lat="22.60962515138089656829833984375" lon="113.8881348632276058197021484375">
        <ele>33.40000152587890625</ele>
        <time>2026-08-17T22:55:17.000Z</time>
        <extensions>
          <ns3:TrackPointExtension>
            <ns3:hr>164</ns3:hr>
            <ns3:cad>90</ns3:cad>
          </ns3:TrackPointExtension>
        </extensions>
      </trkpt>
      <trkpt lat="22.60964510031044483184814453125" lon="113.88816026039421558380126953125">
        <ele>33.59999847412109375</ele>
        <time>2026-08-17T22:55:18.000Z</time>
        <extensions>
          <ns3:TrackPointExtension>
            <ns3:hr>164</ns3:hr>
            <ns3:cad>90</ns3:cad>
          </ns3:TrackPointExtension>
        </extensions>
      </trkpt>
      <trkpt lat="22.60966203175485134124755859375" lon="113.88817258179187774658203125">
        <ele>33.799999237060546875</ele>
        <time>2026-08-17T22:55:19.000Z</time>
        <extensions>
          <ns3:TrackPointExtension>
            <ns3:hr>165</ns3:hr>
            <ns3:cad>90</ns3:cad>
          </ns3:TrackPointExtension>
        </extensions>
      </trkpt>
      <trkpt lat="22.6096877641975879669189453125" lon="113.88819479383528232574462890625">
        <ele>34.200000762939453125</ele>
        <time>2026-08-17T22:55:20.000Z</time>
        <extensions>
          <ns3:TrackPointExtension>
            <ns3:hr>165</ns3:hr>
            <ns3:cad>90</ns3:cad>
          </ns3:TrackPointExtension>
        </extensions>
      </trkpt>
      <trkpt lat="22.6097021810710430145263671875" lon="113.8882072828710079193115234375">
        <ele>34.40000152587890625</ele>
        <time>2026-08-17T22:55:21.000Z</time>
        <extensions>
          <ns3:TrackPointExtension>
            <ns3:hr>165</ns3:hr>
            <ns3:cad>90</ns3:cad>
          </ns3:TrackPointExtension>
        </extensions>
      </trkpt>
      <trkpt lat="22.60973076336085796356201171875" lon="113.8882260583341121673583984375">
        <ele>34.59999847412109375</ele>
        <time>2026-08-17T22:55:22.000Z</time>
        <extensions>
          <ns3:TrackPointExtension>
            <ns3:hr>165</ns3:hr>
            <ns3:cad>90</ns3:cad>
          </ns3:TrackPointExtension>
        </extensions>
      </trkpt>
      <trkpt lat="22.6097518019378185272216796875" lon="113.88823268003761768341064453125">
        <ele>35</ele>
        <time>2026-08-17T22:55:23.000Z</time>
        <extensions>
          <ns3:TrackPointExtension>
            <ns3:hr>165</ns3:hr>
            <ns3:cad>91</ns3:cad>
          </ns3:TrackPointExtension>
        </extensions>
      </trkpt>
      <trkpt lat="22.6097829826176166534423828125" lon="113.888248018920421600341796875">
        <ele>35.200000762939453125</ele>
        <time>2026-08-17T22:55:24.000Z</time>
        <extensions>
          <ns3:TrackPointExtension>
            <ns3:hr>165</ns3:hr>
            <ns3:cad>91</ns3:cad>
          </ns3:TrackPointExtension>
        </extensions>
      </trkpt>
      <trkpt lat="22.609808631241321563720703125" lon="113.888251371681690216064453125">
        <ele>35.40000152587890625</ele>
        <time>2026-08-17T22:55:25.000Z</time>
        <extensions>
          <ns3:TrackPointExtension>
            <ns3:hr>165</ns3:hr>
            <ns3:cad>91</ns3:cad>
          </ns3:TrackPointExtension>
        </extensions>
      </trkpt>
      <trkpt lat="22.6098450087010860443115234375" lon="113.888246007263660430908203125">
        <ele>35.40000152587890625</ele>
        <time>2026-08-17T22:55:26.000Z</time>
        <extensions>
          <ns3:TrackPointExtension>
            <ns3:hr>165</ns3:hr>
            <ns3:cad>91</ns3:cad>
          </ns3:TrackPointExtension>
        </extensions>
      </trkpt>
      <trkpt lat="22.60986604727804660797119140625" lon="113.88823703862726688385009765625">
        <ele>35.40000152587890625</ele>
        <time>2026-08-17T22:55:27.000Z</time>
        <extensions>
          <ns3:TrackPointExtension>
            <ns3:hr>165</ns3:hr>
            <ns3:cad>91</ns3:cad>
          </ns3:TrackPointExtension>
        </extensions>
      </trkpt>
      <trkpt lat="22.609893791377544403076171875" lon="113.8882161676883697509765625">
        <ele>35.40000152587890625</ele>
        <time>2026-08-17T22:55:28.000Z</time>
        <extensions>
          <ns3:TrackPointExtension>
            <ns3:hr>165</ns3:hr>
            <ns3:cad>91</ns3:cad>
          </ns3:TrackPointExtension>
        </extensions>
      </trkpt>
      <trkpt lat="22.60990443639457225799560546875" lon="113.88819403946399688720703125">
        <ele>35.59999847412109375</ele>
        <time>2026-08-17T22:55:29.000Z</time>
        <extensions>
          <ns3:TrackPointExtension>
            <ns3:hr>166</ns3:hr>
            <ns3:cad>92</ns3:cad>
          </ns3:TrackPointExtension>
        </extensions>
      </trkpt>
      <trkpt lat="22.60991767980158329010009765625" lon="113.88816210441291332244873046875">
        <ele>35.40000152587890625</ele>
        <time>2026-08-17T22:55:30.000Z</time>
        <extensions>
          <ns3:TrackPointExtension>
            <ns3:hr>166</ns3:hr>
            <ns3:cad>92</ns3:cad>
          </ns3:TrackPointExtension>
        </extensions>
      </trkpt>
      <trkpt lat="22.6099182665348052978515625" lon="113.88813695870339870452880859375">
        <ele>35.40000152587890625</ele>
        <time>2026-08-17T22:55:31.000Z</time>
        <extensions>
          <ns3:TrackPointExtension>
            <ns3:hr>166</ns3:hr>
            <ns3:cad>92</ns3:cad>
          </ns3:TrackPointExtension>
        </extensions>
      </trkpt>
      <trkpt lat="22.60993008501827716827392578125" lon="113.88810510747134685516357421875">
        <ele>35.40000152587890625</ele>
        <time>2026-08-17T22:55:32.000Z</time>
        <extensions>
          <ns3:TrackPointExtension>
            <ns3:hr>166</ns3:hr>
            <ns3:cad>92</ns3:cad>
          </ns3:TrackPointExtension>
        </extensions>
      </trkpt>
      <trkpt lat="22.6099370419979095458984375" lon="113.8880775310099124908447265625">
        <ele>35.40000152587890625</ele>
        <time>2026-08-17T22:55:33.000Z</time>
        <extensions>
          <ns3:TrackPointExtension>
            <ns3:hr>165</ns3:hr>
            <ns3:cad>92</ns3:cad>
          </ns3:TrackPointExtension>
        </extensions>
      </trkpt>
      <trkpt lat="22.609951794147491455078125" lon="113.88805062510073184967041015625">
        <ele>35.40000152587890625</ele>
        <time>2026-08-17T22:55:34.000Z</time>
        <extensions>
          <ns3:TrackPointExtension>
            <ns3:hr>166</ns3:hr>
            <ns3:cad>92</ns3:cad>
          </ns3:TrackPointExtension>
        </extensions>
      </trkpt>
      <trkpt lat="22.6099630258977413177490234375" lon="113.88801827095448970794677734375">
        <ele>35.40000152587890625</ele>
        <time>2026-08-17T22:55:35.000Z</time>
        <extensions>
          <ns3:TrackPointExtension>
            <ns3:hr>166</ns3:hr>
            <ns3:cad>92</ns3:cad>
          </ns3:TrackPointExtension>
        </extensions>
      </trkpt>
      <trkpt lat="22.60997115634381771087646484375" lon="113.887992203235626220703125">
        <ele>35.40000152587890625</ele>
        <time>2026-08-17T22:55:36.000Z</time>
        <extensions>
          <ns3:TrackPointExtension>
            <ns3:hr>165</ns3:hr>
            <ns3:cad>92</ns3:cad>
          </ns3:TrackPointExtension>
        </extensions>
      </trkpt>
      <trkpt lat="22.6099880039691925048828125" lon="113.88795725069940090179443359375">
        <ele>35.40000152587890625</ele>
        <time>2026-08-17T22:55:37.000Z</time>
        <extensions>
          <ns3:TrackPointExtension>
            <ns3:hr>166</ns3:hr>
            <ns3:cad>92</ns3:cad>
          </ns3:TrackPointExtension>
        </extensions>
      </trkpt>
      <trkpt lat="22.60999378748238086700439453125" lon="113.88793227262794971466064453125">
        <ele>35.40000152587890625</ele>
        <time>2026-08-17T22:55:38.000Z</time>
        <extensions>
          <ns3:TrackPointExtension>
            <ns3:hr>167</ns3:hr>
            <ns3:cad>92</ns3:cad>
          </ns3:TrackPointExtension>
        </extensions>
      </trkpt>
      <trkpt lat="22.61001105420291423797607421875" lon="113.8879005052149295806884765625">
        <ele>35.40000152587890625</ele>
        <time>2026-08-17T22:55:39.000Z</time>
        <extensions>
          <ns3:TrackPointExtension>
            <ns3:hr>167</ns3:hr>
            <ns3:cad>92</ns3:cad>
          </ns3:TrackPointExtension>
        </extensions>
      </trkpt>
      <trkpt lat="22.6100149936974048614501953125" lon="113.88787410221993923187255859375">
        <ele>35.40000152587890625</ele>
        <time>2026-08-17T22:55:40.000Z</time>
        <extensions>
          <ns3:TrackPointExtension>
            <ns3:hr>167</ns3:hr>
            <ns3:cad>92</ns3:cad>
          </ns3:TrackPointExtension>
        </extensions>
      </trkpt>
      <trkpt lat="22.61003703810274600982666015625" lon="113.88784476555883884429931640625">
        <ele>35.40000152587890625</ele>
        <time>2026-08-17T22:55:41.000Z</time>
        <extensions>
          <ns3:TrackPointExtension>
            <ns3:hr>166</ns3:hr>
            <ns3:cad>93</ns3:cad>
          </ns3:TrackPointExtension>
        </extensions>
      </trkpt>
      <trkpt lat="22.61004525236785411834716796875" lon="113.88781442306935787200927734375">
        <ele>35.40000152587890625</ele>
        <time>2026-08-17T22:55:42.000Z</time>
        <extensions>
          <ns3:TrackPointExtension>
            <ns3:hr>166</ns3:hr>
            <ns3:cad>92</ns3:cad>
          </ns3:TrackPointExtension>
        </extensions>
      </trkpt>
      <trkpt lat="22.6100592501461505889892578125" lon="113.8877861760556697845458984375">
        <ele>35.200000762939453125</ele>
        <time>2026-08-17T22:55:43.000Z</time>
        <extensions>
          <ns3:TrackPointExtension>
            <ns3:hr>166</ns3:hr>
            <ns3:cad>92</ns3:cad>
          </ns3:TrackPointExtension>
        </extensions>
      </trkpt>
      <trkpt lat="22.61007023043930530548095703125" lon="113.8877543248236179351806640625">
        <ele>35.200000762939453125</ele>
        <time>2026-08-17T22:55:44.000Z</time>
        <extensions>
          <ns3:TrackPointExtension>
            <ns3:hr>166</ns3:hr>
            <ns3:cad>92</ns3:cad>
          </ns3:TrackPointExtension>
        </extensions>
      </trkpt>
      <trkpt lat="22.6100813783705234527587890625" lon="113.8877275027334690093994140625">
        <ele>35.200000762939453125</ele>
        <time>2026-08-17T22:55:45.000Z</time>
        <extensions>
          <ns3:TrackPointExtension>
            <ns3:hr>165</ns3:hr>
            <ns3:cad>92</ns3:cad>
          </ns3:TrackPointExtension>
        </extensions>
      </trkpt>
      <trkpt lat="22.610095627605915069580078125" lon="113.887689448893070220947265625">
        <ele>35.200000762939453125</ele>
        <time>2026-08-17T22:55:46.000Z</time>
        <extensions>
          <ns3:TrackPointExtension>
            <ns3:hr>165</ns3:hr>
            <ns3:cad>92</ns3:cad>
          </ns3:TrackPointExtension>
        </extensions>
      </trkpt>
      <trkpt lat="22.61009990237653255462646484375" lon="113.887661285698413848876953125">
        <ele>35.200000762939453125</ele>
        <time>2026-08-17T22:55:47.000Z</time>
        <extensions>
          <ns3:TrackPointExtension>
            <ns3:hr>165</ns3:hr>
            <ns3:cad>93</ns3:cad>
          </ns3:TrackPointExtension>
        </extensions>
      </trkpt>
      <trkpt lat="22.6101182587444782257080078125" lon="113.8876269198954105377197265625">
        <ele>35.40000152587890625</ele>
        <time>2026-08-17T22:55:48.000Z</time>
        <extensions>
          <ns3:TrackPointExtension>
            <ns3:hr>164</ns3:hr>
            <ns3:cad>92</ns3:cad>
          </ns3:TrackPointExtension>
        </extensions>
      </trkpt>
      <trkpt lat="22.6101249642670154571533203125" lon="113.8876011036336421966552734375">
        <ele>35.200000762939453125</ele>
        <time>2026-08-17T22:55:49.000Z</time>
        <extensions>
          <ns3:TrackPointExtension>
            <ns3:hr>164</ns3:hr>
            <ns3:cad>92</ns3:cad>
          </ns3:TrackPointExtension>
        </extensions>
      </trkpt>
      <trkpt lat="22.61014265008270740509033203125" lon="113.887570761144161224365234375">
        <ele>35.40000152587890625</ele>
        <time>2026-08-17T22:55:50.000Z</time>
        <extensions>
          <ns3:TrackPointExtension>
            <ns3:hr>164</ns3:hr>
            <ns3:cad>92</ns3:cad>
          </ns3:TrackPointExtension>
        </extensions>
      </trkpt>
      <trkpt lat="22.61015002615749835968017578125" lon="113.88754016719758510589599609375">
        <ele>35.40000152587890625</ele>
        <time>2026-08-17T22:55:51.000Z</time>
        <extensions>
          <ns3:TrackPointExtension>
            <ns3:hr>164</ns3:hr>
            <ns3:cad>92</ns3:cad>
          </ns3:TrackPointExtension>
        </extensions>
      </trkpt>
      <trkpt lat="22.6101692207157611846923828125" lon="113.88751334510743618011474609375">
        <ele>35.40000152587890625</ele>
        <time>2026-08-17T22:55:52.000Z</time>
        <extensions>
          <ns3:TrackPointExtension>
            <ns3:hr>163</ns3:hr>
            <ns3:cad>92</ns3:cad>
          </ns3:TrackPointExtension>
        </extensions>
      </trkpt>
      <trkpt lat="22.6101812906563282012939453125" lon="113.8874817453324794769287109375">
        <ele>35.40000152587890625</ele>
        <time>2026-08-17T22:55:53.000Z</time>
        <extensions>
          <ns3:TrackPointExtension>
            <ns3:hr>163</ns3:hr>
            <ns3:cad>93</ns3:cad>
          </ns3:TrackPointExtension>
        </extensions>
      </trkpt>
      <trkpt lat="22.6101926900446414947509765625" lon="113.8874545879662036895751953125">
        <ele>35.40000152587890625</ele>
        <time>2026-08-17T22:55:54.000Z</time>
        <extensions>
          <ns3:TrackPointExtension>
            <ns3:hr>163</ns3:hr>
            <ns3:cad>93</ns3:cad>
          </ns3:TrackPointExtension>
        </extensions>
      </trkpt>
      <trkpt lat="22.61020903475582599639892578125" lon="113.88741779141128063201904296875">
        <ele>35.200000762939453125</ele>
        <time>2026-08-17T22:55:55.000Z</time>
        <extensions>
          <ns3:TrackPointExtension>
            <ns3:hr>164</ns3:hr>
            <ns3:cad>93</ns3:cad>
          </ns3:TrackPointExtension>
        </extensions>
      </trkpt>
      <trkpt lat="22.61021456681191921234130859375" lon="113.887391723692417144775390625">
        <ele>35.200000762939453125</ele>
        <time>2026-08-17T22:55:56.000Z</time>
        <extensions>
          <ns3:TrackPointExtension>
            <ns3:hr>163</ns3:hr>
            <ns3:cad>92</ns3:cad>
          </ns3:TrackPointExtension>
        </extensions>
      </trkpt>
      <trkpt lat="22.61023384518921375274658203125" lon="113.88735258020460605621337890625">
        <ele>35.200000762939453125</ele>
        <time>2026-08-17T22:55:57.000Z</time>
        <extensions>
          <ns3:TrackPointExtension>
            <ns3:hr>163</ns3:hr>
            <ns3:cad>92</ns3:cad>
          </ns3:TrackPointExtension>
        </extensions>
      </trkpt>
      <trkpt lat="22.61023853905498981475830078125" lon="113.88732441700994968414306640625">
        <ele>35.200000762939453125</ele>
        <time>2026-08-17T22:55:58.000Z</time>
        <extensions>
          <ns3:TrackPointExtension>
            <ns3:hr>164</ns3:hr>
            <ns3:cad>92</ns3:cad>
          </ns3:TrackPointExtension>
        </extensions>
      </trkpt>
      <trkpt lat="22.61025882326066493988037109375" lon="113.88729457743465900421142578125">
        <ele>35.200000762939453125</ele>
        <time>2026-08-17T22:55:59.000Z</time>
        <extensions>
          <ns3:TrackPointExtension>
            <ns3:hr>164</ns3:hr>
            <ns3:cad>92</ns3:cad>
          </ns3:TrackPointExtension>
        </extensions>
      </trkpt>
      <trkpt lat="22.61027340777218341827392578125" lon="113.88726792298257350921630859375">
        <ele>35.40000152587890625</ele>
        <time>2026-08-17T22:56:00.000Z</time>
        <extensions>
          <ns3:TrackPointExtension>
            <ns3:hr>164</ns3:hr>
            <ns3:cad>92</ns3:cad>
          </ns3:TrackPointExtension>
        </extensions>
      </trkpt>
      <trkpt lat="22.61028916575014591217041015625" lon="113.88724260963499546051025390625">
        <ele>35.40000152587890625</ele>
        <time>2026-08-17T22:56:01.000Z</time>
        <extensions>
          <ns3:TrackPointExtension>
            <ns3:hr>163</ns3:hr>
            <ns3:cad>94</ns3:cad>
          </ns3:TrackPointExtension>
        </extensions>
      </trkpt>
      <trkpt lat="22.61030207388103008270263671875" lon="113.8872105069458484649658203125">
        <ele>35.40000152587890625</ele>
        <time>2026-08-17T22:56:02.000Z</time>
        <extensions>
          <ns3:TrackPointExtension>
            <ns3:hr>163</ns3:hr>
            <ns3:cad>94</ns3:cad>
          </ns3:TrackPointExtension>
        </extensions>
      </trkpt>
      <trkpt lat="22.6103086955845355987548828125" lon="113.88718142174184322357177734375">
        <ele>35.40000152587890625</ele>
        <time>2026-08-17T22:56:03.000Z</time>
        <extensions>
          <ns3:TrackPointExtension>
            <ns3:hr>163</ns3:hr>
            <ns3:cad>92</ns3:cad>
          </ns3:TrackPointExtension>
        </extensions>
      </trkpt>
      <trkpt lat="22.61032126843929290771484375" lon="113.88714605011045932769775390625">
        <ele>35.40000152587890625</ele>
        <time>2026-08-17T22:56:04.000Z</time>
        <extensions>
          <ns3:TrackPointExtension>
            <ns3:hr>164</ns3:hr>
            <ns3:cad>92</ns3:cad>
          </ns3:TrackPointExtension>
        </extensions>
      </trkpt>
      <trkpt lat="22.6103268004953861236572265625" lon="113.88711688108742237091064453125">
        <ele>35.40000152587890625</ele>
        <time>2026-08-17T22:56:05.000Z</time>
        <extensions>
          <ns3:TrackPointExtension>
            <ns3:hr>164</ns3:hr>
            <ns3:cad>92</ns3:cad>
          </ns3:TrackPointExtension>
        </extensions>
      </trkpt>
      <trkpt lat="22.6103412173688411712646484375" lon="113.88708653859794139862060546875">
        <ele>35.40000152587890625</ele>
        <time>2026-08-17T22:56:06.000Z</time>
        <extensions>
          <ns3:TrackPointExtension>
            <ns3:hr>164</ns3:hr>
            <ns3:cad>92</ns3:cad>
          </ns3:TrackPointExtension>
        </extensions>
      </trkpt>
      <trkpt lat="22.61035052128136157989501953125" lon="113.887055777013301849365234375">
        <ele>35.200000762939453125</ele>
        <time>2026-08-17T22:56:07.000Z</time>
        <extensions>
          <ns3:TrackPointExtension>
            <ns3:hr>164</ns3:hr>
            <ns3:cad>95</ns3:cad>
          </ns3:TrackPointExtension>
        </extensions>
      </trkpt>
      <trkpt lat="22.6103635132312774658203125" lon="113.88702887110412120819091796875">
        <ele>35.200000762939453125</ele>
        <time>2026-08-17T22:56:08.000Z</time>
        <extensions>
          <ns3:TrackPointExtension>
            <ns3:hr>165</ns3:hr>
            <ns3:cad>95</ns3:cad>
          </ns3:TrackPointExtension>
        </extensions>
      </trkpt>
      <trkpt lat="22.61037516407668590545654296875" lon="113.88699986971914768218994140625">
        <ele>35.40000152587890625</ele>
        <time>2026-08-17T22:56:09.000Z</time>
        <extensions>
          <ns3:TrackPointExtension>
            <ns3:hr>165</ns3:hr>
            <ns3:cad>93</ns3:cad>
          </ns3:TrackPointExtension>
        </extensions>
      </trkpt>
      <trkpt lat="22.61038564145565032958984375" lon="113.88697690330445766448974609375">
        <ele>35.40000152587890625</ele>
        <time>2026-08-17T22:56:10.000Z</time>
        <extensions>
          <ns3:TrackPointExtension>
            <ns3:hr>166</ns3:hr>
            <ns3:cad>93</ns3:cad>
          </ns3:TrackPointExtension>
        </extensions>
      </trkpt>
      <trkpt lat="22.6103982143104076385498046875" lon="113.88694723136723041534423828125">
        <ele>35.40000152587890625</ele>
        <time>2026-08-17T22:56:11.000Z</time>
        <extensions>
          <ns3:TrackPointExtension>
            <ns3:hr>166</ns3:hr>
            <ns3:cad>93</ns3:cad>
          </ns3:TrackPointExtension>
        </extensions>
      </trkpt>
      <trkpt lat="22.61040818877518177032470703125" lon="113.8869204930961132049560546875">
        <ele>35.59999847412109375</ele>
        <time>2026-08-17T22:56:12.000Z</time>
        <extensions>
          <ns3:TrackPointExtension>
            <ns3:hr>166</ns3:hr>
            <ns3:cad>94</ns3:cad>
          </ns3:TrackPointExtension>
        </extensions>
      </trkpt>
      <trkpt lat="22.61042444966733455657958984375" lon="113.886891491711139678955078125">
        <ele>35.59999847412109375</ele>
        <time>2026-08-17T22:56:13.000Z</time>
        <extensions>
          <ns3:TrackPointExtension>
            <ns3:hr>166</ns3:hr>
            <ns3:cad>94</ns3:cad>
          </ns3:TrackPointExtension>
        </extensions>
      </trkpt>
      <trkpt lat="22.610436268150806427001953125" lon="113.88686207123100757598876953125">
        <ele>35.59999847412109375</ele>
        <time>2026-08-17T22:56:14.000Z</time>
        <extensions>
          <ns3:TrackPointExtension>
            <ns3:hr>166</ns3:hr>
            <ns3:cad>94</ns3:cad>
          </ns3:TrackPointExtension>
        </extensions>
      </trkpt>
      <trkpt lat="22.610453031957149505615234375" lon="113.88683541677892208099365234375">
        <ele>35.40000152587890625</ele>
        <time>2026-08-17T22:56:15.000Z</time>
        <extensions>
          <ns3:TrackPointExtension>
            <ns3:hr>166</ns3:hr>
            <ns3:cad>95</ns3:cad>
          </ns3:TrackPointExtension>
        </extensions>
      </trkpt>
      <trkpt lat="22.6104662753641605377197265625" lon="113.8868024758994579315185546875">
        <ele>35.40000152587890625</ele>
        <time>2026-08-17T22:56:16.000Z</time>
        <extensions>
          <ns3:TrackPointExtension>
            <ns3:hr>166</ns3:hr>
            <ns3:cad>95</ns3:cad>
          </ns3:TrackPointExtension>
        </extensions>
      </trkpt>
      <trkpt lat="22.61048010550439357757568359375" lon="113.8867785036563873291015625">
        <ele>35.40000152587890625</ele>
        <time>2026-08-17T22:56:17.000Z</time>
        <extensions>
          <ns3:TrackPointExtension>
            <ns3:hr>166</ns3:hr>
            <ns3:cad>95</ns3:cad>
          </ns3:TrackPointExtension>
        </extensions>
      </trkpt>
      <trkpt lat="22.61049502529203891754150390625" lon="113.88674221001565456390380859375">
        <ele>35.40000152587890625</ele>
        <time>2026-08-17T22:56:18.000Z</time>
        <extensions>
          <ns3:TrackPointExtension>
            <ns3:hr>165</ns3:hr>
            <ns3:cad>94</ns3:cad>
          </ns3:TrackPointExtension>
        </extensions>
      </trkpt>
      <trkpt lat="22.61050097644329071044921875" lon="113.88671354390680789947509765625">
        <ele>35.40000152587890625</ele>
        <time>2026-08-17T22:56:19.000Z</time>
        <extensions>
          <ns3:TrackPointExtension>
            <ns3:hr>165</ns3:hr>
            <ns3:cad>94</ns3:cad>
          </ns3:TrackPointExtension>
        </extensions>
      </trkpt>
      <trkpt lat="22.61051463894546031951904296875" lon="113.88668001629412174224853515625">
        <ele>35.40000152587890625</ele>
        <time>2026-08-17T22:56:20.000Z</time>
        <extensions>
          <ns3:TrackPointExtension>
            <ns3:hr>165</ns3:hr>
            <ns3:cad>94</ns3:cad>
          </ns3:TrackPointExtension>
        </extensions>
      </trkpt>
      <trkpt lat="22.6105239428579807281494140625" lon="113.88665151782333850860595703125">
        <ele>35.40000152587890625</ele>
        <time>2026-08-17T22:56:21.000Z</time>
        <extensions>
          <ns3:TrackPointExtension>
            <ns3:hr>165</ns3:hr>
            <ns3:cad>94</ns3:cad>
          </ns3:TrackPointExtension>
        </extensions>
      </trkpt>
      <trkpt lat="22.61053961701691150665283203125" lon="113.88662385754287242889404296875">
        <ele>35.40000152587890625</ele>
        <time>2026-08-17T22:56:22.000Z</time>
        <extensions>
          <ns3:TrackPointExtension>
            <ns3:hr>165</ns3:hr>
            <ns3:cad>94</ns3:cad>
          </ns3:TrackPointExtension>
        </extensions>
      </trkpt>
      <trkpt lat="22.61055101640522480010986328125" lon="113.8865939341485500335693359375">
        <ele>35.40000152587890625</ele>
        <time>2026-08-17T22:56:23.000Z</time>
        <extensions>
          <ns3:TrackPointExtension>
            <ns3:hr>165</ns3:hr>
            <ns3:cad>94</ns3:cad>
          </ns3:TrackPointExtension>
        </extensions>
      </trkpt>
      <trkpt lat="22.610555626451969146728515625" lon="113.88656686060130596160888671875">
        <ele>35.40000152587890625</ele>
        <time>2026-08-17T22:56:24.000Z</time>
        <extensions>
          <ns3:TrackPointExtension>
            <ns3:hr>164</ns3:hr>
            <ns3:cad>95</ns3:cad>
          </ns3:TrackPointExtension>
        </extensions>
      </trkpt>
      <trkpt lat="22.6105712167918682098388671875" lon="113.886530734598636627197265625">
        <ele>35.40000152587890625</ele>
        <time>2026-08-17T22:56:25.000Z</time>
        <extensions>
          <ns3:TrackPointExtension>
            <ns3:hr>164</ns3:hr>
            <ns3:cad>95</ns3:cad>
          </ns3:TrackPointExtension>
        </extensions>
      </trkpt>
      <trkpt lat="22.6105807721614837646484375" lon="113.88650516979396343231201171875">
        <ele>35.40000152587890625</ele>
        <time>2026-08-17T22:56:26.000Z</time>
        <extensions>
          <ns3:TrackPointExtension>
            <ns3:hr>164</ns3:hr>
            <ns3:cad>95</ns3:cad>
          </ns3:TrackPointExtension>
        </extensions>
      </trkpt>
      <trkpt lat="22.61059678159654140472412109375" lon="113.886473737657070159912109375">
        <ele>35.40000152587890625</ele>
        <time>2026-08-17T22:56:27.000Z</time>
        <extensions>
          <ns3:TrackPointExtension>
            <ns3:hr>164</ns3:hr>
            <ns3:cad>95</ns3:cad>
          </ns3:TrackPointExtension>
        </extensions>
      </trkpt>
      <trkpt lat="22.61060734279453754425048828125" lon="113.8864485919475555419921875">
        <ele>35.59999847412109375</ele>
        <time>2026-08-17T22:56:28.000Z</time>
        <extensions>
          <ns3:TrackPointExtension>
            <ns3:hr>164</ns3:hr>
            <ns3:cad>93</ns3:cad>
          </ns3:TrackPointExtension>
        </extensions>
      </trkpt>
      <trkpt lat="22.6106263697147369384765625" lon="113.8864219374954700469970703125">
        <ele>35.59999847412109375</ele>
        <time>2026-08-17T22:56:29.000Z</time>
        <extensions>
          <ns3:TrackPointExtension>
            <ns3:hr>163</ns3:hr>
            <ns3:cad>93</ns3:cad>
          </ns3:TrackPointExtension>
        </extensions>
      </trkpt>
      <trkpt lat="22.61063776910305023193359375" lon="113.88639821670949459075927734375">
        <ele>35.59999847412109375</ele>
        <time>2026-08-17T22:56:30.000Z</time>
        <extensions>
          <ns3:TrackPointExtension>
            <ns3:hr>162</ns3:hr>
            <ns3:cad>93</ns3:cad>
          </ns3:TrackPointExtension>
        </extensions>
      </trkpt>
      <trkpt lat="22.61065361090004444122314453125" lon="113.88637189753353595733642578125">
        <ele>35.59999847412109375</ele>
        <time>2026-08-17T22:56:31.000Z</time>
        <extensions>
          <ns3:TrackPointExtension>
            <ns3:hr>161</ns3:hr>
            <ns3:cad>93</ns3:cad>
          </ns3:TrackPointExtension>
        </extensions>
      </trkpt>
      <trkpt lat="22.6106647588312625885009765625" lon="113.88634390197694301605224609375">
        <ele>35.59999847412109375</ele>
        <time>2026-08-17T22:56:32.000Z</time>
        <extensions>
          <ns3:TrackPointExtension>
            <ns3:hr>160</ns3:hr>
            <ns3:cad>93</ns3:cad>
          </ns3:TrackPointExtension>
        </extensions>
      </trkpt>
      <trkpt lat="22.6106771640479564666748046875" lon="113.88631917536258697509765625">
        <ele>35.40000152587890625</ele>
        <time>2026-08-17T22:56:33.000Z</time>
        <extensions>
          <ns3:TrackPointExtension>
            <ns3:hr>159</ns3:hr>
            <ns3:cad>94</ns3:cad>
          </ns3:TrackPointExtension>
        </extensions>
      </trkpt>
      <trkpt lat="22.61069007217884063720703125" lon="113.88628355227410793304443359375">
        <ele>35.40000152587890625</ele>
        <time>2026-08-17T22:56:34.000Z</time>
        <extensions>
          <ns3:TrackPointExtension>
            <ns3:hr>159</ns3:hr>
            <ns3:cad>92</ns3:cad>
          </ns3:TrackPointExtension>
        </extensions>
      </trkpt>
      <trkpt lat="22.61069585569202899932861328125" lon="113.886260502040386199951171875">
        <ele>35.40000152587890625</ele>
        <time>2026-08-17T22:56:35.000Z</time>
        <extensions>
          <ns3:TrackPointExtension>
            <ns3:hr>159</ns3:hr>
            <ns3:cad>92</ns3:cad>
          </ns3:TrackPointExtension>
        </extensions>
      </trkpt>
      <trkpt lat="22.6107143796980381011962890625" lon="113.88622798025608062744140625">
        <ele>35.59999847412109375</ele>
        <time>2026-08-17T22:56:36.000Z</time>
        <extensions>
          <ns3:TrackPointExtension>
            <ns3:hr>159</ns3:hr>
            <ns3:cad>92</ns3:cad>
          </ns3:TrackPointExtension>
        </extensions>
      </trkpt>
      <trkpt lat="22.61072116903960704803466796875" lon="113.88620258308947086334228515625">
        <ele>35.59999847412109375</ele>
        <time>2026-08-17T22:56:37.000Z</time>
        <extensions>
          <ns3:TrackPointExtension>
            <ns3:hr>159</ns3:hr>
            <ns3:cad>92</ns3:cad>
          </ns3:TrackPointExtension>
        </extensions>
      </trkpt>
      <trkpt lat="22.61073525063693523406982421875" lon="113.8861696422100067138671875">
        <ele>35.59999847412109375</ele>
        <time>2026-08-17T22:56:38.000Z</time>
        <extensions>
          <ns3:TrackPointExtension>
            <ns3:hr>159</ns3:hr>
            <ns3:cad>93</ns3:cad>
          </ns3:TrackPointExtension>
        </extensions>
      </trkpt>
      <trkpt lat="22.6107422076165676116943359375" lon="113.88613854534924030303955078125">
        <ele>35.59999847412109375</ele>
        <time>2026-08-17T22:56:39.000Z</time>
        <extensions>
          <ns3:TrackPointExtension>
            <ns3:hr>159</ns3:hr>
            <ns3:cad>92</ns3:cad>
          </ns3:TrackPointExtension>
        </extensions>
      </trkpt>
      <trkpt lat="22.6107552833855152130126953125" lon="113.88610920868813991546630859375">
        <ele>35.59999847412109375</ele>
        <time>2026-08-17T22:56:40.000Z</time>
        <extensions>
          <ns3:TrackPointExtension>
            <ns3:hr>159</ns3:hr>
            <ns3:cad>92</ns3:cad>
          </ns3:TrackPointExtension>
        </extensions>
      </trkpt>
      <trkpt lat="22.61076827533543109893798828125" lon="113.88607299886643886566162109375">
        <ele>35.59999847412109375</ele>
        <time>2026-08-17T22:56:41.000Z</time>
        <extensions>
          <ns3:TrackPointExtension>
            <ns3:hr>159</ns3:hr>
            <ns3:cad>92</ns3:cad>
          </ns3:TrackPointExtension>
        </extensions>
      </trkpt>
      <trkpt lat="22.61078554205596446990966796875" lon="113.88604827225208282470703125">
        <ele>35.59999847412109375</ele>
        <time>2026-08-17T22:56:42.000Z</time>
        <extensions>
          <ns3:TrackPointExtension>
            <ns3:hr>159</ns3:hr>
            <ns3:cad>92</ns3:cad>
          </ns3:TrackPointExtension>
        </extensions>
      </trkpt>
      <trkpt lat="22.610801048576831817626953125" lon="113.88601365499198436737060546875">
        <ele>35.799999237060546875</ele>
        <time>2026-08-17T22:56:43.000Z</time>
        <extensions>
          <ns3:TrackPointExtension>
            <ns3:hr>159</ns3:hr>
            <ns3:cad>93</ns3:cad>
          </ns3:TrackPointExtension>
        </extensions>
      </trkpt>
      <trkpt lat="22.61080984957516193389892578125" lon="113.885987587273120880126953125">
        <ele>35.799999237060546875</ele>
        <time>2026-08-17T22:56:44.000Z</time>
        <extensions>
          <ns3:TrackPointExtension>
            <ns3:hr>158</ns3:hr>
            <ns3:cad>94</ns3:cad>
          </ns3:TrackPointExtension>
        </extensions>
      </trkpt>
      <trkpt lat="22.61082778684794902801513671875" lon="113.8859562389552593231201171875">
        <ele>36</ele>
        <time>2026-08-17T22:56:45.000Z</time>
        <extensions>
          <ns3:TrackPointExtension>
            <ns3:hr>158</ns3:hr>
            <ns3:cad>94</ns3:cad>
          </ns3:TrackPointExtension>
        </extensions>
      </trkpt>
      <trkpt lat="22.61083901859819889068603515625" lon="113.8859282433986663818359375">
        <ele>36</ele>
        <time>2026-08-17T22:56:46.000Z</time>
        <extensions>
          <ns3:TrackPointExtension>
            <ns3:hr>158</ns3:hr>
            <ns3:cad>94</ns3:cad>
          </ns3:TrackPointExtension>
        </extensions>
      </trkpt>
      <trkpt lat="22.61085595004260540008544921875" lon="113.88589538633823394775390625">
        <ele>36</ele>
        <time>2026-08-17T22:56:47.000Z</time>
        <extensions>
          <ns3:TrackPointExtension>
            <ns3:hr>157</ns3:hr>
            <ns3:cad>92</ns3:cad>
          </ns3:TrackPointExtension>
        </extensions>
      </trkpt>
      <trkpt lat="22.61086307466030120849609375" lon="113.88586278073489665985107421875">
        <ele>36.200000762939453125</ele>
        <time>2026-08-17T22:56:48.000Z</time>
        <extensions>
          <ns3:TrackPointExtension>
            <ns3:hr>158</ns3:hr>
            <ns3:cad>92</ns3:cad>
          </ns3:TrackPointExtension>
        </extensions>
      </trkpt>
      <trkpt lat="22.6108783297240734100341796875" lon="113.88583277352154254913330078125">
        <ele>36.200000762939453125</ele>
        <time>2026-08-17T22:56:49.000Z</time>
        <extensions>
          <ns3:TrackPointExtension>
            <ns3:hr>157</ns3:hr>
            <ns3:cad>93</ns3:cad>
          </ns3:TrackPointExtension>
        </extensions>
      </trkpt>
      <trkpt lat="22.6108900643885135650634765625" lon="113.8858016766607761383056640625">
        <ele>36.200000762939453125</ele>
        <time>2026-08-17T22:56:50.000Z</time>
        <extensions>
          <ns3:TrackPointExtension>
            <ns3:hr>157</ns3:hr>
            <ns3:cad>94</ns3:cad>
          </ns3:TrackPointExtension>
        </extensions>
      </trkpt>
      <trkpt lat="22.610903643071651458740234375" lon="113.88577728532254695892333984375">
        <ele>36.200000762939453125</ele>
        <time>2026-08-17T22:56:51.000Z</time>
        <extensions>
          <ns3:TrackPointExtension>
            <ns3:hr>157</ns3:hr>
            <ns3:cad>94</ns3:cad>
          </ns3:TrackPointExtension>
        </extensions>
      </trkpt>
      <trkpt lat="22.6109199039638042449951171875" lon="113.88574006967246532440185546875">
        <ele>36.200000762939453125</ele>
        <time>2026-08-17T22:56:52.000Z</time>
        <extensions>
          <ns3:TrackPointExtension>
            <ns3:hr>158</ns3:hr>
            <ns3:cad>94</ns3:cad>
          </ns3:TrackPointExtension>
        </extensions>
      </trkpt>
      <trkpt lat="22.61092853732407093048095703125" lon="113.88571274466812610626220703125">
        <ele>36.200000762939453125</ele>
        <time>2026-08-17T22:56:53.000Z</time>
        <extensions>
          <ns3:TrackPointExtension>
            <ns3:hr>157</ns3:hr>
            <ns3:cad>92</ns3:cad>
          </ns3:TrackPointExtension>
        </extensions>
      </trkpt>
      <trkpt lat="22.6109430380165576934814453125" lon="113.8856736011803150177001953125">
        <ele>36</ele>
        <time>2026-08-17T22:56:54.000Z</time>
        <extensions>
          <ns3:TrackPointExtension>
            <ns3:hr>157</ns3:hr>
            <ns3:cad>92</ns3:cad>
          </ns3:TrackPointExtension>
        </extensions>
      </trkpt>
      <trkpt lat="22.61095200665295124053955078125" lon="113.8856440968811511993408203125">
        <ele>35.799999237060546875</ele>
        <time>2026-08-17T22:56:55.000Z</time>
        <extensions>
          <ns3:TrackPointExtension>
            <ns3:hr>157</ns3:hr>
            <ns3:cad>92</ns3:cad>
          </ns3:TrackPointExtension>
        </extensions>
      </trkpt>
      <trkpt lat="22.61096910573542118072509765625" lon="113.88561165891587734222412109375">
        <ele>35.59999847412109375</ele>
        <time>2026-08-17T22:56:56.000Z</time>
        <extensions>
          <ns3:TrackPointExtension>
            <ns3:hr>157</ns3:hr>
            <ns3:cad>92</ns3:cad>
          </ns3:TrackPointExtension>
        </extensions>
      </trkpt>
      <trkpt lat="22.610980756580829620361328125" lon="113.885586261749267578125">
        <ele>35.40000152587890625</ele>
        <time>2026-08-17T22:56:57.000Z</time>
        <extensions>
          <ns3:TrackPointExtension>
            <ns3:hr>156</ns3:hr>
            <ns3:cad>93</ns3:cad>
          </ns3:TrackPointExtension>
        </extensions>
      </trkpt>
      <trkpt lat="22.6110047288239002227783203125" lon="113.8855599425733089447021484375">
        <ele>35.200000762939453125</ele>
        <time>2026-08-17T22:56:58.000Z</time>
        <extensions>
          <ns3:TrackPointExtension>
            <ns3:hr>156</ns3:hr>
            <ns3:cad>92</ns3:cad>
          </ns3:TrackPointExtension>
        </extensions>
      </trkpt>
      <trkpt lat="22.61102266609668731689453125" lon="113.885531611740589141845703125">
        <ele>35.200000762939453125</ele>
        <time>2026-08-17T22:56:59.000Z</time>
        <extensions>
          <ns3:TrackPointExtension>
            <ns3:hr>156</ns3:hr>
            <ns3:cad>92</ns3:cad>
          </ns3:TrackPointExtension>
        </extensions>
      </trkpt>
      <trkpt lat="22.6110476441681385040283203125" lon="113.885514177381992340087890625">
        <ele>35.200000762939453125</ele>
        <time>2026-08-17T22:57:00.000Z</time>
        <extensions>
          <ns3:TrackPointExtension>
            <ns3:hr>156</ns3:hr>
            <ns3:cad>92</ns3:cad>
          </ns3:TrackPointExtension>
        </extensions>
      </trkpt>
      <trkpt lat="22.61107639409601688385009765625" lon="113.885487355291843414306640625">
        <ele>35</ele>
        <time>2026-08-17T22:57:01.000Z</time>
        <extensions>
          <ns3:TrackPointExtension>
            <ns3:hr>157</ns3:hr>
            <ns3:cad>92</ns3:cad>
          </ns3:TrackPointExtension>
        </extensions>
      </trkpt>
      <trkpt lat="22.6110984385013580322265625" lon="113.88546849600970745086669921875">
        <ele>35</ele>
        <time>2026-08-17T22:57:02.000Z</time>
        <extensions>
          <ns3:TrackPointExtension>
            <ns3:hr>156</ns3:hr>
            <ns3:cad>92</ns3:cad>
          </ns3:TrackPointExtension>
        </extensions>
      </trkpt>
      <trkpt lat="22.61112903244793415069580078125" lon="113.885446451604366302490234375">
        <ele>35</ele>
        <time>2026-08-17T22:57:03.000Z</time>
        <extensions>
          <ns3:TrackPointExtension>
            <ns3:hr>156</ns3:hr>
            <ns3:cad>94</ns3:cad>
          </ns3:TrackPointExtension>
        </extensions>
      </trkpt>
      <trkpt lat="22.61114931665360927581787109375" lon="113.88542599976062774658203125">
        <ele>35</ele>
        <time>2026-08-17T22:57:04.000Z</time>
        <extensions>
          <ns3:TrackPointExtension>
            <ns3:hr>156</ns3:hr>
            <ns3:cad>94</ns3:cad>
          </ns3:TrackPointExtension>
        </extensions>
      </trkpt>
      <trkpt lat="22.6111787371337413787841796875" lon="113.885406218469142913818359375">
        <ele>35</ele>
        <time>2026-08-17T22:57:05.000Z</time>
        <extensions>
          <ns3:TrackPointExtension>
            <ns3:hr>157</ns3:hr>
            <ns3:cad>94</ns3:cad>
          </ns3:TrackPointExtension>
        </extensions>
      </trkpt>
      <trkpt lat="22.61120094917714595794677734375" lon="113.88538568280637264251708984375">
        <ele>35.200000762939453125</ele>
        <time>2026-08-17T22:57:06.000Z</time>
        <extensions>
          <ns3:TrackPointExtension>
            <ns3:hr>157</ns3:hr>
            <ns3:cad>94</ns3:cad>
          </ns3:TrackPointExtension>
        </extensions>
      </trkpt>
      <trkpt lat="22.61122609488666057586669921875" lon="113.8853708468377590179443359375">
        <ele>35</ele>
        <time>2026-08-17T22:57:07.000Z</time>
        <extensions>
          <ns3:TrackPointExtension>
            <ns3:hr>157</ns3:hr>
            <ns3:cad>94</ns3:cad>
          </ns3:TrackPointExtension>
        </extensions>
      </trkpt>
      <trkpt lat="22.61125476099550724029541015625" lon="113.88534863479435443878173828125">
        <ele>35</ele>
        <time>2026-08-17T22:57:08.000Z</time>
        <extensions>
          <ns3:TrackPointExtension>
            <ns3:hr>158</ns3:hr>
            <ns3:cad>94</ns3:cad>
          </ns3:TrackPointExtension>
        </extensions>
      </trkpt>
      <trkpt lat="22.61127554811537265777587890625" lon="113.8853299431502819061279296875">
        <ele>35</ele>
        <time>2026-08-17T22:57:09.000Z</time>
        <extensions>
          <ns3:TrackPointExtension>
            <ns3:hr>157</ns3:hr>
            <ns3:cad>94</ns3:cad>
          </ns3:TrackPointExtension>
        </extensions>
      </trkpt>
      <trkpt lat="22.61130706407129764556884765625" lon="113.88530706055462360382080078125">
        <ele>35</ele>
        <time>2026-08-17T22:57:10.000Z</time>
        <extensions>
          <ns3:TrackPointExtension>
            <ns3:hr>157</ns3:hr>
            <ns3:cad>94</ns3:cad>
          </ns3:TrackPointExtension>
        </extensions>
      </trkpt>
      <trkpt lat="22.6113282702863216400146484375" lon="113.885289542376995086669921875">
        <ele>35</ele>
        <time>2026-08-17T22:57:11.000Z</time>
        <extensions>
          <ns3:TrackPointExtension>
            <ns3:hr>157</ns3:hr>
            <ns3:cad>94</ns3:cad>
          </ns3:TrackPointExtension>
        </extensions>
      </trkpt>
      <trkpt lat="22.6113612949848175048828125" lon="113.88527068309485912322998046875">
        <ele>35</ele>
        <time>2026-08-17T22:57:12.000Z</time>
        <extensions>
          <ns3:TrackPointExtension>
            <ns3:hr>158</ns3:hr>
            <ns3:cad>93</ns3:cad>
          </ns3:TrackPointExtension>
        </extensions>
      </trkpt>
      <trkpt lat="22.6113862730562686920166015625" lon="113.8852467946708202362060546875">
        <ele>35</ele>
        <time>2026-08-17T22:57:13.000Z</time>
        <extensions>
          <ns3:TrackPointExtension>
            <ns3:hr>157</ns3:hr>
            <ns3:cad>93</ns3:cad>
          </ns3:TrackPointExtension>
        </extensions>
      </trkpt>
      <trkpt lat="22.6114157773554325103759765625" lon="113.8852320425212383270263671875">
        <ele>35</ele>
        <time>2026-08-17T22:57:14.000Z</time>
        <extensions>
          <ns3:TrackPointExtension>
            <ns3:hr>157</ns3:hr>
            <ns3:cad>94</ns3:cad>
          </ns3:TrackPointExtension>
        </extensions>
      </trkpt>
      <trkpt lat="22.6114446111023426055908203125" lon="113.8852107524871826171875">
        <ele>35</ele>
        <time>2026-08-17T22:57:15.000Z</time>
        <extensions>
          <ns3:TrackPointExtension>
            <ns3:hr>157</ns3:hr>
            <ns3:cad>94</ns3:cad>
          </ns3:TrackPointExtension>
        </extensions>
      </trkpt>
      <trkpt lat="22.6114739477634429931640625" lon="113.88519692234694957733154296875">
        <ele>35</ele>
        <time>2026-08-17T22:57:16.000Z</time>
        <extensions>
          <ns3:TrackPointExtension>
            <ns3:hr>157</ns3:hr>
            <ns3:cad>94</ns3:cad>
          </ns3:TrackPointExtension>
        </extensions>
      </trkpt>
      <trkpt lat="22.611504457890987396240234375" lon="113.88517730869352817535400390625">
        <ele>35</ele>
        <time>2026-08-17T22:57:17.000Z</time>
        <extensions>
          <ns3:TrackPointExtension>
            <ns3:hr>157</ns3:hr>
            <ns3:cad>94</ns3:cad>
          </ns3:TrackPointExtension>
        </extensions>
      </trkpt>
      <trkpt lat="22.61152985505759716033935546875" lon="113.88516322709619998931884765625">
        <ele>35</ele>
        <time>2026-08-17T22:57:18.000Z</time>
        <extensions>
          <ns3:TrackPointExtension>
            <ns3:hr>158</ns3:hr>
            <ns3:cad>94</ns3:cad>
          </ns3:TrackPointExtension>
        </extensions>
      </trkpt>
      <trkpt lat="22.61155852116644382476806640625" lon="113.8851438648998737335205078125">
        <ele>34.799999237060546875</ele>
        <time>2026-08-17T22:57:19.000Z</time>
        <extensions>
          <ns3:TrackPointExtension>
            <ns3:hr>158</ns3:hr>
            <ns3:cad>92</ns3:cad>
          </ns3:TrackPointExtension>
        </extensions>
      </trkpt>
      <trkpt lat="22.61158852837979793548583984375" lon="113.885127939283847808837890625">
        <ele>34.40000152587890625</ele>
        <time>2026-08-17T22:57:20.000Z</time>
        <extensions>
          <ns3:TrackPointExtension>
            <ns3:hr>158</ns3:hr>
            <ns3:cad>92</ns3:cad>
          </ns3:TrackPointExtension>
        </extensions>
      </trkpt>
      <trkpt lat="22.61162390001118183135986328125" lon="113.88510539196431636810302734375">
        <ele>34.200000762939453125</ele>
        <time>2026-08-17T22:57:21.000Z</time>
        <extensions>
          <ns3:TrackPointExtension>
            <ns3:hr>158</ns3:hr>
            <ns3:cad>92</ns3:cad>
          </ns3:TrackPointExtension>
        </extensions>
      </trkpt>
      <trkpt lat="22.61165172792971134185791015625" lon="113.885093070566654205322265625">
        <ele>33.799999237060546875</ele>
        <time>2026-08-17T22:57:22.000Z</time>
        <extensions>
          <ns3:TrackPointExtension>
            <ns3:hr>157</ns3:hr>
            <ns3:cad>92</ns3:cad>
          </ns3:TrackPointExtension>
        </extensions>
      </trkpt>
      <trkpt lat="22.61168659664690494537353515625" lon="113.88507706113159656524658203125">
        <ele>33.40000152587890625</ele>
        <time>2026-08-17T22:57:23.000Z</time>
        <extensions>
          <ns3:TrackPointExtension>
            <ns3:hr>157</ns3:hr>
            <ns3:cad>92</ns3:cad>
          </ns3:TrackPointExtension>
        </extensions>
      </trkpt>
      <trkpt lat="22.61171308346092700958251953125" lon="113.8850660808384418487548828125">
        <ele>32.799999237060546875</ele>
        <time>2026-08-17T22:57:24.000Z</time>
        <extensions>
          <ns3:TrackPointExtension>
            <ns3:hr>157</ns3:hr>
            <ns3:cad>90</ns3:cad>
          </ns3:TrackPointExtension>
        </extensions>
      </trkpt>
      <trkpt lat="22.61175096966326236724853515625" lon="113.8850565254688262939453125">
        <ele>32.40000152587890625</ele>
        <time>2026-08-17T22:57:25.000Z</time>
        <extensions>
          <ns3:TrackPointExtension>
            <ns3:hr>157</ns3:hr>
            <ns3:cad>91</ns3:cad>
          </ns3:TrackPointExtension>
        </extensions>
      </trkpt>
      <trkpt lat="22.61178282089531421661376953125" lon="113.8850412704050540924072265625">
        <ele>32</ele>
        <time>2026-08-17T22:57:26.000Z</time>
        <extensions>
          <ns3:TrackPointExtension>
            <ns3:hr>157</ns3:hr>
            <ns3:cad>91</ns3:cad>
          </ns3:TrackPointExtension>
        </extensions>
      </trkpt>
      <trkpt lat="22.61181651614606380462646484375" lon="113.88503439724445343017578125">
        <ele>31.6000003814697265625</ele>
        <time>2026-08-17T22:57:27.000Z</time>
        <extensions>
          <ns3:TrackPointExtension>
            <ns3:hr>156</ns3:hr>
            <ns3:cad>91</ns3:cad>
          </ns3:TrackPointExtension>
        </extensions>
      </trkpt>
      <trkpt lat="22.61184719391167163848876953125" lon="113.88502299785614013671875">
        <ele>31.200000762939453125</ele>
        <time>2026-08-17T22:57:28.000Z</time>
        <extensions>
          <ns3:TrackPointExtension>
            <ns3:hr>156</ns3:hr>
            <ns3:cad>93</ns3:cad>
          </ns3:TrackPointExtension>
        </extensions>
      </trkpt>
      <trkpt lat="22.61188105680048465728759765625" lon="113.885011263191699981689453125">
        <ele>30.799999237060546875</ele>
        <time>2026-08-17T22:57:29.000Z</time>
        <extensions>
          <ns3:TrackPointExtension>
            <ns3:hr>156</ns3:hr>
            <ns3:cad>93</ns3:cad>
          </ns3:TrackPointExtension>
        </extensions>
      </trkpt>
      <trkpt lat="22.61191156692802906036376953125" lon="113.88499776832759380340576171875">
        <ele>30.3999996185302734375</ele>
        <time>2026-08-17T22:57:30.000Z</time>
        <extensions>
          <ns3:TrackPointExtension>
            <ns3:hr>156</ns3:hr>
            <ns3:cad>93</ns3:cad>
          </ns3:TrackPointExtension>
        </extensions>
      </trkpt>
      <trkpt lat="22.6119488663971424102783203125" lon="113.8849825970828533172607421875">
        <ele>30</ele>
        <time>2026-08-17T22:57:31.000Z</time>
        <extensions>
          <ns3:TrackPointExtension>
            <ns3:hr>156</ns3:hr>
            <ns3:cad>92</ns3:cad>
          </ns3:TrackPointExtension>
        </extensions>
      </trkpt>
      <trkpt lat="22.61197996325790882110595703125" lon="113.88496105559170246124267578125">
        <ele>29.6000003814697265625</ele>
        <time>2026-08-17T22:57:32.000Z</time>
        <extensions>
          <ns3:TrackPointExtension>
            <ns3:hr>156</ns3:hr>
            <ns3:cad>92</ns3:cad>
          </ns3:TrackPointExtension>
        </extensions>
      </trkpt>
      <trkpt lat="22.61201374232769012451171875" lon="113.88494856655597686767578125">
        <ele>29.200000762939453125</ele>
        <time>2026-08-17T22:57:33.000Z</time>
        <extensions>
          <ns3:TrackPointExtension>
            <ns3:hr>155</ns3:hr>
            <ns3:cad>92</ns3:cad>
          </ns3:TrackPointExtension>
        </extensions>
      </trkpt>
      <trkpt lat="22.61204316280782222747802734375" lon="113.88493473641574382781982421875">
        <ele>29</ele>
        <time>2026-08-17T22:57:34.000Z</time>
        <extensions>
          <ns3:TrackPointExtension>
            <ns3:hr>155</ns3:hr>
            <ns3:cad>93</ns3:cad>
          </ns3:TrackPointExtension>
        </extensions>
      </trkpt>
      <trkpt lat="22.6120712421834468841552734375" lon="113.8849224150180816650390625">
        <ele>28.799999237060546875</ele>
        <time>2026-08-17T22:57:35.000Z</time>
        <extensions>
          <ns3:TrackPointExtension>
            <ns3:hr>155</ns3:hr>
            <ns3:cad>92</ns3:cad>
          </ns3:TrackPointExtension>
        </extensions>
      </trkpt>
      <trkpt lat="22.6121010817587375640869140625" lon="113.8849063217639923095703125">
        <ele>28.6000003814697265625</ele>
        <time>2026-08-17T22:57:36.000Z</time>
        <extensions>
          <ns3:TrackPointExtension>
            <ns3:hr>156</ns3:hr>
            <ns3:cad>92</ns3:cad>
          </ns3:TrackPointExtension>
        </extensions>
      </trkpt>
      <trkpt lat="22.61212530545890331268310546875" lon="113.88489014469087123870849609375">
        <ele>28.6000003814697265625</ele>
        <time>2026-08-17T22:57:37.000Z</time>
        <extensions>
          <ns3:TrackPointExtension>
            <ns3:hr>155</ns3:hr>
            <ns3:cad>92</ns3:cad>
          </ns3:TrackPointExtension>
        </extensions>
      </trkpt>
      <trkpt lat="22.61215380392968654632568359375" lon="113.88487053103744983673095703125">
        <ele>28.799999237060546875</ele>
        <time>2026-08-17T22:57:38.000Z</time>
        <extensions>
          <ns3:TrackPointExtension>
            <ns3:hr>155</ns3:hr>
            <ns3:cad>92</ns3:cad>
          </ns3:TrackPointExtension>
        </extensions>
      </trkpt>
      <trkpt lat="22.61217978782951831817626953125" lon="113.8848508335649967193603515625">
        <ele>28.799999237060546875</ele>
        <time>2026-08-17T22:57:39.000Z</time>
        <extensions>
          <ns3:TrackPointExtension>
            <ns3:hr>155</ns3:hr>
            <ns3:cad>93</ns3:cad>
          </ns3:TrackPointExtension>
        </extensions>
      </trkpt>
      <trkpt lat="22.612211219966411590576171875" lon="113.8848199881613254547119140625">
        <ele>28.799999237060546875</ele>
        <time>2026-08-17T22:57:40.000Z</time>
        <extensions>
          <ns3:TrackPointExtension>
            <ns3:hr>156</ns3:hr>
            <ns3:cad>93</ns3:cad>
          </ns3:TrackPointExtension>
        </extensions>
      </trkpt>
      <trkpt lat="22.6122368685901165008544921875" lon="113.8847948424518108367919921875">
        <ele>28.6000003814697265625</ele>
        <time>2026-08-17T22:57:41.000Z</time>
        <extensions>
          <ns3:TrackPointExtension>
            <ns3:hr>155</ns3:hr>
            <ns3:cad>93</ns3:cad>
          </ns3:TrackPointExtension>
        </extensions>
      </trkpt>
      <trkpt lat="22.612260170280933380126953125" lon="113.88477556407451629638671875">
        <ele>28.6000003814697265625</ele>
        <time>2026-08-17T22:57:42.000Z</time>
        <extensions>
          <ns3:TrackPointExtension>
            <ns3:hr>155</ns3:hr>
            <ns3:cad>93</ns3:cad>
          </ns3:TrackPointExtension>
        </extensions>
      </trkpt>
      <trkpt lat="22.61228238232433795928955078125" lon="113.884755112230777740478515625">
        <ele>28.6000003814697265625</ele>
        <time>2026-08-17T22:57:43.000Z</time>
        <extensions>
          <ns3:TrackPointExtension>
            <ns3:hr>156</ns3:hr>
            <ns3:cad>93</ns3:cad>
          </ns3:TrackPointExtension>
        </extensions>
      </trkpt>
      <trkpt lat="22.61230350472033023834228515625" lon="113.88473667204380035400390625">
        <ele>28.3999996185302734375</ele>
        <time>2026-08-17T22:57:44.000Z</time>
        <extensions>
          <ns3:TrackPointExtension>
            <ns3:hr>156</ns3:hr>
            <ns3:cad>93</ns3:cad>
          </ns3:TrackPointExtension>
        </extensions>
      </trkpt>
      <trkpt lat="22.61232865042984485626220703125" lon="113.88471186161041259765625">
        <ele>28.3999996185302734375</ele>
        <time>2026-08-17T22:57:45.000Z</time>
        <extensions>
          <ns3:TrackPointExtension>
            <ns3:hr>156</ns3:hr>
            <ns3:cad>93</ns3:cad>
          </ns3:TrackPointExtension>
        </extensions>
      </trkpt>
      <trkpt lat="22.612344324588775634765625" lon="113.88468705117702484130859375">
        <ele>28.200000762939453125</ele>
        <time>2026-08-17T22:57:46.000Z</time>
        <extensions>
          <ns3:TrackPointExtension>
            <ns3:hr>156</ns3:hr>
            <ns3:cad>93</ns3:cad>
          </ns3:TrackPointExtension>
        </extensions>
      </trkpt>
      <trkpt lat="22.6123636029660701751708984375" lon="113.88465142808854579925537109375">
        <ele>28.200000762939453125</ele>
        <time>2026-08-17T22:57:47.000Z</time>
        <extensions>
          <ns3:TrackPointExtension>
            <ns3:hr>156</ns3:hr>
            <ns3:cad>93</ns3:cad>
          </ns3:TrackPointExtension>
        </extensions>
      </trkpt>
      <trkpt lat="22.61237357743084430694580078125" lon="113.88462712056934833526611328125">
        <ele>28.200000762939453125</ele>
        <time>2026-08-17T22:57:48.000Z</time>
        <extensions>
          <ns3:TrackPointExtension>
            <ns3:hr>155</ns3:hr>
            <ns3:cad>94</ns3:cad>
          </ns3:TrackPointExtension>
        </extensions>
      </trkpt>
      <trkpt lat="22.6123951189219951629638671875" lon="113.884590826928615570068359375">
        <ele>28.200000762939453125</ele>
        <time>2026-08-17T22:57:49.000Z</time>
        <extensions>
          <ns3:TrackPointExtension>
            <ns3:hr>155</ns3:hr>
            <ns3:cad>94</ns3:cad>
          </ns3:TrackPointExtension>
        </extensions>
      </trkpt>
      <trkpt lat="22.61241112835705280303955078125" lon="113.8845618255436420440673828125">
        <ele>28</ele>
        <time>2026-08-17T22:57:50.000Z</time>
        <extensions>
          <ns3:TrackPointExtension>
            <ns3:hr>155</ns3:hr>
            <ns3:cad>93</ns3:cad>
          </ns3:TrackPointExtension>
        </extensions>
      </trkpt>
      <trkpt lat="22.6124269701540470123291015625" lon="113.88453072868287563323974609375">
        <ele>28.200000762939453125</ele>
        <time>2026-08-17T22:57:51.000Z</time>
        <extensions>
          <ns3:TrackPointExtension>
            <ns3:hr>155</ns3:hr>
            <ns3:cad>93</ns3:cad>
          </ns3:TrackPointExtension>
        </extensions>
      </trkpt>
      <trkpt lat="22.6124410517513751983642578125" lon="113.88450256548821926116943359375">
        <ele>28.200000762939453125</ele>
        <time>2026-08-17T22:57:52.000Z</time>
        <extensions>
          <ns3:TrackPointExtension>
            <ns3:hr>154</ns3:hr>
            <ns3:cad>93</ns3:cad>
          </ns3:TrackPointExtension>
        </extensions>
      </trkpt>
      <trkpt lat="22.61245387606322765350341796875" lon="113.88447440229356288909912109375">
        <ele>28.200000762939453125</ele>
        <time>2026-08-17T22:57:53.000Z</time>
        <extensions>
          <ns3:TrackPointExtension>
            <ns3:hr>154</ns3:hr>
            <ns3:cad>93</ns3:cad>
          </ns3:TrackPointExtension>
        </extensions>
      </trkpt>
      <trkpt lat="22.61246301233768463134765625" lon="113.88443953357636928558349609375">
        <ele>28.200000762939453125</ele>
        <time>2026-08-17T22:57:54.000Z</time>
        <extensions>
          <ns3:TrackPointExtension>
            <ns3:hr>155</ns3:hr>
            <ns3:cad>94</ns3:cad>
          </ns3:TrackPointExtension>
        </extensions>
      </trkpt>
      <trkpt lat="22.61247499845921993255615234375" lon="113.8844047486782073974609375">
        <ele>28.200000762939453125</ele>
        <time>2026-08-17T22:57:55.000Z</time>
        <extensions>
          <ns3:TrackPointExtension>
            <ns3:hr>155</ns3:hr>
            <ns3:cad>94</ns3:cad>
          </ns3:TrackPointExtension>
        </extensions>
      </trkpt>
      <trkpt lat="22.61248924769461154937744140625" lon="113.8843583129346370697021484375">
        <ele>28.200000762939453125</ele>
        <time>2026-08-17T22:57:56.000Z</time>
        <extensions>
          <ns3:TrackPointExtension>
            <ns3:hr>155</ns3:hr>
            <ns3:cad>93</ns3:cad>
          </ns3:TrackPointExtension>
        </extensions>
      </trkpt>
      <trkpt lat="22.612498886883258819580078125" lon="113.88432092964649200439453125">
        <ele>28.200000762939453125</ele>
        <time>2026-08-17T22:57:57.000Z</time>
        <extensions>
          <ns3:TrackPointExtension>
            <ns3:hr>154</ns3:hr>
            <ns3:cad>93</ns3:cad>
          </ns3:TrackPointExtension>
        </extensions>
      </trkpt>
      <trkpt lat="22.61251841671764850616455078125" lon="113.88427793048322200775146484375">
        <ele>28.200000762939453125</ele>
        <time>2026-08-17T22:57:58.000Z</time>
        <extensions>
          <ns3:TrackPointExtension>
            <ns3:hr>154</ns3:hr>
            <ns3:cad>93</ns3:cad>
          </ns3:TrackPointExtension>
        </extensions>
      </trkpt>
      <trkpt lat="22.612526714801788330078125" lon="113.884251527488231658935546875">
        <ele>28.200000762939453125</ele>
        <time>2026-08-17T22:57:59.000Z</time>
        <extensions>
          <ns3:TrackPointExtension>
            <ns3:hr>154</ns3:hr>
            <ns3:cad>93</ns3:cad>
          </ns3:TrackPointExtension>
        </extensions>
      </trkpt>
      <trkpt lat="22.6125436462461948394775390625" lon="113.88421255163848400115966796875">
        <ele>28</ele>
        <time>2026-08-17T22:58:00.000Z</time>
        <extensions>
          <ns3:TrackPointExtension>
            <ns3:hr>154</ns3:hr>
            <ns3:cad>92</ns3:cad>
          </ns3:TrackPointExtension>
        </extensions>
      </trkpt>
      <trkpt lat="22.6125506870448589324951171875" lon="113.88417877256870269775390625">
        <ele>28</ele>
        <time>2026-08-17T22:58:01.000Z</time>
        <extensions>
          <ns3:TrackPointExtension>
            <ns3:hr>154</ns3:hr>
            <ns3:cad>92</ns3:cad>
          </ns3:TrackPointExtension>
        </extensions>
      </trkpt>
      <trkpt lat="22.61256217025220394134521484375" lon="113.88414264656603336334228515625">
        <ele>28</ele>
        <time>2026-08-17T22:58:02.000Z</time>
        <extensions>
          <ns3:TrackPointExtension>
            <ns3:hr>154</ns3:hr>
            <ns3:cad>92</ns3:cad>
          </ns3:TrackPointExtension>
        </extensions>
      </trkpt>
      <trkpt lat="22.61257189325988292694091796875" lon="113.884104005992412567138671875">
        <ele>28</ele>
        <time>2026-08-17T22:58:03.000Z</time>
        <extensions>
          <ns3:TrackPointExtension>
            <ns3:hr>154</ns3:hr>
            <ns3:cad>93</ns3:cad>
          </ns3:TrackPointExtension>
        </extensions>
      </trkpt>
      <trkpt lat="22.61258111335337162017822265625" lon="113.88407089747488498687744140625">
        <ele>28</ele>
        <time>2026-08-17T22:58:04.000Z</time>
        <extensions>
          <ns3:TrackPointExtension>
            <ns3:hr>154</ns3:hr>
            <ns3:cad>94</ns3:cad>
          </ns3:TrackPointExtension>
        </extensions>
      </trkpt>
      <trkpt lat="22.6125924289226531982421875" lon="113.8840314187109470367431640625">
        <ele>28</ele>
        <time>2026-08-17T22:58:05.000Z</time>
        <extensions>
          <ns3:TrackPointExtension>
            <ns3:hr>155</ns3:hr>
            <ns3:cad>94</ns3:cad>
          </ns3:TrackPointExtension>
        </extensions>
      </trkpt>
      <trkpt lat="22.612600810825824737548828125" lon="113.884002752602100372314453125">
        <ele>28</ele>
        <time>2026-08-17T22:58:06.000Z</time>
        <extensions>
          <ns3:TrackPointExtension>
            <ns3:hr>155</ns3:hr>
            <ns3:cad>93</ns3:cad>
          </ns3:TrackPointExtension>
        </extensions>
      </trkpt>
      <trkpt lat="22.61260516941547393798828125" lon="113.8839650340378284454345703125">
        <ele>27.799999237060546875</ele>
        <time>2026-08-17T22:58:07.000Z</time>
        <extensions>
          <ns3:TrackPointExtension>
            <ns3:hr>155</ns3:hr>
            <ns3:cad>93</ns3:cad>
          </ns3:TrackPointExtension>
        </extensions>
      </trkpt>
      <trkpt lat="22.61260558851063251495361328125" lon="113.88393745757639408111572265625">
        <ele>27.799999237060546875</ele>
        <time>2026-08-17T22:58:08.000Z</time>
        <extensions>
          <ns3:TrackPointExtension>
            <ns3:hr>155</ns3:hr>
            <ns3:cad>93</ns3:cad>
          </ns3:TrackPointExtension>
        </extensions>
      </trkpt>
      <trkpt lat="22.61260240338742733001708984375" lon="113.88389755971729755401611328125">
        <ele>27.799999237060546875</ele>
        <time>2026-08-17T22:58:09.000Z</time>
        <extensions>
          <ns3:TrackPointExtension>
            <ns3:hr>155</ns3:hr>
            <ns3:cad>92</ns3:cad>
          </ns3:TrackPointExtension>
        </extensions>
      </trkpt>
      <trkpt lat="22.6125972904264926910400390625" lon="113.8838661275804042816162109375">
        <ele>27.799999237060546875</ele>
        <time>2026-08-17T22:58:10.000Z</time>
        <extensions>
          <ns3:TrackPointExtension>
            <ns3:hr>155</ns3:hr>
            <ns3:cad>92</ns3:cad>
          </ns3:TrackPointExtension>
        </extensions>
      </trkpt>
      <trkpt lat="22.6125875674188137054443359375" lon="113.88382530771195888519287109375">
        <ele>27.6000003814697265625</ele>
        <time>2026-08-17T22:58:11.000Z</time>
        <extensions>
          <ns3:TrackPointExtension>
            <ns3:hr>155</ns3:hr>
            <ns3:cad>93</ns3:cad>
          </ns3:TrackPointExtension>
        </extensions>
      </trkpt>
      <trkpt lat="22.612574994564056396484375" lon="113.88380301184952259063720703125">
        <ele>27.3999996185302734375</ele>
        <time>2026-08-17T22:58:12.000Z</time>
        <extensions>
          <ns3:TrackPointExtension>
            <ns3:hr>155</ns3:hr>
            <ns3:cad>93</ns3:cad>
          </ns3:TrackPointExtension>
        </extensions>
      </trkpt>
      <trkpt lat="22.61255295015871524810791015625" lon="113.8837675563991069793701171875">
        <ele>27.200000762939453125</ele>
        <time>2026-08-17T22:58:13.000Z</time>
        <extensions>
          <ns3:TrackPointExtension>
            <ns3:hr>155</ns3:hr>
            <ns3:cad>93</ns3:cad>
          </ns3:TrackPointExtension>
        </extensions>
      </trkpt>
      <trkpt lat="22.6125376112759113311767578125" lon="113.8837476074695587158203125">
        <ele>26.799999237060546875</ele>
        <time>2026-08-17T22:58:14.000Z</time>
        <extensions>
          <ns3:TrackPointExtension>
            <ns3:hr>155</ns3:hr>
            <ns3:cad>92</ns3:cad>
          </ns3:TrackPointExtension>
        </extensions>
      </trkpt>
      <trkpt lat="22.6125054247677326202392578125" lon="113.88371475040912628173828125">
        <ele>26.3999996185302734375</ele>
        <time>2026-08-17T22:58:15.000Z</time>
        <extensions>
          <ns3:TrackPointExtension>
            <ns3:hr>155</ns3:hr>
            <ns3:cad>90</ns3:cad>
          </ns3:TrackPointExtension>
        </extensions>
      </trkpt>
      <trkpt lat="22.612480781972408294677734375" lon="113.8837008364498615264892578125">
        <ele>26</ele>
        <time>2026-08-17T22:58:16.000Z</time>
        <extensions>
          <ns3:TrackPointExtension>
            <ns3:hr>155</ns3:hr>
            <ns3:cad>90</ns3:cad>
          </ns3:TrackPointExtension>
        </extensions>
      </trkpt>
      <trkpt lat="22.6124454103410243988037109375" lon="113.88368968851864337921142578125">
        <ele>25.6000003814697265625</ele>
        <time>2026-08-17T22:58:17.000Z</time>
        <extensions>
          <ns3:TrackPointExtension>
            <ns3:hr>155</ns3:hr>
            <ns3:cad>90</ns3:cad>
          </ns3:TrackPointExtension>
        </extensions>
      </trkpt>
      <trkpt lat="22.61241816915571689605712890625" lon="113.88370343483984470367431640625">
        <ele>25</ele>
        <time>2026-08-17T22:58:18.000Z</time>
        <extensions>
          <ns3:TrackPointExtension>
            <ns3:hr>155</ns3:hr>
            <ns3:cad>90</ns3:cad>
          </ns3:TrackPointExtension>
        </extensions>
      </trkpt>
      <trkpt lat="22.61238916777074337005615234375" lon="113.88372606597840785980224609375">
        <ele>24.799999237060546875</ele>
        <time>2026-08-17T22:58:19.000Z</time>
        <extensions>
          <ns3:TrackPointExtension>
            <ns3:hr>155</ns3:hr>
            <ns3:cad>92</ns3:cad>
          </ns3:TrackPointExtension>
        </extensions>
      </trkpt>
      <trkpt lat="22.61236469261348247528076171875" lon="113.88374366797506809234619140625">
        <ele>24.3999996185302734375</ele>
        <time>2026-08-17T22:58:20.000Z</time>
        <extensions>
          <ns3:TrackPointExtension>
            <ns3:hr>155</ns3:hr>
            <ns3:cad>92</ns3:cad>
          </ns3:TrackPointExtension>
        </extensions>
      </trkpt>
      <trkpt lat="22.61232529766857624053955078125" lon="113.88375272043049335479736328125">
        <ele>24.200000762939453125</ele>
        <time>2026-08-17T22:58:21.000Z</time>
        <extensions>
          <ns3:TrackPointExtension>
            <ns3:hr>155</ns3:hr>
            <ns3:cad>92</ns3:cad>
          </ns3:TrackPointExtension>
        </extensions>
      </trkpt>
      <trkpt lat="22.61228422634303569793701171875" lon="113.8837551511824131011962890625">
        <ele>23.799999237060546875</ele>
        <time>2026-08-17T22:58:22.000Z</time>
        <extensions>
          <ns3:TrackPointExtension>
            <ns3:hr>155</ns3:hr>
            <ns3:cad>92</ns3:cad>
          </ns3:TrackPointExtension>
        </extensions>
      </trkpt>
      <trkpt lat="22.61224449612200260162353515625" lon="113.88375339098274707794189453125">
        <ele>23.6000003814697265625</ele>
        <time>2026-08-17T22:58:23.000Z</time>
        <extensions>
          <ns3:TrackPointExtension>
            <ns3:hr>155</ns3:hr>
            <ns3:cad>92</ns3:cad>
          </ns3:TrackPointExtension>
        </extensions>
      </trkpt>
      <trkpt lat="22.61219940148293972015380859375" lon="113.88375473208725452423095703125">
        <ele>23.3999996185302734375</ele>
        <time>2026-08-17T22:58:24.000Z</time>
        <extensions>
          <ns3:TrackPointExtension>
            <ns3:hr>154</ns3:hr>
            <ns3:cad>92</ns3:cad>
          </ns3:TrackPointExtension>
        </extensions>
      </trkpt>
      <trkpt lat="22.61216520331799983978271484375" lon="113.8837494514882564544677734375">
        <ele>23</ele>
        <time>2026-08-17T22:58:25.000Z</time>
        <extensions>
          <ns3:TrackPointExtension>
            <ns3:hr>155</ns3:hr>
            <ns3:cad>92</ns3:cad>
          </ns3:TrackPointExtension>
        </extensions>
      </trkpt>
      <trkpt lat="22.6121299155056476593017578125" lon="113.8837437517940998077392578125">
        <ele>22.799999237060546875</ele>
        <time>2026-08-17T22:58:26.000Z</time>
        <extensions>
          <ns3:TrackPointExtension>
            <ns3:hr>155</ns3:hr>
            <ns3:cad>92</ns3:cad>
          </ns3:TrackPointExtension>
        </extensions>
      </trkpt>
      <trkpt lat="22.6120967231690883636474609375" lon="113.883739225566387176513671875">
        <ele>22.6000003814697265625</ele>
        <time>2026-08-17T22:58:27.000Z</time>
        <extensions>
          <ns3:TrackPointExtension>
            <ns3:hr>155</ns3:hr>
            <ns3:cad>92</ns3:cad>
          </ns3:TrackPointExtension>
        </extensions>
      </trkpt>
      <trkpt lat="22.612063027918338775634765625" lon="113.88373226858675479888916015625">
        <ele>22.6000003814697265625</ele>
        <time>2026-08-17T22:58:28.000Z</time>
        <extensions>
          <ns3:TrackPointExtension>
            <ns3:hr>154</ns3:hr>
            <ns3:cad>92</ns3:cad>
          </ns3:TrackPointExtension>
        </extensions>
      </trkpt>
      <trkpt lat="22.612036876380443572998046875" lon="113.88372774235904216766357421875">
        <ele>22.6000003814697265625</ele>
        <time>2026-08-17T22:58:29.000Z</time>
        <extensions>
          <ns3:TrackPointExtension>
            <ns3:hr>155</ns3:hr>
            <ns3:cad>92</ns3:cad>
          </ns3:TrackPointExtension>
        </extensions>
      </trkpt>
      <trkpt lat="22.6120041869580745697021484375" lon="113.8837207853794097900390625">
        <ele>22.3999996185302734375</ele>
        <time>2026-08-17T22:58:30.000Z</time>
        <extensions>
          <ns3:TrackPointExtension>
            <ns3:hr>155</ns3:hr>
            <ns3:cad>91</ns3:cad>
          </ns3:TrackPointExtension>
        </extensions>
      </trkpt>
      <trkpt lat="22.61197409592568874359130859375" lon="113.88371751643717288970947265625">
        <ele>22.3999996185302734375</ele>
        <time>2026-08-17T22:58:31.000Z</time>
        <extensions>
          <ns3:TrackPointExtension>
            <ns3:hr>155</ns3:hr>
            <ns3:cad>91</ns3:cad>
          </ns3:TrackPointExtension>
        </extensions>
      </trkpt>
      <trkpt lat="22.6119455136358737945556640625" lon="113.88371030800044536590576171875">
        <ele>22.200000762939453125</ele>
        <time>2026-08-17T22:58:32.000Z</time>
        <extensions>
          <ns3:TrackPointExtension>
            <ns3:hr>154</ns3:hr>
            <ns3:cad>91</ns3:cad>
          </ns3:TrackPointExtension>
        </extensions>
      </trkpt>
      <trkpt lat="22.61190938763320446014404296875" lon="113.8837092183530330657958984375">
        <ele>22</ele>
        <time>2026-08-17T22:58:33.000Z</time>
        <extensions>
          <ns3:TrackPointExtension>
            <ns3:hr>155</ns3:hr>
            <ns3:cad>91</ns3:cad>
          </ns3:TrackPointExtension>
        </extensions>
      </trkpt>
      <trkpt lat="22.61188105680048465728759765625" lon="113.88370804488658905029296875">
        <ele>21.799999237060546875</ele>
        <time>2026-08-17T22:58:34.000Z</time>
        <extensions>
          <ns3:TrackPointExtension>
            <ns3:hr>155</ns3:hr>
            <ns3:cad>93</ns3:cad>
          </ns3:TrackPointExtension>
        </extensions>
      </trkpt>
      <trkpt lat="22.61184073984622955322265625" lon="113.88370192609727382659912109375">
        <ele>21.799999237060546875</ele>
        <time>2026-08-17T22:58:35.000Z</time>
        <extensions>
          <ns3:TrackPointExtension>
            <ns3:hr>155</ns3:hr>
            <ns3:cad>93</ns3:cad>
          </ns3:TrackPointExtension>
        </extensions>
      </trkpt>
      <trkpt lat="22.61181701906025409698486328125" lon="113.8837035186588764190673828125">
        <ele>21.799999237060546875</ele>
        <time>2026-08-17T22:58:36.000Z</time>
        <extensions>
          <ns3:TrackPointExtension>
            <ns3:hr>155</ns3:hr>
            <ns3:cad>94</ns3:cad>
          </ns3:TrackPointExtension>
        </extensions>
      </trkpt>
      <trkpt lat="22.61178583838045597076416015625" lon="113.88369522057473659515380859375">
        <ele>21.799999237060546875</ele>
        <time>2026-08-17T22:58:37.000Z</time>
        <extensions>
          <ns3:TrackPointExtension>
            <ns3:hr>155</ns3:hr>
            <ns3:cad>94</ns3:cad>
          </ns3:TrackPointExtension>
        </extensions>
      </trkpt>
      <trkpt lat="22.611759603023529052734375" lon="113.88369102962315082550048828125">
        <ele>21.6000003814697265625</ele>
        <time>2026-08-17T22:58:38.000Z</time>
        <extensions>
          <ns3:TrackPointExtension>
            <ns3:hr>155</ns3:hr>
            <ns3:cad>94</ns3:cad>
          </ns3:TrackPointExtension>
        </extensions>
      </trkpt>
      <trkpt lat="22.6117302663624286651611328125" lon="113.883689604699611663818359375">
        <ele>21.6000003814697265625</ele>
        <time>2026-08-17T22:58:39.000Z</time>
        <extensions>
          <ns3:TrackPointExtension>
            <ns3:hr>154</ns3:hr>
            <ns3:cad>94</ns3:cad>
          </ns3:TrackPointExtension>
        </extensions>
      </trkpt>
      <trkpt lat="22.6117010973393917083740234375" lon="113.883686922490596771240234375">
        <ele>21.6000003814697265625</ele>
        <time>2026-08-17T22:58:40.000Z</time>
        <extensions>
          <ns3:TrackPointExtension>
            <ns3:hr>155</ns3:hr>
            <ns3:cad>92</ns3:cad>
          </ns3:TrackPointExtension>
        </extensions>
      </trkpt>
      <trkpt lat="22.61166664771735668182373046875" lon="113.8836844079196453094482421875">
        <ele>21.6000003814697265625</ele>
        <time>2026-08-17T22:58:41.000Z</time>
        <extensions>
          <ns3:TrackPointExtension>
            <ns3:hr>155</ns3:hr>
            <ns3:cad>93</ns3:cad>
          </ns3:TrackPointExtension>
        </extensions>
      </trkpt>
      <trkpt lat="22.611633203923702239990234375" lon="113.88368147425353527069091796875">
        <ele>21.6000003814697265625</ele>
        <time>2026-08-17T22:58:42.000Z</time>
        <extensions>
          <ns3:TrackPointExtension>
            <ns3:hr>155</ns3:hr>
            <ns3:cad>93</ns3:cad>
          </ns3:TrackPointExtension>
        </extensions>
      </trkpt>
      <trkpt lat="22.6116031967103481292724609375" lon="113.88367854058742523193359375">
        <ele>21.3999996185302734375</ele>
        <time>2026-08-17T22:58:43.000Z</time>
        <extensions>
          <ns3:TrackPointExtension>
            <ns3:hr>154</ns3:hr>
            <ns3:cad>93</ns3:cad>
          </ns3:TrackPointExtension>
        </extensions>
      </trkpt>
      <trkpt lat="22.61156153865158557891845703125" lon="113.883673846721649169921875">
        <ele>21.3999996185302734375</ele>
        <time>2026-08-17T22:58:44.000Z</time>
        <extensions>
          <ns3:TrackPointExtension>
            <ns3:hr>155</ns3:hr>
            <ns3:cad>93</ns3:cad>
          </ns3:TrackPointExtension>
        </extensions>
      </trkpt>
      <trkpt lat="22.61153287254273891448974609375" lon="113.88367242179811000823974609375">
        <ele>21.200000762939453125</ele>
        <time>2026-08-17T22:58:45.000Z</time>
        <extensions>
          <ns3:TrackPointExtension>
            <ns3:hr>155</ns3:hr>
            <ns3:cad>92</ns3:cad>
          </ns3:TrackPointExtension>
        </extensions>
      </trkpt>
      <trkpt lat="22.6114949025213718414306640625" lon="113.8836713321506977081298828125">
        <ele>21.200000762939453125</ele>
        <time>2026-08-17T22:58:46.000Z</time>
        <extensions>
          <ns3:TrackPointExtension>
            <ns3:hr>155</ns3:hr>
            <ns3:cad>93</ns3:cad>
          </ns3:TrackPointExtension>
        </extensions>
      </trkpt>
      <trkpt lat="22.61146447621285915374755859375" lon="113.883673511445522308349609375">
        <ele>21.200000762939453125</ele>
        <time>2026-08-17T22:58:47.000Z</time>
        <extensions>
          <ns3:TrackPointExtension>
            <ns3:hr>155</ns3:hr>
            <ns3:cad>93</ns3:cad>
          </ns3:TrackPointExtension>
        </extensions>
      </trkpt>
      <trkpt lat="22.611428685486316680908203125" lon="113.88367208652198314666748046875">
        <ele>21.200000762939453125</ele>
        <time>2026-08-17T22:58:48.000Z</time>
        <extensions>
          <ns3:TrackPointExtension>
            <ns3:hr>154</ns3:hr>
            <ns3:cad>93</ns3:cad>
          </ns3:TrackPointExtension>
        </extensions>
      </trkpt>
      <trkpt lat="22.6113889552652835845947265625" lon="113.88367325998842716217041015625">
        <ele>21</ele>
        <time>2026-08-17T22:58:49.000Z</time>
        <extensions>
          <ns3:TrackPointExtension>
            <ns3:hr>155</ns3:hr>
            <ns3:cad>93</ns3:cad>
          </ns3:TrackPointExtension>
        </extensions>
      </trkpt>
      <trkpt lat="22.61135752312839031219482421875" lon="113.8836751878261566162109375">
        <ele>21</ele>
        <time>2026-08-17T22:58:50.000Z</time>
        <extensions>
          <ns3:TrackPointExtension>
            <ns3:hr>155</ns3:hr>
            <ns3:cad>94</ns3:cad>
          </ns3:TrackPointExtension>
        </extensions>
      </trkpt>
      <trkpt lat="22.61131779290735721588134765625" lon="113.88367183506488800048828125">
        <ele>20.799999237060546875</ele>
        <time>2026-08-17T22:58:51.000Z</time>
        <extensions>
          <ns3:TrackPointExtension>
            <ns3:hr>154</ns3:hr>
            <ns3:cad>93</ns3:cad>
          </ns3:TrackPointExtension>
        </extensions>
      </trkpt>
      <trkpt lat="22.611290551722049713134765625" lon="113.88367527164518833160400390625">
        <ele>20.799999237060546875</ele>
        <time>2026-08-17T22:58:52.000Z</time>
        <extensions>
          <ns3:TrackPointExtension>
            <ns3:hr>154</ns3:hr>
            <ns3:cad>93</ns3:cad>
          </ns3:TrackPointExtension>
        </extensions>
      </trkpt>
      <trkpt lat="22.61125593446195125579833984375" lon="113.88367191888391971588134765625">
        <ele>20.799999237060546875</ele>
        <time>2026-08-17T22:58:53.000Z</time>
        <extensions>
          <ns3:TrackPointExtension>
            <ns3:hr>154</ns3:hr>
            <ns3:cad>93</ns3:cad>
          </ns3:TrackPointExtension>
        </extensions>
      </trkpt>
      <trkpt lat="22.611222825944423675537109375" lon="113.8836778700351715087890625">
        <ele>20.799999237060546875</ele>
        <time>2026-08-17T22:58:54.000Z</time>
        <extensions>
          <ns3:TrackPointExtension>
            <ns3:hr>154</ns3:hr>
            <ns3:cad>93</ns3:cad>
          </ns3:TrackPointExtension>
        </extensions>
      </trkpt>
      <trkpt lat="22.61118820868432521820068359375" lon="113.8836777023971080780029296875">
        <ele>20.6000003814697265625</ele>
        <time>2026-08-17T22:58:55.000Z</time>
        <extensions>
          <ns3:TrackPointExtension>
            <ns3:hr>154</ns3:hr>
            <ns3:cad>95</ns3:cad>
          </ns3:TrackPointExtension>
        </extensions>
      </trkpt>
      <trkpt lat="22.611149065196514129638671875" lon="113.88367795385420322418212890625">
        <ele>20.6000003814697265625</ele>
        <time>2026-08-17T22:58:56.000Z</time>
        <extensions>
          <ns3:TrackPointExtension>
            <ns3:hr>154</ns3:hr>
            <ns3:cad>95</ns3:cad>
          </ns3:TrackPointExtension>
        </extensions>
      </trkpt>
      <trkpt lat="22.61111880652606487274169921875" lon="113.883680216968059539794921875">
        <ele>20.3999996185302734375</ele>
        <time>2026-08-17T22:58:57.000Z</time>
        <extensions>
          <ns3:TrackPointExtension>
            <ns3:hr>154</ns3:hr>
            <ns3:cad>95</ns3:cad>
          </ns3:TrackPointExtension>
        </extensions>
      </trkpt>
      <trkpt lat="22.61107631027698516845703125" lon="113.8836800493299961090087890625">
        <ele>20.3999996185302734375</ele>
        <time>2026-08-17T22:58:58.000Z</time>
        <extensions>
          <ns3:TrackPointExtension>
            <ns3:hr>154</ns3:hr>
            <ns3:cad>95</ns3:cad>
          </ns3:TrackPointExtension>
        </extensions>
      </trkpt>
      <trkpt lat="22.6110449619591236114501953125" lon="113.88368583284318447113037109375">
        <ele>20.200000762939453125</ele>
        <time>2026-08-17T22:58:59.000Z</time>
        <extensions>
          <ns3:TrackPointExtension>
            <ns3:hr>153</ns3:hr>
            <ns3:cad>95</ns3:cad>
          </ns3:TrackPointExtension>
        </extensions>
      </trkpt>
      <trkpt lat="22.61100523173809051513671875" lon="113.88368256390094757080078125">
        <ele>20</ele>
        <time>2026-08-17T22:59:00.000Z</time>
        <extensions>
          <ns3:TrackPointExtension>
            <ns3:hr>153</ns3:hr>
            <ns3:cad>95</ns3:cad>
          </ns3:TrackPointExtension>
        </extensions>
      </trkpt>
      <trkpt lat="22.61097706854343414306640625" lon="113.8836864195764064788818359375">
        <ele>20</ele>
        <time>2026-08-17T22:59:01.000Z</time>
        <extensions>
          <ns3:TrackPointExtension>
            <ns3:hr>153</ns3:hr>
            <ns3:cad>95</ns3:cad>
          </ns3:TrackPointExtension>
        </extensions>
      </trkpt>
      <trkpt lat="22.61094412766396999359130859375" lon="113.883686922490596771240234375">
        <ele>19.799999237060546875</ele>
        <time>2026-08-17T22:59:02.000Z</time>
        <extensions>
          <ns3:TrackPointExtension>
            <ns3:hr>154</ns3:hr>
            <ns3:cad>95</ns3:cad>
          </ns3:TrackPointExtension>
        </extensions>
      </trkpt>
      <trkpt lat="22.61091344989836215972900390625" lon="113.8836937956511974334716796875">
        <ele>19.799999237060546875</ele>
        <time>2026-08-17T22:59:03.000Z</time>
        <extensions>
          <ns3:TrackPointExtension>
            <ns3:hr>153</ns3:hr>
            <ns3:cad>95</ns3:cad>
          </ns3:TrackPointExtension>
        </extensions>
      </trkpt>
      <trkpt lat="22.61087992228567600250244140625" lon="113.88370133936405181884765625">
        <ele>19.6000003814697265625</ele>
        <time>2026-08-17T22:59:04.000Z</time>
        <extensions>
          <ns3:TrackPointExtension>
            <ns3:hr>153</ns3:hr>
            <ns3:cad>95</ns3:cad>
          </ns3:TrackPointExtension>
        </extensions>
      </trkpt>
      <trkpt lat="22.610845305025577545166015625" lon="113.88370293192565441131591796875">
        <ele>19.6000003814697265625</ele>
        <time>2026-08-17T22:59:05.000Z</time>
        <extensions>
          <ns3:TrackPointExtension>
            <ns3:hr>153</ns3:hr>
            <ns3:cad>93</ns3:cad>
          </ns3:TrackPointExtension>
        </extensions>
      </trkpt>
      <trkpt lat="22.61081454344093799591064453125" lon="113.883706033229827880859375">
        <ele>19.3999996185302734375</ele>
        <time>2026-08-17T22:59:06.000Z</time>
        <extensions>
          <ns3:TrackPointExtension>
            <ns3:hr>153</ns3:hr>
            <ns3:cad>93</ns3:cad>
          </ns3:TrackPointExtension>
        </extensions>
      </trkpt>
      <trkpt lat="22.61077380739152431488037109375" lon="113.883712403476238250732421875">
        <ele>19.3999996185302734375</ele>
        <time>2026-08-17T22:59:07.000Z</time>
        <extensions>
          <ns3:TrackPointExtension>
            <ns3:hr>153</ns3:hr>
            <ns3:cad>93</ns3:cad>
          </ns3:TrackPointExtension>
        </extensions>
      </trkpt>
      <trkpt lat="22.610744051635265350341796875" lon="113.88372170738875865936279296875">
        <ele>19.200000762939453125</ele>
        <time>2026-08-17T22:59:08.000Z</time>
        <extensions>
          <ns3:TrackPointExtension>
            <ns3:hr>153</ns3:hr>
            <ns3:cad>93</ns3:cad>
          </ns3:TrackPointExtension>
        </extensions>
      </trkpt>
      <trkpt lat="22.61070482432842254638671875" lon="113.88372908346354961395263671875">
        <ele>19</ele>
        <time>2026-08-17T22:59:09.000Z</time>
        <extensions>
          <ns3:TrackPointExtension>
            <ns3:hr>153</ns3:hr>
            <ns3:cad>94</ns3:cad>
          </ns3:TrackPointExtension>
        </extensions>
      </trkpt>
      <trkpt lat="22.61067691259086132049560546875" lon="113.88373813591897487640380859375">
        <ele>19</ele>
        <time>2026-08-17T22:59:10.000Z</time>
        <extensions>
          <ns3:TrackPointExtension>
            <ns3:hr>153</ns3:hr>
            <ns3:cad>92</ns3:cad>
          </ns3:TrackPointExtension>
        </extensions>
      </trkpt>
      <trkpt lat="22.6106426306068897247314453125" lon="113.8837420754134654998779296875">
        <ele>18.799999237060546875</ele>
        <time>2026-08-17T22:59:11.000Z</time>
        <extensions>
          <ns3:TrackPointExtension>
            <ns3:hr>153</ns3:hr>
            <ns3:cad>92</ns3:cad>
          </ns3:TrackPointExtension>
        </extensions>
      </trkpt>
      <trkpt lat="22.6106111146509647369384765625" lon="113.8837568275630474090576171875">
        <ele>18.6000003814697265625</ele>
        <time>2026-08-17T22:59:12.000Z</time>
        <extensions>
          <ns3:TrackPointExtension>
            <ns3:hr>153</ns3:hr>
            <ns3:cad>92</ns3:cad>
          </ns3:TrackPointExtension>
        </extensions>
      </trkpt>
      <trkpt lat="22.61058253236114978790283203125" lon="113.88376797549426555633544921875">
        <ele>18.6000003814697265625</ele>
        <time>2026-08-17T22:59:13.000Z</time>
        <extensions>
          <ns3:TrackPointExtension>
            <ns3:hr>153</ns3:hr>
            <ns3:cad>92</ns3:cad>
          </ns3:TrackPointExtension>
        </extensions>
      </trkpt>
      <trkpt lat="22.61054347269237041473388671875" lon="113.8837906904518604278564453125">
        <ele>18.3999996185302734375</ele>
        <time>2026-08-17T22:59:14.000Z</time>
        <extensions>
          <ns3:TrackPointExtension>
            <ns3:hr>152</ns3:hr>
            <ns3:cad>92</ns3:cad>
          </ns3:TrackPointExtension>
        </extensions>
      </trkpt>
      <trkpt lat="22.61051438748836517333984375" lon="113.88380938209593296051025390625">
        <ele>18.200000762939453125</ele>
        <time>2026-08-17T22:59:15.000Z</time>
        <extensions>
          <ns3:TrackPointExtension>
            <ns3:hr>152</ns3:hr>
            <ns3:cad>93</ns3:cad>
          </ns3:TrackPointExtension>
        </extensions>
      </trkpt>
      <trkpt lat="22.61047524400055408477783203125" lon="113.88382044620811939239501953125">
        <ele>18</ele>
        <time>2026-08-17T22:59:16.000Z</time>
        <extensions>
          <ns3:TrackPointExtension>
            <ns3:hr>153</ns3:hr>
            <ns3:cad>93</ns3:cad>
          </ns3:TrackPointExtension>
        </extensions>
      </trkpt>
      <trkpt lat="22.61044708080589771270751953125" lon="113.8838376291096210479736328125">
        <ele>18</ele>
        <time>2026-08-17T22:59:17.000Z</time>
        <extensions>
          <ns3:TrackPointExtension>
            <ns3:hr>153</ns3:hr>
            <ns3:cad>94</ns3:cad>
          </ns3:TrackPointExtension>
        </extensions>
      </trkpt>
      <trkpt lat="22.61041103862226009368896484375" lon="113.88385196216404438018798828125">
        <ele>17.799999237060546875</ele>
        <time>2026-08-17T22:59:18.000Z</time>
        <extensions>
          <ns3:TrackPointExtension>
            <ns3:hr>153</ns3:hr>
            <ns3:cad>94</ns3:cad>
          </ns3:TrackPointExtension>
        </extensions>
      </trkpt>
      <trkpt lat="22.6103822886943817138671875" lon="113.8838704861700534820556640625">
        <ele>17.799999237060546875</ele>
        <time>2026-08-17T22:59:19.000Z</time>
        <extensions>
          <ns3:TrackPointExtension>
            <ns3:hr>153</ns3:hr>
            <ns3:cad>94</ns3:cad>
          </ns3:TrackPointExtension>
        </extensions>
      </trkpt>
      <trkpt lat="22.6103559695184230804443359375" lon="113.8838828913867473602294921875">
        <ele>17.799999237060546875</ele>
        <time>2026-08-17T22:59:20.000Z</time>
        <extensions>
          <ns3:TrackPointExtension>
            <ns3:hr>153</ns3:hr>
            <ns3:cad>94</ns3:cad>
          </ns3:TrackPointExtension>
        </extensions>
      </trkpt>
      <trkpt lat="22.61031582020223140716552734375" lon="113.88389923609793186187744140625">
        <ele>17.6000003814697265625</ele>
        <time>2026-08-17T22:59:21.000Z</time>
        <extensions>
          <ns3:TrackPointExtension>
            <ns3:hr>153</ns3:hr>
            <ns3:cad>94</ns3:cad>
          </ns3:TrackPointExtension>
        </extensions>
      </trkpt>
      <trkpt lat="22.61029033921658992767333984375" lon="113.88391591608524322509765625">
        <ele>17.6000003814697265625</ele>
        <time>2026-08-17T22:59:22.000Z</time>
        <extensions>
          <ns3:TrackPointExtension>
            <ns3:hr>152</ns3:hr>
            <ns3:cad>94</ns3:cad>
          </ns3:TrackPointExtension>
        </extensions>
      </trkpt>
      <trkpt lat="22.6102550514042377471923828125" lon="113.88393175788223743438720703125">
        <ele>17.6000003814697265625</ele>
        <time>2026-08-17T22:59:23.000Z</time>
        <extensions>
          <ns3:TrackPointExtension>
            <ns3:hr>153</ns3:hr>
            <ns3:cad>94</ns3:cad>
          </ns3:TrackPointExtension>
        </extensions>
      </trkpt>
      <trkpt lat="22.610225714743137359619140625" lon="113.88395086862146854400634765625">
        <ele>17.3999996185302734375</ele>
        <time>2026-08-17T22:59:24.000Z</time>
        <extensions>
          <ns3:TrackPointExtension>
            <ns3:hr>153</ns3:hr>
            <ns3:cad>93</ns3:cad>
          </ns3:TrackPointExtension>
        </extensions>
      </trkpt>
      <trkpt lat="22.61019076220691204071044921875" lon="113.88395883142948150634765625">
        <ele>17.3999996185302734375</ele>
        <time>2026-08-17T22:59:25.000Z</time>
        <extensions>
          <ns3:TrackPointExtension>
            <ns3:hr>153</ns3:hr>
            <ns3:cad>93</ns3:cad>
          </ns3:TrackPointExtension>
        </extensions>
      </trkpt>
      <trkpt lat="22.6101584918797016143798828125" lon="113.88397651724517345428466796875">
        <ele>17.200000762939453125</ele>
        <time>2026-08-17T22:59:26.000Z</time>
        <extensions>
          <ns3:TrackPointExtension>
            <ns3:hr>153</ns3:hr>
            <ns3:cad>94</ns3:cad>
          </ns3:TrackPointExtension>
        </extensions>
      </trkpt>
      <trkpt lat="22.6101313345134258270263671875" lon="113.8839891739189624786376953125">
        <ele>17.200000762939453125</ele>
        <time>2026-08-17T22:59:27.000Z</time>
        <extensions>
          <ns3:TrackPointExtension>
            <ns3:hr>153</ns3:hr>
            <ns3:cad>94</ns3:cad>
          </ns3:TrackPointExtension>
        </extensions>
      </trkpt>
      <trkpt lat="22.61009520851075649261474609375" lon="113.88400669209659099578857421875">
        <ele>17.200000762939453125</ele>
        <time>2026-08-17T22:59:28.000Z</time>
        <extensions>
          <ns3:TrackPointExtension>
            <ns3:hr>153</ns3:hr>
            <ns3:cad>94</ns3:cad>
          </ns3:TrackPointExtension>
        </extensions>
      </trkpt>
      <trkpt lat="22.61006838642060756683349609375" lon="113.8840196840465068817138671875">
        <ele>17.200000762939453125</ele>
        <time>2026-08-17T22:59:29.000Z</time>
        <extensions>
          <ns3:TrackPointExtension>
            <ns3:hr>154</ns3:hr>
            <ns3:cad>95</ns3:cad>
          </ns3:TrackPointExtension>
        </extensions>
      </trkpt>
      <trkpt lat="22.61003318242728710174560546875" lon="113.8840314187109470367431640625">
        <ele>17.200000762939453125</ele>
        <time>2026-08-17T22:59:30.000Z</time>
        <extensions>
          <ns3:TrackPointExtension>
            <ns3:hr>154</ns3:hr>
            <ns3:cad>95</ns3:cad>
          </ns3:TrackPointExtension>
        </extensions>
      </trkpt>
      <trkpt lat="22.61000853963196277618408203125" lon="113.88404600322246551513671875">
        <ele>17.200000762939453125</ele>
        <time>2026-08-17T22:59:31.000Z</time>
        <extensions>
          <ns3:TrackPointExtension>
            <ns3:hr>154</ns3:hr>
            <ns3:cad>94</ns3:cad>
          </ns3:TrackPointExtension>
        </extensions>
      </trkpt>
      <trkpt lat="22.60997635312378406524658203125" lon="113.88406075537204742431640625">
        <ele>17.200000762939453125</ele>
        <time>2026-08-17T22:59:32.000Z</time>
        <extensions>
          <ns3:TrackPointExtension>
            <ns3:hr>154</ns3:hr>
            <ns3:cad>94</ns3:cad>
          </ns3:TrackPointExtension>
        </extensions>
      </trkpt>
      <trkpt lat="22.609949447214603424072265625" lon="113.8840780220925807952880859375">
        <ele>17.200000762939453125</ele>
        <time>2026-08-17T22:59:33.000Z</time>
        <extensions>
          <ns3:TrackPointExtension>
            <ns3:hr>154</ns3:hr>
            <ns3:cad>94</ns3:cad>
          </ns3:TrackPointExtension>
        </extensions>
      </trkpt>
      <trkpt lat="22.609919607639312744140625" lon="113.88409101404249668121337890625">
        <ele>17</ele>
        <time>2026-08-17T22:59:34.000Z</time>
        <extensions>
          <ns3:TrackPointExtension>
            <ns3:hr>154</ns3:hr>
            <ns3:cad>94</ns3:cad>
          </ns3:TrackPointExtension>
        </extensions>
      </trkpt>
      <trkpt lat="22.60989035479724407196044921875" lon="113.8841102086007595062255859375">
        <ele>17</ele>
        <time>2026-08-17T22:59:35.000Z</time>
        <extensions>
          <ns3:TrackPointExtension>
            <ns3:hr>154</ns3:hr>
            <ns3:cad>94</ns3:cad>
          </ns3:TrackPointExtension>
        </extensions>
      </trkpt>
      <trkpt lat="22.6098646223545074462890625" lon="113.88412605039775371551513671875">
        <ele>17</ele>
        <time>2026-08-17T22:59:36.000Z</time>
        <extensions>
          <ns3:TrackPointExtension>
            <ns3:hr>155</ns3:hr>
            <ns3:cad>93</ns3:cad>
          </ns3:TrackPointExtension>
        </extensions>
      </trkpt>
      <trkpt lat="22.6098315976560115814208984375" lon="113.8841444067656993865966796875">
        <ele>16.799999237060546875</ele>
        <time>2026-08-17T22:59:37.000Z</time>
        <extensions>
          <ns3:TrackPointExtension>
            <ns3:hr>154</ns3:hr>
            <ns3:cad>93</ns3:cad>
          </ns3:TrackPointExtension>
        </extensions>
      </trkpt>
      <trkpt lat="22.609808631241321563720703125" lon="113.88415991328656673431396484375">
        <ele>16.799999237060546875</ele>
        <time>2026-08-17T22:59:38.000Z</time>
        <extensions>
          <ns3:TrackPointExtension>
            <ns3:hr>154</ns3:hr>
            <ns3:cad>93</ns3:cad>
          </ns3:TrackPointExtension>
        </extensions>
      </trkpt>
      <trkpt lat="22.60978348553180694580078125" lon="113.8841708935797214508056640625">
        <ele>16.799999237060546875</ele>
        <time>2026-08-17T22:59:39.000Z</time>
        <extensions>
          <ns3:TrackPointExtension>
            <ns3:hr>155</ns3:hr>
            <ns3:cad>93</ns3:cad>
          </ns3:TrackPointExtension>
        </extensions>
      </trkpt>
      <trkpt lat="22.6097595132887363433837890625" lon="113.884180448949337005615234375">
        <ele>16.6000003814697265625</ele>
        <time>2026-08-17T22:59:40.000Z</time>
        <extensions>
          <ns3:TrackPointExtension>
            <ns3:hr>155</ns3:hr>
            <ns3:cad>94</ns3:cad>
          </ns3:TrackPointExtension>
        </extensions>
      </trkpt>
      <trkpt lat="22.6097276620566844940185546875" lon="113.88418958522379398345947265625">
        <ele>16.6000003814697265625</ele>
        <time>2026-08-17T22:59:41.000Z</time>
        <extensions>
          <ns3:TrackPointExtension>
            <ns3:hr>155</ns3:hr>
            <ns3:cad>94</ns3:cad>
          </ns3:TrackPointExtension>
        </extensions>
      </trkpt>
      <trkpt lat="22.6096837408840656280517578125" lon="113.88421137817203998565673828125">
        <ele>16.6000003814697265625</ele>
        <time>2026-08-17T22:59:42.000Z</time>
        <extensions>
          <ns3:TrackPointExtension>
            <ns3:hr>155</ns3:hr>
            <ns3:cad>94</ns3:cad>
          </ns3:TrackPointExtension>
        </extensions>
      </trkpt>
      <trkpt lat="22.6096508838236331939697265625" lon="113.88422839343547821044921875">
        <ele>16.3999996185302734375</ele>
        <time>2026-08-17T22:59:43.000Z</time>
        <extensions>
          <ns3:TrackPointExtension>
            <ns3:hr>155</ns3:hr>
            <ns3:cad>93</ns3:cad>
          </ns3:TrackPointExtension>
        </extensions>
      </trkpt>
      <trkpt lat="22.6096153445541858673095703125" lon="113.88425211422145366668701171875">
        <ele>16.200000762939453125</ele>
        <time>2026-08-17T22:59:44.000Z</time>
        <extensions>
          <ns3:TrackPointExtension>
            <ns3:hr>155</ns3:hr>
            <ns3:cad>93</ns3:cad>
          </ns3:TrackPointExtension>
        </extensions>
      </trkpt>
      <trkpt lat="22.60958424769341945648193359375" lon="113.884278349578380584716796875">
        <ele>16</ele>
        <time>2026-08-17T22:59:45.000Z</time>
        <extensions>
          <ns3:TrackPointExtension>
            <ns3:hr>155</ns3:hr>
            <ns3:cad>93</ns3:cad>
          </ns3:TrackPointExtension>
        </extensions>
      </trkpt>
      <trkpt lat="22.6095469482243061065673828125" lon="113.884300477802753448486328125">
        <ele>15.80000019073486328125</ele>
        <time>2026-08-17T22:59:46.000Z</time>
        <extensions>
          <ns3:TrackPointExtension>
            <ns3:hr>155</ns3:hr>
            <ns3:cad>94</ns3:cad>
          </ns3:TrackPointExtension>
        </extensions>
      </trkpt>
      <trkpt lat="22.609517611563205718994140625" lon="113.8843210972845554351806640625">
        <ele>15.6000003814697265625</ele>
        <time>2026-08-17T22:59:47.000Z</time>
        <extensions>
          <ns3:TrackPointExtension>
            <ns3:hr>156</ns3:hr>
            <ns3:cad>94</ns3:cad>
          </ns3:TrackPointExtension>
        </extensions>
      </trkpt>
      <trkpt lat="22.609482072293758392333984375" lon="113.88433408923447132110595703125">
        <ele>15.6000003814697265625</ele>
        <time>2026-08-17T22:59:48.000Z</time>
        <extensions>
          <ns3:TrackPointExtension>
            <ns3:hr>156</ns3:hr>
            <ns3:cad>93</ns3:cad>
          </ns3:TrackPointExtension>
        </extensions>
      </trkpt>
      <trkpt lat="22.60945667512714862823486328125" lon="113.88434833846986293792724609375">
        <ele>15.3999996185302734375</ele>
        <time>2026-08-17T22:59:49.000Z</time>
        <extensions>
          <ns3:TrackPointExtension>
            <ns3:hr>156</ns3:hr>
            <ns3:cad>93</ns3:cad>
          </ns3:TrackPointExtension>
        </extensions>
      </trkpt>
      <trkpt lat="22.609422393143177032470703125" lon="113.88436376117169857025146484375">
        <ele>15.6000003814697265625</ele>
        <time>2026-08-17T22:59:50.000Z</time>
        <extensions>
          <ns3:TrackPointExtension>
            <ns3:hr>156</ns3:hr>
            <ns3:cad>93</ns3:cad>
          </ns3:TrackPointExtension>
        </extensions>
      </trkpt>
      <trkpt lat="22.6093937270343303680419921875" lon="113.8843851350247859954833984375">
        <ele>15.6000003814697265625</ele>
        <time>2026-08-17T22:59:51.000Z</time>
        <extensions>
          <ns3:TrackPointExtension>
            <ns3:hr>156</ns3:hr>
            <ns3:cad>94</ns3:cad>
          </ns3:TrackPointExtension>
        </extensions>
      </trkpt>
      <trkpt lat="22.60936933569610118865966796875" lon="113.8844018988311290740966796875">
        <ele>15.6000003814697265625</ele>
        <time>2026-08-17T22:59:52.000Z</time>
        <extensions>
          <ns3:TrackPointExtension>
            <ns3:hr>157</ns3:hr>
            <ns3:cad>94</ns3:cad>
          </ns3:TrackPointExtension>
        </extensions>
      </trkpt>
      <trkpt lat="22.6093320362269878387451171875" lon="113.884431906044483184814453125">
        <ele>15.6000003814697265625</ele>
        <time>2026-08-17T22:59:53.000Z</time>
        <extensions>
          <ns3:TrackPointExtension>
            <ns3:hr>156</ns3:hr>
            <ns3:cad>94</ns3:cad>
          </ns3:TrackPointExtension>
        </extensions>
      </trkpt>
      <trkpt lat="22.6093102432787418365478515625" lon="113.8844530284404754638671875">
        <ele>15.6000003814697265625</ele>
        <time>2026-08-17T22:59:54.000Z</time>
        <extensions>
          <ns3:TrackPointExtension>
            <ns3:hr>156</ns3:hr>
            <ns3:cad>94</ns3:cad>
          </ns3:TrackPointExtension>
        </extensions>
      </trkpt>
      <trkpt lat="22.60927311144769191741943359375" lon="113.88447247445583343505859375">
        <ele>15.6000003814697265625</ele>
        <time>2026-08-17T22:59:55.000Z</time>
        <extensions>
          <ns3:TrackPointExtension>
            <ns3:hr>156</ns3:hr>
            <ns3:cad>94</ns3:cad>
          </ns3:TrackPointExtension>
        </extensions>
      </trkpt>
      <trkpt lat="22.60924729518592357635498046875" lon="113.884493596851825714111328125">
        <ele>15.6000003814697265625</ele>
        <time>2026-08-17T22:59:56.000Z</time>
        <extensions>
          <ns3:TrackPointExtension>
            <ns3:hr>156</ns3:hr>
            <ns3:cad>94</ns3:cad>
          </ns3:TrackPointExtension>
        </extensions>
      </trkpt>
      <trkpt lat="22.60921862907707691192626953125" lon="113.8845147192478179931640625">
        <ele>15.3999996185302734375</ele>
        <time>2026-08-17T22:59:57.000Z</time>
        <extensions>
          <ns3:TrackPointExtension>
            <ns3:hr>156</ns3:hr>
            <ns3:cad>93</ns3:cad>
          </ns3:TrackPointExtension>
        </extensions>
      </trkpt>
      <trkpt lat="22.6091878674924373626708984375" lon="113.8845393620431423187255859375">
        <ele>15.3999996185302734375</ele>
        <time>2026-08-17T22:59:58.000Z</time>
        <extensions>
          <ns3:TrackPointExtension>
            <ns3:hr>156</ns3:hr>
            <ns3:cad>93</ns3:cad>
          </ns3:TrackPointExtension>
        </extensions>
      </trkpt>
      <trkpt lat="22.60916364379227161407470703125" lon="113.8845576345920562744140625">
        <ele>15.3999996185302734375</ele>
        <time>2026-08-17T22:59:59.000Z</time>
        <extensions>
          <ns3:TrackPointExtension>
            <ns3:hr>156</ns3:hr>
            <ns3:cad>93</ns3:cad>
          </ns3:TrackPointExtension>
        </extensions>
      </trkpt>
      <trkpt lat="22.6091295294463634490966796875" lon="113.8845785893499851226806640625">
        <ele>15.19999980926513671875</ele>
        <time>2026-08-17T23:00:00.000Z</time>
        <extensions>
          <ns3:TrackPointExtension>
            <ns3:hr>156</ns3:hr>
            <ns3:cad>95</ns3:cad>
          </ns3:TrackPointExtension>
        </extensions>
      </trkpt>
      <trkpt lat="22.60910966433584690093994140625" lon="113.8845930062234401702880859375">
        <ele>15.19999980926513671875</ele>
        <time>2026-08-17T23:00:01.000Z</time>
        <extensions>
          <ns3:TrackPointExtension>
            <ns3:hr>157</ns3:hr>
            <ns3:cad>95</ns3:cad>
          </ns3:TrackPointExtension>
        </extensions>
      </trkpt>
      <trkpt lat="22.60907680727541446685791015625" lon="113.8846050761640071868896484375">
        <ele>15.19999980926513671875</ele>
        <time>2026-08-17T23:00:02.000Z</time>
        <extensions>
          <ns3:TrackPointExtension>
            <ns3:hr>157</ns3:hr>
            <ns3:cad>95</ns3:cad>
          </ns3:TrackPointExtension>
        </extensions>
      </trkpt>
      <trkpt lat="22.60905132628977298736572265625" lon="113.884621672332286834716796875">
        <ele>15.19999980926513671875</ele>
        <time>2026-08-17T23:00:03.000Z</time>
        <extensions>
          <ns3:TrackPointExtension>
            <ns3:hr>157</ns3:hr>
            <ns3:cad>94</ns3:cad>
          </ns3:TrackPointExtension>
        </extensions>
      </trkpt>
      <trkpt lat="22.60901779867708683013916015625" lon="113.88463064096868038177490234375">
        <ele>15</ele>
        <time>2026-08-17T23:00:04.000Z</time>
        <extensions>
          <ns3:TrackPointExtension>
            <ns3:hr>157</ns3:hr>
            <ns3:cad>94</ns3:cad>
          </ns3:TrackPointExtension>
        </extensions>
      </trkpt>
      <trkpt lat="22.60898645035922527313232421875" lon="113.88464204035699367523193359375">
        <ele>15</ele>
        <time>2026-08-17T23:00:05.000Z</time>
        <extensions>
          <ns3:TrackPointExtension>
            <ns3:hr>157</ns3:hr>
            <ns3:cad>94</ns3:cad>
          </ns3:TrackPointExtension>
        </extensions>
      </trkpt>
      <trkpt lat="22.6089622266590595245361328125" lon="113.8846583850681781768798828125">
        <ele>15</ele>
        <time>2026-08-17T23:00:06.000Z</time>
        <extensions>
          <ns3:TrackPointExtension>
            <ns3:hr>156</ns3:hr>
            <ns3:cad>95</ns3:cad>
          </ns3:TrackPointExtension>
        </extensions>
      </trkpt>
      <trkpt lat="22.60893146507441997528076171875" lon="113.884686715900897979736328125">
        <ele>15</ele>
        <time>2026-08-17T23:00:07.000Z</time>
        <extensions>
          <ns3:TrackPointExtension>
            <ns3:hr>156</ns3:hr>
            <ns3:cad>95</ns3:cad>
          </ns3:TrackPointExtension>
        </extensions>
      </trkpt>
      <trkpt lat="22.6089115999639034271240234375" lon="113.884707503020763397216796875">
        <ele>15</ele>
        <time>2026-08-17T23:00:08.000Z</time>
        <extensions>
          <ns3:TrackPointExtension>
            <ns3:hr>156</ns3:hr>
            <ns3:cad>95</ns3:cad>
          </ns3:TrackPointExtension>
        </extensions>
      </trkpt>
      <trkpt lat="22.60887782089412212371826171875" lon="113.8847204111516475677490234375">
        <ele>14.80000019073486328125</ele>
        <time>2026-08-17T23:00:09.000Z</time>
        <extensions>
          <ns3:TrackPointExtension>
            <ns3:hr>156</ns3:hr>
            <ns3:cad>95</ns3:cad>
          </ns3:TrackPointExtension>
        </extensions>
      </trkpt>
      <trkpt lat="22.608854435384273529052734375" lon="113.884737677872180938720703125">
        <ele>14.80000019073486328125</ele>
        <time>2026-08-17T23:00:10.000Z</time>
        <extensions>
          <ns3:TrackPointExtension>
            <ns3:hr>156</ns3:hr>
            <ns3:cad>94</ns3:cad>
          </ns3:TrackPointExtension>
        </extensions>
      </trkpt>
      <trkpt lat="22.60882727801799774169921875" lon="113.88475402258336544036865234375">
        <ele>14.80000019073486328125</ele>
        <time>2026-08-17T23:00:11.000Z</time>
        <extensions>
          <ns3:TrackPointExtension>
            <ns3:hr>156</ns3:hr>
            <ns3:cad>94</ns3:cad>
          </ns3:TrackPointExtension>
        </extensions>
      </trkpt>
      <trkpt lat="22.6087972708046436309814453125" lon="113.88477330096065998077392578125">
        <ele>14.80000019073486328125</ele>
        <time>2026-08-17T23:00:12.000Z</time>
        <extensions>
          <ns3:TrackPointExtension>
            <ns3:hr>156</ns3:hr>
            <ns3:cad>94</ns3:cad>
          </ns3:TrackPointExtension>
        </extensions>
      </trkpt>
      <trkpt lat="22.60877556167542934417724609375" lon="113.88479056768119335174560546875">
        <ele>15</ele>
        <time>2026-08-17T23:00:13.000Z</time>
        <extensions>
          <ns3:TrackPointExtension>
            <ns3:hr>156</ns3:hr>
            <ns3:cad>94</ns3:cad>
          </ns3:TrackPointExtension>
        </extensions>
      </trkpt>
      <trkpt lat="22.60874278843402862548828125" lon="113.88481068424880504608154296875">
        <ele>15</ele>
        <time>2026-08-17T23:00:14.000Z</time>
        <extensions>
          <ns3:TrackPointExtension>
            <ns3:hr>156</ns3:hr>
            <ns3:cad>94</ns3:cad>
          </ns3:TrackPointExtension>
        </extensions>
      </trkpt>
      <trkpt lat="22.608720995485782623291015625" lon="113.88483348302543163299560546875">
        <ele>15.19999980926513671875</ele>
        <time>2026-08-17T23:00:15.000Z</time>
        <extensions>
          <ns3:TrackPointExtension>
            <ns3:hr>156</ns3:hr>
            <ns3:cad>94</ns3:cad>
          </ns3:TrackPointExtension>
        </extensions>
      </trkpt>
      <trkpt lat="22.60868922807276248931884765625" lon="113.88484932482242584228515625">
        <ele>15.19999980926513671875</ele>
        <time>2026-08-17T23:00:16.000Z</time>
        <extensions>
          <ns3:TrackPointExtension>
            <ns3:hr>156</ns3:hr>
            <ns3:cad>94</ns3:cad>
          </ns3:TrackPointExtension>
        </extensions>
      </trkpt>
      <trkpt lat="22.60866961441934108734130859375" lon="113.88486516661942005157470703125">
        <ele>15.19999980926513671875</ele>
        <time>2026-08-17T23:00:17.000Z</time>
        <extensions>
          <ns3:TrackPointExtension>
            <ns3:hr>156</ns3:hr>
            <ns3:cad>94</ns3:cad>
          </ns3:TrackPointExtension>
        </extensions>
      </trkpt>
      <trkpt lat="22.608635164797306060791015625" lon="113.88488142751157283782958984375">
        <ele>15.3999996185302734375</ele>
        <time>2026-08-17T23:00:18.000Z</time>
        <extensions>
          <ns3:TrackPointExtension>
            <ns3:hr>156</ns3:hr>
            <ns3:cad>94</ns3:cad>
          </ns3:TrackPointExtension>
        </extensions>
      </trkpt>
      <trkpt lat="22.6086101867258548736572265625" lon="113.8848974369466304779052734375">
        <ele>15.3999996185302734375</ele>
        <time>2026-08-17T23:00:19.000Z</time>
        <extensions>
          <ns3:TrackPointExtension>
            <ns3:hr>156</ns3:hr>
            <ns3:cad>94</ns3:cad>
          </ns3:TrackPointExtension>
        </extensions>
      </trkpt>
      <trkpt lat="22.608584202826023101806640625" lon="113.88491772115230560302734375">
        <ele>15.19999980926513671875</ele>
        <time>2026-08-17T23:00:20.000Z</time>
        <extensions>
          <ns3:TrackPointExtension>
            <ns3:hr>155</ns3:hr>
            <ns3:cad>94</ns3:cad>
          </ns3:TrackPointExtension>
        </extensions>
      </trkpt>
      <trkpt lat="22.608556039631366729736328125" lon="113.8849376700818538665771484375">
        <ele>15.19999980926513671875</ele>
        <time>2026-08-17T23:00:21.000Z</time>
        <extensions>
          <ns3:TrackPointExtension>
            <ns3:hr>156</ns3:hr>
            <ns3:cad>94</ns3:cad>
          </ns3:TrackPointExtension>
        </extensions>
      </trkpt>
      <trkpt lat="22.6085240207612514495849609375" lon="113.88495669700205326080322265625">
        <ele>15.19999980926513671875</ele>
        <time>2026-08-17T23:00:22.000Z</time>
        <extensions>
          <ns3:TrackPointExtension>
            <ns3:hr>156</ns3:hr>
            <ns3:cad>93</ns3:cad>
          </ns3:TrackPointExtension>
        </extensions>
      </trkpt>
      <trkpt lat="22.60848890058696269989013671875" lon="113.88498217798769474029541015625">
        <ele>15</ele>
        <time>2026-08-17T23:00:23.000Z</time>
        <extensions>
          <ns3:TrackPointExtension>
            <ns3:hr>156</ns3:hr>
            <ns3:cad>93</ns3:cad>
          </ns3:TrackPointExtension>
        </extensions>
      </trkpt>
      <trkpt lat="22.6084623299539089202880859375" lon="113.88500547967851161956787109375">
        <ele>14.80000019073486328125</ele>
        <time>2026-08-17T23:00:24.000Z</time>
        <extensions>
          <ns3:TrackPointExtension>
            <ns3:hr>155</ns3:hr>
            <ns3:cad>93</ns3:cad>
          </ns3:TrackPointExtension>
        </extensions>
      </trkpt>
      <trkpt lat="22.608425281941890716552734375" lon="113.88502769172191619873046875">
        <ele>14.80000019073486328125</ele>
        <time>2026-08-17T23:00:25.000Z</time>
        <extensions>
          <ns3:TrackPointExtension>
            <ns3:hr>156</ns3:hr>
            <ns3:cad>93</ns3:cad>
          </ns3:TrackPointExtension>
        </extensions>
      </trkpt>
      <trkpt lat="22.60839703492820262908935546875" lon="113.8850509934127330780029296875">
        <ele>14.6000003814697265625</ele>
        <time>2026-08-17T23:00:26.000Z</time>
        <extensions>
          <ns3:TrackPointExtension>
            <ns3:hr>156</ns3:hr>
            <ns3:cad>93</ns3:cad>
          </ns3:TrackPointExtension>
        </extensions>
      </trkpt>
      <trkpt lat="22.60835931636393070220947265625" lon="113.885069601237773895263671875">
        <ele>14.3999996185302734375</ele>
        <time>2026-08-17T23:00:27.000Z</time>
        <extensions>
          <ns3:TrackPointExtension>
            <ns3:hr>156</ns3:hr>
            <ns3:cad>93</ns3:cad>
          </ns3:TrackPointExtension>
        </extensions>
      </trkpt>
      <trkpt lat="22.6083322428166866302490234375" lon="113.8850929029285907745361328125">
        <ele>14.3999996185302734375</ele>
        <time>2026-08-17T23:00:28.000Z</time>
        <extensions>
          <ns3:TrackPointExtension>
            <ns3:hr>156</ns3:hr>
            <ns3:cad>93</ns3:cad>
          </ns3:TrackPointExtension>
        </extensions>
      </trkpt>
      <trkpt lat="22.6082982122898101806640625" lon="113.88511276803910732269287109375">
        <ele>14.19999980926513671875</ele>
        <time>2026-08-17T23:00:29.000Z</time>
        <extensions>
          <ns3:TrackPointExtension>
            <ns3:hr>156</ns3:hr>
            <ns3:cad>93</ns3:cad>
          </ns3:TrackPointExtension>
        </extensions>
      </trkpt>
      <trkpt lat="22.608266361057758331298828125" lon="113.885138668119907379150390625">
        <ele>14.19999980926513671875</ele>
        <time>2026-08-17T23:00:30.000Z</time>
        <extensions>
          <ns3:TrackPointExtension>
            <ns3:hr>157</ns3:hr>
            <ns3:cad>94</ns3:cad>
          </ns3:TrackPointExtension>
        </extensions>
      </trkpt>
      <trkpt lat="22.60824280790984630584716796875" lon="113.8851586170494556427001953125">
        <ele>14</ele>
        <time>2026-08-17T23:00:31.000Z</time>
        <extensions>
          <ns3:TrackPointExtension>
            <ns3:hr>158</ns3:hr>
            <ns3:cad>94</ns3:cad>
          </ns3:TrackPointExtension>
        </extensions>
      </trkpt>
      <trkpt lat="22.60820676572620868682861328125" lon="113.885181248188018798828125">
        <ele>14</ele>
        <time>2026-08-17T23:00:32.000Z</time>
        <extensions>
          <ns3:TrackPointExtension>
            <ns3:hr>158</ns3:hr>
            <ns3:cad>94</ns3:cad>
          </ns3:TrackPointExtension>
        </extensions>
      </trkpt>
      <trkpt lat="22.608187906444072723388671875" lon="113.8851944915950298309326171875">
        <ele>13.80000019073486328125</ele>
        <time>2026-08-17T23:00:33.000Z</time>
        <extensions>
          <ns3:TrackPointExtension>
            <ns3:hr>158</ns3:hr>
            <ns3:cad>94</ns3:cad>
          </ns3:TrackPointExtension>
        </extensions>
      </trkpt>
      <trkpt lat="22.6081548817455768585205078125" lon="113.8852089084684848785400390625">
        <ele>13.80000019073486328125</ele>
        <time>2026-08-17T23:00:34.000Z</time>
        <extensions>
          <ns3:TrackPointExtension>
            <ns3:hr>158</ns3:hr>
            <ns3:cad>94</ns3:cad>
          </ns3:TrackPointExtension>
        </extensions>
      </trkpt>
      <trkpt lat="22.6081263832747936248779296875" lon="113.88522776775062084197998046875">
        <ele>13.80000019073486328125</ele>
        <time>2026-08-17T23:00:35.000Z</time>
        <extensions>
          <ns3:TrackPointExtension>
            <ns3:hr>157</ns3:hr>
            <ns3:cad>94</ns3:cad>
          </ns3:TrackPointExtension>
        </extensions>
      </trkpt>
      <trkpt lat="22.6080982200801372528076171875" lon="113.8852424360811710357666015625">
        <ele>13.80000019073486328125</ele>
        <time>2026-08-17T23:00:36.000Z</time>
        <extensions>
          <ns3:TrackPointExtension>
            <ns3:hr>157</ns3:hr>
            <ns3:cad>94</ns3:cad>
          </ns3:TrackPointExtension>
        </extensions>
      </trkpt>
      <trkpt lat="22.60806418955326080322265625" lon="113.88526498340070247650146484375">
        <ele>13.80000019073486328125</ele>
        <time>2026-08-17T23:00:37.000Z</time>
        <extensions>
          <ns3:TrackPointExtension>
            <ns3:hr>157</ns3:hr>
            <ns3:cad>94</ns3:cad>
          </ns3:TrackPointExtension>
        </extensions>
      </trkpt>
      <trkpt lat="22.6080425642430782318115234375" lon="113.8852836750447750091552734375">
        <ele>13.80000019073486328125</ele>
        <time>2026-08-17T23:00:38.000Z</time>
        <extensions>
          <ns3:TrackPointExtension>
            <ns3:hr>158</ns3:hr>
            <ns3:cad>95</ns3:cad>
          </ns3:TrackPointExtension>
        </extensions>
      </trkpt>
      <trkpt lat="22.60800425894558429718017578125" lon="113.885298930108547210693359375">
        <ele>13.6000003814697265625</ele>
        <time>2026-08-17T23:00:39.000Z</time>
        <extensions>
          <ns3:TrackPointExtension>
            <ns3:hr>158</ns3:hr>
            <ns3:cad>95</ns3:cad>
          </ns3:TrackPointExtension>
        </extensions>
      </trkpt>
      <trkpt lat="22.60797676630318164825439453125" lon="113.88532139360904693603515625">
        <ele>13.6000003814697265625</ele>
        <time>2026-08-17T23:00:40.000Z</time>
        <extensions>
          <ns3:TrackPointExtension>
            <ns3:hr>158</ns3:hr>
            <ns3:cad>95</ns3:cad>
          </ns3:TrackPointExtension>
        </extensions>
      </trkpt>
      <trkpt lat="22.60794860310852527618408203125" lon="113.885333798825740814208984375">
        <ele>13.3999996185302734375</ele>
        <time>2026-08-17T23:00:41.000Z</time>
        <extensions>
          <ns3:TrackPointExtension>
            <ns3:hr>158</ns3:hr>
            <ns3:cad>94</ns3:cad>
          </ns3:TrackPointExtension>
        </extensions>
      </trkpt>
      <trkpt lat="22.6079200208187103271484375" lon="113.8853507302701473236083984375">
        <ele>13.3999996185302734375</ele>
        <time>2026-08-17T23:00:42.000Z</time>
        <extensions>
          <ns3:TrackPointExtension>
            <ns3:hr>158</ns3:hr>
            <ns3:cad>94</ns3:cad>
          </ns3:TrackPointExtension>
        </extensions>
      </trkpt>
      <trkpt lat="22.60789361782371997833251953125" lon="113.8853651471436023712158203125">
        <ele>13.3999996185302734375</ele>
        <time>2026-08-17T23:00:43.000Z</time>
        <extensions>
          <ns3:TrackPointExtension>
            <ns3:hr>159</ns3:hr>
            <ns3:cad>94</ns3:cad>
          </ns3:TrackPointExtension>
        </extensions>
      </trkpt>
      <trkpt lat="22.607859335839748382568359375" lon="113.8853837549686431884765625">
        <ele>13.3999996185302734375</ele>
        <time>2026-08-17T23:00:44.000Z</time>
        <extensions>
          <ns3:TrackPointExtension>
            <ns3:hr>159</ns3:hr>
            <ns3:cad>94</ns3:cad>
          </ns3:TrackPointExtension>
        </extensions>
      </trkpt>
      <trkpt lat="22.6078333519399166107177734375" lon="113.8854023627936840057373046875">
        <ele>13.3999996185302734375</ele>
        <time>2026-08-17T23:00:45.000Z</time>
        <extensions>
          <ns3:TrackPointExtension>
            <ns3:hr>159</ns3:hr>
            <ns3:cad>94</ns3:cad>
          </ns3:TrackPointExtension>
        </extensions>
      </trkpt>
      <trkpt lat="22.6078046858310699462890625" lon="113.88542457483708858489990234375">
        <ele>13.3999996185302734375</ele>
        <time>2026-08-17T23:00:46.000Z</time>
        <extensions>
          <ns3:TrackPointExtension>
            <ns3:hr>159</ns3:hr>
            <ns3:cad>94</ns3:cad>
          </ns3:TrackPointExtension>
        </extensions>
      </trkpt>
      <trkpt lat="22.60777677409350872039794921875" lon="113.88544871471822261810302734375">
        <ele>13.3999996185302734375</ele>
        <time>2026-08-17T23:00:47.000Z</time>
        <extensions>
          <ns3:TrackPointExtension>
            <ns3:hr>159</ns3:hr>
            <ns3:cad>94</ns3:cad>
          </ns3:TrackPointExtension>
        </extensions>
      </trkpt>
      <trkpt lat="22.6077451743185520172119140625" lon="113.8854660652577877044677734375">
        <ele>13.3999996185302734375</ele>
        <time>2026-08-17T23:00:48.000Z</time>
        <extensions>
          <ns3:TrackPointExtension>
            <ns3:hr>159</ns3:hr>
            <ns3:cad>94</ns3:cad>
          </ns3:TrackPointExtension>
        </extensions>
      </trkpt>
      <trkpt lat="22.6077109761536121368408203125" lon="113.8854878582060337066650390625">
        <ele>13.19999980926513671875</ele>
        <time>2026-08-17T23:00:49.000Z</time>
        <extensions>
          <ns3:TrackPointExtension>
            <ns3:hr>159</ns3:hr>
            <ns3:cad>94</ns3:cad>
          </ns3:TrackPointExtension>
        </extensions>
      </trkpt>
      <trkpt lat="22.60767937637865543365478515625" lon="113.88550688512623310089111328125">
        <ele>13.19999980926513671875</ele>
        <time>2026-08-17T23:00:50.000Z</time>
        <extensions>
          <ns3:TrackPointExtension>
            <ns3:hr>159</ns3:hr>
            <ns3:cad>94</ns3:cad>
          </ns3:TrackPointExtension>
        </extensions>
      </trkpt>
      <trkpt lat="22.60764936916530132293701171875" lon="113.8855240680277347564697265625">
        <ele>13.19999980926513671875</ele>
        <time>2026-08-17T23:00:51.000Z</time>
        <extensions>
          <ns3:TrackPointExtension>
            <ns3:hr>159</ns3:hr>
            <ns3:cad>95</ns3:cad>
          </ns3:TrackPointExtension>
        </extensions>
      </trkpt>
      <trkpt lat="22.60762221179902553558349609375" lon="113.8855472020804882049560546875">
        <ele>13</ele>
        <time>2026-08-17T23:00:52.000Z</time>
        <extensions>
          <ns3:TrackPointExtension>
            <ns3:hr>160</ns3:hr>
            <ns3:cad>95</ns3:cad>
          </ns3:TrackPointExtension>
        </extensions>
      </trkpt>
      <trkpt lat="22.607591114938259124755859375" lon="113.88556949794292449951171875">
        <ele>13</ele>
        <time>2026-08-17T23:00:53.000Z</time>
        <extensions>
          <ns3:TrackPointExtension>
            <ns3:hr>160</ns3:hr>
            <ns3:cad>95</ns3:cad>
          </ns3:TrackPointExtension>
        </extensions>
      </trkpt>
      <trkpt lat="22.60756270028650760650634765625" lon="113.8855901174247264862060546875">
        <ele>13</ele>
        <time>2026-08-17T23:00:54.000Z</time>
        <extensions>
          <ns3:TrackPointExtension>
            <ns3:hr>160</ns3:hr>
            <ns3:cad>95</ns3:cad>
          </ns3:TrackPointExtension>
        </extensions>
      </trkpt>
      <trkpt lat="22.607541494071483612060546875" lon="113.88561300002038478851318359375">
        <ele>13</ele>
        <time>2026-08-17T23:00:55.000Z</time>
        <extensions>
          <ns3:TrackPointExtension>
            <ns3:hr>160</ns3:hr>
            <ns3:cad>95</ns3:cad>
          </ns3:TrackPointExtension>
        </extensions>
      </trkpt>
      <trkpt lat="22.6075044460594654083251953125" lon="113.8856306858360767364501953125">
        <ele>13</ele>
        <time>2026-08-17T23:00:56.000Z</time>
        <extensions>
          <ns3:TrackPointExtension>
            <ns3:hr>160</ns3:hr>
            <ns3:cad>95</ns3:cad>
          </ns3:TrackPointExtension>
        </extensions>
      </trkpt>
      <trkpt lat="22.607477791607379913330078125" lon="113.88565038330852985382080078125">
        <ele>13</ele>
        <time>2026-08-17T23:00:57.000Z</time>
        <extensions>
          <ns3:TrackPointExtension>
            <ns3:hr>160</ns3:hr>
            <ns3:cad>95</ns3:cad>
          </ns3:TrackPointExtension>
        </extensions>
      </trkpt>
      <trkpt lat="22.60745122097432613372802734375" lon="113.88567083515226840972900390625">
        <ele>13</ele>
        <time>2026-08-17T23:00:58.000Z</time>
        <extensions>
          <ns3:TrackPointExtension>
            <ns3:hr>160</ns3:hr>
            <ns3:cad>94</ns3:cad>
          </ns3:TrackPointExtension>
        </extensions>
      </trkpt>
      <trkpt lat="22.6074253208935260772705078125" lon="113.88568843714892864227294921875">
        <ele>13</ele>
        <time>2026-08-17T23:00:59.000Z</time>
        <extensions>
          <ns3:TrackPointExtension>
            <ns3:hr>160</ns3:hr>
            <ns3:cad>94</ns3:cad>
          </ns3:TrackPointExtension>
        </extensions>
      </trkpt>
      <trkpt lat="22.607398331165313720703125" lon="113.8857114873826503753662109375">
        <ele>13</ele>
        <time>2026-08-17T23:01:00.000Z</time>
        <extensions>
          <ns3:TrackPointExtension>
            <ns3:hr>161</ns3:hr>
            <ns3:cad>94</ns3:cad>
          </ns3:TrackPointExtension>
        </extensions>
      </trkpt>
      <trkpt lat="22.60737360455095767974853515625" lon="113.88573311269283294677734375">
        <ele>13</ele>
        <time>2026-08-17T23:01:01.000Z</time>
        <extensions>
          <ns3:TrackPointExtension>
            <ns3:hr>161</ns3:hr>
            <ns3:cad>96</ns3:cad>
          </ns3:TrackPointExtension>
        </extensions>
      </trkpt>
      <trkpt lat="22.6073438487946987152099609375" lon="113.88575054705142974853515625">
        <ele>13</ele>
        <time>2026-08-17T23:01:02.000Z</time>
        <extensions>
          <ns3:TrackPointExtension>
            <ns3:hr>161</ns3:hr>
            <ns3:cad>95</ns3:cad>
          </ns3:TrackPointExtension>
        </extensions>
      </trkpt>
      <trkpt lat="22.60731208138167858123779296875" lon="113.8857686519622802734375">
        <ele>13</ele>
        <time>2026-08-17T23:01:03.000Z</time>
        <extensions>
          <ns3:TrackPointExtension>
            <ns3:hr>160</ns3:hr>
            <ns3:cad>95</ns3:cad>
          </ns3:TrackPointExtension>
        </extensions>
      </trkpt>
      <trkpt lat="22.6072855107486248016357421875" lon="113.8857896067202091217041015625">
        <ele>12.80000019073486328125</ele>
        <time>2026-08-17T23:01:04.000Z</time>
        <extensions>
          <ns3:TrackPointExtension>
            <ns3:hr>160</ns3:hr>
            <ns3:cad>95</ns3:cad>
          </ns3:TrackPointExtension>
        </extensions>
      </trkpt>
      <trkpt lat="22.60725743137300014495849609375" lon="113.8858093880116939544677734375">
        <ele>12.80000019073486328125</ele>
        <time>2026-08-17T23:01:05.000Z</time>
        <extensions>
          <ns3:TrackPointExtension>
            <ns3:hr>160</ns3:hr>
            <ns3:cad>95</ns3:cad>
          </ns3:TrackPointExtension>
        </extensions>
      </trkpt>
      <trkpt lat="22.60722474195063114166259765625" lon="113.8858321867883205413818359375">
        <ele>12.80000019073486328125</ele>
        <time>2026-08-17T23:01:06.000Z</time>
        <extensions>
          <ns3:TrackPointExtension>
            <ns3:hr>161</ns3:hr>
            <ns3:cad>96</ns3:cad>
          </ns3:TrackPointExtension>
        </extensions>
      </trkpt>
      <trkpt lat="22.60719825513660907745361328125" lon="113.88585892505943775177001953125">
        <ele>13</ele>
        <time>2026-08-17T23:01:07.000Z</time>
        <extensions>
          <ns3:TrackPointExtension>
            <ns3:hr>160</ns3:hr>
            <ns3:cad>96</ns3:cad>
          </ns3:TrackPointExtension>
        </extensions>
      </trkpt>
      <trkpt lat="22.6071716845035552978515625" lon="113.88587401248514652252197265625">
        <ele>13</ele>
        <time>2026-08-17T23:01:08.000Z</time>
        <extensions>
          <ns3:TrackPointExtension>
            <ns3:hr>161</ns3:hr>
            <ns3:cad>95</ns3:cad>
          </ns3:TrackPointExtension>
        </extensions>
      </trkpt>
      <trkpt lat="22.60714964009821414947509765625" lon="113.8858885131776332855224609375">
        <ele>12.80000019073486328125</ele>
        <time>2026-08-17T23:01:09.000Z</time>
        <extensions>
          <ns3:TrackPointExtension>
            <ns3:hr>161</ns3:hr>
            <ns3:cad>95</ns3:cad>
          </ns3:TrackPointExtension>
        </extensions>
      </trkpt>
      <trkpt lat="22.607116363942623138427734375" lon="113.88590519316494464874267578125">
        <ele>12.80000019073486328125</ele>
        <time>2026-08-17T23:01:10.000Z</time>
        <extensions>
          <ns3:TrackPointExtension>
            <ns3:hr>161</ns3:hr>
            <ns3:cad>95</ns3:cad>
          </ns3:TrackPointExtension>
        </extensions>
      </trkpt>
      <trkpt lat="22.6070880331099033355712890625" lon="113.88592262752354145050048828125">
        <ele>12.80000019073486328125</ele>
        <time>2026-08-17T23:01:11.000Z</time>
        <extensions>
          <ns3:TrackPointExtension>
            <ns3:hr>161</ns3:hr>
            <ns3:cad>95</ns3:cad>
          </ns3:TrackPointExtension>
        </extensions>
      </trkpt>
      <trkpt lat="22.6070581935346126556396484375" lon="113.88594022952020168304443359375">
        <ele>12.80000019073486328125</ele>
        <time>2026-08-17T23:01:12.000Z</time>
        <extensions>
          <ns3:TrackPointExtension>
            <ns3:hr>161</ns3:hr>
            <ns3:cad>95</ns3:cad>
          </ns3:TrackPointExtension>
        </extensions>
      </trkpt>
      <trkpt lat="22.60702491737902164459228515625" lon="113.88595917262136936187744140625">
        <ele>12.80000019073486328125</ele>
        <time>2026-08-17T23:01:13.000Z</time>
        <extensions>
          <ns3:TrackPointExtension>
            <ns3:hr>160</ns3:hr>
            <ns3:cad>96</ns3:cad>
          </ns3:TrackPointExtension>
        </extensions>
      </trkpt>
      <trkpt lat="22.60699407197535037994384765625" lon="113.88597710989415645599365234375">
        <ele>12.80000019073486328125</ele>
        <time>2026-08-17T23:01:14.000Z</time>
        <extensions>
          <ns3:TrackPointExtension>
            <ns3:hr>161</ns3:hr>
            <ns3:cad>96</ns3:cad>
          </ns3:TrackPointExtension>
        </extensions>
      </trkpt>
      <trkpt lat="22.60696071200072765350341796875" lon="113.885992281138896942138671875">
        <ele>12.80000019073486328125</ele>
        <time>2026-08-17T23:01:15.000Z</time>
        <extensions>
          <ns3:TrackPointExtension>
            <ns3:hr>160</ns3:hr>
            <ns3:cad>96</ns3:cad>
          </ns3:TrackPointExtension>
        </extensions>
      </trkpt>
      <trkpt lat="22.60692517273128032684326171875" lon="113.88601206243038177490234375">
        <ele>12.80000019073486328125</ele>
        <time>2026-08-17T23:01:16.000Z</time>
        <extensions>
          <ns3:TrackPointExtension>
            <ns3:hr>161</ns3:hr>
            <ns3:cad>95</ns3:cad>
          </ns3:TrackPointExtension>
        </extensions>
      </trkpt>
      <trkpt lat="22.60689600370824337005615234375" lon="113.88602287508547306060791015625">
        <ele>12.80000019073486328125</ele>
        <time>2026-08-17T23:01:17.000Z</time>
        <extensions>
          <ns3:TrackPointExtension>
            <ns3:hr>161</ns3:hr>
            <ns3:cad>95</ns3:cad>
          </ns3:TrackPointExtension>
        </extensions>
      </trkpt>
      <trkpt lat="22.60685794986784458160400390625" lon="113.88603762723505496978759765625">
        <ele>12.80000019073486328125</ele>
        <time>2026-08-17T23:01:18.000Z</time>
        <extensions>
          <ns3:TrackPointExtension>
            <ns3:hr>162</ns3:hr>
            <ns3:cad>96</ns3:cad>
          </ns3:TrackPointExtension>
        </extensions>
      </trkpt>
      <trkpt lat="22.60682844556868076324462890625" lon="113.8860464282333850860595703125">
        <ele>12.80000019073486328125</ele>
        <time>2026-08-17T23:01:19.000Z</time>
        <extensions>
          <ns3:TrackPointExtension>
            <ns3:hr>162</ns3:hr>
            <ns3:cad>96</ns3:cad>
          </ns3:TrackPointExtension>
        </extensions>
      </trkpt>
      <trkpt lat="22.606791146099567413330078125" lon="113.88605304993689060211181640625">
        <ele>12.80000019073486328125</ele>
        <time>2026-08-17T23:01:20.000Z</time>
        <extensions>
          <ns3:TrackPointExtension>
            <ns3:hr>162</ns3:hr>
            <ns3:cad>96</ns3:cad>
          </ns3:TrackPointExtension>
        </extensions>
      </trkpt>
      <trkpt lat="22.606761641800403594970703125" lon="113.8860677182674407958984375">
        <ele>12.80000019073486328125</ele>
        <time>2026-08-17T23:01:21.000Z</time>
        <extensions>
          <ns3:TrackPointExtension>
            <ns3:hr>163</ns3:hr>
            <ns3:cad>96</ns3:cad>
          </ns3:TrackPointExtension>
        </extensions>
      </trkpt>
      <trkpt lat="22.60672769509255886077880859375" lon="113.88607786037027835845947265625">
        <ele>12.80000019073486328125</ele>
        <time>2026-08-17T23:01:22.000Z</time>
        <extensions>
          <ns3:TrackPointExtension>
            <ns3:hr>163</ns3:hr>
            <ns3:cad>96</ns3:cad>
          </ns3:TrackPointExtension>
        </extensions>
      </trkpt>
      <trkpt lat="22.60668813250958919525146484375" lon="113.886090181767940521240234375">
        <ele>12.80000019073486328125</ele>
        <time>2026-08-17T23:01:23.000Z</time>
        <extensions>
          <ns3:TrackPointExtension>
            <ns3:hr>163</ns3:hr>
            <ns3:cad>96</ns3:cad>
          </ns3:TrackPointExtension>
        </extensions>
      </trkpt>
      <trkpt lat="22.60665276087820529937744140625" lon="113.88610501773655414581298828125">
        <ele>12.80000019073486328125</ele>
        <time>2026-08-17T23:01:24.000Z</time>
        <extensions>
          <ns3:TrackPointExtension>
            <ns3:hr>163</ns3:hr>
            <ns3:cad>96</ns3:cad>
          </ns3:TrackPointExtension>
        </extensions>
      </trkpt>
      <trkpt lat="22.60660951025784015655517578125" lon="113.88611692003905773162841796875">
        <ele>12.80000019073486328125</ele>
        <time>2026-08-17T23:01:25.000Z</time>
        <extensions>
          <ns3:TrackPointExtension>
            <ns3:hr>163</ns3:hr>
            <ns3:cad>96</ns3:cad>
          </ns3:TrackPointExtension>
        </extensions>
      </trkpt>
      <trkpt lat="22.60656793601810932159423828125" lon="113.88613267801702022552490234375">
        <ele>12.6000003814697265625</ele>
        <time>2026-08-17T23:01:26.000Z</time>
        <extensions>
          <ns3:TrackPointExtension>
            <ns3:hr>163</ns3:hr>
            <ns3:cad>96</ns3:cad>
          </ns3:TrackPointExtension>
        </extensions>
      </trkpt>
      <trkpt lat="22.60653491131961345672607421875" lon="113.8861406408250331878662109375">
        <ele>12.6000003814697265625</ele>
        <time>2026-08-17T23:01:27.000Z</time>
        <extensions>
          <ns3:TrackPointExtension>
            <ns3:hr>163</ns3:hr>
            <ns3:cad>96</ns3:cad>
          </ns3:TrackPointExtension>
        </extensions>
      </trkpt>
      <trkpt lat="22.60649568401277065277099609375" lon="113.886155225336551666259765625">
        <ele>12.6000003814697265625</ele>
        <time>2026-08-17T23:01:28.000Z</time>
        <extensions>
          <ns3:TrackPointExtension>
            <ns3:hr>163</ns3:hr>
            <ns3:cad>96</ns3:cad>
          </ns3:TrackPointExtension>
        </extensions>
      </trkpt>
      <trkpt lat="22.60646467097103595733642578125" lon="113.88616503216326236724853515625">
        <ele>12.6000003814697265625</ele>
        <time>2026-08-17T23:01:29.000Z</time>
        <extensions>
          <ns3:TrackPointExtension>
            <ns3:hr>163</ns3:hr>
            <ns3:cad>96</ns3:cad>
          </ns3:TrackPointExtension>
        </extensions>
      </trkpt>
      <trkpt lat="22.60642544366419315338134765625" lon="113.886174671351909637451171875">
        <ele>12.6000003814697265625</ele>
        <time>2026-08-17T23:01:30.000Z</time>
        <extensions>
          <ns3:TrackPointExtension>
            <ns3:hr>163</ns3:hr>
            <ns3:cad>96</ns3:cad>
          </ns3:TrackPointExtension>
        </extensions>
      </trkpt>
      <trkpt lat="22.60638889856636524200439453125" lon="113.886184729635715484619140625">
        <ele>12.6000003814697265625</ele>
        <time>2026-08-17T23:01:31.000Z</time>
        <extensions>
          <ns3:TrackPointExtension>
            <ns3:hr>164</ns3:hr>
            <ns3:cad>96</ns3:cad>
          </ns3:TrackPointExtension>
        </extensions>
      </trkpt>
      <trkpt lat="22.60635503567755222320556640625" lon="113.88619319535791873931884765625">
        <ele>12.6000003814697265625</ele>
        <time>2026-08-17T23:01:32.000Z</time>
        <extensions>
          <ns3:TrackPointExtension>
            <ns3:hr>164</ns3:hr>
            <ns3:cad>96</ns3:cad>
          </ns3:TrackPointExtension>
        </extensions>
      </trkpt>
      <trkpt lat="22.6063138805329799652099609375" lon="113.8862110488116741180419921875">
        <ele>12.6000003814697265625</ele>
        <time>2026-08-17T23:01:33.000Z</time>
        <extensions>
          <ns3:TrackPointExtension>
            <ns3:hr>164</ns3:hr>
            <ns3:cad>96</ns3:cad>
          </ns3:TrackPointExtension>
        </extensions>
      </trkpt>
      <trkpt lat="22.6062813587486743927001953125" lon="113.886226974427700042724609375">
        <ele>12.6000003814697265625</ele>
        <time>2026-08-17T23:01:34.000Z</time>
        <extensions>
          <ns3:TrackPointExtension>
            <ns3:hr>164</ns3:hr>
            <ns3:cad>96</ns3:cad>
          </ns3:TrackPointExtension>
        </extensions>
      </trkpt>
      <trkpt lat="22.6062409579753875732421875" lon="113.8862432353198528289794921875">
        <ele>12.6000003814697265625</ele>
        <time>2026-08-17T23:01:35.000Z</time>
        <extensions>
          <ns3:TrackPointExtension>
            <ns3:hr>163</ns3:hr>
            <ns3:cad>96</ns3:cad>
          </ns3:TrackPointExtension>
        </extensions>
      </trkpt>
      <trkpt lat="22.60620969347655773162841796875" lon="113.8862546347081661224365234375">
        <ele>12.6000003814697265625</ele>
        <time>2026-08-17T23:01:36.000Z</time>
        <extensions>
          <ns3:TrackPointExtension>
            <ns3:hr>164</ns3:hr>
            <ns3:cad>96</ns3:cad>
          </ns3:TrackPointExtension>
        </extensions>
      </trkpt>
      <trkpt lat="22.60617767460644245147705078125" lon="113.8862636871635913848876953125">
        <ele>12.6000003814697265625</ele>
        <time>2026-08-17T23:01:37.000Z</time>
        <extensions>
          <ns3:TrackPointExtension>
            <ns3:hr>164</ns3:hr>
            <ns3:cad>96</ns3:cad>
          </ns3:TrackPointExtension>
        </extensions>
      </trkpt>
      <trkpt lat="22.60614263825118541717529296875" lon="113.88628103770315647125244140625">
        <ele>12.6000003814697265625</ele>
        <time>2026-08-17T23:01:38.000Z</time>
        <extensions>
          <ns3:TrackPointExtension>
            <ns3:hr>163</ns3:hr>
            <ns3:cad>96</ns3:cad>
          </ns3:TrackPointExtension>
        </extensions>
      </trkpt>
      <trkpt lat="22.606113888323307037353515625" lon="113.886295370757579803466796875">
        <ele>12.6000003814697265625</ele>
        <time>2026-08-17T23:01:39.000Z</time>
        <extensions>
          <ns3:TrackPointExtension>
            <ns3:hr>164</ns3:hr>
            <ns3:cad>96</ns3:cad>
          </ns3:TrackPointExtension>
        </extensions>
      </trkpt>
      <trkpt lat="22.606081701815128326416015625" lon="113.88630442321300506591796875">
        <ele>12.6000003814697265625</ele>
        <time>2026-08-17T23:01:40.000Z</time>
        <extensions>
          <ns3:TrackPointExtension>
            <ns3:hr>164</ns3:hr>
            <ns3:cad>96</ns3:cad>
          </ns3:TrackPointExtension>
        </extensions>
      </trkpt>
      <trkpt lat="22.60604725219309329986572265625" lon="113.8863190077245235443115234375">
        <ele>12.6000003814697265625</ele>
        <time>2026-08-17T23:01:41.000Z</time>
        <extensions>
          <ns3:TrackPointExtension>
            <ns3:hr>164</ns3:hr>
            <ns3:cad>97</ns3:cad>
          </ns3:TrackPointExtension>
        </extensions>
      </trkpt>
      <trkpt lat="22.606018669903278350830078125" lon="113.88633082620799541473388671875">
        <ele>12.6000003814697265625</ele>
        <time>2026-08-17T23:01:42.000Z</time>
        <extensions>
          <ns3:TrackPointExtension>
            <ns3:hr>164</ns3:hr>
            <ns3:cad>97</ns3:cad>
          </ns3:TrackPointExtension>
        </extensions>
      </trkpt>
      <trkpt lat="22.6059809513390064239501953125" lon="113.88634356670081615447998046875">
        <ele>12.3999996185302734375</ele>
        <time>2026-08-17T23:01:43.000Z</time>
        <extensions>
          <ns3:TrackPointExtension>
            <ns3:hr>164</ns3:hr>
            <ns3:cad>97</ns3:cad>
          </ns3:TrackPointExtension>
        </extensions>
      </trkpt>
      <trkpt lat="22.60594926774501800537109375" lon="113.88635764829814434051513671875">
        <ele>12.3999996185302734375</ele>
        <time>2026-08-17T23:01:44.000Z</time>
        <extensions>
          <ns3:TrackPointExtension>
            <ns3:hr>165</ns3:hr>
            <ns3:cad>97</ns3:cad>
          </ns3:TrackPointExtension>
        </extensions>
      </trkpt>
      <trkpt lat="22.6059115491807460784912109375" lon="113.886366784572601318359375">
        <ele>12.3999996185302734375</ele>
        <time>2026-08-17T23:01:45.000Z</time>
        <extensions>
          <ns3:TrackPointExtension>
            <ns3:hr>165</ns3:hr>
            <ns3:cad>96</ns3:cad>
          </ns3:TrackPointExtension>
        </extensions>
      </trkpt>
      <trkpt lat="22.60587726719677448272705078125" lon="113.8863786868751049041748046875">
        <ele>12.3999996185302734375</ele>
        <time>2026-08-17T23:01:46.000Z</time>
        <extensions>
          <ns3:TrackPointExtension>
            <ns3:hr>164</ns3:hr>
            <ns3:cad>96</ns3:cad>
          </ns3:TrackPointExtension>
        </extensions>
      </trkpt>
      <trkpt lat="22.60584441013634204864501953125" lon="113.88638681732118129730224609375">
        <ele>12.3999996185302734375</ele>
        <time>2026-08-17T23:01:47.000Z</time>
        <extensions>
          <ns3:TrackPointExtension>
            <ns3:hr>164</ns3:hr>
            <ns3:cad>96</ns3:cad>
          </ns3:TrackPointExtension>
        </extensions>
      </trkpt>
      <trkpt lat="22.60580082423985004425048828125" lon="113.886394612491130828857421875">
        <ele>12.3999996185302734375</ele>
        <time>2026-08-17T23:01:48.000Z</time>
        <extensions>
          <ns3:TrackPointExtension>
            <ns3:hr>164</ns3:hr>
            <ns3:cad>96</ns3:cad>
          </ns3:TrackPointExtension>
        </extensions>
      </trkpt>
      <trkpt lat="22.6057715713977813720703125" lon="113.88640224002301692962646484375">
        <ele>12.3999996185302734375</ele>
        <time>2026-08-17T23:01:49.000Z</time>
        <extensions>
          <ns3:TrackPointExtension>
            <ns3:hr>164</ns3:hr>
            <ns3:cad>96</ns3:cad>
          </ns3:TrackPointExtension>
        </extensions>
      </trkpt>
      <trkpt lat="22.60573913343250751495361328125" lon="113.88640894554555416107177734375">
        <ele>12.3999996185302734375</ele>
        <time>2026-08-17T23:01:50.000Z</time>
        <extensions>
          <ns3:TrackPointExtension>
            <ns3:hr>164</ns3:hr>
            <ns3:cad>96</ns3:cad>
          </ns3:TrackPointExtension>
        </extensions>
      </trkpt>
      <trkpt lat="22.6057053543627262115478515625" lon="113.88642068020999431610107421875">
        <ele>12.3999996185302734375</ele>
        <time>2026-08-17T23:01:51.000Z</time>
        <extensions>
          <ns3:TrackPointExtension>
            <ns3:hr>164</ns3:hr>
            <ns3:cad>97</ns3:cad>
          </ns3:TrackPointExtension>
        </extensions>
      </trkpt>
      <trkpt lat="22.60567023418843746185302734375" lon="113.88642386533319950103759765625">
        <ele>12.3999996185302734375</ele>
        <time>2026-08-17T23:01:52.000Z</time>
        <extensions>
          <ns3:TrackPointExtension>
            <ns3:hr>165</ns3:hr>
            <ns3:cad>96</ns3:cad>
          </ns3:TrackPointExtension>
        </extensions>
      </trkpt>
      <trkpt lat="22.60563737712800502777099609375" lon="113.886430151760578155517578125">
        <ele>12.19999980926513671875</ele>
        <time>2026-08-17T23:01:53.000Z</time>
        <extensions>
          <ns3:TrackPointExtension>
            <ns3:hr>164</ns3:hr>
            <ns3:cad>95</ns3:cad>
          </ns3:TrackPointExtension>
        </extensions>
      </trkpt>
      <trkpt lat="22.60560351423919200897216796875" lon="113.88644582591950893402099609375">
        <ele>12.3999996185302734375</ele>
        <time>2026-08-17T23:01:54.000Z</time>
        <extensions>
          <ns3:TrackPointExtension>
            <ns3:hr>165</ns3:hr>
            <ns3:cad>95</ns3:cad>
          </ns3:TrackPointExtension>
        </extensions>
      </trkpt>
      <trkpt lat="22.605567388236522674560546875" lon="113.88645906932651996612548828125">
        <ele>12.3999996185302734375</ele>
        <time>2026-08-17T23:01:55.000Z</time>
        <extensions>
          <ns3:TrackPointExtension>
            <ns3:hr>165</ns3:hr>
            <ns3:cad>95</ns3:cad>
          </ns3:TrackPointExtension>
        </extensions>
      </trkpt>
      <trkpt lat="22.60552950203418731689453125" lon="113.88647549785673618316650390625">
        <ele>12.6000003814697265625</ele>
        <time>2026-08-17T23:01:56.000Z</time>
        <extensions>
          <ns3:TrackPointExtension>
            <ns3:hr>165</ns3:hr>
            <ns3:cad>96</ns3:cad>
          </ns3:TrackPointExtension>
        </extensions>
      </trkpt>
      <trkpt lat="22.60549622587859630584716796875" lon="113.886487148702144622802734375">
        <ele>12.6000003814697265625</ele>
        <time>2026-08-17T23:01:57.000Z</time>
        <extensions>
          <ns3:TrackPointExtension>
            <ns3:hr>165</ns3:hr>
            <ns3:cad>96</ns3:cad>
          </ns3:TrackPointExtension>
        </extensions>
      </trkpt>
      <trkpt lat="22.6054569147527217864990234375" lon="113.8864968717098236083984375">
        <ele>12.3999996185302734375</ele>
        <time>2026-08-17T23:01:58.000Z</time>
        <extensions>
          <ns3:TrackPointExtension>
            <ns3:hr>165</ns3:hr>
            <ns3:cad>96</ns3:cad>
          </ns3:TrackPointExtension>
        </extensions>
      </trkpt>
      <trkpt lat="22.6054250635206699371337890625" lon="113.886508606374263763427734375">
        <ele>12.3999996185302734375</ele>
        <time>2026-08-17T23:01:59.000Z</time>
        <extensions>
          <ns3:TrackPointExtension>
            <ns3:hr>165</ns3:hr>
            <ns3:cad>96</ns3:cad>
          </ns3:TrackPointExtension>
        </extensions>
      </trkpt>
      <trkpt lat="22.60538793168962001800537109375" lon="113.88651673682034015655517578125">
        <ele>12</ele>
        <time>2026-08-17T23:02:00.000Z</time>
        <extensions>
          <ns3:TrackPointExtension>
            <ns3:hr>165</ns3:hr>
            <ns3:cad>96</ns3:cad>
          </ns3:TrackPointExtension>
        </extensions>
      </trkpt>
      <trkpt lat="22.605351470410823822021484375" lon="113.88652838766574859619140625">
        <ele>11.80000019073486328125</ele>
        <time>2026-08-17T23:02:01.000Z</time>
        <extensions>
          <ns3:TrackPointExtension>
            <ns3:hr>166</ns3:hr>
            <ns3:cad>96</ns3:cad>
          </ns3:TrackPointExtension>
        </extensions>
      </trkpt>
      <trkpt lat="22.60531961917877197265625" lon="113.88653685338795185089111328125">
        <ele>11.80000019073486328125</ele>
        <time>2026-08-17T23:02:02.000Z</time>
        <extensions>
          <ns3:TrackPointExtension>
            <ns3:hr>166</ns3:hr>
            <ns3:cad>96</ns3:cad>
          </ns3:TrackPointExtension>
        </extensions>
      </trkpt>
      <trkpt lat="22.60528097860515117645263671875" lon="113.88654607348144054412841796875">
        <ele>11.80000019073486328125</ele>
        <time>2026-08-17T23:02:03.000Z</time>
        <extensions>
          <ns3:TrackPointExtension>
            <ns3:hr>166</ns3:hr>
            <ns3:cad>96</ns3:cad>
          </ns3:TrackPointExtension>
        </extensions>
      </trkpt>
      <trkpt lat="22.6052527315914630889892578125" lon="113.8865557126700878143310546875">
        <ele>11.80000019073486328125</ele>
        <time>2026-08-17T23:02:04.000Z</time>
        <extensions>
          <ns3:TrackPointExtension>
            <ns3:hr>165</ns3:hr>
            <ns3:cad>96</ns3:cad>
          </ns3:TrackPointExtension>
        </extensions>
      </trkpt>
      <trkpt lat="22.60522146709263324737548828125" lon="113.88656384311616420745849609375">
        <ele>12</ele>
        <time>2026-08-17T23:02:05.000Z</time>
        <extensions>
          <ns3:TrackPointExtension>
            <ns3:hr>166</ns3:hr>
            <ns3:cad>96</ns3:cad>
          </ns3:TrackPointExtension>
        </extensions>
      </trkpt>
      <trkpt lat="22.60518827475607395172119140625" lon="113.886572979390621185302734375">
        <ele>12</ele>
        <time>2026-08-17T23:02:06.000Z</time>
        <extensions>
          <ns3:TrackPointExtension>
            <ns3:hr>166</ns3:hr>
            <ns3:cad>96</ns3:cad>
          </ns3:TrackPointExtension>
        </extensions>
      </trkpt>
      <trkpt lat="22.60515877045691013336181640625" lon="113.88658211566507816314697265625">
        <ele>12</ele>
        <time>2026-08-17T23:02:07.000Z</time>
        <extensions>
          <ns3:TrackPointExtension>
            <ns3:hr>166</ns3:hr>
            <ns3:cad>95</ns3:cad>
          </ns3:TrackPointExtension>
        </extensions>
      </trkpt>
      <trkpt lat="22.60512582957744598388671875" lon="113.88658680953085422515869140625">
        <ele>11.80000019073486328125</ele>
        <time>2026-08-17T23:02:08.000Z</time>
        <extensions>
          <ns3:TrackPointExtension>
            <ns3:hr>166</ns3:hr>
            <ns3:cad>95</ns3:cad>
          </ns3:TrackPointExtension>
        </extensions>
      </trkpt>
      <trkpt lat="22.605091631412506103515625" lon="113.8865972869098186492919921875">
        <ele>11.80000019073486328125</ele>
        <time>2026-08-17T23:02:09.000Z</time>
        <extensions>
          <ns3:TrackPointExtension>
            <ns3:hr>166</ns3:hr>
            <ns3:cad>95</ns3:cad>
          </ns3:TrackPointExtension>
        </extensions>
      </trkpt>
      <trkpt lat="22.60505919344723224639892578125" lon="113.88660424388945102691650390625">
        <ele>11.80000019073486328125</ele>
        <time>2026-08-17T23:02:10.000Z</time>
        <extensions>
          <ns3:TrackPointExtension>
            <ns3:hr>165</ns3:hr>
            <ns3:cad>96</ns3:cad>
          </ns3:TrackPointExtension>
        </extensions>
      </trkpt>
      <trkpt lat="22.6050170324742794036865234375" lon="113.88661631383001804351806640625">
        <ele>11.80000019073486328125</ele>
        <time>2026-08-17T23:02:11.000Z</time>
        <extensions>
          <ns3:TrackPointExtension>
            <ns3:hr>166</ns3:hr>
            <ns3:cad>96</ns3:cad>
          </ns3:TrackPointExtension>
        </extensions>
      </trkpt>
      <trkpt lat="22.6049912162125110626220703125" lon="113.8866210915148258209228515625">
        <ele>11.80000019073486328125</ele>
        <time>2026-08-17T23:02:12.000Z</time>
        <extensions>
          <ns3:TrackPointExtension>
            <ns3:hr>166</ns3:hr>
            <ns3:cad>96</ns3:cad>
          </ns3:TrackPointExtension>
        </extensions>
      </trkpt>
      <trkpt lat="22.60495676659047603607177734375" lon="113.8866244442760944366455078125">
        <ele>11.80000019073486328125</ele>
        <time>2026-08-17T23:02:13.000Z</time>
        <extensions>
          <ns3:TrackPointExtension>
            <ns3:hr>166</ns3:hr>
            <ns3:cad>96</ns3:cad>
          </ns3:TrackPointExtension>
        </extensions>
      </trkpt>
      <trkpt lat="22.60492810048162937164306640625" lon="113.8866363465785980224609375">
        <ele>11.80000019073486328125</ele>
        <time>2026-08-17T23:02:14.000Z</time>
        <extensions>
          <ns3:TrackPointExtension>
            <ns3:hr>167</ns3:hr>
            <ns3:cad>96</ns3:cad>
          </ns3:TrackPointExtension>
        </extensions>
      </trkpt>
      <trkpt lat="22.60489524342119693756103515625" lon="113.88664095662534236907958984375">
        <ele>11.80000019073486328125</ele>
        <time>2026-08-17T23:02:15.000Z</time>
        <extensions>
          <ns3:TrackPointExtension>
            <ns3:hr>167</ns3:hr>
            <ns3:cad>96</ns3:cad>
          </ns3:TrackPointExtension>
        </extensions>
      </trkpt>
      <trkpt lat="22.6048473827540874481201171875" lon="113.88665939681231975555419921875">
        <ele>11.80000019073486328125</ele>
        <time>2026-08-17T23:02:16.000Z</time>
        <extensions>
          <ns3:TrackPointExtension>
            <ns3:hr>167</ns3:hr>
            <ns3:cad>97</ns3:cad>
          </ns3:TrackPointExtension>
        </extensions>
      </trkpt>
      <trkpt lat="22.60480798780918121337890625" lon="113.88667481951415538787841796875">
        <ele>11.80000019073486328125</ele>
        <time>2026-08-17T23:02:17.000Z</time>
        <extensions>
          <ns3:TrackPointExtension>
            <ns3:hr>167</ns3:hr>
            <ns3:cad>96</ns3:cad>
          </ns3:TrackPointExtension>
        </extensions>
      </trkpt>
      <trkpt lat="22.6047682575881481170654296875" lon="113.88668839819729328155517578125">
        <ele>11.80000019073486328125</ele>
        <time>2026-08-17T23:02:18.000Z</time>
        <extensions>
          <ns3:TrackPointExtension>
            <ns3:hr>167</ns3:hr>
            <ns3:cad>96</ns3:cad>
          </ns3:TrackPointExtension>
        </extensions>
      </trkpt>
      <trkpt lat="22.60472894646227359771728515625" lon="113.8866961933672428131103515625">
        <ele>11.80000019073486328125</ele>
        <time>2026-08-17T23:02:19.000Z</time>
        <extensions>
          <ns3:TrackPointExtension>
            <ns3:hr>167</ns3:hr>
            <ns3:cad>96</ns3:cad>
          </ns3:TrackPointExtension>
        </extensions>
      </trkpt>
      <trkpt lat="22.60469759814441204071044921875" lon="113.88670348562300205230712890625">
        <ele>11.80000019073486328125</ele>
        <time>2026-08-17T23:02:20.000Z</time>
        <extensions>
          <ns3:TrackPointExtension>
            <ns3:hr>167</ns3:hr>
            <ns3:cad>96</ns3:cad>
          </ns3:TrackPointExtension>
        </extensions>
      </trkpt>
      <trkpt lat="22.60465669445693492889404296875" lon="113.88671522028744220733642578125">
        <ele>11.80000019073486328125</ele>
        <time>2026-08-17T23:02:21.000Z</time>
        <extensions>
          <ns3:TrackPointExtension>
            <ns3:hr>167</ns3:hr>
            <ns3:cad>96</ns3:cad>
          </ns3:TrackPointExtension>
        </extensions>
      </trkpt>
      <trkpt lat="22.60462769307196140289306640625" lon="113.8867293857038021087646484375">
        <ele>11.6000003814697265625</ele>
        <time>2026-08-17T23:02:22.000Z</time>
        <extensions>
          <ns3:TrackPointExtension>
            <ns3:hr>167</ns3:hr>
            <ns3:cad>96</ns3:cad>
          </ns3:TrackPointExtension>
        </extensions>
      </trkpt>
      <trkpt lat="22.60458896867930889129638671875" lon="113.8867357559502124786376953125">
        <ele>11.6000003814697265625</ele>
        <time>2026-08-17T23:02:23.000Z</time>
        <extensions>
          <ns3:TrackPointExtension>
            <ns3:hr>166</ns3:hr>
            <ns3:cad>96</ns3:cad>
          </ns3:TrackPointExtension>
        </extensions>
      </trkpt>
      <trkpt lat="22.60455544106662273406982421875" lon="113.886744976043701171875">
        <ele>11.6000003814697265625</ele>
        <time>2026-08-17T23:02:24.000Z</time>
        <extensions>
          <ns3:TrackPointExtension>
            <ns3:hr>167</ns3:hr>
            <ns3:cad>96</ns3:cad>
          </ns3:TrackPointExtension>
        </extensions>
      </trkpt>
      <trkpt lat="22.60452493093907833099365234375" lon="113.88675369322299957275390625">
        <ele>11.6000003814697265625</ele>
        <time>2026-08-17T23:02:25.000Z</time>
        <extensions>
          <ns3:TrackPointExtension>
            <ns3:hr>167</ns3:hr>
            <ns3:cad>96</ns3:cad>
          </ns3:TrackPointExtension>
        </extensions>
      </trkpt>
      <trkpt lat="22.60448553599417209625244140625" lon="113.8867642544209957122802734375">
        <ele>11.6000003814697265625</ele>
        <time>2026-08-17T23:02:26.000Z</time>
        <extensions>
          <ns3:TrackPointExtension>
            <ns3:hr>167</ns3:hr>
            <ns3:cad>96</ns3:cad>
          </ns3:TrackPointExtension>
        </extensions>
      </trkpt>
      <trkpt lat="22.60446055792272090911865234375" lon="113.8867786712944507598876953125">
        <ele>11.6000003814697265625</ele>
        <time>2026-08-17T23:02:27.000Z</time>
        <extensions>
          <ns3:TrackPointExtension>
            <ns3:hr>167</ns3:hr>
            <ns3:cad>96</ns3:cad>
          </ns3:TrackPointExtension>
        </extensions>
      </trkpt>
      <trkpt lat="22.6044225879013538360595703125" lon="113.88678646646440029144287109375">
        <ele>11.3999996185302734375</ele>
        <time>2026-08-17T23:02:28.000Z</time>
        <extensions>
          <ns3:TrackPointExtension>
            <ns3:hr>166</ns3:hr>
            <ns3:cad>96</ns3:cad>
          </ns3:TrackPointExtension>
        </extensions>
      </trkpt>
      <trkpt lat="22.60438763536512851715087890625" lon="113.88679434545338153839111328125">
        <ele>11.3999996185302734375</ele>
        <time>2026-08-17T23:02:29.000Z</time>
        <extensions>
          <ns3:TrackPointExtension>
            <ns3:hr>167</ns3:hr>
            <ns3:cad>96</ns3:cad>
          </ns3:TrackPointExtension>
        </extensions>
      </trkpt>
      <trkpt lat="22.60435578413307666778564453125" lon="113.88680239208042621612548828125">
        <ele>11.6000003814697265625</ele>
        <time>2026-08-17T23:02:30.000Z</time>
        <extensions>
          <ns3:TrackPointExtension>
            <ns3:hr>167</ns3:hr>
            <ns3:cad>96</ns3:cad>
          </ns3:TrackPointExtension>
        </extensions>
      </trkpt>
      <trkpt lat="22.604318819940090179443359375" lon="113.8868051581084728240966796875">
        <ele>11.6000003814697265625</ele>
        <time>2026-08-17T23:02:31.000Z</time>
        <extensions>
          <ns3:TrackPointExtension>
            <ns3:hr>167</ns3:hr>
            <ns3:cad>96</ns3:cad>
          </ns3:TrackPointExtension>
        </extensions>
      </trkpt>
      <trkpt lat="22.604290656745433807373046875" lon="113.88681270182132720947265625">
        <ele>11.6000003814697265625</ele>
        <time>2026-08-17T23:02:32.000Z</time>
        <extensions>
          <ns3:TrackPointExtension>
            <ns3:hr>167</ns3:hr>
            <ns3:cad>96</ns3:cad>
          </ns3:TrackPointExtension>
        </extensions>
      </trkpt>
      <trkpt lat="22.6042616553604602813720703125" lon="113.88681764714419841766357421875">
        <ele>11.6000003814697265625</ele>
        <time>2026-08-17T23:02:33.000Z</time>
        <extensions>
          <ns3:TrackPointExtension>
            <ns3:hr>166</ns3:hr>
            <ns3:cad>96</ns3:cad>
          </ns3:TrackPointExtension>
        </extensions>
      </trkpt>
      <trkpt lat="22.60422586463391780853271484375" lon="113.88682669959962368011474609375">
        <ele>11.6000003814697265625</ele>
        <time>2026-08-17T23:02:34.000Z</time>
        <extensions>
          <ns3:TrackPointExtension>
            <ns3:hr>167</ns3:hr>
            <ns3:cad>96</ns3:cad>
          </ns3:TrackPointExtension>
        </extensions>
      </trkpt>
      <trkpt lat="22.60419535450637340545654296875" lon="113.8868375122547149658203125">
        <ele>11.3999996185302734375</ele>
        <time>2026-08-17T23:02:35.000Z</time>
        <extensions>
          <ns3:TrackPointExtension>
            <ns3:hr>167</ns3:hr>
            <ns3:cad>96</ns3:cad>
          </ns3:TrackPointExtension>
        </extensions>
      </trkpt>
      <trkpt lat="22.60415528900921344757080078125" lon="113.886849917471408843994140625">
        <ele>11.3999996185302734375</ele>
        <time>2026-08-17T23:02:36.000Z</time>
        <extensions>
          <ns3:TrackPointExtension>
            <ns3:hr>167</ns3:hr>
            <ns3:cad>96</ns3:cad>
          </ns3:TrackPointExtension>
        </extensions>
      </trkpt>
      <trkpt lat="22.60412259958684444427490234375" lon="113.88686240650713443756103515625">
        <ele>11.3999996185302734375</ele>
        <time>2026-08-17T23:02:37.000Z</time>
        <extensions>
          <ns3:TrackPointExtension>
            <ns3:hr>166</ns3:hr>
            <ns3:cad>96</ns3:cad>
          </ns3:TrackPointExtension>
        </extensions>
      </trkpt>
      <trkpt lat="22.60408085770905017852783203125" lon="113.8868675194680690765380859375">
        <ele>11.3999996185302734375</ele>
        <time>2026-08-17T23:02:38.000Z</time>
        <extensions>
          <ns3:TrackPointExtension>
            <ns3:hr>167</ns3:hr>
            <ns3:cad>96</ns3:cad>
          </ns3:TrackPointExtension>
        </extensions>
      </trkpt>
      <trkpt lat="22.60404531843960285186767578125" lon="113.88687531463801860809326171875">
        <ele>11.3999996185302734375</ele>
        <time>2026-08-17T23:02:39.000Z</time>
        <extensions>
          <ns3:TrackPointExtension>
            <ns3:hr>167</ns3:hr>
            <ns3:cad>96</ns3:cad>
          </ns3:TrackPointExtension>
        </extensions>
      </trkpt>
      <trkpt lat="22.60400927625596523284912109375" lon="113.88688067905604839324951171875">
        <ele>11.19999980926513671875</ele>
        <time>2026-08-17T23:02:40.000Z</time>
        <extensions>
          <ns3:TrackPointExtension>
            <ns3:hr>167</ns3:hr>
            <ns3:cad>95</ns3:cad>
          </ns3:TrackPointExtension>
        </extensions>
      </trkpt>
      <trkpt lat="22.60396887548267841339111328125" lon="113.88688646256923675537109375">
        <ele>11.19999980926513671875</ele>
        <time>2026-08-17T23:02:41.000Z</time>
        <extensions>
          <ns3:TrackPointExtension>
            <ns3:hr>167</ns3:hr>
            <ns3:cad>95</ns3:cad>
          </ns3:TrackPointExtension>
        </extensions>
      </trkpt>
      <trkpt lat="22.603940628468990325927734375" lon="113.8868983648717403411865234375">
        <ele>11.19999980926513671875</ele>
        <time>2026-08-17T23:02:42.000Z</time>
        <extensions>
          <ns3:TrackPointExtension>
            <ns3:hr>167</ns3:hr>
            <ns3:cad>95</ns3:cad>
          </ns3:TrackPointExtension>
        </extensions>
      </trkpt>
      <trkpt lat="22.6039045862853527069091796875" lon="113.8869124464690685272216796875">
        <ele>11.19999980926513671875</ele>
        <time>2026-08-17T23:02:43.000Z</time>
        <extensions>
          <ns3:TrackPointExtension>
            <ns3:hr>167</ns3:hr>
            <ns3:cad>95</ns3:cad>
          </ns3:TrackPointExtension>
        </extensions>
      </trkpt>
      <trkpt lat="22.603890001773834228515625" lon="113.886939100921154022216796875">
        <ele>11</ele>
        <time>2026-08-17T23:02:44.000Z</time>
        <extensions>
          <ns3:TrackPointExtension>
            <ns3:hr>167</ns3:hr>
            <ns3:cad>95</ns3:cad>
          </ns3:TrackPointExtension>
        </extensions>
      </trkpt>
      <trkpt lat="22.60387784801423549652099609375" lon="113.8869689404964447021484375">
        <ele>11</ele>
        <time>2026-08-17T23:02:45.000Z</time>
        <extensions>
          <ns3:TrackPointExtension>
            <ns3:hr>166</ns3:hr>
            <ns3:cad>95</ns3:cad>
          </ns3:TrackPointExtension>
        </extensions>
      </trkpt>
      <trkpt lat="22.603875584900379180908203125" lon="113.88700674287974834442138671875">
        <ele>11</ele>
        <time>2026-08-17T23:02:46.000Z</time>
        <extensions>
          <ns3:TrackPointExtension>
            <ns3:hr>166</ns3:hr>
            <ns3:cad>95</ns3:cad>
          </ns3:TrackPointExtension>
        </extensions>
      </trkpt>
      <trkpt lat="22.60386879555881023406982421875" lon="113.88704068958759307861328125">
        <ele>11.19999980926513671875</ele>
        <time>2026-08-17T23:02:47.000Z</time>
        <extensions>
          <ns3:TrackPointExtension>
            <ns3:hr>166</ns3:hr>
            <ns3:cad>95</ns3:cad>
          </ns3:TrackPointExtension>
        </extensions>
      </trkpt>
      <trkpt lat="22.60385538451373577117919921875" lon="113.8870834372937679290771484375">
        <ele>11.19999980926513671875</ele>
        <time>2026-08-17T23:02:48.000Z</time>
        <extensions>
          <ns3:TrackPointExtension>
            <ns3:hr>166</ns3:hr>
            <ns3:cad>93</ns3:cad>
          </ns3:TrackPointExtension>
        </extensions>
      </trkpt>
      <trkpt lat="22.60383694432675838470458984375" lon="113.88710464350879192352294921875">
        <ele>11.3999996185302734375</ele>
        <time>2026-08-17T23:02:49.000Z</time>
        <extensions>
          <ns3:TrackPointExtension>
            <ns3:hr>166</ns3:hr>
            <ns3:cad>93</ns3:cad>
          </ns3:TrackPointExtension>
        </extensions>
      </trkpt>
      <trkpt lat="22.60380274616181850433349609375" lon="113.8871152885258197784423828125">
        <ele>11.3999996185302734375</ele>
        <time>2026-08-17T23:02:50.000Z</time>
        <extensions>
          <ns3:TrackPointExtension>
            <ns3:hr>166</ns3:hr>
            <ns3:cad>93</ns3:cad>
          </ns3:TrackPointExtension>
        </extensions>
      </trkpt>
      <trkpt lat="22.6037760078907012939453125" lon="113.8871240057051181793212890625">
        <ele>11.6000003814697265625</ele>
        <time>2026-08-17T23:02:51.000Z</time>
        <extensions>
          <ns3:TrackPointExtension>
            <ns3:hr>166</ns3:hr>
            <ns3:cad>94</ns3:cad>
          </ns3:TrackPointExtension>
        </extensions>
      </trkpt>
      <trkpt lat="22.603737451136112213134765625" lon="113.88711537234485149383544921875">
        <ele>11.80000019073486328125</ele>
        <time>2026-08-17T23:02:52.000Z</time>
        <extensions>
          <ns3:TrackPointExtension>
            <ns3:hr>166</ns3:hr>
            <ns3:cad>94</ns3:cad>
          </ns3:TrackPointExtension>
        </extensions>
      </trkpt>
      <trkpt lat="22.6037009060382843017578125" lon="113.887109421193599700927734375">
        <ele>11.80000019073486328125</ele>
        <time>2026-08-17T23:02:53.000Z</time>
        <extensions>
          <ns3:TrackPointExtension>
            <ns3:hr>165</ns3:hr>
            <ns3:cad>94</ns3:cad>
          </ns3:TrackPointExtension>
        </extensions>
      </trkpt>
      <trkpt lat="22.603670395910739898681640625" lon="113.88709894381463527679443359375">
        <ele>11.80000019073486328125</ele>
        <time>2026-08-17T23:02:54.000Z</time>
        <extensions>
          <ns3:TrackPointExtension>
            <ns3:hr>166</ns3:hr>
            <ns3:cad>94</ns3:cad>
          </ns3:TrackPointExtension>
        </extensions>
      </trkpt>
      <trkpt lat="22.60363158769905567169189453125" lon="113.88708653859794139862060546875">
        <ele>11.80000019073486328125</ele>
        <time>2026-08-17T23:02:55.000Z</time>
        <extensions>
          <ns3:TrackPointExtension>
            <ns3:hr>166</ns3:hr>
            <ns3:cad>95</ns3:cad>
          </ns3:TrackPointExtension>
        </extensions>
      </trkpt>
      <trkpt lat="22.603601999580860137939453125" lon="113.88708117417991161346435546875">
        <ele>11.80000019073486328125</ele>
        <time>2026-08-17T23:02:56.000Z</time>
        <extensions>
          <ns3:TrackPointExtension>
            <ns3:hr>166</ns3:hr>
            <ns3:cad>95</ns3:cad>
          </ns3:TrackPointExtension>
        </extensions>
      </trkpt>
      <trkpt lat="22.60357039980590343475341796875" lon="113.88706206344068050384521484375">
        <ele>11.80000019073486328125</ele>
        <time>2026-08-17T23:02:57.000Z</time>
        <extensions>
          <ns3:TrackPointExtension>
            <ns3:hr>166</ns3:hr>
            <ns3:cad>95</ns3:cad>
          </ns3:TrackPointExtension>
        </extensions>
      </trkpt>
      <trkpt lat="22.60353754274547100067138671875" lon="113.887048400938510894775390625">
        <ele>11.6000003814697265625</ele>
        <time>2026-08-17T23:02:58.000Z</time>
        <extensions>
          <ns3:TrackPointExtension>
            <ns3:hr>167</ns3:hr>
            <ns3:cad>95</ns3:cad>
          </ns3:TrackPointExtension>
        </extensions>
      </trkpt>
      <trkpt lat="22.60350979864597320556640625" lon="113.88703373260796070098876953125">
        <ele>11.80000019073486328125</ele>
        <time>2026-08-17T23:02:59.000Z</time>
        <extensions>
          <ns3:TrackPointExtension>
            <ns3:hr>167</ns3:hr>
            <ns3:cad>95</ns3:cad>
          </ns3:TrackPointExtension>
        </extensions>
      </trkpt>
      <trkpt lat="22.60347316972911357879638671875" lon="113.8870172202587127685546875">
        <ele>11.80000019073486328125</ele>
        <time>2026-08-17T23:03:00.000Z</time>
        <extensions>
          <ns3:TrackPointExtension>
            <ns3:hr>167</ns3:hr>
            <ns3:cad>95</ns3:cad>
          </ns3:TrackPointExtension>
        </extensions>
      </trkpt>
      <trkpt lat="22.60343813337385654449462890625" lon="113.8870069943368434906005859375">
        <ele>11.6000003814697265625</ele>
        <time>2026-08-17T23:03:01.000Z</time>
        <extensions>
          <ns3:TrackPointExtension>
            <ns3:hr>167</ns3:hr>
            <ns3:cad>95</ns3:cad>
          </ns3:TrackPointExtension>
        </extensions>
      </trkpt>
      <trkpt lat="22.60340527631342411041259765625" lon="113.8870073296129703521728515625">
        <ele>11.6000003814697265625</ele>
        <time>2026-08-17T23:03:02.000Z</time>
        <extensions>
          <ns3:TrackPointExtension>
            <ns3:hr>167</ns3:hr>
            <ns3:cad>95</ns3:cad>
          </ns3:TrackPointExtension>
        </extensions>
      </trkpt>
      <trkpt lat="22.60337568819522857666015625" lon="113.887012861669063568115234375">
        <ele>11.6000003814697265625</ele>
        <time>2026-08-17T23:03:03.000Z</time>
        <extensions>
          <ns3:TrackPointExtension>
            <ns3:hr>166</ns3:hr>
            <ns3:cad>95</ns3:cad>
          </ns3:TrackPointExtension>
        </extensions>
      </trkpt>
      <trkpt lat="22.60334140621125698089599609375" lon="113.88701914809644222259521484375">
        <ele>11.3999996185302734375</ele>
        <time>2026-08-17T23:03:04.000Z</time>
        <extensions>
          <ns3:TrackPointExtension>
            <ns3:hr>167</ns3:hr>
            <ns3:cad>95</ns3:cad>
          </ns3:TrackPointExtension>
        </extensions>
      </trkpt>
      <trkpt lat="22.60330192744731903076171875" lon="113.88701948337256908416748046875">
        <ele>11.3999996185302734375</ele>
        <time>2026-08-17T23:03:05.000Z</time>
        <extensions>
          <ns3:TrackPointExtension>
            <ns3:hr>167</ns3:hr>
            <ns3:cad>96</ns3:cad>
          </ns3:TrackPointExtension>
        </extensions>
      </trkpt>
      <trkpt lat="22.60327317751944065093994140625" lon="113.88701386749744415283203125">
        <ele>11.19999980926513671875</ele>
        <time>2026-08-17T23:03:06.000Z</time>
        <extensions>
          <ns3:TrackPointExtension>
            <ns3:hr>167</ns3:hr>
            <ns3:cad>96</ns3:cad>
          </ns3:TrackPointExtension>
        </extensions>
      </trkpt>
      <trkpt lat="22.6032363809645175933837890625" lon="113.88699064962565898895263671875">
        <ele>11.19999980926513671875</ele>
        <time>2026-08-17T23:03:07.000Z</time>
        <extensions>
          <ns3:TrackPointExtension>
            <ns3:hr>166</ns3:hr>
            <ns3:cad>96</ns3:cad>
          </ns3:TrackPointExtension>
        </extensions>
      </trkpt>
      <trkpt lat="22.603208385407924652099609375" lon="113.88697707094252109527587890625">
        <ele>11</ele>
        <time>2026-08-17T23:03:08.000Z</time>
        <extensions>
          <ns3:TrackPointExtension>
            <ns3:hr>167</ns3:hr>
            <ns3:cad>96</ns3:cad>
          </ns3:TrackPointExtension>
        </extensions>
      </trkpt>
      <trkpt lat="22.60318164713680744171142578125" lon="113.8869530148804187774658203125">
        <ele>11</ele>
        <time>2026-08-17T23:03:09.000Z</time>
        <extensions>
          <ns3:TrackPointExtension>
            <ns3:hr>167</ns3:hr>
            <ns3:cad>96</ns3:cad>
          </ns3:TrackPointExtension>
        </extensions>
      </trkpt>
      <trkpt lat="22.6031512208282947540283203125" lon="113.88693331740796566009521484375">
        <ele>11</ele>
        <time>2026-08-17T23:03:10.000Z</time>
        <extensions>
          <ns3:TrackPointExtension>
            <ns3:hr>167</ns3:hr>
            <ns3:cad>96</ns3:cad>
          </ns3:TrackPointExtension>
        </extensions>
      </trkpt>
      <trkpt lat="22.60312087833881378173828125" lon="113.8869152963161468505859375">
        <ele>10.80000019073486328125</ele>
        <time>2026-08-17T23:03:11.000Z</time>
        <extensions>
          <ns3:TrackPointExtension>
            <ns3:hr>167</ns3:hr>
            <ns3:cad>95</ns3:cad>
          </ns3:TrackPointExtension>
        </extensions>
      </trkpt>
      <trkpt lat="22.60308475233614444732666015625" lon="113.88689509592950344085693359375">
        <ele>10.80000019073486328125</ele>
        <time>2026-08-17T23:03:12.000Z</time>
        <extensions>
          <ns3:TrackPointExtension>
            <ns3:hr>167</ns3:hr>
            <ns3:cad>96</ns3:cad>
          </ns3:TrackPointExtension>
        </extensions>
      </trkpt>
      <trkpt lat="22.6030576787889003753662109375" lon="113.886883445084095001220703125">
        <ele>10.80000019073486328125</ele>
        <time>2026-08-17T23:03:13.000Z</time>
        <extensions>
          <ns3:TrackPointExtension>
            <ns3:hr>167</ns3:hr>
            <ns3:cad>96</ns3:cad>
          </ns3:TrackPointExtension>
        </extensions>
      </trkpt>
      <trkpt lat="22.6030231453478336334228515625" lon="113.8868594728410243988037109375">
        <ele>10.80000019073486328125</ele>
        <time>2026-08-17T23:03:14.000Z</time>
        <extensions>
          <ns3:TrackPointExtension>
            <ns3:hr>167</ns3:hr>
            <ns3:cad>96</ns3:cad>
          </ns3:TrackPointExtension>
        </extensions>
      </trkpt>
      <trkpt lat="22.6029929704964160919189453125" lon="113.88684664852917194366455078125">
        <ele>10.6000003814697265625</ele>
        <time>2026-08-17T23:03:15.000Z</time>
        <extensions>
          <ns3:TrackPointExtension>
            <ns3:hr>166</ns3:hr>
            <ns3:cad>94</ns3:cad>
          </ns3:TrackPointExtension>
        </extensions>
      </trkpt>
      <trkpt lat="22.60296120308339595794677734375" lon="113.88683306984603404998779296875">
        <ele>10.6000003814697265625</ele>
        <time>2026-08-17T23:03:16.000Z</time>
        <extensions>
          <ns3:TrackPointExtension>
            <ns3:hr>167</ns3:hr>
            <ns3:cad>95</ns3:cad>
          </ns3:TrackPointExtension>
        </extensions>
      </trkpt>
      <trkpt lat="22.602924071252346038818359375" lon="113.8868145458400249481201171875">
        <ele>10.6000003814697265625</ele>
        <time>2026-08-17T23:03:17.000Z</time>
        <extensions>
          <ns3:TrackPointExtension>
            <ns3:hr>167</ns3:hr>
            <ns3:cad>95</ns3:cad>
          </ns3:TrackPointExtension>
        </extensions>
      </trkpt>
      <trkpt lat="22.60289515368640422821044921875" lon="113.88680071569979190826416015625">
        <ele>10.3999996185302734375</ele>
        <time>2026-08-17T23:03:18.000Z</time>
        <extensions>
          <ns3:TrackPointExtension>
            <ns3:hr>166</ns3:hr>
            <ns3:cad>95</ns3:cad>
          </ns3:TrackPointExtension>
        </extensions>
      </trkpt>
      <trkpt lat="22.60286212898790836334228515625" lon="113.88678562827408313751220703125">
        <ele>10.3999996185302734375</ele>
        <time>2026-08-17T23:03:19.000Z</time>
        <extensions>
          <ns3:TrackPointExtension>
            <ns3:hr>167</ns3:hr>
            <ns3:cad>96</ns3:cad>
          </ns3:TrackPointExtension>
        </extensions>
      </trkpt>
      <trkpt lat="22.60283119976520538330078125" lon="113.88677020557224750518798828125">
        <ele>10.19999980926513671875</ele>
        <time>2026-08-17T23:03:20.000Z</time>
        <extensions>
          <ns3:TrackPointExtension>
            <ns3:hr>166</ns3:hr>
            <ns3:cad>96</ns3:cad>
          </ns3:TrackPointExtension>
        </extensions>
      </trkpt>
      <trkpt lat="22.60280010290443897247314453125" lon="113.886754699051380157470703125">
        <ele>10.19999980926513671875</ele>
        <time>2026-08-17T23:03:21.000Z</time>
        <extensions>
          <ns3:TrackPointExtension>
            <ns3:hr>166</ns3:hr>
            <ns3:cad>95</ns3:cad>
          </ns3:TrackPointExtension>
        </extensions>
      </trkpt>
      <trkpt lat="22.6027700118720531463623046875" lon="113.88673952780663967132568359375">
        <ele>10.19999980926513671875</ele>
        <time>2026-08-17T23:03:22.000Z</time>
        <extensions>
          <ns3:TrackPointExtension>
            <ns3:hr>166</ns3:hr>
            <ns3:cad>95</ns3:cad>
          </ns3:TrackPointExtension>
        </extensions>
      </trkpt>
      <trkpt lat="22.60274025611579418182373046875" lon="113.886725865304470062255859375">
        <ele>10.19999980926513671875</ele>
        <time>2026-08-17T23:03:23.000Z</time>
        <extensions>
          <ns3:TrackPointExtension>
            <ns3:hr>166</ns3:hr>
            <ns3:cad>95</ns3:cad>
          </ns3:TrackPointExtension>
        </extensions>
      </trkpt>
      <trkpt lat="22.60271008126437664031982421875" lon="113.886710107326507568359375">
        <ele>10.19999980926513671875</ele>
        <time>2026-08-17T23:03:24.000Z</time>
        <extensions>
          <ns3:TrackPointExtension>
            <ns3:hr>167</ns3:hr>
            <ns3:cad>97</ns3:cad>
          </ns3:TrackPointExtension>
        </extensions>
      </trkpt>
      <trkpt lat="22.60268191806972026824951171875" lon="113.88669694773852825164794921875">
        <ele>10.19999980926513671875</ele>
        <time>2026-08-17T23:03:25.000Z</time>
        <extensions>
          <ns3:TrackPointExtension>
            <ns3:hr>167</ns3:hr>
            <ns3:cad>97</ns3:cad>
          </ns3:TrackPointExtension>
        </extensions>
      </trkpt>
      <trkpt lat="22.6026499830186367034912109375" lon="113.886676914989948272705078125">
        <ele>10.19999980926513671875</ele>
        <time>2026-08-17T23:03:26.000Z</time>
        <extensions>
          <ns3:TrackPointExtension>
            <ns3:hr>166</ns3:hr>
            <ns3:cad>95</ns3:cad>
          </ns3:TrackPointExtension>
        </extensions>
      </trkpt>
      <trkpt lat="22.60260933078825473785400390625" lon="113.8866539485752582550048828125">
        <ele>10.3999996185302734375</ele>
        <time>2026-08-17T23:03:27.000Z</time>
        <extensions>
          <ns3:TrackPointExtension>
            <ns3:hr>166</ns3:hr>
            <ns3:cad>95</ns3:cad>
          </ns3:TrackPointExtension>
        </extensions>
      </trkpt>
      <trkpt lat="22.60257370769977569580078125" lon="113.88662871904671192169189453125">
        <ele>10.3999996185302734375</ele>
        <time>2026-08-17T23:03:28.000Z</time>
        <extensions>
          <ns3:TrackPointExtension>
            <ns3:hr>166</ns3:hr>
            <ns3:cad>95</ns3:cad>
          </ns3:TrackPointExtension>
        </extensions>
      </trkpt>
      <trkpt lat="22.60255350731313228607177734375" lon="113.8866163976490497589111328125">
        <ele>10.3999996185302734375</ele>
        <time>2026-08-17T23:03:29.000Z</time>
        <extensions>
          <ns3:TrackPointExtension>
            <ns3:hr>166</ns3:hr>
            <ns3:cad>95</ns3:cad>
          </ns3:TrackPointExtension>
        </extensions>
      </trkpt>
      <trkpt lat="22.60253724642097949981689453125" lon="113.886607848107814788818359375">
        <ele>10.3999996185302734375</ele>
        <time>2026-08-17T23:03:30.000Z</time>
        <extensions>
          <ns3:TrackPointExtension>
            <ns3:hr>166</ns3:hr>
            <ns3:cad>95</ns3:cad>
          </ns3:TrackPointExtension>
        </extensions>
      </trkpt>
      <trkpt lat="22.60250489227473735809326171875" lon="113.8865880668163299560546875">
        <ele>10.3999996185302734375</ele>
        <time>2026-08-17T23:03:31.000Z</time>
        <extensions>
          <ns3:TrackPointExtension>
            <ns3:hr>167</ns3:hr>
            <ns3:cad>95</ns3:cad>
          </ns3:TrackPointExtension>
        </extensions>
      </trkpt>
      <trkpt lat="22.60247253812849521636962890625" lon="113.88656920753419399261474609375">
        <ele>10.6000003814697265625</ele>
        <time>2026-08-17T23:03:32.000Z</time>
        <extensions>
          <ns3:TrackPointExtension>
            <ns3:hr>167</ns3:hr>
            <ns3:cad>95</ns3:cad>
          </ns3:TrackPointExtension>
        </extensions>
      </trkpt>
      <trkpt lat="22.60244688950479030609130859375" lon="113.8865463249385356903076171875">
        <ele>10.6000003814697265625</ele>
        <time>2026-08-17T23:03:33.000Z</time>
        <extensions>
          <ns3:TrackPointExtension>
            <ns3:hr>167</ns3:hr>
            <ns3:cad>95</ns3:cad>
          </ns3:TrackPointExtension>
        </extensions>
      </trkpt>
      <trkpt lat="22.60242073796689510345458984375" lon="113.8865164853632450103759765625">
        <ele>10.6000003814697265625</ele>
        <time>2026-08-17T23:03:34.000Z</time>
        <extensions>
          <ns3:TrackPointExtension>
            <ns3:hr>167</ns3:hr>
            <ns3:cad>96</ns3:cad>
          </ns3:TrackPointExtension>
        </extensions>
      </trkpt>
      <trkpt lat="22.6024018786847591400146484375" lon="113.886493183672428131103515625">
        <ele>10.6000003814697265625</ele>
        <time>2026-08-17T23:03:35.000Z</time>
        <extensions>
          <ns3:TrackPointExtension>
            <ns3:hr>167</ns3:hr>
            <ns3:cad>96</ns3:cad>
          </ns3:TrackPointExtension>
        </extensions>
      </trkpt>
      <trkpt lat="22.6023750565946102142333984375" lon="113.88646644540131092071533203125">
        <ele>10.80000019073486328125</ele>
        <time>2026-08-17T23:03:36.000Z</time>
        <extensions>
          <ns3:TrackPointExtension>
            <ns3:hr>166</ns3:hr>
            <ns3:cad>96</ns3:cad>
          </ns3:TrackPointExtension>
        </extensions>
      </trkpt>
      <trkpt lat="22.602348737418651580810546875" lon="113.88644129969179630279541015625">
        <ele>10.80000019073486328125</ele>
        <time>2026-08-17T23:03:37.000Z</time>
        <extensions>
          <ns3:TrackPointExtension>
            <ns3:hr>166</ns3:hr>
            <ns3:cad>96</ns3:cad>
          </ns3:TrackPointExtension>
        </extensions>
      </trkpt>
      <trkpt lat="22.60232417844235897064208984375" lon="113.88642118312418460845947265625">
        <ele>10.80000019073486328125</ele>
        <time>2026-08-17T23:03:38.000Z</time>
        <extensions>
          <ns3:TrackPointExtension>
            <ns3:hr>166</ns3:hr>
            <ns3:cad>96</ns3:cad>
          </ns3:TrackPointExtension>
        </extensions>
      </trkpt>
      <trkpt lat="22.60228863917291164398193359375" lon="113.8863944448530673980712890625">
        <ele>10.80000019073486328125</ele>
        <time>2026-08-17T23:03:39.000Z</time>
        <extensions>
          <ns3:TrackPointExtension>
            <ns3:hr>167</ns3:hr>
            <ns3:cad>96</ns3:cad>
          </ns3:TrackPointExtension>
        </extensions>
      </trkpt>
      <trkpt lat="22.602259553968906402587890625" lon="113.88638086616992950439453125">
        <ele>10.80000019073486328125</ele>
        <time>2026-08-17T23:03:40.000Z</time>
        <extensions>
          <ns3:TrackPointExtension>
            <ns3:hr>167</ns3:hr>
            <ns3:cad>96</ns3:cad>
          </ns3:TrackPointExtension>
        </extensions>
      </trkpt>
      <trkpt lat="22.6022355817258358001708984375" lon="113.88635010458528995513916015625">
        <ele>10.80000019073486328125</ele>
        <time>2026-08-17T23:03:41.000Z</time>
        <extensions>
          <ns3:TrackPointExtension>
            <ns3:hr>167</ns3:hr>
            <ns3:cad>96</ns3:cad>
          </ns3:TrackPointExtension>
        </extensions>
      </trkpt>
      <trkpt lat="22.6022114418447017669677734375" lon="113.88632127083837985992431640625">
        <ele>11</ele>
        <time>2026-08-17T23:03:42.000Z</time>
        <extensions>
          <ns3:TrackPointExtension>
            <ns3:hr>167</ns3:hr>
            <ns3:cad>96</ns3:cad>
          </ns3:TrackPointExtension>
        </extensions>
      </trkpt>
      <trkpt lat="22.6021903194487094879150390625" lon="113.8863009028136730194091796875">
        <ele>11</ele>
        <time>2026-08-17T23:03:43.000Z</time>
        <extensions>
          <ns3:TrackPointExtension>
            <ns3:hr>167</ns3:hr>
            <ns3:cad>96</ns3:cad>
          </ns3:TrackPointExtension>
        </extensions>
      </trkpt>
      <trkpt lat="22.6021631620824337005615234375" lon="113.886267878115177154541015625">
        <ele>10.80000019073486328125</ele>
        <time>2026-08-17T23:03:44.000Z</time>
        <extensions>
          <ns3:TrackPointExtension>
            <ns3:hr>166</ns3:hr>
            <ns3:cad>96</ns3:cad>
          </ns3:TrackPointExtension>
        </extensions>
      </trkpt>
      <trkpt lat="22.602140866219997406005859375" lon="113.88624147512018680572509765625">
        <ele>11</ele>
        <time>2026-08-17T23:03:45.000Z</time>
        <extensions>
          <ns3:TrackPointExtension>
            <ns3:hr>167</ns3:hr>
            <ns3:cad>96</ns3:cad>
          </ns3:TrackPointExtension>
        </extensions>
      </trkpt>
      <trkpt lat="22.6021157205104827880859375" lon="113.88621230609714984893798828125">
        <ele>11</ele>
        <time>2026-08-17T23:03:46.000Z</time>
        <extensions>
          <ns3:TrackPointExtension>
            <ns3:hr>166</ns3:hr>
            <ns3:cad>96</ns3:cad>
          </ns3:TrackPointExtension>
        </extensions>
      </trkpt>
      <trkpt lat="22.6020894013345241546630859375" lon="113.88618280179798603057861328125">
        <ele>10.80000019073486328125</ele>
        <time>2026-08-17T23:03:47.000Z</time>
        <extensions>
          <ns3:TrackPointExtension>
            <ns3:hr>166</ns3:hr>
            <ns3:cad>96</ns3:cad>
          </ns3:TrackPointExtension>
        </extensions>
      </trkpt>
      <trkpt lat="22.60207339189946651458740234375" lon="113.8861587457358837127685546875">
        <ele>10.80000019073486328125</ele>
        <time>2026-08-17T23:03:48.000Z</time>
        <extensions>
          <ns3:TrackPointExtension>
            <ns3:hr>167</ns3:hr>
            <ns3:cad>96</ns3:cad>
          </ns3:TrackPointExtension>
        </extensions>
      </trkpt>
      <trkpt lat="22.6020498387515544891357421875" lon="113.8861248828470706939697265625">
        <ele>10.80000019073486328125</ele>
        <time>2026-08-17T23:03:49.000Z</time>
        <extensions>
          <ns3:TrackPointExtension>
            <ns3:hr>167</ns3:hr>
            <ns3:cad>96</ns3:cad>
          </ns3:TrackPointExtension>
        </extensions>
      </trkpt>
      <trkpt lat="22.60203198529779911041259765625" lon="113.88609596528112888336181640625">
        <ele>10.6000003814697265625</ele>
        <time>2026-08-17T23:03:50.000Z</time>
        <extensions>
          <ns3:TrackPointExtension>
            <ns3:hr>167</ns3:hr>
            <ns3:cad>96</ns3:cad>
          </ns3:TrackPointExtension>
        </extensions>
      </trkpt>
      <trkpt lat="22.60201371274888515472412109375" lon="113.886066041886806488037109375">
        <ele>10.6000003814697265625</ele>
        <time>2026-08-17T23:03:51.000Z</time>
        <extensions>
          <ns3:TrackPointExtension>
            <ns3:hr>167</ns3:hr>
            <ns3:cad>96</ns3:cad>
          </ns3:TrackPointExtension>
        </extensions>
      </trkpt>
      <trkpt lat="22.60199166834354400634765625" lon="113.8860330171883106231689453125">
        <ele>10.6000003814697265625</ele>
        <time>2026-08-17T23:03:52.000Z</time>
        <extensions>
          <ns3:TrackPointExtension>
            <ns3:hr>166</ns3:hr>
            <ns3:cad>96</ns3:cad>
          </ns3:TrackPointExtension>
        </extensions>
      </trkpt>
      <trkpt lat="22.60197599418461322784423828125" lon="113.886007033288478851318359375">
        <ele>10.6000003814697265625</ele>
        <time>2026-08-17T23:03:53.000Z</time>
        <extensions>
          <ns3:TrackPointExtension>
            <ns3:hr>167</ns3:hr>
            <ns3:cad>96</ns3:cad>
          </ns3:TrackPointExtension>
        </extensions>
      </trkpt>
      <trkpt lat="22.6019542850553989410400390625" lon="113.885970823466777801513671875">
        <ele>10.6000003814697265625</ele>
        <time>2026-08-17T23:03:54.000Z</time>
        <extensions>
          <ns3:TrackPointExtension>
            <ns3:hr>167</ns3:hr>
            <ns3:cad>96</ns3:cad>
          </ns3:TrackPointExtension>
        </extensions>
      </trkpt>
      <trkpt lat="22.601933665573596954345703125" lon="113.88594224117696285247802734375">
        <ele>10.6000003814697265625</ele>
        <time>2026-08-17T23:03:55.000Z</time>
        <extensions>
          <ns3:TrackPointExtension>
            <ns3:hr>166</ns3:hr>
            <ns3:cad>96</ns3:cad>
          </ns3:TrackPointExtension>
        </extensions>
      </trkpt>
      <trkpt lat="22.60191195644438266754150390625" lon="113.88591491617262363433837890625">
        <ele>10.6000003814697265625</ele>
        <time>2026-08-17T23:03:56.000Z</time>
        <extensions>
          <ns3:TrackPointExtension>
            <ns3:hr>167</ns3:hr>
            <ns3:cad>96</ns3:cad>
          </ns3:TrackPointExtension>
        </extensions>
      </trkpt>
      <trkpt lat="22.60189510881900787353515625" lon="113.88587267138063907623291015625">
        <ele>10.6000003814697265625</ele>
        <time>2026-08-17T23:03:57.000Z</time>
        <extensions>
          <ns3:TrackPointExtension>
            <ns3:hr>166</ns3:hr>
            <ns3:cad>96</ns3:cad>
          </ns3:TrackPointExtension>
        </extensions>
      </trkpt>
      <trkpt lat="22.60187893174588680267333984375" lon="113.88584283180534839630126953125">
        <ele>10.80000019073486328125</ele>
        <time>2026-08-17T23:03:58.000Z</time>
        <extensions>
          <ns3:TrackPointExtension>
            <ns3:hr>166</ns3:hr>
            <ns3:cad>96</ns3:cad>
          </ns3:TrackPointExtension>
        </extensions>
      </trkpt>
      <trkpt lat="22.60186166502535343170166015625" lon="113.88580393977463245391845703125">
        <ele>10.80000019073486328125</ele>
        <time>2026-08-17T23:03:59.000Z</time>
        <extensions>
          <ns3:TrackPointExtension>
            <ns3:hr>166</ns3:hr>
            <ns3:cad>96</ns3:cad>
          </ns3:TrackPointExtension>
        </extensions>
      </trkpt>
      <trkpt lat="22.60184590704739093780517578125" lon="113.8857701607048511505126953125">
        <ele>10.6000003814697265625</ele>
        <time>2026-08-17T23:04:00.000Z</time>
        <extensions>
          <ns3:TrackPointExtension>
            <ns3:hr>167</ns3:hr>
            <ns3:cad>97</ns3:cad>
          </ns3:TrackPointExtension>
        </extensions>
      </trkpt>
      <trkpt lat="22.60183098725974559783935546875" lon="113.88574157841503620147705078125">
        <ele>10.6000003814697265625</ele>
        <time>2026-08-17T23:04:01.000Z</time>
        <extensions>
          <ns3:TrackPointExtension>
            <ns3:hr>167</ns3:hr>
            <ns3:cad>96</ns3:cad>
          </ns3:TrackPointExtension>
        </extensions>
      </trkpt>
      <trkpt lat="22.60181673802435398101806640625" lon="113.8857051171362400054931640625">
        <ele>10.80000019073486328125</ele>
        <time>2026-08-17T23:04:02.000Z</time>
        <extensions>
          <ns3:TrackPointExtension>
            <ns3:hr>167</ns3:hr>
            <ns3:cad>96</ns3:cad>
          </ns3:TrackPointExtension>
        </extensions>
      </trkpt>
      <trkpt lat="22.60180919431149959564208984375" lon="113.88567410409450531005859375">
        <ele>10.6000003814697265625</ele>
        <time>2026-08-17T23:04:03.000Z</time>
        <extensions>
          <ns3:TrackPointExtension>
            <ns3:hr>167</ns3:hr>
            <ns3:cad>96</ns3:cad>
          </ns3:TrackPointExtension>
        </extensions>
      </trkpt>
      <trkpt lat="22.60179896838963031768798828125" lon="113.8856367208063602447509765625">
        <ele>10.80000019073486328125</ele>
        <time>2026-08-17T23:04:04.000Z</time>
        <extensions>
          <ns3:TrackPointExtension>
            <ns3:hr>167</ns3:hr>
            <ns3:cad>96</ns3:cad>
          </ns3:TrackPointExtension>
        </extensions>
      </trkpt>
      <trkpt lat="22.60179209522902965545654296875" lon="113.885600008070468902587890625">
        <ele>10.80000019073486328125</ele>
        <time>2026-08-17T23:04:05.000Z</time>
        <extensions>
          <ns3:TrackPointExtension>
            <ns3:hr>167</ns3:hr>
            <ns3:cad>96</ns3:cad>
          </ns3:TrackPointExtension>
        </extensions>
      </trkpt>
      <trkpt lat="22.601787149906158447265625" lon="113.8855666480958461761474609375">
        <ele>10.80000019073486328125</ele>
        <time>2026-08-17T23:04:06.000Z</time>
        <extensions>
          <ns3:TrackPointExtension>
            <ns3:hr>167</ns3:hr>
            <ns3:cad>96</ns3:cad>
          </ns3:TrackPointExtension>
        </extensions>
      </trkpt>
      <trkpt lat="22.60177784599363803863525390625" lon="113.88552792370319366455078125">
        <ele>10.80000019073486328125</ele>
        <time>2026-08-17T23:04:07.000Z</time>
        <extensions>
          <ns3:TrackPointExtension>
            <ns3:hr>168</ns3:hr>
            <ns3:cad>96</ns3:cad>
          </ns3:TrackPointExtension>
        </extensions>
      </trkpt>
      <trkpt lat="22.60176904499530792236328125" lon="113.88550110161304473876953125">
        <ele>10.80000019073486328125</ele>
        <time>2026-08-17T23:04:08.000Z</time>
        <extensions>
          <ns3:TrackPointExtension>
            <ns3:hr>168</ns3:hr>
            <ns3:cad>96</ns3:cad>
          </ns3:TrackPointExtension>
        </extensions>
      </trkpt>
      <trkpt lat="22.601757980883121490478515625" lon="113.88546313159167766571044921875">
        <ele>10.80000019073486328125</ele>
        <time>2026-08-17T23:04:09.000Z</time>
        <extensions>
          <ns3:TrackPointExtension>
            <ns3:hr>168</ns3:hr>
            <ns3:cad>96</ns3:cad>
          </ns3:TrackPointExtension>
        </extensions>
      </trkpt>
      <trkpt lat="22.601750604808330535888671875" lon="113.88542591594159603118896484375">
        <ele>10.80000019073486328125</ele>
        <time>2026-08-17T23:04:10.000Z</time>
        <extensions>
          <ns3:TrackPointExtension>
            <ns3:hr>167</ns3:hr>
            <ns3:cad>96</ns3:cad>
          </ns3:TrackPointExtension>
        </extensions>
      </trkpt>
      <trkpt lat="22.6017423905432224273681640625" lon="113.885392807424068450927734375">
        <ele>10.80000019073486328125</ele>
        <time>2026-08-17T23:04:11.000Z</time>
        <extensions>
          <ns3:TrackPointExtension>
            <ns3:hr>167</ns3:hr>
            <ns3:cad>97</ns3:cad>
          </ns3:TrackPointExtension>
        </extensions>
      </trkpt>
      <trkpt lat="22.60173409245908260345458984375" lon="113.8853493891656398773193359375">
        <ele>10.80000019073486328125</ele>
        <time>2026-08-17T23:04:12.000Z</time>
        <extensions>
          <ns3:TrackPointExtension>
            <ns3:hr>167</ns3:hr>
            <ns3:cad>97</ns3:cad>
          </ns3:TrackPointExtension>
        </extensions>
      </trkpt>
      <trkpt lat="22.60172604583203792572021484375" lon="113.8853178732097148895263671875">
        <ele>10.80000019073486328125</ele>
        <time>2026-08-17T23:04:13.000Z</time>
        <extensions>
          <ns3:TrackPointExtension>
            <ns3:hr>167</ns3:hr>
            <ns3:cad>97</ns3:cad>
          </ns3:TrackPointExtension>
        </extensions>
      </trkpt>
      <trkpt lat="22.6017175801098346710205078125" lon="113.88527940027415752410888671875">
        <ele>10.80000019073486328125</ele>
        <time>2026-08-17T23:04:14.000Z</time>
        <extensions>
          <ns3:TrackPointExtension>
            <ns3:hr>167</ns3:hr>
            <ns3:cad>97</ns3:cad>
          </ns3:TrackPointExtension>
        </extensions>
      </trkpt>
      <trkpt lat="22.6017031632363796234130859375" lon="113.8852410949766635894775390625">
        <ele>10.6000003814697265625</ele>
        <time>2026-08-17T23:04:15.000Z</time>
        <extensions>
          <ns3:TrackPointExtension>
            <ns3:hr>167</ns3:hr>
            <ns3:cad>95</ns3:cad>
          </ns3:TrackPointExtension>
        </extensions>
      </trkpt>
      <trkpt lat="22.6016904227435588836669921875" lon="113.88521351851522922515869140625">
        <ele>10.6000003814697265625</ele>
        <time>2026-08-17T23:04:16.000Z</time>
        <extensions>
          <ns3:TrackPointExtension>
            <ns3:hr>166</ns3:hr>
            <ns3:cad>95</ns3:cad>
          </ns3:TrackPointExtension>
        </extensions>
      </trkpt>
      <trkpt lat="22.60167625732719898223876953125" lon="113.88517999090254306793212890625">
        <ele>10.6000003814697265625</ele>
        <time>2026-08-17T23:04:17.000Z</time>
        <extensions>
          <ns3:TrackPointExtension>
            <ns3:hr>167</ns3:hr>
            <ns3:cad>95</ns3:cad>
          </ns3:TrackPointExtension>
        </extensions>
      </trkpt>
      <trkpt lat="22.6016552187502384185791015625" lon="113.8851609639823436737060546875">
        <ele>10.6000003814697265625</ele>
        <time>2026-08-17T23:04:18.000Z</time>
        <extensions>
          <ns3:TrackPointExtension>
            <ns3:hr>167</ns3:hr>
            <ns3:cad>95</ns3:cad>
          </ns3:TrackPointExtension>
        </extensions>
      </trkpt>
      <trkpt lat="22.6016310788691043853759765625" lon="113.88513959012925624847412109375">
        <ele>10.80000019073486328125</ele>
        <time>2026-08-17T23:04:19.000Z</time>
        <extensions>
          <ns3:TrackPointExtension>
            <ns3:hr>167</ns3:hr>
            <ns3:cad>97</ns3:cad>
          </ns3:TrackPointExtension>
        </extensions>
      </trkpt>
      <trkpt lat="22.60161221958696842193603515625" lon="113.885113857686519622802734375">
        <ele>10.80000019073486328125</ele>
        <time>2026-08-17T23:04:20.000Z</time>
        <extensions>
          <ns3:TrackPointExtension>
            <ns3:hr>166</ns3:hr>
            <ns3:cad>97</ns3:cad>
          </ns3:TrackPointExtension>
        </extensions>
      </trkpt>
      <trkpt lat="22.6016042567789554595947265625" lon="113.88509348966181278228759765625">
        <ele>10.80000019073486328125</ele>
        <time>2026-08-17T23:04:21.000Z</time>
        <extensions>
          <ns3:TrackPointExtension>
            <ns3:hr>167</ns3:hr>
            <ns3:cad>96</ns3:cad>
          </ns3:TrackPointExtension>
        </extensions>
      </trkpt>
      <trkpt lat="22.6015982218086719512939453125" lon="113.8850553520023822784423828125">
        <ele>10.80000019073486328125</ele>
        <time>2026-08-17T23:04:22.000Z</time>
        <extensions>
          <ns3:TrackPointExtension>
            <ns3:hr>167</ns3:hr>
            <ns3:cad>94</ns3:cad>
          </ns3:TrackPointExtension>
        </extensions>
      </trkpt>
      <trkpt lat="22.60159059427678585052490234375" lon="113.885025680065155029296875">
        <ele>11</ele>
        <time>2026-08-17T23:04:23.000Z</time>
        <extensions>
          <ns3:TrackPointExtension>
            <ns3:hr>166</ns3:hr>
            <ns3:cad>94</ns3:cad>
          </ns3:TrackPointExtension>
        </extensions>
      </trkpt>
      <trkpt lat="22.601584307849407196044921875" lon="113.88498620130121707916259765625">
        <ele>10.80000019073486328125</ele>
        <time>2026-08-17T23:04:24.000Z</time>
        <extensions>
          <ns3:TrackPointExtension>
            <ns3:hr>167</ns3:hr>
            <ns3:cad>94</ns3:cad>
          </ns3:TrackPointExtension>
        </extensions>
      </trkpt>
      <trkpt lat="22.6015760935842990875244140625" lon="113.884944878518581390380859375">
        <ele>11</ele>
        <time>2026-08-17T23:04:25.000Z</time>
        <extensions>
          <ns3:TrackPointExtension>
            <ns3:hr>166</ns3:hr>
            <ns3:cad>95</ns3:cad>
          </ns3:TrackPointExtension>
        </extensions>
      </trkpt>
      <trkpt lat="22.60157047770917415618896484375" lon="113.88490967452526092529296875">
        <ele>11</ele>
        <time>2026-08-17T23:04:26.000Z</time>
        <extensions>
          <ns3:TrackPointExtension>
            <ns3:hr>166</ns3:hr>
            <ns3:cad>95</ns3:cad>
          </ns3:TrackPointExtension>
        </extensions>
      </trkpt>
      <trkpt lat="22.601561509072780609130859375" lon="113.88486801646649837493896484375">
        <ele>10.80000019073486328125</ele>
        <time>2026-08-17T23:04:27.000Z</time>
        <extensions>
          <ns3:TrackPointExtension>
            <ns3:hr>166</ns3:hr>
            <ns3:cad>96</ns3:cad>
          </ns3:TrackPointExtension>
        </extensions>
      </trkpt>
      <trkpt lat="22.601551115512847900390625" lon="113.884831555187702178955078125">
        <ele>10.80000019073486328125</ele>
        <time>2026-08-17T23:04:28.000Z</time>
        <extensions>
          <ns3:TrackPointExtension>
            <ns3:hr>167</ns3:hr>
            <ns3:cad>96</ns3:cad>
          </ns3:TrackPointExtension>
        </extensions>
      </trkpt>
      <trkpt lat="22.60154516436159610748291015625" lon="113.88479769229888916015625">
        <ele>10.80000019073486328125</ele>
        <time>2026-08-17T23:04:29.000Z</time>
        <extensions>
          <ns3:TrackPointExtension>
            <ns3:hr>166</ns3:hr>
            <ns3:cad>96</ns3:cad>
          </ns3:TrackPointExtension>
        </extensions>
      </trkpt>
      <trkpt lat="22.60153359733521938323974609375" lon="113.88475419022142887115478515625">
        <ele>10.80000019073486328125</ele>
        <time>2026-08-17T23:04:30.000Z</time>
        <extensions>
          <ns3:TrackPointExtension>
            <ns3:hr>167</ns3:hr>
            <ns3:cad>98</ns3:cad>
          </ns3:TrackPointExtension>
        </extensions>
      </trkpt>
      <trkpt lat="22.60152370668947696685791015625" lon="113.88472133316099643707275390625">
        <ele>10.80000019073486328125</ele>
        <time>2026-08-17T23:04:31.000Z</time>
        <extensions>
          <ns3:TrackPointExtension>
            <ns3:hr>167</ns3:hr>
            <ns3:cad>98</ns3:cad>
          </ns3:TrackPointExtension>
        </extensions>
      </trkpt>
      <trkpt lat="22.60151557624340057373046875" lon="113.8846825249493122100830078125">
        <ele>10.80000019073486328125</ele>
        <time>2026-08-17T23:04:32.000Z</time>
        <extensions>
          <ns3:TrackPointExtension>
            <ns3:hr>167</ns3:hr>
            <ns3:cad>98</ns3:cad>
          </ns3:TrackPointExtension>
        </extensions>
      </trkpt>
      <trkpt lat="22.60150794871151447296142578125" lon="113.88464623130857944488525390625">
        <ele>11</ele>
        <time>2026-08-17T23:04:33.000Z</time>
        <extensions>
          <ns3:TrackPointExtension>
            <ns3:hr>167</ns3:hr>
            <ns3:cad>98</ns3:cad>
          </ns3:TrackPointExtension>
        </extensions>
      </trkpt>
      <trkpt lat="22.60150107555091381072998046875" lon="113.884615637362003326416015625">
        <ele>11</ele>
        <time>2026-08-17T23:04:34.000Z</time>
        <extensions>
          <ns3:TrackPointExtension>
            <ns3:hr>168</ns3:hr>
            <ns3:cad>97</ns3:cad>
          </ns3:TrackPointExtension>
        </extensions>
      </trkpt>
      <trkpt lat="22.60149437002837657928466796875" lon="113.88458403758704662322998046875">
        <ele>11</ele>
        <time>2026-08-17T23:04:35.000Z</time>
        <extensions>
          <ns3:TrackPointExtension>
            <ns3:hr>168</ns3:hr>
            <ns3:cad>97</ns3:cad>
          </ns3:TrackPointExtension>
        </extensions>
      </trkpt>
      <trkpt lat="22.60148548521101474761962890625" lon="113.884551934897899627685546875">
        <ele>10.80000019073486328125</ele>
        <time>2026-08-17T23:04:36.000Z</time>
        <extensions>
          <ns3:TrackPointExtension>
            <ns3:hr>168</ns3:hr>
            <ns3:cad>98</ns3:cad>
          </ns3:TrackPointExtension>
        </extensions>
      </trkpt>
      <trkpt lat="22.60147928260266780853271484375" lon="113.88451916165649890899658203125">
        <ele>11</ele>
        <time>2026-08-17T23:04:37.000Z</time>
        <extensions>
          <ns3:TrackPointExtension>
            <ns3:hr>169</ns3:hr>
            <ns3:cad>98</ns3:cad>
          </ns3:TrackPointExtension>
        </extensions>
      </trkpt>
      <trkpt lat="22.60147157125174999237060546875" lon="113.88448630459606647491455078125">
        <ele>11</ele>
        <time>2026-08-17T23:04:38.000Z</time>
        <extensions>
          <ns3:TrackPointExtension>
            <ns3:hr>169</ns3:hr>
            <ns3:cad>98</ns3:cad>
          </ns3:TrackPointExtension>
        </extensions>
      </trkpt>
      <trkpt lat="22.60146285407245159149169921875" lon="113.884456045925617218017578125">
        <ele>11</ele>
        <time>2026-08-17T23:04:39.000Z</time>
        <extensions>
          <ns3:TrackPointExtension>
            <ns3:hr>169</ns3:hr>
            <ns3:cad>98</ns3:cad>
          </ns3:TrackPointExtension>
        </extensions>
      </trkpt>
      <trkpt lat="22.60145380161702632904052734375" lon="113.884419165551662445068359375">
        <ele>11.19999980926513671875</ele>
        <time>2026-08-17T23:04:40.000Z</time>
        <extensions>
          <ns3:TrackPointExtension>
            <ns3:hr>169</ns3:hr>
            <ns3:cad>97</ns3:cad>
          </ns3:TrackPointExtension>
        </extensions>
      </trkpt>
      <trkpt lat="22.60143854655325412750244140625" lon="113.884371556341648101806640625">
        <ele>11.19999980926513671875</ele>
        <time>2026-08-17T23:04:41.000Z</time>
        <extensions>
          <ns3:TrackPointExtension>
            <ns3:hr>169</ns3:hr>
            <ns3:cad>97</ns3:cad>
          </ns3:TrackPointExtension>
        </extensions>
      </trkpt>
      <trkpt lat="22.60142572224140167236328125" lon="113.88432906009256839752197265625">
        <ele>11.19999980926513671875</ele>
        <time>2026-08-17T23:04:42.000Z</time>
        <extensions>
          <ns3:TrackPointExtension>
            <ns3:hr>169</ns3:hr>
            <ns3:cad>97</ns3:cad>
          </ns3:TrackPointExtension>
        </extensions>
      </trkpt>
      <trkpt lat="22.6014128141105175018310546875" lon="113.884282372891902923583984375">
        <ele>11.19999980926513671875</ele>
        <time>2026-08-17T23:04:43.000Z</time>
        <extensions>
          <ns3:TrackPointExtension>
            <ns3:hr>168</ns3:hr>
            <ns3:cad>97</ns3:cad>
          </ns3:TrackPointExtension>
        </extensions>
      </trkpt>
      <trkpt lat="22.60139755904674530029296875" lon="113.88424591161310672760009765625">
        <ele>11.19999980926513671875</ele>
        <time>2026-08-17T23:04:44.000Z</time>
        <extensions>
          <ns3:TrackPointExtension>
            <ns3:hr>169</ns3:hr>
            <ns3:cad>97</ns3:cad>
          </ns3:TrackPointExtension>
        </extensions>
      </trkpt>
      <trkpt lat="22.60138976387679576873779296875" lon="113.8842097856104373931884765625">
        <ele>11.19999980926513671875</ele>
        <time>2026-08-17T23:04:45.000Z</time>
        <extensions>
          <ns3:TrackPointExtension>
            <ns3:hr>169</ns3:hr>
            <ns3:cad>96</ns3:cad>
          </ns3:TrackPointExtension>
        </extensions>
      </trkpt>
      <trkpt lat="22.6013745926320552825927734375" lon="113.88416611589491367340087890625">
        <ele>11.19999980926513671875</ele>
        <time>2026-08-17T23:04:46.000Z</time>
        <extensions>
          <ns3:TrackPointExtension>
            <ns3:hr>169</ns3:hr>
            <ns3:cad>96</ns3:cad>
          </ns3:TrackPointExtension>
        </extensions>
      </trkpt>
      <trkpt lat="22.6013595052063465118408203125" lon="113.884134180843830108642578125">
        <ele>11</ele>
        <time>2026-08-17T23:04:47.000Z</time>
        <extensions>
          <ns3:TrackPointExtension>
            <ns3:hr>169</ns3:hr>
            <ns3:cad>96</ns3:cad>
          </ns3:TrackPointExtension>
        </extensions>
      </trkpt>
      <trkpt lat="22.601346932351589202880859375" lon="113.88409218750894069671630859375">
        <ele>11</ele>
        <time>2026-08-17T23:04:48.000Z</time>
        <extensions>
          <ns3:TrackPointExtension>
            <ns3:hr>170</ns3:hr>
            <ns3:cad>96</ns3:cad>
          </ns3:TrackPointExtension>
        </extensions>
      </trkpt>
      <trkpt lat="22.6013300009071826934814453125" lon="113.88405765406787395477294921875">
        <ele>11</ele>
        <time>2026-08-17T23:04:49.000Z</time>
        <extensions>
          <ns3:TrackPointExtension>
            <ns3:hr>170</ns3:hr>
            <ns3:cad>98</ns3:cad>
          </ns3:TrackPointExtension>
        </extensions>
      </trkpt>
      <trkpt lat="22.601319439709186553955078125" lon="113.88402814976871013641357421875">
        <ele>11</ele>
        <time>2026-08-17T23:04:50.000Z</time>
        <extensions>
          <ns3:TrackPointExtension>
            <ns3:hr>170</ns3:hr>
            <ns3:cad>98</ns3:cad>
          </ns3:TrackPointExtension>
        </extensions>
      </trkpt>
      <trkpt lat="22.601304017007350921630859375" lon="113.88398841954767704010009765625">
        <ele>11.19999980926513671875</ele>
        <time>2026-08-17T23:04:51.000Z</time>
        <extensions>
          <ns3:TrackPointExtension>
            <ns3:hr>169</ns3:hr>
            <ns3:cad>98</ns3:cad>
          </ns3:TrackPointExtension>
        </extensions>
      </trkpt>
      <trkpt lat="22.60129027068614959716796875" lon="113.88395908288657665252685546875">
        <ele>11.19999980926513671875</ele>
        <time>2026-08-17T23:04:52.000Z</time>
        <extensions>
          <ns3:TrackPointExtension>
            <ns3:hr>170</ns3:hr>
            <ns3:cad>96</ns3:cad>
          </ns3:TrackPointExtension>
        </extensions>
      </trkpt>
      <trkpt lat="22.60127828456461429595947265625" lon="113.88392186723649501800537109375">
        <ele>11.19999980926513671875</ele>
        <time>2026-08-17T23:04:53.000Z</time>
        <extensions>
          <ns3:TrackPointExtension>
            <ns3:hr>170</ns3:hr>
            <ns3:cad>96</ns3:cad>
          </ns3:TrackPointExtension>
        </extensions>
      </trkpt>
      <trkpt lat="22.60126470588147640228271484375" lon="113.88388750143349170684814453125">
        <ele>11.19999980926513671875</ele>
        <time>2026-08-17T23:04:54.000Z</time>
        <extensions>
          <ns3:TrackPointExtension>
            <ns3:hr>169</ns3:hr>
            <ns3:cad>96</ns3:cad>
          </ns3:TrackPointExtension>
        </extensions>
      </trkpt>
      <trkpt lat="22.60125079192221164703369140625" lon="113.88385497964918613433837890625">
        <ele>11.19999980926513671875</ele>
        <time>2026-08-17T23:04:55.000Z</time>
        <extensions>
          <ns3:TrackPointExtension>
            <ns3:hr>169</ns3:hr>
            <ns3:cad>97</ns3:cad>
          </ns3:TrackPointExtension>
        </extensions>
      </trkpt>
      <trkpt lat="22.60123402811586856842041015625" lon="113.88381608761847019195556640625">
        <ele>11.19999980926513671875</ele>
        <time>2026-08-17T23:04:56.000Z</time>
        <extensions>
          <ns3:TrackPointExtension>
            <ns3:hr>169</ns3:hr>
            <ns3:cad>97</ns3:cad>
          </ns3:TrackPointExtension>
        </extensions>
      </trkpt>
      <trkpt lat="22.60122053325176239013671875" lon="113.8837906904518604278564453125">
        <ele>11</ele>
        <time>2026-08-17T23:04:57.000Z</time>
        <extensions>
          <ns3:TrackPointExtension>
            <ns3:hr>170</ns3:hr>
            <ns3:cad>96</ns3:cad>
          </ns3:TrackPointExtension>
        </extensions>
      </trkpt>
      <trkpt lat="22.601212821900844573974609375" lon="113.88375489972531795501708984375">
        <ele>11</ele>
        <time>2026-08-17T23:04:58.000Z</time>
        <extensions>
          <ns3:TrackPointExtension>
            <ns3:hr>169</ns3:hr>
            <ns3:cad>96</ns3:cad>
          </ns3:TrackPointExtension>
        </extensions>
      </trkpt>
      <trkpt lat="22.60119798593223094940185546875" lon="113.8837189413607120513916015625">
        <ele>11</ele>
        <time>2026-08-17T23:04:59.000Z</time>
        <extensions>
          <ns3:TrackPointExtension>
            <ns3:hr>169</ns3:hr>
            <ns3:cad>96</ns3:cad>
          </ns3:TrackPointExtension>
        </extensions>
      </trkpt>
      <trkpt lat="22.60118306614458560943603515625" lon="113.8836877606809139251708984375">
        <ele>11</ele>
        <time>2026-08-17T23:05:00.000Z</time>
        <extensions>
          <ns3:TrackPointExtension>
            <ns3:hr>169</ns3:hr>
            <ns3:cad>97</ns3:cad>
          </ns3:TrackPointExtension>
        </extensions>
      </trkpt>
      <trkpt lat="22.601170241832733154296875" lon="113.8836468569934368133544921875">
        <ele>10.80000019073486328125</ele>
        <time>2026-08-17T23:05:01.000Z</time>
        <extensions>
          <ns3:TrackPointExtension>
            <ns3:hr>169</ns3:hr>
            <ns3:cad>97</ns3:cad>
          </ns3:TrackPointExtension>
        </extensions>
      </trkpt>
      <trkpt lat="22.60115406475961208343505859375" lon="113.88361073099076747894287109375">
        <ele>10.80000019073486328125</ele>
        <time>2026-08-17T23:05:02.000Z</time>
        <extensions>
          <ns3:TrackPointExtension>
            <ns3:hr>170</ns3:hr>
            <ns3:cad>97</ns3:cad>
          </ns3:TrackPointExtension>
        </extensions>
      </trkpt>
      <trkpt lat="22.601143084466457366943359375" lon="113.8835784606635570526123046875">
        <ele>10.80000019073486328125</ele>
        <time>2026-08-17T23:05:03.000Z</time>
        <extensions>
          <ns3:TrackPointExtension>
            <ns3:hr>169</ns3:hr>
            <ns3:cad>97</ns3:cad>
          </ns3:TrackPointExtension>
        </extensions>
      </trkpt>
      <trkpt lat="22.60112891905009746551513671875" lon="113.88354065828025341033935546875">
        <ele>10.80000019073486328125</ele>
        <time>2026-08-17T23:05:04.000Z</time>
        <extensions>
          <ns3:TrackPointExtension>
            <ns3:hr>169</ns3:hr>
            <ns3:cad>96</ns3:cad>
          </ns3:TrackPointExtension>
        </extensions>
      </trkpt>
      <trkpt lat="22.60111282579600811004638671875" lon="113.8835070468485355377197265625">
        <ele>10.80000019073486328125</ele>
        <time>2026-08-17T23:05:05.000Z</time>
        <extensions>
          <ns3:TrackPointExtension>
            <ns3:hr>169</ns3:hr>
            <ns3:cad>96</ns3:cad>
          </ns3:TrackPointExtension>
        </extensions>
      </trkpt>
      <trkpt lat="22.601095139980316162109375" lon="113.88347226195037364959716796875">
        <ele>10.80000019073486328125</ele>
        <time>2026-08-17T23:05:06.000Z</time>
        <extensions>
          <ns3:TrackPointExtension>
            <ns3:hr>169</ns3:hr>
            <ns3:cad>97</ns3:cad>
          </ns3:TrackPointExtension>
        </extensions>
      </trkpt>
      <trkpt lat="22.601073347032070159912109375" lon="113.883434794843196868896484375">
        <ele>10.80000019073486328125</ele>
        <time>2026-08-17T23:05:07.000Z</time>
        <extensions>
          <ns3:TrackPointExtension>
            <ns3:hr>169</ns3:hr>
            <ns3:cad>98</ns3:cad>
          </ns3:TrackPointExtension>
        </extensions>
      </trkpt>
      <trkpt lat="22.60105784051120281219482421875" lon="113.8834071345627307891845703125">
        <ele>10.80000019073486328125</ele>
        <time>2026-08-17T23:05:08.000Z</time>
        <extensions>
          <ns3:TrackPointExtension>
            <ns3:hr>168</ns3:hr>
            <ns3:cad>98</ns3:cad>
          </ns3:TrackPointExtension>
        </extensions>
      </trkpt>
      <trkpt lat="22.60104342363774776458740234375" lon="113.88336799107491970062255859375">
        <ele>10.80000019073486328125</ele>
        <time>2026-08-17T23:05:09.000Z</time>
        <extensions>
          <ns3:TrackPointExtension>
            <ns3:hr>168</ns3:hr>
            <ns3:cad>98</ns3:cad>
          </ns3:TrackPointExtension>
        </extensions>
      </trkpt>
      <trkpt lat="22.60102665983140468597412109375" lon="113.8833318650722503662109375">
        <ele>10.80000019073486328125</ele>
        <time>2026-08-17T23:05:10.000Z</time>
        <extensions>
          <ns3:TrackPointExtension>
            <ns3:hr>168</ns3:hr>
            <ns3:cad>98</ns3:cad>
          </ns3:TrackPointExtension>
        </extensions>
      </trkpt>
      <trkpt lat="22.6010114885866641998291015625" lon="113.88330110348761081695556640625">
        <ele>10.80000019073486328125</ele>
        <time>2026-08-17T23:05:11.000Z</time>
        <extensions>
          <ns3:TrackPointExtension>
            <ns3:hr>169</ns3:hr>
            <ns3:cad>98</ns3:cad>
          </ns3:TrackPointExtension>
        </extensions>
      </trkpt>
      <trkpt lat="22.600992880761623382568359375" lon="113.883260451257228851318359375">
        <ele>10.80000019073486328125</ele>
        <time>2026-08-17T23:05:12.000Z</time>
        <extensions>
          <ns3:TrackPointExtension>
            <ns3:hr>168</ns3:hr>
            <ns3:cad>99</ns3:cad>
          </ns3:TrackPointExtension>
        </extensions>
      </trkpt>
      <trkpt lat="22.60097318328917026519775390625" lon="113.88322683982551097869873046875">
        <ele>10.80000019073486328125</ele>
        <time>2026-08-17T23:05:13.000Z</time>
        <extensions>
          <ns3:TrackPointExtension>
            <ns3:hr>169</ns3:hr>
            <ns3:cad>99</ns3:cad>
          </ns3:TrackPointExtension>
        </extensions>
      </trkpt>
      <trkpt lat="22.60095641948282718658447265625" lon="113.88319649733603000640869140625">
        <ele>10.6000003814697265625</ele>
        <time>2026-08-17T23:05:14.000Z</time>
        <extensions>
          <ns3:TrackPointExtension>
            <ns3:hr>169</ns3:hr>
            <ns3:cad>98</ns3:cad>
          </ns3:TrackPointExtension>
        </extensions>
      </trkpt>
      <trkpt lat="22.60093781165778636932373046875" lon="113.88315559364855289459228515625">
        <ele>10.6000003814697265625</ele>
        <time>2026-08-17T23:05:15.000Z</time>
        <extensions>
          <ns3:TrackPointExtension>
            <ns3:hr>169</ns3:hr>
            <ns3:cad>98</ns3:cad>
          </ns3:TrackPointExtension>
        </extensions>
      </trkpt>
      <trkpt lat="22.600920461118221282958984375" lon="113.883129023015499114990234375">
        <ele>10.6000003814697265625</ele>
        <time>2026-08-17T23:05:16.000Z</time>
        <extensions>
          <ns3:TrackPointExtension>
            <ns3:hr>168</ns3:hr>
            <ns3:cad>98</ns3:cad>
          </ns3:TrackPointExtension>
        </extensions>
      </trkpt>
      <trkpt lat="22.600906379520893096923828125" lon="113.88309918344020843505859375">
        <ele>10.6000003814697265625</ele>
        <time>2026-08-17T23:05:17.000Z</time>
        <extensions>
          <ns3:TrackPointExtension>
            <ns3:hr>169</ns3:hr>
            <ns3:cad>98</ns3:cad>
          </ns3:TrackPointExtension>
        </extensions>
      </trkpt>
      <trkpt lat="22.60088567622005939483642578125" lon="113.88306071050465106964111328125">
        <ele>10.6000003814697265625</ele>
        <time>2026-08-17T23:05:18.000Z</time>
        <extensions>
          <ns3:TrackPointExtension>
            <ns3:hr>169</ns3:hr>
            <ns3:cad>97</ns3:cad>
          </ns3:TrackPointExtension>
        </extensions>
      </trkpt>
      <trkpt lat="22.60086690075695514678955078125" lon="113.883035816252231597900390625">
        <ele>10.6000003814697265625</ele>
        <time>2026-08-17T23:05:19.000Z</time>
        <extensions>
          <ns3:TrackPointExtension>
            <ns3:hr>169</ns3:hr>
            <ns3:cad>97</ns3:cad>
          </ns3:TrackPointExtension>
        </extensions>
      </trkpt>
      <trkpt lat="22.60084996931254863739013671875" lon="113.88299415819346904754638671875">
        <ele>10.6000003814697265625</ele>
        <time>2026-08-17T23:05:20.000Z</time>
        <extensions>
          <ns3:TrackPointExtension>
            <ns3:hr>168</ns3:hr>
            <ns3:cad>98</ns3:cad>
          </ns3:TrackPointExtension>
        </extensions>
      </trkpt>
      <trkpt lat="22.6008331216871738433837890625" lon="113.88296130113303661346435546875">
        <ele>10.6000003814697265625</ele>
        <time>2026-08-17T23:05:21.000Z</time>
        <extensions>
          <ns3:TrackPointExtension>
            <ns3:hr>169</ns3:hr>
            <ns3:cad>98</ns3:cad>
          </ns3:TrackPointExtension>
        </extensions>
      </trkpt>
      <trkpt lat="22.6008203811943531036376953125" lon="113.88292961753904819488525390625">
        <ele>10.3999996185302734375</ele>
        <time>2026-08-17T23:05:22.000Z</time>
        <extensions>
          <ns3:TrackPointExtension>
            <ns3:hr>169</ns3:hr>
            <ns3:cad>98</ns3:cad>
          </ns3:TrackPointExtension>
        </extensions>
      </trkpt>
      <trkpt lat="22.6008056290447711944580078125" lon="113.8828898034989833831787109375">
        <ele>10.3999996185302734375</ele>
        <time>2026-08-17T23:05:23.000Z</time>
        <extensions>
          <ns3:TrackPointExtension>
            <ns3:hr>169</ns3:hr>
            <ns3:cad>98</ns3:cad>
          </ns3:TrackPointExtension>
        </extensions>
      </trkpt>
      <trkpt lat="22.600795738399028778076171875" lon="113.8828613050282001495361328125">
        <ele>10.3999996185302734375</ele>
        <time>2026-08-17T23:05:24.000Z</time>
        <extensions>
          <ns3:TrackPointExtension>
            <ns3:hr>168</ns3:hr>
            <ns3:cad>97</ns3:cad>
          </ns3:TrackPointExtension>
        </extensions>
      </trkpt>
      <trkpt lat="22.6007818244397640228271484375" lon="113.8828193955123424530029296875">
        <ele>10.3999996185302734375</ele>
        <time>2026-08-17T23:05:25.000Z</time>
        <extensions>
          <ns3:TrackPointExtension>
            <ns3:hr>169</ns3:hr>
            <ns3:cad>96</ns3:cad>
          </ns3:TrackPointExtension>
        </extensions>
      </trkpt>
      <trkpt lat="22.6007674075663089752197265625" lon="113.88278410769999027252197265625">
        <ele>10.3999996185302734375</ele>
        <time>2026-08-17T23:05:26.000Z</time>
        <extensions>
          <ns3:TrackPointExtension>
            <ns3:hr>169</ns3:hr>
            <ns3:cad>96</ns3:cad>
          </ns3:TrackPointExtension>
        </extensions>
      </trkpt>
      <trkpt lat="22.60075055994093418121337890625" lon="113.882753849029541015625">
        <ele>10.3999996185302734375</ele>
        <time>2026-08-17T23:05:27.000Z</time>
        <extensions>
          <ns3:TrackPointExtension>
            <ns3:hr>169</ns3:hr>
            <ns3:cad>96</ns3:cad>
          </ns3:TrackPointExtension>
        </extensions>
      </trkpt>
      <trkpt lat="22.60072910226881504058837890625" lon="113.882717974483966827392578125">
        <ele>10.6000003814697265625</ele>
        <time>2026-08-17T23:05:28.000Z</time>
        <extensions>
          <ns3:TrackPointExtension>
            <ns3:hr>170</ns3:hr>
            <ns3:cad>96</ns3:cad>
          </ns3:TrackPointExtension>
        </extensions>
      </trkpt>
      <trkpt lat="22.6007117517292499542236328125" lon="113.88269140385091304779052734375">
        <ele>10.6000003814697265625</ele>
        <time>2026-08-17T23:05:29.000Z</time>
        <extensions>
          <ns3:TrackPointExtension>
            <ns3:hr>169</ns3:hr>
            <ns3:cad>96</ns3:cad>
          </ns3:TrackPointExtension>
        </extensions>
      </trkpt>
      <trkpt lat="22.60069976560771465301513671875" lon="113.88265050016343593597412109375">
        <ele>10.6000003814697265625</ele>
        <time>2026-08-17T23:05:30.000Z</time>
        <extensions>
          <ns3:TrackPointExtension>
            <ns3:hr>169</ns3:hr>
            <ns3:cad>96</ns3:cad>
          </ns3:TrackPointExtension>
        </extensions>
      </trkpt>
      <trkpt lat="22.600685767829418182373046875" lon="113.8826158829033374786376953125">
        <ele>10.6000003814697265625</ele>
        <time>2026-08-17T23:05:31.000Z</time>
        <extensions>
          <ns3:TrackPointExtension>
            <ns3:hr>170</ns3:hr>
            <ns3:cad>96</ns3:cad>
          </ns3:TrackPointExtension>
        </extensions>
      </trkpt>
      <trkpt lat="22.60067143477499485015869140625" lon="113.8825830258429050445556640625">
        <ele>10.6000003814697265625</ele>
        <time>2026-08-17T23:05:32.000Z</time>
        <extensions>
          <ns3:TrackPointExtension>
            <ns3:hr>169</ns3:hr>
            <ns3:cad>96</ns3:cad>
          </ns3:TrackPointExtension>
        </extensions>
      </trkpt>
      <trkpt lat="22.60065316222608089447021484375" lon="113.8825434632599353790283203125">
        <ele>10.6000003814697265625</ele>
        <time>2026-08-17T23:05:33.000Z</time>
        <extensions>
          <ns3:TrackPointExtension>
            <ns3:hr>169</ns3:hr>
            <ns3:cad>97</ns3:cad>
          </ns3:TrackPointExtension>
        </extensions>
      </trkpt>
      <trkpt lat="22.6006353087723255157470703125" lon="113.88251588679850101470947265625">
        <ele>10.6000003814697265625</ele>
        <time>2026-08-17T23:05:34.000Z</time>
        <extensions>
          <ns3:TrackPointExtension>
            <ns3:hr>169</ns3:hr>
            <ns3:cad>97</ns3:cad>
          </ns3:TrackPointExtension>
        </extensions>
      </trkpt>
      <trkpt lat="22.60062248446047306060791015625" lon="113.882475905120372772216796875">
        <ele>10.6000003814697265625</ele>
        <time>2026-08-17T23:05:35.000Z</time>
        <extensions>
          <ns3:TrackPointExtension>
            <ns3:hr>169</ns3:hr>
            <ns3:cad>95</ns3:cad>
          </ns3:TrackPointExtension>
        </extensions>
      </trkpt>
      <trkpt lat="22.60061007924377918243408203125" lon="113.88244162313640117645263671875">
        <ele>10.6000003814697265625</ele>
        <time>2026-08-17T23:05:36.000Z</time>
        <extensions>
          <ns3:TrackPointExtension>
            <ns3:hr>169</ns3:hr>
            <ns3:cad>95</ns3:cad>
          </ns3:TrackPointExtension>
        </extensions>
      </trkpt>
      <trkpt lat="22.60059557855129241943359375" lon="113.88241664506494998931884765625">
        <ele>10.6000003814697265625</ele>
        <time>2026-08-17T23:05:37.000Z</time>
        <extensions>
          <ns3:TrackPointExtension>
            <ns3:hr>170</ns3:hr>
            <ns3:cad>95</ns3:cad>
          </ns3:TrackPointExtension>
        </extensions>
      </trkpt>
      <trkpt lat="22.60058082640171051025390625" lon="113.88237842358648777008056640625">
        <ele>10.6000003814697265625</ele>
        <time>2026-08-17T23:05:38.000Z</time>
        <extensions>
          <ns3:TrackPointExtension>
            <ns3:hr>169</ns3:hr>
            <ns3:cad>97</ns3:cad>
          </ns3:TrackPointExtension>
        </extensions>
      </trkpt>
      <trkpt lat="22.60056481696665287017822265625" lon="113.88235160149633884429931640625">
        <ele>10.6000003814697265625</ele>
        <time>2026-08-17T23:05:39.000Z</time>
        <extensions>
          <ns3:TrackPointExtension>
            <ns3:hr>169</ns3:hr>
            <ns3:cad>97</ns3:cad>
          </ns3:TrackPointExtension>
        </extensions>
      </trkpt>
      <trkpt lat="22.60055291466414928436279296875" lon="113.8823262043297290802001953125">
        <ele>10.6000003814697265625</ele>
        <time>2026-08-17T23:05:40.000Z</time>
        <extensions>
          <ns3:TrackPointExtension>
            <ns3:hr>170</ns3:hr>
            <ns3:cad>97</ns3:cad>
          </ns3:TrackPointExtension>
        </extensions>
      </trkpt>
      <trkpt lat="22.60052994824945926666259765625" lon="113.8822911679744720458984375">
        <ele>10.6000003814697265625</ele>
        <time>2026-08-17T23:05:41.000Z</time>
        <extensions>
          <ns3:TrackPointExtension>
            <ns3:hr>169</ns3:hr>
            <ns3:cad>96</ns3:cad>
          </ns3:TrackPointExtension>
        </extensions>
      </trkpt>
      <trkpt lat="22.60051486082375049591064453125" lon="113.8822638429701328277587890625">
        <ele>10.6000003814697265625</ele>
        <time>2026-08-17T23:05:42.000Z</time>
        <extensions>
          <ns3:TrackPointExtension>
            <ns3:hr>169</ns3:hr>
            <ns3:cad>96</ns3:cad>
          </ns3:TrackPointExtension>
        </extensions>
      </trkpt>
      <trkpt lat="22.6005025394260883331298828125" lon="113.8822236098349094390869140625">
        <ele>10.3999996185302734375</ele>
        <time>2026-08-17T23:05:43.000Z</time>
        <extensions>
          <ns3:TrackPointExtension>
            <ns3:hr>170</ns3:hr>
            <ns3:cad>96</ns3:cad>
          </ns3:TrackPointExtension>
        </extensions>
      </trkpt>
      <trkpt lat="22.6004867814481258392333984375" lon="113.88218848966062068939208984375">
        <ele>10.6000003814697265625</ele>
        <time>2026-08-17T23:05:44.000Z</time>
        <extensions>
          <ns3:TrackPointExtension>
            <ns3:hr>169</ns3:hr>
            <ns3:cad>97</ns3:cad>
          </ns3:TrackPointExtension>
        </extensions>
      </trkpt>
      <trkpt lat="22.60047487914562225341796875" lon="113.8821629248559474945068359375">
        <ele>10.6000003814697265625</ele>
        <time>2026-08-17T23:05:45.000Z</time>
        <extensions>
          <ns3:TrackPointExtension>
            <ns3:hr>169</ns3:hr>
            <ns3:cad>98</ns3:cad>
          </ns3:TrackPointExtension>
        </extensions>
      </trkpt>
      <trkpt lat="22.600461803376674652099609375" lon="113.8821213506162166595458984375">
        <ele>10.6000003814697265625</ele>
        <time>2026-08-17T23:05:46.000Z</time>
        <extensions>
          <ns3:TrackPointExtension>
            <ns3:hr>169</ns3:hr>
            <ns3:cad>98</ns3:cad>
          </ns3:TrackPointExtension>
        </extensions>
      </trkpt>
      <trkpt lat="22.60044847615063190460205078125" lon="113.8820908404886722564697265625">
        <ele>10.6000003814697265625</ele>
        <time>2026-08-17T23:05:47.000Z</time>
        <extensions>
          <ns3:TrackPointExtension>
            <ns3:hr>169</ns3:hr>
            <ns3:cad>98</ns3:cad>
          </ns3:TrackPointExtension>
        </extensions>
      </trkpt>
      <trkpt lat="22.60043422691524028778076171875" lon="113.88205404393374919891357421875">
        <ele>10.6000003814697265625</ele>
        <time>2026-08-17T23:05:48.000Z</time>
        <extensions>
          <ns3:TrackPointExtension>
            <ns3:hr>169</ns3:hr>
            <ns3:cad>97</ns3:cad>
          </ns3:TrackPointExtension>
        </extensions>
      </trkpt>
      <trkpt lat="22.6004183851182460784912109375" lon="113.88202202506363391876220703125">
        <ele>10.6000003814697265625</ele>
        <time>2026-08-17T23:05:49.000Z</time>
        <extensions>
          <ns3:TrackPointExtension>
            <ns3:hr>170</ns3:hr>
            <ns3:cad>97</ns3:cad>
          </ns3:TrackPointExtension>
        </extensions>
      </trkpt>
      <trkpt lat="22.6004022918641567230224609375" lon="113.8819932751357555389404296875">
        <ele>10.6000003814697265625</ele>
        <time>2026-08-17T23:05:50.000Z</time>
        <extensions>
          <ns3:TrackPointExtension>
            <ns3:hr>169</ns3:hr>
            <ns3:cad>97</ns3:cad>
          </ns3:TrackPointExtension>
        </extensions>
      </trkpt>
      <trkpt lat="22.60038728825747966766357421875" lon="113.8819567300379276275634765625">
        <ele>10.6000003814697265625</ele>
        <time>2026-08-17T23:05:51.000Z</time>
        <extensions>
          <ns3:TrackPointExtension>
            <ns3:hr>169</ns3:hr>
            <ns3:cad>97</ns3:cad>
          </ns3:TrackPointExtension>
        </extensions>
      </trkpt>
      <trkpt lat="22.6003721170127391815185546875" lon="113.8819245435297489166259765625">
        <ele>10.80000019073486328125</ele>
        <time>2026-08-17T23:05:52.000Z</time>
        <extensions>
          <ns3:TrackPointExtension>
            <ns3:hr>170</ns3:hr>
            <ns3:cad>97</ns3:cad>
          </ns3:TrackPointExtension>
        </extensions>
      </trkpt>
      <trkpt lat="22.6003603823482990264892578125" lon="113.88189093209803104400634765625">
        <ele>10.80000019073486328125</ele>
        <time>2026-08-17T23:05:53.000Z</time>
        <extensions>
          <ns3:TrackPointExtension>
            <ns3:hr>169</ns3:hr>
            <ns3:cad>96</ns3:cad>
          </ns3:TrackPointExtension>
        </extensions>
      </trkpt>
      <trkpt lat="22.60033967904746532440185546875" lon="113.88185271061956882476806640625">
        <ele>10.80000019073486328125</ele>
        <time>2026-08-17T23:05:54.000Z</time>
        <extensions>
          <ns3:TrackPointExtension>
            <ns3:hr>169</ns3:hr>
            <ns3:cad>96</ns3:cad>
          </ns3:TrackPointExtension>
        </extensions>
      </trkpt>
      <trkpt lat="22.60032157413661479949951171875" lon="113.8818232901394367218017578125">
        <ele>10.80000019073486328125</ele>
        <time>2026-08-17T23:05:55.000Z</time>
        <extensions>
          <ns3:TrackPointExtension>
            <ns3:hr>169</ns3:hr>
            <ns3:cad>97</ns3:cad>
          </ns3:TrackPointExtension>
        </extensions>
      </trkpt>
      <trkpt lat="22.600308246910572052001953125" lon="113.88178464956581592559814453125">
        <ele>10.80000019073486328125</ele>
        <time>2026-08-17T23:05:56.000Z</time>
        <extensions>
          <ns3:TrackPointExtension>
            <ns3:hr>169</ns3:hr>
            <ns3:cad>97</ns3:cad>
          </ns3:TrackPointExtension>
        </extensions>
      </trkpt>
      <trkpt lat="22.60029458440840244293212890625" lon="113.8817478530108928680419921875">
        <ele>10.80000019073486328125</ele>
        <time>2026-08-17T23:05:57.000Z</time>
        <extensions>
          <ns3:TrackPointExtension>
            <ns3:hr>168</ns3:hr>
            <ns3:cad>97</ns3:cad>
          </ns3:TrackPointExtension>
        </extensions>
      </trkpt>
      <trkpt lat="22.6002815924584865570068359375" lon="113.88171172700822353363037109375">
        <ele>10.80000019073486328125</ele>
        <time>2026-08-17T23:05:58.000Z</time>
        <extensions>
          <ns3:TrackPointExtension>
            <ns3:hr>168</ns3:hr>
            <ns3:cad>97</ns3:cad>
          </ns3:TrackPointExtension>
        </extensions>
      </trkpt>
      <trkpt lat="22.60026725940406322479248046875" lon="113.88167417608201503753662109375">
        <ele>11</ele>
        <time>2026-08-17T23:05:59.000Z</time>
        <extensions>
          <ns3:TrackPointExtension>
            <ns3:hr>168</ns3:hr>
            <ns3:cad>97</ns3:cad>
          </ns3:TrackPointExtension>
        </extensions>
      </trkpt>
      <trkpt lat="22.6002524234354496002197265625" lon="113.88164517469704151153564453125">
        <ele>11</ele>
        <time>2026-08-17T23:06:00.000Z</time>
        <extensions>
          <ns3:TrackPointExtension>
            <ns3:hr>168</ns3:hr>
            <ns3:cad>96</ns3:cad>
          </ns3:TrackPointExtension>
        </extensions>
      </trkpt>
      <trkpt lat="22.60024278424680233001708984375" lon="113.8816140778362751007080078125">
        <ele>11</ele>
        <time>2026-08-17T23:06:01.000Z</time>
        <extensions>
          <ns3:TrackPointExtension>
            <ns3:hr>168</ns3:hr>
            <ns3:cad>96</ns3:cad>
          </ns3:TrackPointExtension>
        </extensions>
      </trkpt>
      <trkpt lat="22.600228786468505859375" lon="113.88157996349036693572998046875">
        <ele>11</ele>
        <time>2026-08-17T23:06:02.000Z</time>
        <extensions>
          <ns3:TrackPointExtension>
            <ns3:hr>168</ns3:hr>
            <ns3:cad>96</ns3:cad>
          </ns3:TrackPointExtension>
        </extensions>
      </trkpt>
      <trkpt lat="22.6002115197479724884033203125" lon="113.8815520517528057098388671875">
        <ele>11</ele>
        <time>2026-08-17T23:06:03.000Z</time>
        <extensions>
          <ns3:TrackPointExtension>
            <ns3:hr>168</ns3:hr>
            <ns3:cad>97</ns3:cad>
          </ns3:TrackPointExtension>
        </extensions>
      </trkpt>
      <trkpt lat="22.6001954264938831329345703125" lon="113.88151592575013637542724609375">
        <ele>11</ele>
        <time>2026-08-17T23:06:04.000Z</time>
        <extensions>
          <ns3:TrackPointExtension>
            <ns3:hr>168</ns3:hr>
            <ns3:cad>98</ns3:cad>
          </ns3:TrackPointExtension>
        </extensions>
      </trkpt>
      <trkpt lat="22.60017874650657176971435546875" lon="113.881478123366832733154296875">
        <ele>11</ele>
        <time>2026-08-17T23:06:05.000Z</time>
        <extensions>
          <ns3:TrackPointExtension>
            <ns3:hr>168</ns3:hr>
            <ns3:cad>98</ns3:cad>
          </ns3:TrackPointExtension>
        </extensions>
      </trkpt>
      <trkpt lat="22.6001655869185924530029296875" lon="113.88145071454346179962158203125">
        <ele>11.19999980926513671875</ele>
        <time>2026-08-17T23:06:06.000Z</time>
        <extensions>
          <ns3:TrackPointExtension>
            <ns3:hr>168</ns3:hr>
            <ns3:cad>97</ns3:cad>
          </ns3:TrackPointExtension>
        </extensions>
      </trkpt>
      <trkpt lat="22.60014723055064678192138671875" lon="113.8814092241227626800537109375">
        <ele>11.19999980926513671875</ele>
        <time>2026-08-17T23:06:07.000Z</time>
        <extensions>
          <ns3:TrackPointExtension>
            <ns3:hr>168</ns3:hr>
            <ns3:cad>97</ns3:cad>
          </ns3:TrackPointExtension>
        </extensions>
      </trkpt>
      <trkpt lat="22.600128538906574249267578125" lon="113.88137829490005970001220703125">
        <ele>11.19999980926513671875</ele>
        <time>2026-08-17T23:06:08.000Z</time>
        <extensions>
          <ns3:TrackPointExtension>
            <ns3:hr>168</ns3:hr>
            <ns3:cad>97</ns3:cad>
          </ns3:TrackPointExtension>
        </extensions>
      </trkpt>
      <trkpt lat="22.6001163013279438018798828125" lon="113.88133705593645572662353515625">
        <ele>11</ele>
        <time>2026-08-17T23:06:09.000Z</time>
        <extensions>
          <ns3:TrackPointExtension>
            <ns3:hr>168</ns3:hr>
            <ns3:cad>97</ns3:cad>
          </ns3:TrackPointExtension>
        </extensions>
      </trkpt>
      <trkpt lat="22.60009928606450557708740234375" lon="113.881297409534454345703125">
        <ele>11</ele>
        <time>2026-08-17T23:06:10.000Z</time>
        <extensions>
          <ns3:TrackPointExtension>
            <ns3:hr>168</ns3:hr>
            <ns3:cad>97</ns3:cad>
          </ns3:TrackPointExtension>
        </extensions>
      </trkpt>
      <trkpt lat="22.60008503682911396026611328125" lon="113.8812657259404659271240234375">
        <ele>11</ele>
        <time>2026-08-17T23:06:11.000Z</time>
        <extensions>
          <ns3:TrackPointExtension>
            <ns3:hr>168</ns3:hr>
            <ns3:cad>96</ns3:cad>
          </ns3:TrackPointExtension>
        </extensions>
      </trkpt>
      <trkpt lat="22.60006508789956569671630859375" lon="113.88122574426233768463134765625">
        <ele>11</ele>
        <time>2026-08-17T23:06:12.000Z</time>
        <extensions>
          <ns3:TrackPointExtension>
            <ns3:hr>168</ns3:hr>
            <ns3:cad>96</ns3:cad>
          </ns3:TrackPointExtension>
        </extensions>
      </trkpt>
      <trkpt lat="22.600049078464508056640625" lon="113.88118769042193889617919921875">
        <ele>11</ele>
        <time>2026-08-17T23:06:13.000Z</time>
        <extensions>
          <ns3:TrackPointExtension>
            <ns3:hr>169</ns3:hr>
            <ns3:cad>96</ns3:cad>
          </ns3:TrackPointExtension>
        </extensions>
      </trkpt>
      <trkpt lat="22.6000351645052433013916015625" lon="113.88115583918988704681396484375">
        <ele>11</ele>
        <time>2026-08-17T23:06:14.000Z</time>
        <extensions>
          <ns3:TrackPointExtension>
            <ns3:hr>169</ns3:hr>
            <ns3:cad>97</ns3:cad>
          </ns3:TrackPointExtension>
        </extensions>
      </trkpt>
      <trkpt lat="22.60002150200307369232177734375" lon="113.8811101578176021575927734375">
        <ele>11</ele>
        <time>2026-08-17T23:06:15.000Z</time>
        <extensions>
          <ns3:TrackPointExtension>
            <ns3:hr>169</ns3:hr>
            <ns3:cad>97</ns3:cad>
          </ns3:TrackPointExtension>
        </extensions>
      </trkpt>
      <trkpt lat="22.60000641457736492156982421875" lon="113.88107419945299625396728515625">
        <ele>11.19999980926513671875</ele>
        <time>2026-08-17T23:06:16.000Z</time>
        <extensions>
          <ns3:TrackPointExtension>
            <ns3:hr>169</ns3:hr>
            <ns3:cad>98</ns3:cad>
          </ns3:TrackPointExtension>
        </extensions>
      </trkpt>
      <trkpt lat="22.59999467991292476654052734375" lon="113.88103731907904148101806640625">
        <ele>11.19999980926513671875</ele>
        <time>2026-08-17T23:06:17.000Z</time>
        <extensions>
          <ns3:TrackPointExtension>
            <ns3:hr>169</ns3:hr>
            <ns3:cad>98</ns3:cad>
          </ns3:TrackPointExtension>
        </extensions>
      </trkpt>
      <trkpt lat="22.59997875429689884185791015625" lon="113.88099960051476955413818359375">
        <ele>11.19999980926513671875</ele>
        <time>2026-08-17T23:06:18.000Z</time>
        <extensions>
          <ns3:TrackPointExtension>
            <ns3:hr>170</ns3:hr>
            <ns3:cad>97</ns3:cad>
          </ns3:TrackPointExtension>
        </extensions>
      </trkpt>
      <trkpt lat="22.59996316395699977874755859375" lon="113.88097462244331836700439453125">
        <ele>11.19999980926513671875</ele>
        <time>2026-08-17T23:06:19.000Z</time>
        <extensions>
          <ns3:TrackPointExtension>
            <ns3:hr>170</ns3:hr>
            <ns3:cad>97</ns3:cad>
          </ns3:TrackPointExtension>
        </extensions>
      </trkpt>
      <trkpt lat="22.59994137100875377655029296875" lon="113.880934976041316986083984375">
        <ele>11.19999980926513671875</ele>
        <time>2026-08-17T23:06:20.000Z</time>
        <extensions>
          <ns3:TrackPointExtension>
            <ns3:hr>170</ns3:hr>
            <ns3:cad>98</ns3:cad>
          </ns3:TrackPointExtension>
        </extensions>
      </trkpt>
      <trkpt lat="22.599925361573696136474609375" lon="113.8809029571712017059326171875">
        <ele>11.19999980926513671875</ele>
        <time>2026-08-17T23:06:21.000Z</time>
        <extensions>
          <ns3:TrackPointExtension>
            <ns3:hr>170</ns3:hr>
            <ns3:cad>98</ns3:cad>
          </ns3:TrackPointExtension>
        </extensions>
      </trkpt>
      <trkpt lat="22.59991027414798736572265625" lon="113.88087294995784759521484375">
        <ele>11.3999996185302734375</ele>
        <time>2026-08-17T23:06:22.000Z</time>
        <extensions>
          <ns3:TrackPointExtension>
            <ns3:hr>170</ns3:hr>
            <ns3:cad>98</ns3:cad>
          </ns3:TrackPointExtension>
        </extensions>
      </trkpt>
      <trkpt lat="22.5998946838080883026123046875" lon="113.880833722651004791259765625">
        <ele>11.3999996185302734375</ele>
        <time>2026-08-17T23:06:23.000Z</time>
        <extensions>
          <ns3:TrackPointExtension>
            <ns3:hr>170</ns3:hr>
            <ns3:cad>98</ns3:cad>
          </ns3:TrackPointExtension>
        </extensions>
      </trkpt>
      <trkpt lat="22.59988286532461643218994140625" lon="113.88080321252346038818359375">
        <ele>11.3999996185302734375</ele>
        <time>2026-08-17T23:06:24.000Z</time>
        <extensions>
          <ns3:TrackPointExtension>
            <ns3:hr>170</ns3:hr>
            <ns3:cad>97</ns3:cad>
          </ns3:TrackPointExtension>
        </extensions>
      </trkpt>
      <trkpt lat="22.59987004101276397705078125" lon="113.88076423667371273040771484375">
        <ele>11.3999996185302734375</ele>
        <time>2026-08-17T23:06:25.000Z</time>
        <extensions>
          <ns3:TrackPointExtension>
            <ns3:hr>170</ns3:hr>
            <ns3:cad>97</ns3:cad>
          </ns3:TrackPointExtension>
        </extensions>
      </trkpt>
      <trkpt lat="22.59985671378672122955322265625" lon="113.88073020614683628082275390625">
        <ele>11.3999996185302734375</ele>
        <time>2026-08-17T23:06:26.000Z</time>
        <extensions>
          <ns3:TrackPointExtension>
            <ns3:hr>171</ns3:hr>
            <ns3:cad>97</ns3:cad>
          </ns3:TrackPointExtension>
        </extensions>
      </trkpt>
      <trkpt lat="22.59984414093196392059326171875" lon="113.88070003129541873931884765625">
        <ele>11.3999996185302734375</ele>
        <time>2026-08-17T23:06:27.000Z</time>
        <extensions>
          <ns3:TrackPointExtension>
            <ns3:hr>171</ns3:hr>
            <ns3:cad>97</ns3:cad>
          </ns3:TrackPointExtension>
        </extensions>
      </trkpt>
      <trkpt lat="22.599829472601413726806640625" lon="113.88065963052213191986083984375">
        <ele>11.19999980926513671875</ele>
        <time>2026-08-17T23:06:28.000Z</time>
        <extensions>
          <ns3:TrackPointExtension>
            <ns3:hr>171</ns3:hr>
            <ns3:cad>98</ns3:cad>
          </ns3:TrackPointExtension>
        </extensions>
      </trkpt>
      <trkpt lat="22.59981581009924411773681640625" lon="113.8806270249187946319580078125">
        <ele>11.19999980926513671875</ele>
        <time>2026-08-17T23:06:29.000Z</time>
        <extensions>
          <ns3:TrackPointExtension>
            <ns3:hr>172</ns3:hr>
            <ns3:cad>98</ns3:cad>
          </ns3:TrackPointExtension>
        </extensions>
      </trkpt>
      <trkpt lat="22.599801979959011077880859375" lon="113.88059374876320362091064453125">
        <ele>11.19999980926513671875</ele>
        <time>2026-08-17T23:06:30.000Z</time>
        <extensions>
          <ns3:TrackPointExtension>
            <ns3:hr>172</ns3:hr>
            <ns3:cad>97</ns3:cad>
          </ns3:TrackPointExtension>
        </extensions>
      </trkpt>
      <trkpt lat="22.5997863896191120147705078125" lon="113.8805619813501834869384765625">
        <ele>11.19999980926513671875</ele>
        <time>2026-08-17T23:06:31.000Z</time>
        <extensions>
          <ns3:TrackPointExtension>
            <ns3:hr>172</ns3:hr>
            <ns3:cad>96</ns3:cad>
          </ns3:TrackPointExtension>
        </extensions>
      </trkpt>
      <trkpt lat="22.59976945817470550537109375" lon="113.8805331476032733917236328125">
        <ele>11.19999980926513671875</ele>
        <time>2026-08-17T23:06:32.000Z</time>
        <extensions>
          <ns3:TrackPointExtension>
            <ns3:hr>172</ns3:hr>
            <ns3:cad>96</ns3:cad>
          </ns3:TrackPointExtension>
        </extensions>
      </trkpt>
      <trkpt lat="22.5997521914541721343994140625" lon="113.880500458180904388427734375">
        <ele>11.19999980926513671875</ele>
        <time>2026-08-17T23:06:33.000Z</time>
        <extensions>
          <ns3:TrackPointExtension>
            <ns3:hr>172</ns3:hr>
            <ns3:cad>96</ns3:cad>
          </ns3:TrackPointExtension>
        </extensions>
      </trkpt>
      <trkpt lat="22.59973484091460704803466796875" lon="113.88046885840594768524169921875">
        <ele>11.19999980926513671875</ele>
        <time>2026-08-17T23:06:34.000Z</time>
        <extensions>
          <ns3:TrackPointExtension>
            <ns3:hr>172</ns3:hr>
            <ns3:cad>97</ns3:cad>
          </ns3:TrackPointExtension>
        </extensions>
      </trkpt>
      <trkpt lat="22.59971581399440765380859375" lon="113.8804402761161327362060546875">
        <ele>11.19999980926513671875</ele>
        <time>2026-08-17T23:06:35.000Z</time>
        <extensions>
          <ns3:TrackPointExtension>
            <ns3:hr>172</ns3:hr>
            <ns3:cad>97</ns3:cad>
          </ns3:TrackPointExtension>
        </extensions>
      </trkpt>
      <trkpt lat="22.59969544596970081329345703125" lon="113.8804002106189727783203125">
        <ele>11.19999980926513671875</ele>
        <time>2026-08-17T23:06:36.000Z</time>
        <extensions>
          <ns3:TrackPointExtension>
            <ns3:hr>172</ns3:hr>
            <ns3:cad>97</ns3:cad>
          </ns3:TrackPointExtension>
        </extensions>
      </trkpt>
      <trkpt lat="22.59967868216335773468017578125" lon="113.88036944903433322906494140625">
        <ele>11.19999980926513671875</ele>
        <time>2026-08-17T23:06:37.000Z</time>
        <extensions>
          <ns3:TrackPointExtension>
            <ns3:hr>172</ns3:hr>
            <ns3:cad>97</ns3:cad>
          </ns3:TrackPointExtension>
        </extensions>
      </trkpt>
      <trkpt lat="22.59965940378606319427490234375" lon="113.88033642433583736419677734375">
        <ele>11.19999980926513671875</ele>
        <time>2026-08-17T23:06:38.000Z</time>
        <extensions>
          <ns3:TrackPointExtension>
            <ns3:hr>172</ns3:hr>
            <ns3:cad>98</ns3:cad>
          </ns3:TrackPointExtension>
        </extensions>
      </trkpt>
      <trkpt lat="22.5996373593807220458984375" lon="113.88030189089477062225341796875">
        <ele>11</ele>
        <time>2026-08-17T23:06:39.000Z</time>
        <extensions>
          <ns3:TrackPointExtension>
            <ns3:hr>172</ns3:hr>
            <ns3:cad>98</ns3:cad>
          </ns3:TrackPointExtension>
        </extensions>
      </trkpt>
      <trkpt lat="22.59961523115634918212890625" lon="113.880277164280414581298828125">
        <ele>11</ele>
        <time>2026-08-17T23:06:40.000Z</time>
        <extensions>
          <ns3:TrackPointExtension>
            <ns3:hr>172</ns3:hr>
            <ns3:cad>98</ns3:cad>
          </ns3:TrackPointExtension>
        </extensions>
      </trkpt>
      <trkpt lat="22.5995939411222934722900390625" lon="113.8802461512386798858642578125">
        <ele>11</ele>
        <time>2026-08-17T23:06:41.000Z</time>
        <extensions>
          <ns3:TrackPointExtension>
            <ns3:hr>171</ns3:hr>
            <ns3:cad>98</ns3:cad>
          </ns3:TrackPointExtension>
        </extensions>
      </trkpt>
      <trkpt lat="22.5995751656591892242431640625" lon="113.8802159763872623443603515625">
        <ele>11</ele>
        <time>2026-08-17T23:06:42.000Z</time>
        <extensions>
          <ns3:TrackPointExtension>
            <ns3:hr>171</ns3:hr>
            <ns3:cad>98</ns3:cad>
          </ns3:TrackPointExtension>
        </extensions>
      </trkpt>
      <trkpt lat="22.59955982677638530731201171875" lon="113.8801898248493671417236328125">
        <ele>11</ele>
        <time>2026-08-17T23:06:43.000Z</time>
        <extensions>
          <ns3:TrackPointExtension>
            <ns3:hr>171</ns3:hr>
            <ns3:cad>97</ns3:cad>
          </ns3:TrackPointExtension>
        </extensions>
      </trkpt>
      <trkpt lat="22.5995372794568538665771484375" lon="113.880154788494110107421875">
        <ele>11</ele>
        <time>2026-08-17T23:06:44.000Z</time>
        <extensions>
          <ns3:TrackPointExtension>
            <ns3:hr>171</ns3:hr>
            <ns3:cad>97</ns3:cad>
          </ns3:TrackPointExtension>
        </extensions>
      </trkpt>
      <trkpt lat="22.599518001079559326171875" lon="113.8801267929375171661376953125">
        <ele>11</ele>
        <time>2026-08-17T23:06:45.000Z</time>
        <extensions>
          <ns3:TrackPointExtension>
            <ns3:hr>172</ns3:hr>
            <ns3:cad>97</ns3:cad>
          </ns3:TrackPointExtension>
        </extensions>
      </trkpt>
      <trkpt lat="22.59950115345418453216552734375" lon="113.88009083457291126251220703125">
        <ele>10.80000019073486328125</ele>
        <time>2026-08-17T23:06:46.000Z</time>
        <extensions>
          <ns3:TrackPointExtension>
            <ns3:hr>171</ns3:hr>
            <ns3:cad>97</ns3:cad>
          </ns3:TrackPointExtension>
        </extensions>
      </trkpt>
      <trkpt lat="22.59948246181011199951171875" lon="113.88005487620830535888671875">
        <ele>10.80000019073486328125</ele>
        <time>2026-08-17T23:06:47.000Z</time>
        <extensions>
          <ns3:TrackPointExtension>
            <ns3:hr>171</ns3:hr>
            <ns3:cad>97</ns3:cad>
          </ns3:TrackPointExtension>
        </extensions>
      </trkpt>
      <trkpt lat="22.59945941157639026641845703125" lon="113.880026042461395263671875">
        <ele>10.80000019073486328125</ele>
        <time>2026-08-17T23:06:48.000Z</time>
        <extensions>
          <ns3:TrackPointExtension>
            <ns3:hr>172</ns3:hr>
            <ns3:cad>97</ns3:cad>
          </ns3:TrackPointExtension>
        </extensions>
      </trkpt>
      <trkpt lat="22.599440552294254302978515625" lon="113.87999108992516994476318359375">
        <ele>10.80000019073486328125</ele>
        <time>2026-08-17T23:06:49.000Z</time>
        <extensions>
          <ns3:TrackPointExtension>
            <ns3:hr>171</ns3:hr>
            <ns3:cad>96</ns3:cad>
          </ns3:TrackPointExtension>
        </extensions>
      </trkpt>
      <trkpt lat="22.5994169153273105621337890625" lon="113.87996342964470386505126953125">
        <ele>10.80000019073486328125</ele>
        <time>2026-08-17T23:06:50.000Z</time>
        <extensions>
          <ns3:TrackPointExtension>
            <ns3:hr>171</ns3:hr>
            <ns3:cad>96</ns3:cad>
          </ns3:TrackPointExtension>
        </extensions>
      </trkpt>
      <trkpt lat="22.59939738549292087554931640625" lon="113.87993325479328632354736328125">
        <ele>10.80000019073486328125</ele>
        <time>2026-08-17T23:06:51.000Z</time>
        <extensions>
          <ns3:TrackPointExtension>
            <ns3:hr>171</ns3:hr>
            <ns3:cad>97</ns3:cad>
          </ns3:TrackPointExtension>
        </extensions>
      </trkpt>
      <trkpt lat="22.59937425144016742706298828125" lon="113.87989888899028301239013671875">
        <ele>11</ele>
        <time>2026-08-17T23:06:52.000Z</time>
        <extensions>
          <ns3:TrackPointExtension>
            <ns3:hr>171</ns3:hr>
            <ns3:cad>97</ns3:cad>
          </ns3:TrackPointExtension>
        </extensions>
      </trkpt>
      <trkpt lat="22.5993555597960948944091796875" lon="113.87987173162400722503662109375">
        <ele>11</ele>
        <time>2026-08-17T23:06:53.000Z</time>
        <extensions>
          <ns3:TrackPointExtension>
            <ns3:hr>171</ns3:hr>
            <ns3:cad>97</ns3:cad>
          </ns3:TrackPointExtension>
        </extensions>
      </trkpt>
      <trkpt lat="22.59933871217072010040283203125" lon="113.8798394612967967987060546875">
        <ele>11</ele>
        <time>2026-08-17T23:06:54.000Z</time>
        <extensions>
          <ns3:TrackPointExtension>
            <ns3:hr>171</ns3:hr>
            <ns3:cad>96</ns3:cad>
          </ns3:TrackPointExtension>
        </extensions>
      </trkpt>
      <trkpt lat="22.59932295419275760650634765625" lon="113.879809118807315826416015625">
        <ele>11</ele>
        <time>2026-08-17T23:06:55.000Z</time>
        <extensions>
          <ns3:TrackPointExtension>
            <ns3:hr>171</ns3:hr>
            <ns3:cad>96</ns3:cad>
          </ns3:TrackPointExtension>
        </extensions>
      </trkpt>
      <trkpt lat="22.59930585511028766632080078125" lon="113.8797814585268497467041015625">
        <ele>11</ele>
        <time>2026-08-17T23:06:56.000Z</time>
        <extensions>
          <ns3:TrackPointExtension>
            <ns3:hr>171</ns3:hr>
            <ns3:cad>96</ns3:cad>
          </ns3:TrackPointExtension>
        </extensions>
      </trkpt>
      <trkpt lat="22.5992844812572002410888671875" lon="113.879752457141876220703125">
        <ele>10.80000019073486328125</ele>
        <time>2026-08-17T23:06:57.000Z</time>
        <extensions>
          <ns3:TrackPointExtension>
            <ns3:hr>171</ns3:hr>
            <ns3:cad>96</ns3:cad>
          </ns3:TrackPointExtension>
        </extensions>
      </trkpt>
      <trkpt lat="22.59926562197506427764892578125" lon="113.87972689233720302581787109375">
        <ele>10.80000019073486328125</ele>
        <time>2026-08-17T23:06:58.000Z</time>
        <extensions>
          <ns3:TrackPointExtension>
            <ns3:hr>171</ns3:hr>
            <ns3:cad>96</ns3:cad>
          </ns3:TrackPointExtension>
        </extensions>
      </trkpt>
      <trkpt lat="22.59924634359776973724365234375" lon="113.8796986453235149383544921875">
        <ele>10.80000019073486328125</ele>
        <time>2026-08-17T23:06:59.000Z</time>
        <extensions>
          <ns3:TrackPointExtension>
            <ns3:hr>170</ns3:hr>
            <ns3:cad>97</ns3:cad>
          </ns3:TrackPointExtension>
        </extensions>
      </trkpt>
      <trkpt lat="22.599225975573062896728515625" lon="113.879671655595302581787109375">
        <ele>10.80000019073486328125</ele>
        <time>2026-08-17T23:07:00.000Z</time>
        <extensions>
          <ns3:TrackPointExtension>
            <ns3:hr>171</ns3:hr>
            <ns3:cad>96</ns3:cad>
          </ns3:TrackPointExtension>
        </extensions>
      </trkpt>
      <trkpt lat="22.59920627810060977935791015625" lon="113.87964575551450252532958984375">
        <ele>10.80000019073486328125</ele>
        <time>2026-08-17T23:07:01.000Z</time>
        <extensions>
          <ns3:TrackPointExtension>
            <ns3:hr>171</ns3:hr>
            <ns3:cad>96</ns3:cad>
          </ns3:TrackPointExtension>
        </extensions>
      </trkpt>
      <trkpt lat="22.5991855747997760772705078125" lon="113.879612646996974945068359375">
        <ele>10.80000019073486328125</ele>
        <time>2026-08-17T23:07:02.000Z</time>
        <extensions>
          <ns3:TrackPointExtension>
            <ns3:hr>171</ns3:hr>
            <ns3:cad>96</ns3:cad>
          </ns3:TrackPointExtension>
        </extensions>
      </trkpt>
      <trkpt lat="22.59916604496538639068603515625" lon="113.8795859925448894500732421875">
        <ele>10.80000019073486328125</ele>
        <time>2026-08-17T23:07:03.000Z</time>
        <extensions>
          <ns3:TrackPointExtension>
            <ns3:hr>171</ns3:hr>
            <ns3:cad>96</ns3:cad>
          </ns3:TrackPointExtension>
        </extensions>
      </trkpt>
      <trkpt lat="22.5991329364478588104248046875" lon="113.87955606915056705474853515625">
        <ele>10.80000019073486328125</ele>
        <time>2026-08-17T23:07:04.000Z</time>
        <extensions>
          <ns3:TrackPointExtension>
            <ns3:hr>171</ns3:hr>
            <ns3:cad>97</ns3:cad>
          </ns3:TrackPointExtension>
        </extensions>
      </trkpt>
      <trkpt lat="22.59910603053867816925048828125" lon="113.8795204460620880126953125">
        <ele>10.80000019073486328125</ele>
        <time>2026-08-17T23:07:05.000Z</time>
        <extensions>
          <ns3:TrackPointExtension>
            <ns3:hr>171</ns3:hr>
            <ns3:cad>97</ns3:cad>
          </ns3:TrackPointExtension>
        </extensions>
      </trkpt>
      <trkpt lat="22.59908440522849559783935546875" lon="113.8794901035726070404052734375">
        <ele>11</ele>
        <time>2026-08-17T23:07:06.000Z</time>
        <extensions>
          <ns3:TrackPointExtension>
            <ns3:hr>171</ns3:hr>
            <ns3:cad>97</ns3:cad>
          </ns3:TrackPointExtension>
        </extensions>
      </trkpt>
      <trkpt lat="22.5990588404238224029541015625" lon="113.87945883907377719879150390625">
        <ele>11</ele>
        <time>2026-08-17T23:07:07.000Z</time>
        <extensions>
          <ns3:TrackPointExtension>
            <ns3:hr>171</ns3:hr>
            <ns3:cad>97</ns3:cad>
          </ns3:TrackPointExtension>
        </extensions>
      </trkpt>
      <trkpt lat="22.5990293361246585845947265625" lon="113.8794317655265331268310546875">
        <ele>11</ele>
        <time>2026-08-17T23:07:08.000Z</time>
        <extensions>
          <ns3:TrackPointExtension>
            <ns3:hr>171</ns3:hr>
            <ns3:cad>96</ns3:cad>
          </ns3:TrackPointExtension>
        </extensions>
      </trkpt>
      <trkpt lat="22.59901047684252262115478515625" lon="113.8794123195111751556396484375">
        <ele>10.80000019073486328125</ele>
        <time>2026-08-17T23:07:09.000Z</time>
        <extensions>
          <ns3:TrackPointExtension>
            <ns3:hr>171</ns3:hr>
            <ns3:cad>97</ns3:cad>
          </ns3:TrackPointExtension>
        </extensions>
      </trkpt>
      <trkpt lat="22.598982565104961395263671875" lon="113.87938273139297962188720703125">
        <ele>10.80000019073486328125</ele>
        <time>2026-08-17T23:07:10.000Z</time>
        <extensions>
          <ns3:TrackPointExtension>
            <ns3:hr>171</ns3:hr>
            <ns3:cad>97</ns3:cad>
          </ns3:TrackPointExtension>
        </extensions>
      </trkpt>
      <trkpt lat="22.598959766328334808349609375" lon="113.879361860454082489013671875">
        <ele>10.6000003814697265625</ele>
        <time>2026-08-17T23:07:11.000Z</time>
        <extensions>
          <ns3:TrackPointExtension>
            <ns3:hr>171</ns3:hr>
            <ns3:cad>97</ns3:cad>
          </ns3:TrackPointExtension>
        </extensions>
      </trkpt>
      <trkpt lat="22.59893788956105709075927734375" lon="113.87933495454490184783935546875">
        <ele>10.6000003814697265625</ele>
        <time>2026-08-17T23:07:12.000Z</time>
        <extensions>
          <ns3:TrackPointExtension>
            <ns3:hr>171</ns3:hr>
            <ns3:cad>97</ns3:cad>
          </ns3:TrackPointExtension>
        </extensions>
      </trkpt>
      <trkpt lat="22.59890570305287837982177734375" lon="113.8793090544641017913818359375">
        <ele>10.6000003814697265625</ele>
        <time>2026-08-17T23:07:13.000Z</time>
        <extensions>
          <ns3:TrackPointExtension>
            <ns3:hr>171</ns3:hr>
            <ns3:cad>97</ns3:cad>
          </ns3:TrackPointExtension>
        </extensions>
      </trkpt>
      <trkpt lat="22.59888441301882266998291015625" lon="113.8792869262397289276123046875">
        <ele>10.6000003814697265625</ele>
        <time>2026-08-17T23:07:14.000Z</time>
        <extensions>
          <ns3:TrackPointExtension>
            <ns3:hr>171</ns3:hr>
            <ns3:cad>96</ns3:cad>
          </ns3:TrackPointExtension>
        </extensions>
      </trkpt>
      <trkpt lat="22.598855160176753997802734375" lon="113.87925918214023113250732421875">
        <ele>10.80000019073486328125</ele>
        <time>2026-08-17T23:07:15.000Z</time>
        <extensions>
          <ns3:TrackPointExtension>
            <ns3:hr>171</ns3:hr>
            <ns3:cad>96</ns3:cad>
          </ns3:TrackPointExtension>
        </extensions>
      </trkpt>
      <trkpt lat="22.59882339276373386383056640625" lon="113.87923571281135082244873046875">
        <ele>10.80000019073486328125</ele>
        <time>2026-08-17T23:07:16.000Z</time>
        <extensions>
          <ns3:TrackPointExtension>
            <ns3:hr>172</ns3:hr>
            <ns3:cad>96</ns3:cad>
          </ns3:TrackPointExtension>
        </extensions>
      </trkpt>
      <trkpt lat="22.59879623539745807647705078125" lon="113.87921676971018314361572265625">
        <ele>11</ele>
        <time>2026-08-17T23:07:17.000Z</time>
        <extensions>
          <ns3:TrackPointExtension>
            <ns3:hr>171</ns3:hr>
            <ns3:cad>97</ns3:cad>
          </ns3:TrackPointExtension>
        </extensions>
      </trkpt>
      <trkpt lat="22.59876388125121593475341796875" lon="113.8791933842003345489501953125">
        <ele>11</ele>
        <time>2026-08-17T23:07:18.000Z</time>
        <extensions>
          <ns3:TrackPointExtension>
            <ns3:hr>171</ns3:hr>
            <ns3:cad>97</ns3:cad>
          </ns3:TrackPointExtension>
        </extensions>
      </trkpt>
      <trkpt lat="22.598736472427845001220703125" lon="113.8791739381849765777587890625">
        <ele>11</ele>
        <time>2026-08-17T23:07:19.000Z</time>
        <extensions>
          <ns3:TrackPointExtension>
            <ns3:hr>171</ns3:hr>
            <ns3:cad>96</ns3:cad>
          </ns3:TrackPointExtension>
        </extensions>
      </trkpt>
      <trkpt lat="22.59870554320514202117919921875" lon="113.879151977598667144775390625">
        <ele>10.80000019073486328125</ele>
        <time>2026-08-17T23:07:20.000Z</time>
        <extensions>
          <ns3:TrackPointExtension>
            <ns3:hr>171</ns3:hr>
            <ns3:cad>96</ns3:cad>
          </ns3:TrackPointExtension>
        </extensions>
      </trkpt>
      <trkpt lat="22.59867168031632900238037109375" lon="113.8791337050497531890869140625">
        <ele>10.80000019073486328125</ele>
        <time>2026-08-17T23:07:21.000Z</time>
        <extensions>
          <ns3:TrackPointExtension>
            <ns3:hr>171</ns3:hr>
            <ns3:cad>96</ns3:cad>
          </ns3:TrackPointExtension>
        </extensions>
      </trkpt>
      <trkpt lat="22.59864117018878459930419921875" lon="113.87912540696561336517333984375">
        <ele>10.80000019073486328125</ele>
        <time>2026-08-17T23:07:22.000Z</time>
        <extensions>
          <ns3:TrackPointExtension>
            <ns3:hr>171</ns3:hr>
            <ns3:cad>97</ns3:cad>
          </ns3:TrackPointExtension>
        </extensions>
      </trkpt>
      <trkpt lat="22.59860043413937091827392578125" lon="113.879111073911190032958984375">
        <ele>10.80000019073486328125</ele>
        <time>2026-08-17T23:07:23.000Z</time>
        <extensions>
          <ns3:TrackPointExtension>
            <ns3:hr>171</ns3:hr>
            <ns3:cad>97</ns3:cad>
          </ns3:TrackPointExtension>
        </extensions>
      </trkpt>
      <trkpt lat="22.5985690020024776458740234375" lon="113.87910361401736736297607421875">
        <ele>10.80000019073486328125</ele>
        <time>2026-08-17T23:07:24.000Z</time>
        <extensions>
          <ns3:TrackPointExtension>
            <ns3:hr>171</ns3:hr>
            <ns3:cad>97</ns3:cad>
          </ns3:TrackPointExtension>
        </extensions>
      </trkpt>
      <trkpt lat="22.59853706695139408111572265625" lon="113.87908433564007282257080078125">
        <ele>10.80000019073486328125</ele>
        <time>2026-08-17T23:07:25.000Z</time>
        <extensions>
          <ns3:TrackPointExtension>
            <ns3:hr>171</ns3:hr>
            <ns3:cad>96</ns3:cad>
          </ns3:TrackPointExtension>
        </extensions>
      </trkpt>
      <trkpt lat="22.59850387461483478546142578125" lon="113.87906455434858798980712890625">
        <ele>10.80000019073486328125</ele>
        <time>2026-08-17T23:07:26.000Z</time>
        <extensions>
          <ns3:TrackPointExtension>
            <ns3:hr>171</ns3:hr>
            <ns3:cad>96</ns3:cad>
          </ns3:TrackPointExtension>
        </extensions>
      </trkpt>
      <trkpt lat="22.598479650914669036865234375" lon="113.87904929928481578826904296875">
        <ele>10.80000019073486328125</ele>
        <time>2026-08-17T23:07:27.000Z</time>
        <extensions>
          <ns3:TrackPointExtension>
            <ns3:hr>171</ns3:hr>
            <ns3:cad>96</ns3:cad>
          </ns3:TrackPointExtension>
        </extensions>
      </trkpt>
      <trkpt lat="22.5984469614923000335693359375" lon="113.87902599759399890899658203125">
        <ele>10.80000019073486328125</ele>
        <time>2026-08-17T23:07:28.000Z</time>
        <extensions>
          <ns3:TrackPointExtension>
            <ns3:hr>171</ns3:hr>
            <ns3:cad>96</ns3:cad>
          </ns3:TrackPointExtension>
        </extensions>
      </trkpt>
      <trkpt lat="22.59841938503086566925048828125" lon="113.8790106587111949920654296875">
        <ele>10.80000019073486328125</ele>
        <time>2026-08-17T23:07:29.000Z</time>
        <extensions>
          <ns3:TrackPointExtension>
            <ns3:hr>171</ns3:hr>
            <ns3:cad>96</ns3:cad>
          </ns3:TrackPointExtension>
        </extensions>
      </trkpt>
      <trkpt lat="22.5983889587223529815673828125" lon="113.878993056714534759521484375">
        <ele>10.80000019073486328125</ele>
        <time>2026-08-17T23:07:30.000Z</time>
        <extensions>
          <ns3:TrackPointExtension>
            <ns3:hr>171</ns3:hr>
            <ns3:cad>95</ns3:cad>
          </ns3:TrackPointExtension>
        </extensions>
      </trkpt>
      <trkpt lat="22.5983524136245250701904296875" lon="113.8789824955165386199951171875">
        <ele>10.80000019073486328125</ele>
        <time>2026-08-17T23:07:31.000Z</time>
        <extensions>
          <ns3:TrackPointExtension>
            <ns3:hr>170</ns3:hr>
            <ns3:cad>95</ns3:cad>
          </ns3:TrackPointExtension>
        </extensions>
      </trkpt>
      <trkpt lat="22.59832399897277355194091796875" lon="113.87897252105176448822021484375">
        <ele>10.80000019073486328125</ele>
        <time>2026-08-17T23:07:32.000Z</time>
        <extensions>
          <ns3:TrackPointExtension>
            <ns3:hr>171</ns3:hr>
            <ns3:cad>95</ns3:cad>
          </ns3:TrackPointExtension>
        </extensions>
      </trkpt>
      <trkpt lat="22.59828594513237476348876953125" lon="113.87895357795059680938720703125">
        <ele>10.80000019073486328125</ele>
        <time>2026-08-17T23:07:33.000Z</time>
        <extensions>
          <ns3:TrackPointExtension>
            <ns3:hr>171</ns3:hr>
            <ns3:cad>97</ns3:cad>
          </ns3:TrackPointExtension>
        </extensions>
      </trkpt>
      <trkpt lat="22.59825778193771839141845703125" lon="113.87894217856228351593017578125">
        <ele>10.6000003814697265625</ele>
        <time>2026-08-17T23:07:34.000Z</time>
        <extensions>
          <ns3:TrackPointExtension>
            <ns3:hr>171</ns3:hr>
            <ns3:cad>97</ns3:cad>
          </ns3:TrackPointExtension>
        </extensions>
      </trkpt>
      <trkpt lat="22.59822643361985683441162109375" lon="113.87892625294625759124755859375">
        <ele>10.6000003814697265625</ele>
        <time>2026-08-17T23:07:35.000Z</time>
        <extensions>
          <ns3:TrackPointExtension>
            <ns3:hr>170</ns3:hr>
            <ns3:cad>97</ns3:cad>
          </ns3:TrackPointExtension>
        </extensions>
      </trkpt>
      <trkpt lat="22.59818921796977519989013671875" lon="113.87890831567347049713134765625">
        <ele>10.6000003814697265625</ele>
        <time>2026-08-17T23:07:36.000Z</time>
        <extensions>
          <ns3:TrackPointExtension>
            <ns3:hr>170</ns3:hr>
            <ns3:cad>97</ns3:cad>
          </ns3:TrackPointExtension>
        </extensions>
      </trkpt>
      <trkpt lat="22.59815049357712268829345703125" lon="113.87890295125544071197509765625">
        <ele>10.6000003814697265625</ele>
        <time>2026-08-17T23:07:37.000Z</time>
        <extensions>
          <ns3:TrackPointExtension>
            <ns3:hr>170</ns3:hr>
            <ns3:cad>95</ns3:cad>
          </ns3:TrackPointExtension>
        </extensions>
      </trkpt>
      <trkpt lat="22.59811797179281711578369140625" lon="113.87888786382973194122314453125">
        <ele>10.6000003814697265625</ele>
        <time>2026-08-17T23:07:38.000Z</time>
        <extensions>
          <ns3:TrackPointExtension>
            <ns3:hr>170</ns3:hr>
            <ns3:cad>95</ns3:cad>
          </ns3:TrackPointExtension>
        </extensions>
      </trkpt>
      <trkpt lat="22.5980924069881439208984375" lon="113.87887529097497463226318359375">
        <ele>10.6000003814697265625</ele>
        <time>2026-08-17T23:07:39.000Z</time>
        <extensions>
          <ns3:TrackPointExtension>
            <ns3:hr>170</ns3:hr>
            <ns3:cad>97</ns3:cad>
          </ns3:TrackPointExtension>
        </extensions>
      </trkpt>
      <trkpt lat="22.5980613939464092254638671875" lon="113.878867663443088531494140625">
        <ele>10.6000003814697265625</ele>
        <time>2026-08-17T23:07:40.000Z</time>
        <extensions>
          <ns3:TrackPointExtension>
            <ns3:hr>170</ns3:hr>
            <ns3:cad>97</ns3:cad>
          </ns3:TrackPointExtension>
        </extensions>
      </trkpt>
      <trkpt lat="22.59802409447729587554931640625" lon="113.87885048054158687591552734375">
        <ele>10.6000003814697265625</ele>
        <time>2026-08-17T23:07:41.000Z</time>
        <extensions>
          <ns3:TrackPointExtension>
            <ns3:hr>170</ns3:hr>
            <ns3:cad>97</ns3:cad>
          </ns3:TrackPointExtension>
        </extensions>
      </trkpt>
      <trkpt lat="22.59799123741686344146728515625" lon="113.87884260155260562896728515625">
        <ele>10.6000003814697265625</ele>
        <time>2026-08-17T23:07:42.000Z</time>
        <extensions>
          <ns3:TrackPointExtension>
            <ns3:hr>169</ns3:hr>
            <ns3:cad>97</ns3:cad>
          </ns3:TrackPointExtension>
        </extensions>
      </trkpt>
      <trkpt lat="22.597961314022541046142578125" lon="113.8788218982517719268798828125">
        <ele>10.6000003814697265625</ele>
        <time>2026-08-17T23:07:43.000Z</time>
        <extensions>
          <ns3:TrackPointExtension>
            <ns3:hr>170</ns3:hr>
            <ns3:cad>95</ns3:cad>
          </ns3:TrackPointExtension>
        </extensions>
      </trkpt>
      <trkpt lat="22.59792518801987171173095703125" lon="113.87880706228315830230712890625">
        <ele>10.80000019073486328125</ele>
        <time>2026-08-17T23:07:44.000Z</time>
        <extensions>
          <ns3:TrackPointExtension>
            <ns3:hr>170</ns3:hr>
            <ns3:cad>95</ns3:cad>
          </ns3:TrackPointExtension>
        </extensions>
      </trkpt>
      <trkpt lat="22.59789593517780303955078125" lon="113.87879868037998676300048828125">
        <ele>10.80000019073486328125</ele>
        <time>2026-08-17T23:07:45.000Z</time>
        <extensions>
          <ns3:TrackPointExtension>
            <ns3:hr>170</ns3:hr>
            <ns3:cad>96</ns3:cad>
          </ns3:TrackPointExtension>
        </extensions>
      </trkpt>
      <trkpt lat="22.5978531874716281890869140625" lon="113.87878107838332653045654296875">
        <ele>10.80000019073486328125</ele>
        <time>2026-08-17T23:07:46.000Z</time>
        <extensions>
          <ns3:TrackPointExtension>
            <ns3:hr>170</ns3:hr>
            <ns3:cad>96</ns3:cad>
          </ns3:TrackPointExtension>
        </extensions>
      </trkpt>
      <trkpt lat="22.5978243537247180938720703125" lon="113.87876917608082294464111328125">
        <ele>10.80000019073486328125</ele>
        <time>2026-08-17T23:07:47.000Z</time>
        <extensions>
          <ns3:TrackPointExtension>
            <ns3:hr>170</ns3:hr>
            <ns3:cad>97</ns3:cad>
          </ns3:TrackPointExtension>
        </extensions>
      </trkpt>
      <trkpt lat="22.5977933406829833984375" lon="113.87875928543508052825927734375">
        <ele>10.80000019073486328125</ele>
        <time>2026-08-17T23:07:48.000Z</time>
        <extensions>
          <ns3:TrackPointExtension>
            <ns3:hr>170</ns3:hr>
            <ns3:cad>97</ns3:cad>
          </ns3:TrackPointExtension>
        </extensions>
      </trkpt>
      <trkpt lat="22.5977569632232189178466796875" lon="113.8787451200187206268310546875">
        <ele>10.80000019073486328125</ele>
        <time>2026-08-17T23:07:49.000Z</time>
        <extensions>
          <ns3:TrackPointExtension>
            <ns3:hr>170</ns3:hr>
            <ns3:cad>97</ns3:cad>
          </ns3:TrackPointExtension>
        </extensions>
      </trkpt>
      <trkpt lat="22.5977355055510997772216796875" lon="113.8787340559065341949462890625">
        <ele>11</ele>
        <time>2026-08-17T23:07:50.000Z</time>
        <extensions>
          <ns3:TrackPointExtension>
            <ns3:hr>170</ns3:hr>
            <ns3:cad>96</ns3:cad>
          </ns3:TrackPointExtension>
        </extensions>
      </trkpt>
      <trkpt lat="22.59770206175744533538818359375" lon="113.87871268205344676971435546875">
        <ele>11</ele>
        <time>2026-08-17T23:07:51.000Z</time>
        <extensions>
          <ns3:TrackPointExtension>
            <ns3:hr>170</ns3:hr>
            <ns3:cad>96</ns3:cad>
          </ns3:TrackPointExtension>
        </extensions>
      </trkpt>
      <trkpt lat="22.5976728089153766632080078125" lon="113.87870329432189464569091796875">
        <ele>11.19999980926513671875</ele>
        <time>2026-08-17T23:07:52.000Z</time>
        <extensions>
          <ns3:TrackPointExtension>
            <ns3:hr>170</ns3:hr>
            <ns3:cad>97</ns3:cad>
          </ns3:TrackPointExtension>
        </extensions>
      </trkpt>
      <trkpt lat="22.5976426340639591217041015625" lon="113.878688625991344451904296875">
        <ele>11.19999980926513671875</ele>
        <time>2026-08-17T23:07:53.000Z</time>
        <extensions>
          <ns3:TrackPointExtension>
            <ns3:hr>170</ns3:hr>
            <ns3:cad>97</ns3:cad>
          </ns3:TrackPointExtension>
        </extensions>
      </trkpt>
      <trkpt lat="22.59761002846062183380126953125" lon="113.87867479585111141204833984375">
        <ele>11.19999980926513671875</ele>
        <time>2026-08-17T23:07:54.000Z</time>
        <extensions>
          <ns3:TrackPointExtension>
            <ns3:hr>169</ns3:hr>
            <ns3:cad>96</ns3:cad>
          </ns3:TrackPointExtension>
        </extensions>
      </trkpt>
      <trkpt lat="22.5975853018462657928466796875" lon="113.87866440229117870330810546875">
        <ele>11</ele>
        <time>2026-08-17T23:07:55.000Z</time>
        <extensions>
          <ns3:TrackPointExtension>
            <ns3:hr>170</ns3:hr>
            <ns3:cad>96</ns3:cad>
          </ns3:TrackPointExtension>
        </extensions>
      </trkpt>
      <trkpt lat="22.59754716418683528900146484375" lon="113.878649063408374786376953125">
        <ele>11</ele>
        <time>2026-08-17T23:07:56.000Z</time>
        <extensions>
          <ns3:TrackPointExtension>
            <ns3:hr>170</ns3:hr>
            <ns3:cad>96</ns3:cad>
          </ns3:TrackPointExtension>
        </extensions>
      </trkpt>
      <trkpt lat="22.59751732461154460906982421875" lon="113.8786428608000278472900390625">
        <ele>11</ele>
        <time>2026-08-17T23:07:57.000Z</time>
        <extensions>
          <ns3:TrackPointExtension>
            <ns3:hr>169</ns3:hr>
            <ns3:cad>96</ns3:cad>
          </ns3:TrackPointExtension>
        </extensions>
      </trkpt>
      <trkpt lat="22.59748044423758983612060546875" lon="113.87862970121204853057861328125">
        <ele>10.80000019073486328125</ele>
        <time>2026-08-17T23:07:58.000Z</time>
        <extensions>
          <ns3:TrackPointExtension>
            <ns3:hr>170</ns3:hr>
            <ns3:cad>95</ns3:cad>
          </ns3:TrackPointExtension>
        </extensions>
      </trkpt>
      <trkpt lat="22.59744666516780853271484375" lon="113.878617547452449798583984375">
        <ele>10.6000003814697265625</ele>
        <time>2026-08-17T23:07:59.000Z</time>
        <extensions>
          <ns3:TrackPointExtension>
            <ns3:hr>169</ns3:hr>
            <ns3:cad>95</ns3:cad>
          </ns3:TrackPointExtension>
        </extensions>
      </trkpt>
      <trkpt lat="22.59741875343024730682373046875" lon="113.87860941700637340545654296875">
        <ele>10.6000003814697265625</ele>
        <time>2026-08-17T23:08:00.000Z</time>
        <extensions>
          <ns3:TrackPointExtension>
            <ns3:hr>169</ns3:hr>
            <ns3:cad>95</ns3:cad>
          </ns3:TrackPointExtension>
        </extensions>
      </trkpt>
      <trkpt lat="22.59738204069435596466064453125" lon="113.87859365902841091156005859375">
        <ele>10.6000003814697265625</ele>
        <time>2026-08-17T23:08:01.000Z</time>
        <extensions>
          <ns3:TrackPointExtension>
            <ns3:hr>169</ns3:hr>
            <ns3:cad>95</ns3:cad>
          </ns3:TrackPointExtension>
        </extensions>
      </trkpt>
      <trkpt lat="22.59734968654811382293701171875" lon="113.87858578003942966461181640625">
        <ele>10.3999996185302734375</ele>
        <time>2026-08-17T23:08:02.000Z</time>
        <extensions>
          <ns3:TrackPointExtension>
            <ns3:hr>170</ns3:hr>
            <ns3:cad>96</ns3:cad>
          </ns3:TrackPointExtension>
        </extensions>
      </trkpt>
      <trkpt lat="22.59731884114444255828857421875" lon="113.878579325973987579345703125">
        <ele>10.3999996185302734375</ele>
        <time>2026-08-17T23:08:03.000Z</time>
        <extensions>
          <ns3:TrackPointExtension>
            <ns3:hr>169</ns3:hr>
            <ns3:cad>96</ns3:cad>
          </ns3:TrackPointExtension>
        </extensions>
      </trkpt>
      <trkpt lat="22.59728900156915187835693359375" lon="113.87856767512857913970947265625">
        <ele>10.3999996185302734375</ele>
        <time>2026-08-17T23:08:04.000Z</time>
        <extensions>
          <ns3:TrackPointExtension>
            <ns3:hr>169</ns3:hr>
            <ns3:cad>96</ns3:cad>
          </ns3:TrackPointExtension>
        </extensions>
      </trkpt>
      <trkpt lat="22.59725949726998805999755859375" lon="113.8785506598651409149169921875">
        <ele>10.3999996185302734375</ele>
        <time>2026-08-17T23:08:05.000Z</time>
        <extensions>
          <ns3:TrackPointExtension>
            <ns3:hr>169</ns3:hr>
            <ns3:cad>96</ns3:cad>
          </ns3:TrackPointExtension>
        </extensions>
      </trkpt>
      <trkpt lat="22.5972305797040462493896484375" lon="113.8785285316407680511474609375">
        <ele>10.3999996185302734375</ele>
        <time>2026-08-17T23:08:06.000Z</time>
        <extensions>
          <ns3:TrackPointExtension>
            <ns3:hr>169</ns3:hr>
            <ns3:cad>96</ns3:cad>
          </ns3:TrackPointExtension>
        </extensions>
      </trkpt>
      <trkpt lat="22.59720451198518276214599609375" lon="113.87851218692958354949951171875">
        <ele>10.3999996185302734375</ele>
        <time>2026-08-17T23:08:07.000Z</time>
        <extensions>
          <ns3:TrackPointExtension>
            <ns3:hr>169</ns3:hr>
            <ns3:cad>96</ns3:cad>
          </ns3:TrackPointExtension>
        </extensions>
      </trkpt>
      <trkpt lat="22.59717634879052639007568359375" lon="113.87848536483943462371826171875">
        <ele>10.3999996185302734375</ele>
        <time>2026-08-17T23:08:08.000Z</time>
        <extensions>
          <ns3:TrackPointExtension>
            <ns3:hr>168</ns3:hr>
            <ns3:cad>96</ns3:cad>
          </ns3:TrackPointExtension>
        </extensions>
      </trkpt>
      <trkpt lat="22.597156651318073272705078125" lon="113.8784621469676494598388671875">
        <ele>10.19999980926513671875</ele>
        <time>2026-08-17T23:08:09.000Z</time>
        <extensions>
          <ns3:TrackPointExtension>
            <ns3:hr>168</ns3:hr>
            <ns3:cad>96</ns3:cad>
          </ns3:TrackPointExtension>
        </extensions>
      </trkpt>
      <trkpt lat="22.59712748229503631591796875" lon="113.8784329779446125030517578125">
        <ele>10.19999980926513671875</ele>
        <time>2026-08-17T23:08:10.000Z</time>
        <extensions>
          <ns3:TrackPointExtension>
            <ns3:hr>168</ns3:hr>
            <ns3:cad>96</ns3:cad>
          </ns3:TrackPointExtension>
        </extensions>
      </trkpt>
      <trkpt lat="22.59709672071039676666259765625" lon="113.8784086704254150390625">
        <ele>10.19999980926513671875</ele>
        <time>2026-08-17T23:08:11.000Z</time>
        <extensions>
          <ns3:TrackPointExtension>
            <ns3:hr>169</ns3:hr>
            <ns3:cad>96</ns3:cad>
          </ns3:TrackPointExtension>
        </extensions>
      </trkpt>
      <trkpt lat="22.59708079509437084197998046875" lon="113.87839056551456451416015625">
        <ele>10.19999980926513671875</ele>
        <time>2026-08-17T23:08:12.000Z</time>
        <extensions>
          <ns3:TrackPointExtension>
            <ns3:hr>168</ns3:hr>
            <ns3:cad>96</ns3:cad>
          </ns3:TrackPointExtension>
        </extensions>
      </trkpt>
      <trkpt lat="22.59704978205263614654541015625" lon="113.878361396491527557373046875">
        <ele>10.19999980926513671875</ele>
        <time>2026-08-17T23:08:13.000Z</time>
        <extensions>
          <ns3:TrackPointExtension>
            <ns3:hr>168</ns3:hr>
            <ns3:cad>96</ns3:cad>
          </ns3:TrackPointExtension>
        </extensions>
      </trkpt>
      <trkpt lat="22.59702849201858043670654296875" lon="113.8783384300768375396728515625">
        <ele>10.19999980926513671875</ele>
        <time>2026-08-17T23:08:14.000Z</time>
        <extensions>
          <ns3:TrackPointExtension>
            <ns3:hr>168</ns3:hr>
            <ns3:cad>96</ns3:cad>
          </ns3:TrackPointExtension>
        </extensions>
      </trkpt>
      <trkpt lat="22.59701751172542572021484375" lon="113.8783142901957035064697265625">
        <ele>10.19999980926513671875</ele>
        <time>2026-08-17T23:08:15.000Z</time>
        <extensions>
          <ns3:TrackPointExtension>
            <ns3:hr>168</ns3:hr>
            <ns3:cad>96</ns3:cad>
          </ns3:TrackPointExtension>
        </extensions>
      </trkpt>
      <trkpt lat="22.59698725305497646331787109375" lon="113.87828822247684001922607421875">
        <ele>10.19999980926513671875</ele>
        <time>2026-08-17T23:08:16.000Z</time>
        <extensions>
          <ns3:TrackPointExtension>
            <ns3:hr>168</ns3:hr>
            <ns3:cad>96</ns3:cad>
          </ns3:TrackPointExtension>
        </extensions>
      </trkpt>
      <trkpt lat="22.59696696884930133819580078125" lon="113.8782723806798458099365234375">
        <ele>10.3999996185302734375</ele>
        <time>2026-08-17T23:08:17.000Z</time>
        <extensions>
          <ns3:TrackPointExtension>
            <ns3:hr>168</ns3:hr>
            <ns3:cad>96</ns3:cad>
          </ns3:TrackPointExtension>
        </extensions>
      </trkpt>
      <trkpt lat="22.59694400243461132049560546875" lon="113.8782517611980438232421875">
        <ele>10.3999996185302734375</ele>
        <time>2026-08-17T23:08:18.000Z</time>
        <extensions>
          <ns3:TrackPointExtension>
            <ns3:hr>168</ns3:hr>
            <ns3:cad>96</ns3:cad>
          </ns3:TrackPointExtension>
        </extensions>
      </trkpt>
      <trkpt lat="22.5969149172306060791015625" lon="113.87823860161006450653076171875">
        <ele>10.3999996185302734375</ele>
        <time>2026-08-17T23:08:19.000Z</time>
        <extensions>
          <ns3:TrackPointExtension>
            <ns3:hr>167</ns3:hr>
            <ns3:cad>96</ns3:cad>
          </ns3:TrackPointExtension>
        </extensions>
      </trkpt>
      <trkpt lat="22.59688415564596652984619140625" lon="113.87822234071791172027587890625">
        <ele>10.3999996185302734375</ele>
        <time>2026-08-17T23:08:20.000Z</time>
        <extensions>
          <ns3:TrackPointExtension>
            <ns3:hr>167</ns3:hr>
            <ns3:cad>96</ns3:cad>
          </ns3:TrackPointExtension>
        </extensions>
      </trkpt>
      <trkpt lat="22.59685750119388103485107421875" lon="113.87820356525480747222900390625">
        <ele>10.3999996185302734375</ele>
        <time>2026-08-17T23:08:21.000Z</time>
        <extensions>
          <ns3:TrackPointExtension>
            <ns3:hr>167</ns3:hr>
            <ns3:cad>94</ns3:cad>
          </ns3:TrackPointExtension>
        </extensions>
      </trkpt>
      <trkpt lat="22.5968373008072376251220703125" lon="113.8781805150210857391357421875">
        <ele>10.3999996185302734375</ele>
        <time>2026-08-17T23:08:22.000Z</time>
        <extensions>
          <ns3:TrackPointExtension>
            <ns3:hr>166</ns3:hr>
            <ns3:cad>94</ns3:cad>
          </ns3:TrackPointExtension>
        </extensions>
      </trkpt>
      <trkpt lat="22.59680368937551975250244140625" lon="113.8781580515205860137939453125">
        <ele>10.6000003814697265625</ele>
        <time>2026-08-17T23:08:23.000Z</time>
        <extensions>
          <ns3:TrackPointExtension>
            <ns3:hr>166</ns3:hr>
            <ns3:cad>95</ns3:cad>
          </ns3:TrackPointExtension>
        </extensions>
      </trkpt>
      <trkpt lat="22.59677452035248279571533203125" lon="113.87813952751457691192626953125">
        <ele>10.80000019073486328125</ele>
        <time>2026-08-17T23:08:24.000Z</time>
        <extensions>
          <ns3:TrackPointExtension>
            <ns3:hr>166</ns3:hr>
            <ns3:cad>95</ns3:cad>
          </ns3:TrackPointExtension>
        </extensions>
      </trkpt>
      <trkpt lat="22.596744261682033538818359375" lon="113.8781194947659969329833984375">
        <ele>10.80000019073486328125</ele>
        <time>2026-08-17T23:08:25.000Z</time>
        <extensions>
          <ns3:TrackPointExtension>
            <ns3:hr>167</ns3:hr>
            <ns3:cad>95</ns3:cad>
          </ns3:TrackPointExtension>
        </extensions>
      </trkpt>
      <trkpt lat="22.5967129133641719818115234375" lon="113.8781017251312732696533203125">
        <ele>10.80000019073486328125</ele>
        <time>2026-08-17T23:08:26.000Z</time>
        <extensions>
          <ns3:TrackPointExtension>
            <ns3:hr>167</ns3:hr>
            <ns3:cad>96</ns3:cad>
          </ns3:TrackPointExtension>
        </extensions>
      </trkpt>
      <trkpt lat="22.5966854207217693328857421875" lon="113.87809015810489654541015625">
        <ele>11</ele>
        <time>2026-08-17T23:08:27.000Z</time>
        <extensions>
          <ns3:TrackPointExtension>
            <ns3:hr>166</ns3:hr>
            <ns3:cad>96</ns3:cad>
          </ns3:TrackPointExtension>
        </extensions>
      </trkpt>
      <trkpt lat="22.59665734134614467620849609375" lon="113.8780708797276020050048828125">
        <ele>10.80000019073486328125</ele>
        <time>2026-08-17T23:08:28.000Z</time>
        <extensions>
          <ns3:TrackPointExtension>
            <ns3:hr>166</ns3:hr>
            <ns3:cad>96</ns3:cad>
          </ns3:TrackPointExtension>
        </extensions>
      </trkpt>
      <trkpt lat="22.59662683121860027313232421875" lon="113.8780532777309417724609375">
        <ele>10.80000019073486328125</ele>
        <time>2026-08-17T23:08:29.000Z</time>
        <extensions>
          <ns3:TrackPointExtension>
            <ns3:hr>166</ns3:hr>
            <ns3:cad>97</ns3:cad>
          </ns3:TrackPointExtension>
        </extensions>
      </trkpt>
      <trkpt lat="22.59659908711910247802734375" lon="113.87803542427718639373779296875">
        <ele>10.6000003814697265625</ele>
        <time>2026-08-17T23:08:30.000Z</time>
        <extensions>
          <ns3:TrackPointExtension>
            <ns3:hr>167</ns3:hr>
            <ns3:cad>97</ns3:cad>
          </ns3:TrackPointExtension>
        </extensions>
      </trkpt>
      <trkpt lat="22.596565224230289459228515625" lon="113.8780169002711772918701171875">
        <ele>10.6000003814697265625</ele>
        <time>2026-08-17T23:08:31.000Z</time>
        <extensions>
          <ns3:TrackPointExtension>
            <ns3:hr>167</ns3:hr>
            <ns3:cad>97</ns3:cad>
          </ns3:TrackPointExtension>
        </extensions>
      </trkpt>
      <trkpt lat="22.5965385697782039642333984375" lon="113.8780076801776885986328125">
        <ele>10.80000019073486328125</ele>
        <time>2026-08-17T23:08:32.000Z</time>
        <extensions>
          <ns3:TrackPointExtension>
            <ns3:hr>167</ns3:hr>
            <ns3:cad>97</ns3:cad>
          </ns3:TrackPointExtension>
        </extensions>
      </trkpt>
      <trkpt lat="22.5965026952326297760009765625" lon="113.87799401767551898956298828125">
        <ele>10.80000019073486328125</ele>
        <time>2026-08-17T23:08:33.000Z</time>
        <extensions>
          <ns3:TrackPointExtension>
            <ns3:hr>167</ns3:hr>
            <ns3:cad>96</ns3:cad>
          </ns3:TrackPointExtension>
        </extensions>
      </trkpt>
      <trkpt lat="22.5964741967618465423583984375" lon="113.8779763318598270416259765625">
        <ele>10.6000003814697265625</ele>
        <time>2026-08-17T23:08:34.000Z</time>
        <extensions>
          <ns3:TrackPointExtension>
            <ns3:hr>167</ns3:hr>
            <ns3:cad>96</ns3:cad>
          </ns3:TrackPointExtension>
        </extensions>
      </trkpt>
      <trkpt lat="22.5964493863284587860107421875" lon="113.8779652677476406097412109375">
        <ele>10.6000003814697265625</ele>
        <time>2026-08-17T23:08:35.000Z</time>
        <extensions>
          <ns3:TrackPointExtension>
            <ns3:hr>167</ns3:hr>
            <ns3:cad>96</ns3:cad>
          </ns3:TrackPointExtension>
        </extensions>
      </trkpt>
      <trkpt lat="22.5964131765067577362060546875" lon="113.87795479036867618560791015625">
        <ele>10.6000003814697265625</ele>
        <time>2026-08-17T23:08:36.000Z</time>
        <extensions>
          <ns3:TrackPointExtension>
            <ns3:hr>167</ns3:hr>
            <ns3:cad>96</ns3:cad>
          </ns3:TrackPointExtension>
        </extensions>
      </trkpt>
      <trkpt lat="22.59638627059757709503173828125" lon="113.87794607318937778472900390625">
        <ele>10.6000003814697265625</ele>
        <time>2026-08-17T23:08:37.000Z</time>
        <extensions>
          <ns3:TrackPointExtension>
            <ns3:hr>167</ns3:hr>
            <ns3:cad>96</ns3:cad>
          </ns3:TrackPointExtension>
        </extensions>
      </trkpt>
      <trkpt lat="22.59635525755584239959716796875" lon="113.87793324887752532958984375">
        <ele>10.6000003814697265625</ele>
        <time>2026-08-17T23:08:38.000Z</time>
        <extensions>
          <ns3:TrackPointExtension>
            <ns3:hr>167</ns3:hr>
            <ns3:cad>96</ns3:cad>
          </ns3:TrackPointExtension>
        </extensions>
      </trkpt>
      <trkpt lat="22.59632307104766368865966796875" lon="113.8779193349182605743408203125">
        <ele>10.6000003814697265625</ele>
        <time>2026-08-17T23:08:39.000Z</time>
        <extensions>
          <ns3:TrackPointExtension>
            <ns3:hr>167</ns3:hr>
            <ns3:cad>96</ns3:cad>
          </ns3:TrackPointExtension>
        </extensions>
      </trkpt>
      <trkpt lat="22.59629256092011928558349609375" lon="113.87791338376700878143310546875">
        <ele>10.6000003814697265625</ele>
        <time>2026-08-17T23:08:40.000Z</time>
        <extensions>
          <ns3:TrackPointExtension>
            <ns3:hr>167</ns3:hr>
            <ns3:cad>96</ns3:cad>
          </ns3:TrackPointExtension>
        </extensions>
      </trkpt>
      <trkpt lat="22.59625710546970367431640625" lon="113.8778936862945556640625">
        <ele>10.6000003814697265625</ele>
        <time>2026-08-17T23:08:41.000Z</time>
        <extensions>
          <ns3:TrackPointExtension>
            <ns3:hr>167</ns3:hr>
            <ns3:cad>96</ns3:cad>
          </ns3:TrackPointExtension>
        </extensions>
      </trkpt>
      <trkpt lat="22.5962324626743793487548828125" lon="113.87787952087819576263427734375">
        <ele>10.6000003814697265625</ele>
        <time>2026-08-17T23:08:42.000Z</time>
        <extensions>
          <ns3:TrackPointExtension>
            <ns3:hr>167</ns3:hr>
            <ns3:cad>96</ns3:cad>
          </ns3:TrackPointExtension>
        </extensions>
      </trkpt>
      <trkpt lat="22.59620136581361293792724609375" lon="113.87786619365215301513671875">
        <ele>10.6000003814697265625</ele>
        <time>2026-08-17T23:08:43.000Z</time>
        <extensions>
          <ns3:TrackPointExtension>
            <ns3:hr>166</ns3:hr>
            <ns3:cad>95</ns3:cad>
          </ns3:TrackPointExtension>
        </extensions>
      </trkpt>
      <trkpt lat="22.59616549126803874969482421875" lon="113.87785588391125202178955078125">
        <ele>10.6000003814697265625</ele>
        <time>2026-08-17T23:08:44.000Z</time>
        <extensions>
          <ns3:TrackPointExtension>
            <ns3:hr>166</ns3:hr>
            <ns3:cad>95</ns3:cad>
          </ns3:TrackPointExtension>
        </extensions>
      </trkpt>
      <trkpt lat="22.59614118374884128570556640625" lon="113.877848088741302490234375">
        <ele>10.80000019073486328125</ele>
        <time>2026-08-17T23:08:45.000Z</time>
        <extensions>
          <ns3:TrackPointExtension>
            <ns3:hr>166</ns3:hr>
            <ns3:cad>95</ns3:cad>
          </ns3:TrackPointExtension>
        </extensions>
      </trkpt>
      <trkpt lat="22.5961050577461719512939453125" lon="113.87783392332494258880615234375">
        <ele>10.80000019073486328125</ele>
        <time>2026-08-17T23:08:46.000Z</time>
        <extensions>
          <ns3:TrackPointExtension>
            <ns3:hr>166</ns3:hr>
            <ns3:cad>95</ns3:cad>
          </ns3:TrackPointExtension>
        </extensions>
      </trkpt>
      <trkpt lat="22.59608007967472076416015625" lon="113.87781933881342411041259765625">
        <ele>10.80000019073486328125</ele>
        <time>2026-08-17T23:08:47.000Z</time>
        <extensions>
          <ns3:TrackPointExtension>
            <ns3:hr>167</ns3:hr>
            <ns3:cad>97</ns3:cad>
          </ns3:TrackPointExtension>
        </extensions>
      </trkpt>
      <trkpt lat="22.5960473902523517608642578125" lon="113.87780659832060337066650390625">
        <ele>10.80000019073486328125</ele>
        <time>2026-08-17T23:08:48.000Z</time>
        <extensions>
          <ns3:TrackPointExtension>
            <ns3:hr>166</ns3:hr>
            <ns3:cad>96</ns3:cad>
          </ns3:TrackPointExtension>
        </extensions>
      </trkpt>
      <trkpt lat="22.59601210243999958038330078125" lon="113.877794109284877777099609375">
        <ele>10.80000019073486328125</ele>
        <time>2026-08-17T23:08:49.000Z</time>
        <extensions>
          <ns3:TrackPointExtension>
            <ns3:hr>166</ns3:hr>
            <ns3:cad>95</ns3:cad>
          </ns3:TrackPointExtension>
        </extensions>
      </trkpt>
      <trkpt lat="22.59598142467439174652099609375" lon="113.87778379954397678375244140625">
        <ele>10.6000003814697265625</ele>
        <time>2026-08-17T23:08:50.000Z</time>
        <extensions>
          <ns3:TrackPointExtension>
            <ns3:hr>167</ns3:hr>
            <ns3:cad>95</ns3:cad>
          </ns3:TrackPointExtension>
        </extensions>
      </trkpt>
      <trkpt lat="22.59594320319592952728271484375" lon="113.87777407653629779815673828125">
        <ele>10.6000003814697265625</ele>
        <time>2026-08-17T23:08:51.000Z</time>
        <extensions>
          <ns3:TrackPointExtension>
            <ns3:hr>166</ns3:hr>
            <ns3:cad>95</ns3:cad>
          </ns3:TrackPointExtension>
        </extensions>
      </trkpt>
      <trkpt lat="22.5959045626223087310791015625" lon="113.87776904739439487457275390625">
        <ele>10.6000003814697265625</ele>
        <time>2026-08-17T23:08:52.000Z</time>
        <extensions>
          <ns3:TrackPointExtension>
            <ns3:hr>167</ns3:hr>
            <ns3:cad>96</ns3:cad>
          </ns3:TrackPointExtension>
        </extensions>
      </trkpt>
      <trkpt lat="22.59586826898157596588134765625" lon="113.8777942769229412078857421875">
        <ele>10.80000019073486328125</ele>
        <time>2026-08-17T23:08:53.000Z</time>
        <extensions>
          <ns3:TrackPointExtension>
            <ns3:hr>167</ns3:hr>
            <ns3:cad>97</ns3:cad>
          </ns3:TrackPointExtension>
        </extensions>
      </trkpt>
      <trkpt lat="22.59582996368408203125" lon="113.877799473702907562255859375">
        <ele>10.80000019073486328125</ele>
        <time>2026-08-17T23:08:54.000Z</time>
        <extensions>
          <ns3:TrackPointExtension>
            <ns3:hr>167</ns3:hr>
            <ns3:cad>97</ns3:cad>
          </ns3:TrackPointExtension>
        </extensions>
      </trkpt>
      <trkpt lat="22.5957910716533660888671875" lon="113.87781145982444286346435546875">
        <ele>10.80000019073486328125</ele>
        <time>2026-08-17T23:08:55.000Z</time>
        <extensions>
          <ns3:TrackPointExtension>
            <ns3:hr>166</ns3:hr>
            <ns3:cad>97</ns3:cad>
          </ns3:TrackPointExtension>
        </extensions>
      </trkpt>
      <trkpt lat="22.5957481563091278076171875" lon="113.87782185338437557220458984375">
        <ele>10.80000019073486328125</ele>
        <time>2026-08-17T23:08:56.000Z</time>
        <extensions>
          <ns3:TrackPointExtension>
            <ns3:hr>167</ns3:hr>
            <ns3:cad>96</ns3:cad>
          </ns3:TrackPointExtension>
        </extensions>
      </trkpt>
      <trkpt lat="22.59571152739226818084716796875" lon="113.87782386504113674163818359375">
        <ele>10.80000019073486328125</ele>
        <time>2026-08-17T23:08:57.000Z</time>
        <extensions>
          <ns3:TrackPointExtension>
            <ns3:hr>166</ns3:hr>
            <ns3:cad>97</ns3:cad>
          </ns3:TrackPointExtension>
        </extensions>
      </trkpt>
      <trkpt lat="22.59567967616021633148193359375" lon="113.877817578613758087158203125">
        <ele>10.6000003814697265625</ele>
        <time>2026-08-17T23:08:58.000Z</time>
        <extensions>
          <ns3:TrackPointExtension>
            <ns3:hr>167</ns3:hr>
            <ns3:cad>97</ns3:cad>
          </ns3:TrackPointExtension>
        </extensions>
      </trkpt>
      <trkpt lat="22.5956467352807521820068359375" lon="113.87782000936567783355712890625">
        <ele>10.80000019073486328125</ele>
        <time>2026-08-17T23:08:59.000Z</time>
        <extensions>
          <ns3:TrackPointExtension>
            <ns3:hr>167</ns3:hr>
            <ns3:cad>97</ns3:cad>
          </ns3:TrackPointExtension>
        </extensions>
      </trkpt>
      <trkpt lat="22.59562821127474308013916015625" lon="113.87781967408955097198486328125">
        <ele>11</ele>
        <time>2026-08-17T23:09:00.000Z</time>
        <extensions>
          <ns3:TrackPointExtension>
            <ns3:hr>167</ns3:hr>
            <ns3:cad>97</ns3:cad>
          </ns3:TrackPointExtension>
        </extensions>
      </trkpt>
      <trkpt lat="22.59559032507240772247314453125" lon="113.87783090583980083465576171875">
        <ele>11</ele>
        <time>2026-08-17T23:09:01.000Z</time>
        <extensions>
          <ns3:TrackPointExtension>
            <ns3:hr>167</ns3:hr>
            <ns3:cad>97</ns3:cad>
          </ns3:TrackPointExtension>
        </extensions>
      </trkpt>
      <trkpt lat="22.59556769393384456634521484375" lon="113.87784129939973354339599609375">
        <ele>11.19999980926513671875</ele>
        <time>2026-08-17T23:09:02.000Z</time>
        <extensions>
          <ns3:TrackPointExtension>
            <ns3:hr>167</ns3:hr>
            <ns3:cad>97</ns3:cad>
          </ns3:TrackPointExtension>
        </extensions>
      </trkpt>
      <trkpt lat="22.595535255968570709228515625" lon="113.87785085476934909820556640625">
        <ele>11.3999996185302734375</ele>
        <time>2026-08-17T23:09:03.000Z</time>
        <extensions>
          <ns3:TrackPointExtension>
            <ns3:hr>167</ns3:hr>
            <ns3:cad>96</ns3:cad>
          </ns3:TrackPointExtension>
        </extensions>
      </trkpt>
      <trkpt lat="22.5955039076507091522216796875" lon="113.8778660260140895843505859375">
        <ele>11.3999996185302734375</ele>
        <time>2026-08-17T23:09:04.000Z</time>
        <extensions>
          <ns3:TrackPointExtension>
            <ns3:hr>167</ns3:hr>
            <ns3:cad>96</ns3:cad>
          </ns3:TrackPointExtension>
        </extensions>
      </trkpt>
      <trkpt lat="22.59547666646540164947509765625" lon="113.87787784449756145477294921875">
        <ele>11.19999980926513671875</ele>
        <time>2026-08-17T23:09:05.000Z</time>
        <extensions>
          <ns3:TrackPointExtension>
            <ns3:hr>167</ns3:hr>
            <ns3:cad>96</ns3:cad>
          </ns3:TrackPointExtension>
        </extensions>
      </trkpt>
      <trkpt lat="22.59545085020363330841064453125" lon="113.8778868131339550018310546875">
        <ele>11.3999996185302734375</ele>
        <time>2026-08-17T23:09:06.000Z</time>
        <extensions>
          <ns3:TrackPointExtension>
            <ns3:hr>167</ns3:hr>
            <ns3:cad>93</ns3:cad>
          </ns3:TrackPointExtension>
        </extensions>
      </trkpt>
      <trkpt lat="22.59542117826640605926513671875" lon="113.87789879925549030303955078125">
        <ele>11.3999996185302734375</ele>
        <time>2026-08-17T23:09:07.000Z</time>
        <extensions>
          <ns3:TrackPointExtension>
            <ns3:hr>166</ns3:hr>
            <ns3:cad>93</ns3:cad>
          </ns3:TrackPointExtension>
        </extensions>
      </trkpt>
      <trkpt lat="22.5953765027225017547607421875" lon="113.87790634296834468841552734375">
        <ele>11.3999996185302734375</ele>
        <time>2026-08-17T23:09:08.000Z</time>
        <extensions>
          <ns3:TrackPointExtension>
            <ns3:hr>167</ns3:hr>
            <ns3:cad>93</ns3:cad>
          </ns3:TrackPointExtension>
        </extensions>
      </trkpt>
      <trkpt lat="22.59534515440464019775390625" lon="113.87791757471859455108642578125">
        <ele>11.3999996185302734375</ele>
        <time>2026-08-17T23:09:09.000Z</time>
        <extensions>
          <ns3:TrackPointExtension>
            <ns3:hr>167</ns3:hr>
            <ns3:cad>93</ns3:cad>
          </ns3:TrackPointExtension>
        </extensions>
      </trkpt>
      <trkpt lat="22.5953124649822711944580078125" lon="113.87792847119271755218505859375">
        <ele>11.3999996185302734375</ele>
        <time>2026-08-17T23:09:10.000Z</time>
        <extensions>
          <ns3:TrackPointExtension>
            <ns3:hr>167</ns3:hr>
            <ns3:cad>95</ns3:cad>
          </ns3:TrackPointExtension>
        </extensions>
      </trkpt>
      <trkpt lat="22.595277763903141021728515625" lon="113.877933584153652191162109375">
        <ele>11.19999980926513671875</ele>
        <time>2026-08-17T23:09:11.000Z</time>
        <extensions>
          <ns3:TrackPointExtension>
            <ns3:hr>166</ns3:hr>
            <ns3:cad>95</ns3:cad>
          </ns3:TrackPointExtension>
        </extensions>
      </trkpt>
      <trkpt lat="22.59525421075522899627685546875" lon="113.8779451511800289154052734375">
        <ele>11.19999980926513671875</ele>
        <time>2026-08-17T23:09:12.000Z</time>
        <extensions>
          <ns3:TrackPointExtension>
            <ns3:hr>166</ns3:hr>
            <ns3:cad>95</ns3:cad>
          </ns3:TrackPointExtension>
        </extensions>
      </trkpt>
      <trkpt lat="22.5952075235545635223388671875" lon="113.87795780785381793975830078125">
        <ele>11.19999980926513671875</ele>
        <time>2026-08-17T23:09:13.000Z</time>
        <extensions>
          <ns3:TrackPointExtension>
            <ns3:hr>167</ns3:hr>
            <ns3:cad>95</ns3:cad>
          </ns3:TrackPointExtension>
        </extensions>
      </trkpt>
      <trkpt lat="22.5951796956360340118408203125" lon="113.87796342372894287109375">
        <ele>11</ele>
        <time>2026-08-17T23:09:14.000Z</time>
        <extensions>
          <ns3:TrackPointExtension>
            <ns3:hr>167</ns3:hr>
            <ns3:cad>96</ns3:cad>
          </ns3:TrackPointExtension>
        </extensions>
      </trkpt>
      <trkpt lat="22.5951444916427135467529296875" lon="113.87796702794730663299560546875">
        <ele>11</ele>
        <time>2026-08-17T23:09:15.000Z</time>
        <extensions>
          <ns3:TrackPointExtension>
            <ns3:hr>167</ns3:hr>
            <ns3:cad>96</ns3:cad>
          </ns3:TrackPointExtension>
        </extensions>
      </trkpt>
      <trkpt lat="22.5951156578958034515380859375" lon="113.87797524221241474151611328125">
        <ele>11</ele>
        <time>2026-08-17T23:09:16.000Z</time>
        <extensions>
          <ns3:TrackPointExtension>
            <ns3:hr>166</ns3:hr>
            <ns3:cad>96</ns3:cad>
          </ns3:TrackPointExtension>
        </extensions>
      </trkpt>
      <trkpt lat="22.59509193710982799530029296875" lon="113.87797725386917591094970703125">
        <ele>11</ele>
        <time>2026-08-17T23:09:17.000Z</time>
        <extensions>
          <ns3:TrackPointExtension>
            <ns3:hr>167</ns3:hr>
            <ns3:cad>97</ns3:cad>
          </ns3:TrackPointExtension>
        </extensions>
      </trkpt>
      <trkpt lat="22.595059834420680999755859375" lon="113.8779947720468044281005859375">
        <ele>11.19999980926513671875</ele>
        <time>2026-08-17T23:09:18.000Z</time>
        <extensions>
          <ns3:TrackPointExtension>
            <ns3:hr>167</ns3:hr>
            <ns3:cad>97</ns3:cad>
          </ns3:TrackPointExtension>
        </extensions>
      </trkpt>
      <trkpt lat="22.595032341778278350830078125" lon="113.878012038767337799072265625">
        <ele>11.19999980926513671875</ele>
        <time>2026-08-17T23:09:19.000Z</time>
        <extensions>
          <ns3:TrackPointExtension>
            <ns3:hr>166</ns3:hr>
            <ns3:cad>97</ns3:cad>
          </ns3:TrackPointExtension>
        </extensions>
      </trkpt>
      <trkpt lat="22.59499738924205303192138671875" lon="113.87802536599338054656982421875">
        <ele>11.19999980926513671875</ele>
        <time>2026-08-17T23:09:20.000Z</time>
        <extensions>
          <ns3:TrackPointExtension>
            <ns3:hr>167</ns3:hr>
            <ns3:cad>96</ns3:cad>
          </ns3:TrackPointExtension>
        </extensions>
      </trkpt>
      <trkpt lat="22.59496285580098628997802734375" lon="113.87803039513528347015380859375">
        <ele>11.19999980926513671875</ele>
        <time>2026-08-17T23:09:21.000Z</time>
        <extensions>
          <ns3:TrackPointExtension>
            <ns3:hr>167</ns3:hr>
            <ns3:cad>95</ns3:cad>
          </ns3:TrackPointExtension>
        </extensions>
      </trkpt>
      <trkpt lat="22.5949327647686004638671875" lon="113.878046572208404541015625">
        <ele>11.19999980926513671875</ele>
        <time>2026-08-17T23:09:22.000Z</time>
        <extensions>
          <ns3:TrackPointExtension>
            <ns3:hr>167</ns3:hr>
            <ns3:cad>95</ns3:cad>
          </ns3:TrackPointExtension>
        </extensions>
      </trkpt>
      <trkpt lat="22.59489563293755054473876953125" lon="113.87806241400539875030517578125">
        <ele>11</ele>
        <time>2026-08-17T23:09:23.000Z</time>
        <extensions>
          <ns3:TrackPointExtension>
            <ns3:hr>167</ns3:hr>
            <ns3:cad>95</ns3:cad>
          </ns3:TrackPointExtension>
        </extensions>
      </trkpt>
      <trkpt lat="22.5948657095432281494140625" lon="113.87807381339371204376220703125">
        <ele>11</ele>
        <time>2026-08-17T23:09:24.000Z</time>
        <extensions>
          <ns3:TrackPointExtension>
            <ns3:hr>167</ns3:hr>
            <ns3:cad>95</ns3:cad>
          </ns3:TrackPointExtension>
        </extensions>
      </trkpt>
      <trkpt lat="22.59482991881668567657470703125" lon="113.878084458410739898681640625">
        <ele>11</ele>
        <time>2026-08-17T23:09:25.000Z</time>
        <extensions>
          <ns3:TrackPointExtension>
            <ns3:hr>167</ns3:hr>
            <ns3:cad>95</ns3:cad>
          </ns3:TrackPointExtension>
        </extensions>
      </trkpt>
      <trkpt lat="22.5947932898998260498046875" lon="113.87809594161808490753173828125">
        <ele>11</ele>
        <time>2026-08-17T23:09:26.000Z</time>
        <extensions>
          <ns3:TrackPointExtension>
            <ns3:hr>167</ns3:hr>
            <ns3:cad>95</ns3:cad>
          </ns3:TrackPointExtension>
        </extensions>
      </trkpt>
      <trkpt lat="22.5947629474103450775146484375" lon="113.87811035849153995513916015625">
        <ele>10.80000019073486328125</ele>
        <time>2026-08-17T23:09:27.000Z</time>
        <extensions>
          <ns3:TrackPointExtension>
            <ns3:hr>167</ns3:hr>
            <ns3:cad>96</ns3:cad>
          </ns3:TrackPointExtension>
        </extensions>
      </trkpt>
      <trkpt lat="22.59472330100834369659423828125" lon="113.87811371125280857086181640625">
        <ele>10.80000019073486328125</ele>
        <time>2026-08-17T23:09:28.000Z</time>
        <extensions>
          <ns3:TrackPointExtension>
            <ns3:hr>168</ns3:hr>
            <ns3:cad>96</ns3:cad>
          </ns3:TrackPointExtension>
        </extensions>
      </trkpt>
      <trkpt lat="22.59469346143305301666259765625" lon="113.87812695465981960296630859375">
        <ele>10.80000019073486328125</ele>
        <time>2026-08-17T23:09:29.000Z</time>
        <extensions>
          <ns3:TrackPointExtension>
            <ns3:hr>168</ns3:hr>
            <ns3:cad>96</ns3:cad>
          </ns3:TrackPointExtension>
        </extensions>
      </trkpt>
      <trkpt lat="22.5946657173335552215576171875" lon="113.87813600711524486541748046875">
        <ele>10.80000019073486328125</ele>
        <time>2026-08-17T23:09:30.000Z</time>
        <extensions>
          <ns3:TrackPointExtension>
            <ns3:hr>168</ns3:hr>
            <ns3:cad>96</ns3:cad>
          </ns3:TrackPointExtension>
        </extensions>
      </trkpt>
      <trkpt lat="22.59463093243539333343505859375" lon="113.87814556248486042022705078125">
        <ele>10.80000019073486328125</ele>
        <time>2026-08-17T23:09:31.000Z</time>
        <extensions>
          <ns3:TrackPointExtension>
            <ns3:hr>168</ns3:hr>
            <ns3:cad>96</ns3:cad>
          </ns3:TrackPointExtension>
        </extensions>
      </trkpt>
      <trkpt lat="22.594604529440402984619140625" lon="113.878150843083858489990234375">
        <ele>10.80000019073486328125</ele>
        <time>2026-08-17T23:09:32.000Z</time>
        <extensions>
          <ns3:TrackPointExtension>
            <ns3:hr>168</ns3:hr>
            <ns3:cad>96</ns3:cad>
          </ns3:TrackPointExtension>
        </extensions>
      </trkpt>
      <trkpt lat="22.59456722997128963470458984375" lon="113.8781590573489665985107421875">
        <ele>10.6000003814697265625</ele>
        <time>2026-08-17T23:09:33.000Z</time>
        <extensions>
          <ns3:TrackPointExtension>
            <ns3:hr>168</ns3:hr>
            <ns3:cad>96</ns3:cad>
          </ns3:TrackPointExtension>
        </extensions>
      </trkpt>
      <trkpt lat="22.59453739039599895477294921875" lon="113.87816366739571094512939453125">
        <ele>10.3999996185302734375</ele>
        <time>2026-08-17T23:09:34.000Z</time>
        <extensions>
          <ns3:TrackPointExtension>
            <ns3:hr>168</ns3:hr>
            <ns3:cad>96</ns3:cad>
          </ns3:TrackPointExtension>
        </extensions>
      </trkpt>
      <trkpt lat="22.59450604207813739776611328125" lon="113.878176324069499969482421875">
        <ele>10.3999996185302734375</ele>
        <time>2026-08-17T23:09:35.000Z</time>
        <extensions>
          <ns3:TrackPointExtension>
            <ns3:hr>168</ns3:hr>
            <ns3:cad>96</ns3:cad>
          </ns3:TrackPointExtension>
        </extensions>
      </trkpt>
      <trkpt lat="22.59446002542972564697265625" lon="113.87817992828786373138427734375">
        <ele>10.19999980926513671875</ele>
        <time>2026-08-17T23:09:36.000Z</time>
        <extensions>
          <ns3:TrackPointExtension>
            <ns3:hr>168</ns3:hr>
            <ns3:cad>95</ns3:cad>
          </ns3:TrackPointExtension>
        </extensions>
      </trkpt>
      <trkpt lat="22.59442691691219806671142578125" lon="113.87818026356399059295654296875">
        <ele>10.19999980926513671875</ele>
        <time>2026-08-17T23:09:37.000Z</time>
        <extensions>
          <ns3:TrackPointExtension>
            <ns3:hr>168</ns3:hr>
            <ns3:cad>95</ns3:cad>
          </ns3:TrackPointExtension>
        </extensions>
      </trkpt>
      <trkpt lat="22.59439003653824329376220703125" lon="113.87818629853427410125732421875">
        <ele>10.3999996185302734375</ele>
        <time>2026-08-17T23:09:38.000Z</time>
        <extensions>
          <ns3:TrackPointExtension>
            <ns3:hr>168</ns3:hr>
            <ns3:cad>95</ns3:cad>
          </ns3:TrackPointExtension>
        </extensions>
      </trkpt>
      <trkpt lat="22.59435969404876232147216796875" lon="113.8781878910958766937255859375">
        <ele>10.3999996185302734375</ele>
        <time>2026-08-17T23:09:39.000Z</time>
        <extensions>
          <ns3:TrackPointExtension>
            <ns3:hr>167</ns3:hr>
            <ns3:cad>95</ns3:cad>
          </ns3:TrackPointExtension>
        </extensions>
      </trkpt>
      <trkpt lat="22.59433203376829624176025390625" lon="113.87819048948585987091064453125">
        <ele>10.3999996185302734375</ele>
        <time>2026-08-17T23:09:40.000Z</time>
        <extensions>
          <ns3:TrackPointExtension>
            <ns3:hr>168</ns3:hr>
            <ns3:cad>96</ns3:cad>
          </ns3:TrackPointExtension>
        </extensions>
      </trkpt>
      <trkpt lat="22.594290710985660552978515625" lon="113.87819551862776279449462890625">
        <ele>10.3999996185302734375</ele>
        <time>2026-08-17T23:09:41.000Z</time>
        <extensions>
          <ns3:TrackPointExtension>
            <ns3:hr>168</ns3:hr>
            <ns3:cad>98</ns3:cad>
          </ns3:TrackPointExtension>
        </extensions>
      </trkpt>
      <trkpt lat="22.5942600332200527191162109375" lon="113.87819417752325534820556640625">
        <ele>10.3999996185302734375</ele>
        <time>2026-08-17T23:09:42.000Z</time>
        <extensions>
          <ns3:TrackPointExtension>
            <ns3:hr>168</ns3:hr>
            <ns3:cad>97</ns3:cad>
          </ns3:TrackPointExtension>
        </extensions>
      </trkpt>
      <trkpt lat="22.59422340430319309234619140625" lon="113.8781919144093990325927734375">
        <ele>10.19999980926513671875</ele>
        <time>2026-08-17T23:09:43.000Z</time>
        <extensions>
          <ns3:TrackPointExtension>
            <ns3:hr>168</ns3:hr>
            <ns3:cad>95</ns3:cad>
          </ns3:TrackPointExtension>
        </extensions>
      </trkpt>
      <trkpt lat="22.5941882841289043426513671875" lon="113.87819183059036731719970703125">
        <ele>10.3999996185302734375</ele>
        <time>2026-08-17T23:09:44.000Z</time>
        <extensions>
          <ns3:TrackPointExtension>
            <ns3:hr>167</ns3:hr>
            <ns3:cad>95</ns3:cad>
          </ns3:TrackPointExtension>
        </extensions>
      </trkpt>
      <trkpt lat="22.59415425360202789306640625" lon="113.8781966082751750946044921875">
        <ele>10.19999980926513671875</ele>
        <time>2026-08-17T23:09:45.000Z</time>
        <extensions>
          <ns3:TrackPointExtension>
            <ns3:hr>167</ns3:hr>
            <ns3:cad>95</ns3:cad>
          </ns3:TrackPointExtension>
        </extensions>
      </trkpt>
      <trkpt lat="22.59411226026713848114013671875" lon="113.878187723457813262939453125">
        <ele>10.19999980926513671875</ele>
        <time>2026-08-17T23:09:46.000Z</time>
        <extensions>
          <ns3:TrackPointExtension>
            <ns3:hr>167</ns3:hr>
            <ns3:cad>97</ns3:cad>
          </ns3:TrackPointExtension>
        </extensions>
      </trkpt>
      <trkpt lat="22.59408049285411834716796875" lon="113.87818579562008380889892578125">
        <ele>10.19999980926513671875</ele>
        <time>2026-08-17T23:09:47.000Z</time>
        <extensions>
          <ns3:TrackPointExtension>
            <ns3:hr>167</ns3:hr>
            <ns3:cad>97</ns3:cad>
          </ns3:TrackPointExtension>
        </extensions>
      </trkpt>
      <trkpt lat="22.5940431095659732818603515625" lon="113.8781865499913692474365234375">
        <ele>10.19999980926513671875</ele>
        <time>2026-08-17T23:09:48.000Z</time>
        <extensions>
          <ns3:TrackPointExtension>
            <ns3:hr>167</ns3:hr>
            <ns3:cad>97</ns3:cad>
          </ns3:TrackPointExtension>
        </extensions>
      </trkpt>
      <trkpt lat="22.59401075541973114013671875" lon="113.878183029592037200927734375">
        <ele>10.19999980926513671875</ele>
        <time>2026-08-17T23:09:49.000Z</time>
        <extensions>
          <ns3:TrackPointExtension>
            <ns3:hr>167</ns3:hr>
            <ns3:cad>97</ns3:cad>
          </ns3:TrackPointExtension>
        </extensions>
      </trkpt>
      <trkpt lat="22.593976557254791259765625" lon="113.87818093411624431610107421875">
        <ele>10.19999980926513671875</ele>
        <time>2026-08-17T23:09:50.000Z</time>
        <extensions>
          <ns3:TrackPointExtension>
            <ns3:hr>168</ns3:hr>
            <ns3:cad>95</ns3:cad>
          </ns3:TrackPointExtension>
        </extensions>
      </trkpt>
      <trkpt lat="22.59393422864377498626708984375" lon="113.8781751506030559539794921875">
        <ele>10.19999980926513671875</ele>
        <time>2026-08-17T23:09:51.000Z</time>
        <extensions>
          <ns3:TrackPointExtension>
            <ns3:hr>167</ns3:hr>
            <ns3:cad>95</ns3:cad>
          </ns3:TrackPointExtension>
        </extensions>
      </trkpt>
      <trkpt lat="22.59390338324010372161865234375" lon="113.8781734742224216461181640625">
        <ele>10.19999980926513671875</ele>
        <time>2026-08-17T23:09:52.000Z</time>
        <extensions>
          <ns3:TrackPointExtension>
            <ns3:hr>167</ns3:hr>
            <ns3:cad>95</ns3:cad>
          </ns3:TrackPointExtension>
        </extensions>
      </trkpt>
      <trkpt lat="22.59386398829519748687744140625" lon="113.87816467322409152984619140625">
        <ele>10.19999980926513671875</ele>
        <time>2026-08-17T23:09:53.000Z</time>
        <extensions>
          <ns3:TrackPointExtension>
            <ns3:hr>168</ns3:hr>
            <ns3:cad>97</ns3:cad>
          </ns3:TrackPointExtension>
        </extensions>
      </trkpt>
      <trkpt lat="22.59382911957800388336181640625" lon="113.878152854740619659423828125">
        <ele>10.19999980926513671875</ele>
        <time>2026-08-17T23:09:54.000Z</time>
        <extensions>
          <ns3:TrackPointExtension>
            <ns3:hr>167</ns3:hr>
            <ns3:cad>97</ns3:cad>
          </ns3:TrackPointExtension>
        </extensions>
      </trkpt>
      <trkpt lat="22.5937993638217449188232421875" lon="113.8781399466097354888916015625">
        <ele>10.19999980926513671875</ele>
        <time>2026-08-17T23:09:55.000Z</time>
        <extensions>
          <ns3:TrackPointExtension>
            <ns3:hr>167</ns3:hr>
            <ns3:cad>97</ns3:cad>
          </ns3:TrackPointExtension>
        </extensions>
      </trkpt>
      <trkpt lat="22.59376457892358303070068359375" lon="113.87811019085347652435302734375">
        <ele>10.19999980926513671875</ele>
        <time>2026-08-17T23:09:56.000Z</time>
        <extensions>
          <ns3:TrackPointExtension>
            <ns3:hr>167</ns3:hr>
            <ns3:cad>95</ns3:cad>
          </ns3:TrackPointExtension>
        </extensions>
      </trkpt>
      <trkpt lat="22.593740858137607574462890625" lon="113.87808588333427906036376953125">
        <ele>10.19999980926513671875</ele>
        <time>2026-08-17T23:09:57.000Z</time>
        <extensions>
          <ns3:TrackPointExtension>
            <ns3:hr>167</ns3:hr>
            <ns3:cad>95</ns3:cad>
          </ns3:TrackPointExtension>
        </extensions>
      </trkpt>
      <trkpt lat="22.59370640851557254791259765625" lon="113.87805134989321231842041015625">
        <ele>10.3999996185302734375</ele>
        <time>2026-08-17T23:09:58.000Z</time>
        <extensions>
          <ns3:TrackPointExtension>
            <ns3:hr>167</ns3:hr>
            <ns3:cad>95</ns3:cad>
          </ns3:TrackPointExtension>
        </extensions>
      </trkpt>
      <trkpt lat="22.59366416372358798980712890625" lon="113.87800927273929119110107421875">
        <ele>10.3999996185302734375</ele>
        <time>2026-08-17T23:09:59.000Z</time>
        <extensions>
          <ns3:TrackPointExtension>
            <ns3:hr>166</ns3:hr>
            <ns3:cad>96</ns3:cad>
          </ns3:TrackPointExtension>
        </extensions>
      </trkpt>
      <trkpt lat="22.59362585842609405517578125" lon="113.877981863915920257568359375">
        <ele>10.3999996185302734375</ele>
        <time>2026-08-17T23:10:00.000Z</time>
        <extensions>
          <ns3:TrackPointExtension>
            <ns3:hr>167</ns3:hr>
            <ns3:cad>96</ns3:cad>
          </ns3:TrackPointExtension>
        </extensions>
      </trkpt>
      <trkpt lat="22.59359509684145450592041015625" lon="113.8779746554791927337646484375">
        <ele>10.19999980926513671875</ele>
        <time>2026-08-17T23:10:01.000Z</time>
        <extensions>
          <ns3:TrackPointExtension>
            <ns3:hr>166</ns3:hr>
            <ns3:cad>96</ns3:cad>
          </ns3:TrackPointExtension>
        </extensions>
      </trkpt>
      <trkpt lat="22.59358160197734832763671875" lon="113.87797876261174678802490234375">
        <ele>10.19999980926513671875</ele>
        <time>2026-08-17T23:10:02.000Z</time>
        <extensions>
          <ns3:TrackPointExtension>
            <ns3:hr>166</ns3:hr>
            <ns3:cad>96</ns3:cad>
          </ns3:TrackPointExtension>
        </extensions>
      </trkpt>
      <trkpt lat="22.5935579650104045867919921875" lon="113.877988569438457489013671875">
        <ele>10.19999980926513671875</ele>
        <time>2026-08-17T23:10:03.000Z</time>
        <extensions>
          <ns3:TrackPointExtension>
            <ns3:hr>166</ns3:hr>
            <ns3:cad>96</ns3:cad>
          </ns3:TrackPointExtension>
        </extensions>
      </trkpt>
      <trkpt lat="22.59353935718536376953125" lon="113.8780075125396251678466796875">
        <ele>10.19999980926513671875</ele>
        <time>2026-08-17T23:10:04.000Z</time>
        <extensions>
          <ns3:TrackPointExtension>
            <ns3:hr>167</ns3:hr>
            <ns3:cad>96</ns3:cad>
          </ns3:TrackPointExtension>
        </extensions>
      </trkpt>
      <trkpt lat="22.59351580403745174407958984375" lon="113.87802419252693653106689453125">
        <ele>10.19999980926513671875</ele>
        <time>2026-08-17T23:10:05.000Z</time>
        <extensions>
          <ns3:TrackPointExtension>
            <ns3:hr>167</ns3:hr>
            <ns3:cad>95</ns3:cad>
          </ns3:TrackPointExtension>
        </extensions>
      </trkpt>
      <trkpt lat="22.59348210878670215606689453125" lon="113.8780460692942142486572265625">
        <ele>10</ele>
        <time>2026-08-17T23:10:06.000Z</time>
        <extensions>
          <ns3:TrackPointExtension>
            <ns3:hr>167</ns3:hr>
            <ns3:cad>95</ns3:cad>
          </ns3:TrackPointExtension>
        </extensions>
      </trkpt>
      <trkpt lat="22.59345796890556812286376953125" lon="113.87806526385247707366943359375">
        <ele>10</ele>
        <time>2026-08-17T23:10:07.000Z</time>
        <extensions>
          <ns3:TrackPointExtension>
            <ns3:hr>167</ns3:hr>
            <ns3:cad>96</ns3:cad>
          </ns3:TrackPointExtension>
        </extensions>
      </trkpt>
      <trkpt lat="22.59342242963612079620361328125" lon="113.87808035127818584442138671875">
        <ele>9.80000019073486328125</ele>
        <time>2026-08-17T23:10:08.000Z</time>
        <extensions>
          <ns3:TrackPointExtension>
            <ns3:hr>167</ns3:hr>
            <ns3:cad>96</ns3:cad>
          </ns3:TrackPointExtension>
        </extensions>
      </trkpt>
      <trkpt lat="22.59339141659438610076904296875" lon="113.8781015574932098388671875">
        <ele>9.80000019073486328125</ele>
        <time>2026-08-17T23:10:09.000Z</time>
        <extensions>
          <ns3:TrackPointExtension>
            <ns3:hr>166</ns3:hr>
            <ns3:cad>96</ns3:cad>
          </ns3:TrackPointExtension>
        </extensions>
      </trkpt>
      <trkpt lat="22.5933665223419666290283203125" lon="113.8781188242137432098388671875">
        <ele>9.80000019073486328125</ele>
        <time>2026-08-17T23:10:10.000Z</time>
        <extensions>
          <ns3:TrackPointExtension>
            <ns3:hr>166</ns3:hr>
            <ns3:cad>96</ns3:cad>
          </ns3:TrackPointExtension>
        </extensions>
      </trkpt>
      <trkpt lat="22.59333291091024875640869140625" lon="113.8781443051993846893310546875">
        <ele>9.80000019073486328125</ele>
        <time>2026-08-17T23:10:11.000Z</time>
        <extensions>
          <ns3:TrackPointExtension>
            <ns3:hr>166</ns3:hr>
            <ns3:cad>96</ns3:cad>
          </ns3:TrackPointExtension>
        </extensions>
      </trkpt>
      <trkpt lat="22.59331078268587589263916015625" lon="113.87816567905247211456298828125">
        <ele>9.6000003814697265625</ele>
        <time>2026-08-17T23:10:12.000Z</time>
        <extensions>
          <ns3:TrackPointExtension>
            <ns3:hr>166</ns3:hr>
            <ns3:cad>96</ns3:cad>
          </ns3:TrackPointExtension>
        </extensions>
      </trkpt>
      <trkpt lat="22.59328127838671207427978515625" lon="113.87818378396332263946533203125">
        <ele>9.80000019073486328125</ele>
        <time>2026-08-17T23:10:13.000Z</time>
        <extensions>
          <ns3:TrackPointExtension>
            <ns3:hr>167</ns3:hr>
            <ns3:cad>96</ns3:cad>
          </ns3:TrackPointExtension>
        </extensions>
      </trkpt>
      <trkpt lat="22.59325982071459293365478515625" lon="113.878212869167327880859375">
        <ele>9.80000019073486328125</ele>
        <time>2026-08-17T23:10:14.000Z</time>
        <extensions>
          <ns3:TrackPointExtension>
            <ns3:hr>167</ns3:hr>
            <ns3:cad>96</ns3:cad>
          </ns3:TrackPointExtension>
        </extensions>
      </trkpt>
      <trkpt lat="22.5932431407272815704345703125" lon="113.87823633849620819091796875">
        <ele>9.80000019073486328125</ele>
        <time>2026-08-17T23:10:15.000Z</time>
        <extensions>
          <ns3:TrackPointExtension>
            <ns3:hr>167</ns3:hr>
            <ns3:cad>96</ns3:cad>
          </ns3:TrackPointExtension>
        </extensions>
      </trkpt>
      <trkpt lat="22.593211792409420013427734375" lon="113.87826450169086456298828125">
        <ele>9.80000019073486328125</ele>
        <time>2026-08-17T23:10:16.000Z</time>
        <extensions>
          <ns3:TrackPointExtension>
            <ns3:hr>166</ns3:hr>
            <ns3:cad>96</ns3:cad>
          </ns3:TrackPointExtension>
        </extensions>
      </trkpt>
      <trkpt lat="22.593197040259838104248046875" lon="113.8782857917249202728271484375">
        <ele>9.80000019073486328125</ele>
        <time>2026-08-17T23:10:17.000Z</time>
        <extensions>
          <ns3:TrackPointExtension>
            <ns3:hr>167</ns3:hr>
            <ns3:cad>96</ns3:cad>
          </ns3:TrackPointExtension>
        </extensions>
      </trkpt>
      <trkpt lat="22.59317348711192607879638671875" lon="113.8783085905015468597412109375">
        <ele>9.80000019073486328125</ele>
        <time>2026-08-17T23:10:18.000Z</time>
        <extensions>
          <ns3:TrackPointExtension>
            <ns3:hr>167</ns3:hr>
            <ns3:cad>96</ns3:cad>
          </ns3:TrackPointExtension>
        </extensions>
      </trkpt>
      <trkpt lat="22.59314649738371372222900390625" lon="113.87833382003009319305419921875">
        <ele>9.80000019073486328125</ele>
        <time>2026-08-17T23:10:19.000Z</time>
        <extensions>
          <ns3:TrackPointExtension>
            <ns3:hr>167</ns3:hr>
            <ns3:cad>96</ns3:cad>
          </ns3:TrackPointExtension>
        </extensions>
      </trkpt>
      <trkpt lat="22.593127973377704620361328125" lon="113.87835569679737091064453125">
        <ele>9.80000019073486328125</ele>
        <time>2026-08-17T23:10:20.000Z</time>
        <extensions>
          <ns3:TrackPointExtension>
            <ns3:hr>166</ns3:hr>
            <ns3:cad>96</ns3:cad>
          </ns3:TrackPointExtension>
        </extensions>
      </trkpt>
      <trkpt lat="22.59309620596468448638916015625" lon="113.8783823512494564056396484375">
        <ele>9.80000019073486328125</ele>
        <time>2026-08-17T23:10:21.000Z</time>
        <extensions>
          <ns3:TrackPointExtension>
            <ns3:hr>167</ns3:hr>
            <ns3:cad>96</ns3:cad>
          </ns3:TrackPointExtension>
        </extensions>
      </trkpt>
      <trkpt lat="22.59307558648288249969482421875" lon="113.8784073293209075927734375">
        <ele>9.80000019073486328125</ele>
        <time>2026-08-17T23:10:22.000Z</time>
        <extensions>
          <ns3:TrackPointExtension>
            <ns3:hr>167</ns3:hr>
            <ns3:cad>96</ns3:cad>
          </ns3:TrackPointExtension>
        </extensions>
      </trkpt>
      <trkpt lat="22.59305052459239959716796875" lon="113.87842803262174129486083984375">
        <ele>10</ele>
        <time>2026-08-17T23:10:23.000Z</time>
        <extensions>
          <ns3:TrackPointExtension>
            <ns3:hr>167</ns3:hr>
            <ns3:cad>96</ns3:cad>
          </ns3:TrackPointExtension>
        </extensions>
      </trkpt>
      <trkpt lat="22.5930188409984111785888671875" lon="113.8784547708928585052490234375">
        <ele>10</ele>
        <time>2026-08-17T23:10:24.000Z</time>
        <extensions>
          <ns3:TrackPointExtension>
            <ns3:hr>168</ns3:hr>
            <ns3:cad>96</ns3:cad>
          </ns3:TrackPointExtension>
        </extensions>
      </trkpt>
      <trkpt lat="22.59299914352595806121826171875" lon="113.8784770667552947998046875">
        <ele>10</ele>
        <time>2026-08-17T23:10:25.000Z</time>
        <extensions>
          <ns3:TrackPointExtension>
            <ns3:hr>168</ns3:hr>
            <ns3:cad>96</ns3:cad>
          </ns3:TrackPointExtension>
        </extensions>
      </trkpt>
      <trkpt lat="22.5929719023406505584716796875" lon="113.8785007037222385406494140625">
        <ele>10</ele>
        <time>2026-08-17T23:10:26.000Z</time>
        <extensions>
          <ns3:TrackPointExtension>
            <ns3:hr>168</ns3:hr>
            <ns3:cad>96</ns3:cad>
          </ns3:TrackPointExtension>
        </extensions>
      </trkpt>
      <trkpt lat="22.59295128285884857177734375" lon="113.8785253465175628662109375">
        <ele>10.19999980926513671875</ele>
        <time>2026-08-17T23:10:27.000Z</time>
        <extensions>
          <ns3:TrackPointExtension>
            <ns3:hr>167</ns3:hr>
            <ns3:cad>96</ns3:cad>
          </ns3:TrackPointExtension>
        </extensions>
      </trkpt>
      <trkpt lat="22.59292823262512683868408203125" lon="113.8785463012754917144775390625">
        <ele>10</ele>
        <time>2026-08-17T23:10:28.000Z</time>
        <extensions>
          <ns3:TrackPointExtension>
            <ns3:hr>168</ns3:hr>
            <ns3:cad>96</ns3:cad>
          </ns3:TrackPointExtension>
        </extensions>
      </trkpt>
      <trkpt lat="22.59290459565818309783935546875" lon="113.87857563793659210205078125">
        <ele>10</ele>
        <time>2026-08-17T23:10:29.000Z</time>
        <extensions>
          <ns3:TrackPointExtension>
            <ns3:hr>168</ns3:hr>
            <ns3:cad>97</ns3:cad>
          </ns3:TrackPointExtension>
        </extensions>
      </trkpt>
      <trkpt lat="22.5928924418985843658447265625" lon="113.8785992749035358428955078125">
        <ele>10</ele>
        <time>2026-08-17T23:10:30.000Z</time>
        <extensions>
          <ns3:TrackPointExtension>
            <ns3:hr>168</ns3:hr>
            <ns3:cad>97</ns3:cad>
          </ns3:TrackPointExtension>
        </extensions>
      </trkpt>
      <trkpt lat="22.5928672961890697479248046875" lon="113.878630958497524261474609375">
        <ele>10</ele>
        <time>2026-08-17T23:10:31.000Z</time>
        <extensions>
          <ns3:TrackPointExtension>
            <ns3:hr>167</ns3:hr>
            <ns3:cad>96</ns3:cad>
          </ns3:TrackPointExtension>
        </extensions>
      </trkpt>
      <trkpt lat="22.59285547770559787750244140625" lon="113.87866088189184665679931640625">
        <ele>10.19999980926513671875</ele>
        <time>2026-08-17T23:10:32.000Z</time>
        <extensions>
          <ns3:TrackPointExtension>
            <ns3:hr>168</ns3:hr>
            <ns3:cad>96</ns3:cad>
          </ns3:TrackPointExtension>
        </extensions>
      </trkpt>
      <trkpt lat="22.5928394682705402374267578125" lon="113.878688625991344451904296875">
        <ele>10.19999980926513671875</ele>
        <time>2026-08-17T23:10:33.000Z</time>
        <extensions>
          <ns3:TrackPointExtension>
            <ns3:hr>168</ns3:hr>
            <ns3:cad>96</ns3:cad>
          </ns3:TrackPointExtension>
        </extensions>
      </trkpt>
      <trkpt lat="22.59282010607421398162841796875" lon="113.87872223742306232452392578125">
        <ele>10.19999980926513671875</ele>
        <time>2026-08-17T23:10:34.000Z</time>
        <extensions>
          <ns3:TrackPointExtension>
            <ns3:hr>168</ns3:hr>
            <ns3:cad>96</ns3:cad>
          </ns3:TrackPointExtension>
        </extensions>
      </trkpt>
      <trkpt lat="22.59280736558139324188232421875" lon="113.87874470092356204986572265625">
        <ele>10.19999980926513671875</ele>
        <time>2026-08-17T23:10:35.000Z</time>
        <extensions>
          <ns3:TrackPointExtension>
            <ns3:hr>168</ns3:hr>
            <ns3:cad>96</ns3:cad>
          </ns3:TrackPointExtension>
        </extensions>
      </trkpt>
      <trkpt lat="22.5927818007767200469970703125" lon="113.8787578605115413665771484375">
        <ele>10.19999980926513671875</ele>
        <time>2026-08-17T23:10:36.000Z</time>
        <extensions>
          <ns3:TrackPointExtension>
            <ns3:hr>168</ns3:hr>
            <ns3:cad>97</ns3:cad>
          </ns3:TrackPointExtension>
        </extensions>
      </trkpt>
      <trkpt lat="22.59275724180042743682861328125" lon="113.878767080605030059814453125">
        <ele>10.3999996185302734375</ele>
        <time>2026-08-17T23:10:37.000Z</time>
        <extensions>
          <ns3:TrackPointExtension>
            <ns3:hr>168</ns3:hr>
            <ns3:cad>97</ns3:cad>
          </ns3:TrackPointExtension>
        </extensions>
      </trkpt>
      <trkpt lat="22.5927298329770565032958984375" lon="113.87878057546913623809814453125">
        <ele>10.3999996185302734375</ele>
        <time>2026-08-17T23:10:38.000Z</time>
        <extensions>
          <ns3:TrackPointExtension>
            <ns3:hr>168</ns3:hr>
            <ns3:cad>96</ns3:cad>
          </ns3:TrackPointExtension>
        </extensions>
      </trkpt>
      <trkpt lat="22.5927134044468402862548828125" lon="113.87879918329417705535888671875">
        <ele>10.3999996185302734375</ele>
        <time>2026-08-17T23:10:39.000Z</time>
        <extensions>
          <ns3:TrackPointExtension>
            <ns3:hr>168</ns3:hr>
            <ns3:cad>95</ns3:cad>
          </ns3:TrackPointExtension>
        </extensions>
      </trkpt>
      <trkpt lat="22.592697478830814361572265625" lon="113.8788259215652942657470703125">
        <ele>10.3999996185302734375</ele>
        <time>2026-08-17T23:10:40.000Z</time>
        <extensions>
          <ns3:TrackPointExtension>
            <ns3:hr>167</ns3:hr>
            <ns3:cad>95</ns3:cad>
          </ns3:TrackPointExtension>
        </extensions>
      </trkpt>
      <trkpt lat="22.59268532507121562957763671875" lon="113.87885458767414093017578125">
        <ele>10.3999996185302734375</ele>
        <time>2026-08-17T23:10:41.000Z</time>
        <extensions>
          <ns3:TrackPointExtension>
            <ns3:hr>168</ns3:hr>
            <ns3:cad>95</ns3:cad>
          </ns3:TrackPointExtension>
        </extensions>
      </trkpt>
      <trkpt lat="22.59265984408557415008544921875" lon="113.87887277640402317047119140625">
        <ele>10.19999980926513671875</ele>
        <time>2026-08-17T23:10:42.000Z</time>
        <extensions>
          <ns3:TrackPointExtension>
            <ns3:hr>168</ns3:hr>
            <ns3:cad>95</ns3:cad>
          </ns3:TrackPointExtension>
        </extensions>
      </trkpt>
      <trkpt lat="22.59263033978641033172607421875" lon="113.8788970001041889190673828125">
        <ele>10.19999980926513671875</ele>
        <time>2026-08-17T23:10:43.000Z</time>
        <extensions>
          <ns3:TrackPointExtension>
            <ns3:hr>167</ns3:hr>
            <ns3:cad>92</ns3:cad>
          </ns3:TrackPointExtension>
        </extensions>
      </trkpt>
      <trkpt lat="22.5926041044294834136962890625" lon="113.87891854159533977508544921875">
        <ele>10.19999980926513671875</ele>
        <time>2026-08-17T23:10:44.000Z</time>
        <extensions>
          <ns3:TrackPointExtension>
            <ns3:hr>167</ns3:hr>
            <ns3:cad>92</ns3:cad>
          </ns3:TrackPointExtension>
        </extensions>
      </trkpt>
      <trkpt lat="22.5925695709884166717529296875" lon="113.8789452798664569854736328125">
        <ele>10.19999980926513671875</ele>
        <time>2026-08-17T23:10:45.000Z</time>
        <extensions>
          <ns3:TrackPointExtension>
            <ns3:hr>167</ns3:hr>
            <ns3:cad>92</ns3:cad>
          </ns3:TrackPointExtension>
        </extensions>
      </trkpt>
      <trkpt lat="22.59255054406821727752685546875" lon="113.87896430678665637969970703125">
        <ele>10.19999980926513671875</ele>
        <time>2026-08-17T23:10:46.000Z</time>
        <extensions>
          <ns3:TrackPointExtension>
            <ns3:hr>167</ns3:hr>
            <ns3:cad>94</ns3:cad>
          </ns3:TrackPointExtension>
        </extensions>
      </trkpt>
      <trkpt lat="22.59252338670194149017333984375" lon="113.8789813220500946044921875">
        <ele>10.19999980926513671875</ele>
        <time>2026-08-17T23:10:47.000Z</time>
        <extensions>
          <ns3:TrackPointExtension>
            <ns3:hr>166</ns3:hr>
            <ns3:cad>94</ns3:cad>
          </ns3:TrackPointExtension>
        </extensions>
      </trkpt>
      <trkpt lat="22.592509053647518157958984375" lon="113.8789952360093593597412109375">
        <ele>10.3999996185302734375</ele>
        <time>2026-08-17T23:10:48.000Z</time>
        <extensions>
          <ns3:TrackPointExtension>
            <ns3:hr>167</ns3:hr>
            <ns3:cad>94</ns3:cad>
          </ns3:TrackPointExtension>
        </extensions>
      </trkpt>
      <trkpt lat="22.59219833649694919586181640625" lon="113.87893094681203365325927734375">
        <ele>9.80000019073486328125</ele>
        <time>2026-08-17T23:12:37.000Z</time>
        <extensions>
          <ns3:TrackPointExtension>
            <ns3:hr>114</ns3:hr>
            <ns3:cad>0</ns3:cad>
          </ns3:TrackPointExtension>
        </extensions>
      </trkpt>
      <trkpt lat="22.59218953549861907958984375" lon="113.8789067231118679046630859375">
        <ele>9.6000003814697265625</ele>
        <time>2026-08-17T23:12:38.000Z</time>
        <extensions>
          <ns3:TrackPointExtension>
            <ns3:hr>117</ns3:hr>
            <ns3:cad>0</ns3:cad>
          </ns3:TrackPointExtension>
        </extensions>
      </trkpt>
      <trkpt lat="22.5921756215393543243408203125" lon="113.8788792304694652557373046875">
        <ele>9.6000003814697265625</ele>
        <time>2026-08-17T23:12:39.000Z</time>
        <extensions>
          <ns3:TrackPointExtension>
            <ns3:hr>117</ns3:hr>
            <ns3:cad>0</ns3:cad>
          </ns3:TrackPointExtension>
        </extensions>
      </trkpt>
      <trkpt lat="22.59216011501848697662353515625" lon="113.8788413442671298980712890625">
        <ele>9.80000019073486328125</ele>
        <time>2026-08-17T23:12:40.000Z</time>
        <extensions>
          <ns3:TrackPointExtension>
            <ns3:hr>118</ns3:hr>
            <ns3:cad>90</ns3:cad>
          </ns3:TrackPointExtension>
        </extensions>
      </trkpt>
      <trkpt lat="22.592143602669239044189453125" lon="113.878807984292507171630859375">
        <ele>9.6000003814697265625</ele>
        <time>2026-08-17T23:12:41.000Z</time>
        <extensions>
          <ns3:TrackPointExtension>
            <ns3:hr>118</ns3:hr>
            <ns3:cad>90</ns3:cad>
          </ns3:TrackPointExtension>
        </extensions>
      </trkpt>
      <trkpt lat="22.59211049415171146392822265625" lon="113.8787893764674663543701171875">
        <ele>9.6000003814697265625</ele>
        <time>2026-08-17T23:12:42.000Z</time>
        <extensions>
          <ns3:TrackPointExtension>
            <ns3:hr>119</ns3:hr>
            <ns3:cad>91</ns3:cad>
          </ns3:TrackPointExtension>
        </extensions>
      </trkpt>
      <trkpt lat="22.592073865234851837158203125" lon="113.878771103918552398681640625">
        <ele>9.6000003814697265625</ele>
        <time>2026-08-17T23:12:43.000Z</time>
        <extensions>
          <ns3:TrackPointExtension>
            <ns3:hr>119</ns3:hr>
            <ns3:cad>91</ns3:cad>
          </ns3:TrackPointExtension>
        </extensions>
      </trkpt>
      <trkpt lat="22.59204779751598834991455078125" lon="113.8787742890417575836181640625">
        <ele>9.3999996185302734375</ele>
        <time>2026-08-17T23:12:44.000Z</time>
        <extensions>
          <ns3:TrackPointExtension>
            <ns3:hr>120</ns3:hr>
            <ns3:cad>91</ns3:cad>
          </ns3:TrackPointExtension>
        </extensions>
      </trkpt>
      <trkpt lat="22.59202784858644008636474609375" lon="113.87879289686679840087890625">
        <ele>9.19999980926513671875</ele>
        <time>2026-08-17T23:12:45.000Z</time>
        <extensions>
          <ns3:TrackPointExtension>
            <ns3:hr>121</ns3:hr>
            <ns3:cad>94</ns3:cad>
          </ns3:TrackPointExtension>
        </extensions>
      </trkpt>
      <trkpt lat="22.5920160301029682159423828125" lon="113.87882784940302371978759765625">
        <ele>9.19999980926513671875</ele>
        <time>2026-08-17T23:12:46.000Z</time>
        <extensions>
          <ns3:TrackPointExtension>
            <ns3:hr>121</ns3:hr>
            <ns3:cad>94</ns3:cad>
          </ns3:TrackPointExtension>
        </extensions>
      </trkpt>
      <trkpt lat="22.59201192297041416168212890625" lon="113.878858275711536407470703125">
        <ele>9.19999980926513671875</ele>
        <time>2026-08-17T23:12:47.000Z</time>
        <extensions>
          <ns3:TrackPointExtension>
            <ns3:hr>122</ns3:hr>
            <ns3:cad>94</ns3:cad>
          </ns3:TrackPointExtension>
        </extensions>
      </trkpt>
      <trkpt lat="22.59199331514537334442138671875" lon="113.87889540754258632659912109375">
        <ele>9.19999980926513671875</ele>
        <time>2026-08-17T23:12:48.000Z</time>
        <extensions>
          <ns3:TrackPointExtension>
            <ns3:hr>122</ns3:hr>
            <ns3:cad>95</ns3:cad>
          </ns3:TrackPointExtension>
        </extensions>
      </trkpt>
      <trkpt lat="22.59197822771966457366943359375" lon="113.87892390601336956024169921875">
        <ele>9.19999980926513671875</ele>
        <time>2026-08-17T23:12:49.000Z</time>
        <extensions>
          <ns3:TrackPointExtension>
            <ns3:hr>124</ns3:hr>
            <ns3:cad>94</ns3:cad>
          </ns3:TrackPointExtension>
        </extensions>
      </trkpt>
      <trkpt lat="22.59195618331432342529296875" lon="113.87896011583507061004638671875">
        <ele>9.19999980926513671875</ele>
        <time>2026-08-17T23:12:50.000Z</time>
        <extensions>
          <ns3:TrackPointExtension>
            <ns3:hr>126</ns3:hr>
            <ns3:cad>94</ns3:cad>
          </ns3:TrackPointExtension>
        </extensions>
      </trkpt>
      <trkpt lat="22.59193799458444118499755859375" lon="113.8789895363152027130126953125">
        <ele>9</ele>
        <time>2026-08-17T23:12:51.000Z</time>
        <extensions>
          <ns3:TrackPointExtension>
            <ns3:hr>129</ns3:hr>
            <ns3:cad>93</ns3:cad>
          </ns3:TrackPointExtension>
        </extensions>
      </trkpt>
      <trkpt lat="22.591916620731353759765625" lon="113.8790103234350681304931640625">
        <ele>9</ele>
        <time>2026-08-17T23:12:52.000Z</time>
        <extensions>
          <ns3:TrackPointExtension>
            <ns3:hr>130</ns3:hr>
            <ns3:cad>93</ns3:cad>
          </ns3:TrackPointExtension>
        </extensions>
      </trkpt>
      <trkpt lat="22.59188401512801647186279296875" lon="113.87904359959065914154052734375">
        <ele>9</ele>
        <time>2026-08-17T23:12:53.000Z</time>
        <extensions>
          <ns3:TrackPointExtension>
            <ns3:hr>131</ns3:hr>
            <ns3:cad>93</ns3:cad>
          </ns3:TrackPointExtension>
        </extensions>
      </trkpt>
      <trkpt lat="22.5918661616742610931396484375" lon="113.8790663145482540130615234375">
        <ele>9</ele>
        <time>2026-08-17T23:12:54.000Z</time>
        <extensions>
          <ns3:TrackPointExtension>
            <ns3:hr>131</ns3:hr>
            <ns3:cad>95</ns3:cad>
          </ns3:TrackPointExtension>
        </extensions>
      </trkpt>
      <trkpt lat="22.59183540008962154388427734375" lon="113.87908869422972202301025390625">
        <ele>9</ele>
        <time>2026-08-17T23:12:55.000Z</time>
        <extensions>
          <ns3:TrackPointExtension>
            <ns3:hr>132</ns3:hr>
            <ns3:cad>96</ns3:cad>
          </ns3:TrackPointExtension>
        </extensions>
      </trkpt>
      <trkpt lat="22.5918079912662506103515625" lon="113.8791109062731266021728515625">
        <ele>9</ele>
        <time>2026-08-17T23:12:56.000Z</time>
        <extensions>
          <ns3:TrackPointExtension>
            <ns3:hr>132</ns3:hr>
            <ns3:cad>96</ns3:cad>
          </ns3:TrackPointExtension>
        </extensions>
      </trkpt>
      <trkpt lat="22.5917836837470531463623046875" lon="113.87912926264107227325439453125">
        <ele>9</ele>
        <time>2026-08-17T23:12:57.000Z</time>
        <extensions>
          <ns3:TrackPointExtension>
            <ns3:hr>133</ns3:hr>
            <ns3:cad>96</ns3:cad>
          </ns3:TrackPointExtension>
        </extensions>
      </trkpt>
      <trkpt lat="22.591752670705318450927734375" lon="113.879151642322540283203125">
        <ele>9</ele>
        <time>2026-08-17T23:12:58.000Z</time>
        <extensions>
          <ns3:TrackPointExtension>
            <ns3:hr>133</ns3:hr>
            <ns3:cad>96</ns3:cad>
          </ns3:TrackPointExtension>
        </extensions>
      </trkpt>
      <trkpt lat="22.59173179976642131805419921875" lon="113.87917217798531055450439453125">
        <ele>9.19999980926513671875</ele>
        <time>2026-08-17T23:12:59.000Z</time>
        <extensions>
          <ns3:TrackPointExtension>
            <ns3:hr>135</ns3:hr>
            <ns3:cad>96</ns3:cad>
          </ns3:TrackPointExtension>
        </extensions>
      </trkpt>
      <trkpt lat="22.59169475175440311431884765625" lon="113.87919514440000057220458984375">
        <ele>9.19999980926513671875</ele>
        <time>2026-08-17T23:13:00.000Z</time>
        <extensions>
          <ns3:TrackPointExtension>
            <ns3:hr>137</ns3:hr>
            <ns3:cad>96</ns3:cad>
          </ns3:TrackPointExtension>
        </extensions>
      </trkpt>
      <trkpt lat="22.5916685163974761962890625" lon="113.8792215473949909210205078125">
        <ele>9.19999980926513671875</ele>
        <time>2026-08-17T23:13:01.000Z</time>
        <extensions>
          <ns3:TrackPointExtension>
            <ns3:hr>140</ns3:hr>
            <ns3:cad>96</ns3:cad>
          </ns3:TrackPointExtension>
        </extensions>
      </trkpt>
      <trkpt lat="22.59164295159280300140380859375" lon="113.87924292124807834625244140625">
        <ele>9.19999980926513671875</ele>
        <time>2026-08-17T23:13:02.000Z</time>
        <extensions>
          <ns3:TrackPointExtension>
            <ns3:hr>141</ns3:hr>
            <ns3:cad>96</ns3:cad>
          </ns3:TrackPointExtension>
        </extensions>
      </trkpt>
      <trkpt lat="22.5916103459894657135009765625" lon="113.87927762232720851898193359375">
        <ele>9.19999980926513671875</ele>
        <time>2026-08-17T23:13:03.000Z</time>
        <extensions>
          <ns3:TrackPointExtension>
            <ns3:hr>142</ns3:hr>
            <ns3:cad>96</ns3:cad>
          </ns3:TrackPointExtension>
        </extensions>
      </trkpt>
      <trkpt lat="22.59158796630799770355224609375" lon="113.87930125929415225982666015625">
        <ele>9.19999980926513671875</ele>
        <time>2026-08-17T23:13:04.000Z</time>
        <extensions>
          <ns3:TrackPointExtension>
            <ns3:hr>142</ns3:hr>
            <ns3:cad>95</ns3:cad>
          </ns3:TrackPointExtension>
        </extensions>
      </trkpt>
      <trkpt lat="22.59154974482953548431396484375" lon="113.8793300092220306396484375">
        <ele>9.19999980926513671875</ele>
        <time>2026-08-17T23:13:05.000Z</time>
        <extensions>
          <ns3:TrackPointExtension>
            <ns3:hr>143</ns3:hr>
            <ns3:cad>95</ns3:cad>
          </ns3:TrackPointExtension>
        </extensions>
      </trkpt>
      <trkpt lat="22.59152694605290889739990234375" lon="113.879355490207672119140625">
        <ele>9.19999980926513671875</ele>
        <time>2026-08-17T23:13:06.000Z</time>
        <extensions>
          <ns3:TrackPointExtension>
            <ns3:hr>144</ns3:hr>
            <ns3:cad>95</ns3:cad>
          </ns3:TrackPointExtension>
        </extensions>
      </trkpt>
      <trkpt lat="22.591503895819187164306640625" lon="113.8793794624507427215576171875">
        <ele>9</ele>
        <time>2026-08-17T23:13:07.000Z</time>
        <extensions>
          <ns3:TrackPointExtension>
            <ns3:hr>144</ns3:hr>
            <ns3:cad>94</ns3:cad>
          </ns3:TrackPointExtension>
        </extensions>
      </trkpt>
      <trkpt lat="22.591474391520023345947265625" lon="113.87940720655024051666259765625">
        <ele>9</ele>
        <time>2026-08-17T23:13:08.000Z</time>
        <extensions>
          <ns3:TrackPointExtension>
            <ns3:hr>145</ns3:hr>
            <ns3:cad>94</ns3:cad>
          </ns3:TrackPointExtension>
        </extensions>
      </trkpt>
      <trkpt lat="22.59145553223788738250732421875" lon="113.87942799367010593414306640625">
        <ele>9</ele>
        <time>2026-08-17T23:13:09.000Z</time>
        <extensions>
          <ns3:TrackPointExtension>
            <ns3:hr>146</ns3:hr>
            <ns3:cad>96</ns3:cad>
          </ns3:TrackPointExtension>
        </extensions>
      </trkpt>
      <trkpt lat="22.59142200462520122528076171875" lon="113.87945665977895259857177734375">
        <ele>9</ele>
        <time>2026-08-17T23:13:10.000Z</time>
        <extensions>
          <ns3:TrackPointExtension>
            <ns3:hr>147</ns3:hr>
            <ns3:cad>96</ns3:cad>
          </ns3:TrackPointExtension>
        </extensions>
      </trkpt>
      <trkpt lat="22.5913997925817966461181640625" lon="113.87948247604072093963623046875">
        <ele>9</ele>
        <time>2026-08-17T23:13:11.000Z</time>
        <extensions>
          <ns3:TrackPointExtension>
            <ns3:hr>148</ns3:hr>
            <ns3:cad>96</ns3:cad>
          </ns3:TrackPointExtension>
        </extensions>
      </trkpt>
      <trkpt lat="22.59137372486293315887451171875" lon="113.879506699740886688232421875">
        <ele>9</ele>
        <time>2026-08-17T23:13:12.000Z</time>
        <extensions>
          <ns3:TrackPointExtension>
            <ns3:hr>149</ns3:hr>
            <ns3:cad>96</ns3:cad>
          </ns3:TrackPointExtension>
        </extensions>
      </trkpt>
      <trkpt lat="22.59134807623922824859619140625" lon="113.87953863479197025299072265625">
        <ele>9</ele>
        <time>2026-08-17T23:13:13.000Z</time>
        <extensions>
          <ns3:TrackPointExtension>
            <ns3:hr>149</ns3:hr>
            <ns3:cad>96</ns3:cad>
          </ns3:TrackPointExtension>
        </extensions>
      </trkpt>
      <trkpt lat="22.59133399464190006256103515625" lon="113.87956093065440654754638671875">
        <ele>9</ele>
        <time>2026-08-17T23:13:14.000Z</time>
        <extensions>
          <ns3:TrackPointExtension>
            <ns3:hr>149</ns3:hr>
            <ns3:cad>96</ns3:cad>
          </ns3:TrackPointExtension>
        </extensions>
      </trkpt>
      <trkpt lat="22.591307424008846282958984375" lon="113.879596889019012451171875">
        <ele>9</ele>
        <time>2026-08-17T23:13:15.000Z</time>
        <extensions>
          <ns3:TrackPointExtension>
            <ns3:hr>150</ns3:hr>
            <ns3:cad>96</ns3:cad>
          </ns3:TrackPointExtension>
        </extensions>
      </trkpt>
      <trkpt lat="22.5912911631166934967041015625" lon="113.8796262256801128387451171875">
        <ele>9</ele>
        <time>2026-08-17T23:13:16.000Z</time>
        <extensions>
          <ns3:TrackPointExtension>
            <ns3:hr>151</ns3:hr>
            <ns3:cad>96</ns3:cad>
          </ns3:TrackPointExtension>
        </extensions>
      </trkpt>
      <trkpt lat="22.5912686996161937713623046875" lon="113.87965950183570384979248046875">
        <ele>9</ele>
        <time>2026-08-17T23:13:17.000Z</time>
        <extensions>
          <ns3:TrackPointExtension>
            <ns3:hr>151</ns3:hr>
            <ns3:cad>96</ns3:cad>
          </ns3:TrackPointExtension>
        </extensions>
      </trkpt>
      <trkpt lat="22.59124212898313999176025390625" lon="113.879691772162914276123046875">
        <ele>8.80000019073486328125</ele>
        <time>2026-08-17T23:13:18.000Z</time>
        <extensions>
          <ns3:TrackPointExtension>
            <ns3:hr>152</ns3:hr>
            <ns3:cad>96</ns3:cad>
          </ns3:TrackPointExtension>
        </extensions>
      </trkpt>
      <trkpt lat="22.59122167713940143585205078125" lon="113.8797140680253505706787109375">
        <ele>8.80000019073486328125</ele>
        <time>2026-08-17T23:13:19.000Z</time>
        <extensions>
          <ns3:TrackPointExtension>
            <ns3:hr>152</ns3:hr>
            <ns3:cad>96</ns3:cad>
          </ns3:TrackPointExtension>
        </extensions>
      </trkpt>
      <trkpt lat="22.5911882333457469940185546875" lon="113.8797435723245143890380859375">
        <ele>8.80000019073486328125</ele>
        <time>2026-08-17T23:13:20.000Z</time>
        <extensions>
          <ns3:TrackPointExtension>
            <ns3:hr>153</ns3:hr>
            <ns3:cad>96</ns3:cad>
          </ns3:TrackPointExtension>
        </extensions>
      </trkpt>
      <trkpt lat="22.5911615788936614990234375" lon="113.8797657005488872528076171875">
        <ele>8.80000019073486328125</ele>
        <time>2026-08-17T23:13:21.000Z</time>
        <extensions>
          <ns3:TrackPointExtension>
            <ns3:hr>153</ns3:hr>
            <ns3:cad>96</ns3:cad>
          </ns3:TrackPointExtension>
        </extensions>
      </trkpt>
      <trkpt lat="22.591133415699005126953125" lon="113.8797911815345287322998046875">
        <ele>8.80000019073486328125</ele>
        <time>2026-08-17T23:13:22.000Z</time>
        <extensions>
          <ns3:TrackPointExtension>
            <ns3:hr>154</ns3:hr>
            <ns3:cad>96</ns3:cad>
          </ns3:TrackPointExtension>
        </extensions>
      </trkpt>
      <trkpt lat="22.5911081023514270782470703125" lon="113.879823870956897735595703125">
        <ele>8.80000019073486328125</ele>
        <time>2026-08-17T23:13:23.000Z</time>
        <extensions>
          <ns3:TrackPointExtension>
            <ns3:hr>154</ns3:hr>
            <ns3:cad>96</ns3:cad>
          </ns3:TrackPointExtension>
        </extensions>
      </trkpt>
      <trkpt lat="22.59108672849833965301513671875" lon="113.8798441551625728607177734375">
        <ele>8.80000019073486328125</ele>
        <time>2026-08-17T23:13:24.000Z</time>
        <extensions>
          <ns3:TrackPointExtension>
            <ns3:hr>155</ns3:hr>
            <ns3:cad>96</ns3:cad>
          </ns3:TrackPointExtension>
        </extensions>
      </trkpt>
      <trkpt lat="22.5910584814846515655517578125" lon="113.879875503480434417724609375">
        <ele>8.80000019073486328125</ele>
        <time>2026-08-17T23:13:25.000Z</time>
        <extensions>
          <ns3:TrackPointExtension>
            <ns3:hr>155</ns3:hr>
            <ns3:cad>96</ns3:cad>
          </ns3:TrackPointExtension>
        </extensions>
      </trkpt>
      <trkpt lat="22.59104289114475250244140625" lon="113.8798998109996318817138671875">
        <ele>8.6000003814697265625</ele>
        <time>2026-08-17T23:13:26.000Z</time>
        <extensions>
          <ns3:TrackPointExtension>
            <ns3:hr>156</ns3:hr>
            <ns3:cad>96</ns3:cad>
          </ns3:TrackPointExtension>
        </extensions>
      </trkpt>
      <trkpt lat="22.59101749397814273834228515625" lon="113.8799242861568927764892578125">
        <ele>8.6000003814697265625</ele>
        <time>2026-08-17T23:13:27.000Z</time>
        <extensions>
          <ns3:TrackPointExtension>
            <ns3:hr>156</ns3:hr>
            <ns3:cad>96</ns3:cad>
          </ns3:TrackPointExtension>
        </extensions>
      </trkpt>
      <trkpt lat="22.59099218063056468963623046875" lon="113.87995161116123199462890625">
        <ele>8.6000003814697265625</ele>
        <time>2026-08-17T23:13:28.000Z</time>
        <extensions>
          <ns3:TrackPointExtension>
            <ns3:hr>157</ns3:hr>
            <ns3:cad>96</ns3:cad>
          </ns3:TrackPointExtension>
        </extensions>
      </trkpt>
      <trkpt lat="22.5909709744155406951904296875" lon="113.87996971607208251953125">
        <ele>8.6000003814697265625</ele>
        <time>2026-08-17T23:13:29.000Z</time>
        <extensions>
          <ns3:TrackPointExtension>
            <ns3:hr>157</ns3:hr>
            <ns3:cad>95</ns3:cad>
          </ns3:TrackPointExtension>
        </extensions>
      </trkpt>
      <trkpt lat="22.590941302478313446044921875" lon="113.880002237856388092041015625">
        <ele>8.6000003814697265625</ele>
        <time>2026-08-17T23:13:30.000Z</time>
        <extensions>
          <ns3:TrackPointExtension>
            <ns3:hr>157</ns3:hr>
            <ns3:cad>95</ns3:cad>
          </ns3:TrackPointExtension>
        </extensions>
      </trkpt>
      <trkpt lat="22.59092085063457489013671875" lon="113.88002268970012664794921875">
        <ele>8.6000003814697265625</ele>
        <time>2026-08-17T23:13:31.000Z</time>
        <extensions>
          <ns3:TrackPointExtension>
            <ns3:hr>157</ns3:hr>
            <ns3:cad>95</ns3:cad>
          </ns3:TrackPointExtension>
        </extensions>
      </trkpt>
      <trkpt lat="22.59089411236345767974853515625" lon="113.88004439882934093475341796875">
        <ele>8.6000003814697265625</ele>
        <time>2026-08-17T23:13:32.000Z</time>
        <extensions>
          <ns3:TrackPointExtension>
            <ns3:hr>157</ns3:hr>
            <ns3:cad>97</ns3:cad>
          </ns3:TrackPointExtension>
        </extensions>
      </trkpt>
      <trkpt lat="22.59086863137781620025634765625" lon="113.880073316395282745361328125">
        <ele>8.3999996185302734375</ele>
        <time>2026-08-17T23:13:33.000Z</time>
        <extensions>
          <ns3:TrackPointExtension>
            <ns3:hr>158</ns3:hr>
            <ns3:cad>97</ns3:cad>
          </ns3:TrackPointExtension>
        </extensions>
      </trkpt>
      <trkpt lat="22.590852789580821990966796875" lon="113.880104161798954010009765625">
        <ele>8.3999996185302734375</ele>
        <time>2026-08-17T23:13:34.000Z</time>
        <extensions>
          <ns3:TrackPointExtension>
            <ns3:hr>158</ns3:hr>
            <ns3:cad>96</ns3:cad>
          </ns3:TrackPointExtension>
        </extensions>
      </trkpt>
      <trkpt lat="22.590823285281658172607421875" lon="113.880136013031005859375">
        <ele>8.3999996185302734375</ele>
        <time>2026-08-17T23:13:35.000Z</time>
        <extensions>
          <ns3:TrackPointExtension>
            <ns3:hr>158</ns3:hr>
            <ns3:cad>96</ns3:cad>
          </ns3:TrackPointExtension>
        </extensions>
      </trkpt>
      <trkpt lat="22.59080057032406330108642578125" lon="113.88016342185437679290771484375">
        <ele>8.3999996185302734375</ele>
        <time>2026-08-17T23:13:36.000Z</time>
        <extensions>
          <ns3:TrackPointExtension>
            <ns3:hr>158</ns3:hr>
            <ns3:cad>96</ns3:cad>
          </ns3:TrackPointExtension>
        </extensions>
      </trkpt>
      <trkpt lat="22.59076737798750400543212890625" lon="113.88018907047808170318603515625">
        <ele>8.3999996185302734375</ele>
        <time>2026-08-17T23:13:37.000Z</time>
        <extensions>
          <ns3:TrackPointExtension>
            <ns3:hr>159</ns3:hr>
            <ns3:cad>95</ns3:cad>
          </ns3:TrackPointExtension>
        </extensions>
      </trkpt>
      <trkpt lat="22.59074072353541851043701171875" lon="113.88022243045270442962646484375">
        <ele>8.3999996185302734375</ele>
        <time>2026-08-17T23:13:38.000Z</time>
        <extensions>
          <ns3:TrackPointExtension>
            <ns3:hr>159</ns3:hr>
            <ns3:cad>95</ns3:cad>
          </ns3:TrackPointExtension>
        </extensions>
      </trkpt>
      <trkpt lat="22.5907198525965213775634765625" lon="113.88024673797190189361572265625">
        <ele>8.6000003814697265625</ele>
        <time>2026-08-17T23:13:39.000Z</time>
        <extensions>
          <ns3:TrackPointExtension>
            <ns3:hr>159</ns3:hr>
            <ns3:cad>96</ns3:cad>
          </ns3:TrackPointExtension>
        </extensions>
      </trkpt>
      <trkpt lat="22.5906908512115478515625" lon="113.88028210960328578948974609375">
        <ele>8.3999996185302734375</ele>
        <time>2026-08-17T23:13:40.000Z</time>
        <extensions>
          <ns3:TrackPointExtension>
            <ns3:hr>159</ns3:hr>
            <ns3:cad>96</ns3:cad>
          </ns3:TrackPointExtension>
        </extensions>
      </trkpt>
      <trkpt lat="22.59066981263458728790283203125" lon="113.8803122006356716156005859375">
        <ele>8.3999996185302734375</ele>
        <time>2026-08-17T23:13:41.000Z</time>
        <extensions>
          <ns3:TrackPointExtension>
            <ns3:hr>159</ns3:hr>
            <ns3:cad>96</ns3:cad>
          </ns3:TrackPointExtension>
        </extensions>
      </trkpt>
      <trkpt lat="22.59064324200153350830078125" lon="113.88034430332481861114501953125">
        <ele>8.3999996185302734375</ele>
        <time>2026-08-17T23:13:42.000Z</time>
        <extensions>
          <ns3:TrackPointExtension>
            <ns3:hr>159</ns3:hr>
            <ns3:cad>96</ns3:cad>
          </ns3:TrackPointExtension>
        </extensions>
      </trkpt>
      <trkpt lat="22.59061868302524089813232421875" lon="113.88037045486271381378173828125">
        <ele>8.3999996185302734375</ele>
        <time>2026-08-17T23:13:43.000Z</time>
        <extensions>
          <ns3:TrackPointExtension>
            <ns3:hr>159</ns3:hr>
            <ns3:cad>97</ns3:cad>
          </ns3:TrackPointExtension>
        </extensions>
      </trkpt>
      <trkpt lat="22.59059504605829715728759765625" lon="113.88038788922131061553955078125">
        <ele>8.19999980926513671875</ele>
        <time>2026-08-17T23:13:44.000Z</time>
        <extensions>
          <ns3:TrackPointExtension>
            <ns3:hr>160</ns3:hr>
            <ns3:cad>97</ns3:cad>
          </ns3:TrackPointExtension>
        </extensions>
      </trkpt>
      <trkpt lat="22.59056487120687961578369140625" lon="113.88042275793850421905517578125">
        <ele>8.19999980926513671875</ele>
        <time>2026-08-17T23:13:45.000Z</time>
        <extensions>
          <ns3:TrackPointExtension>
            <ns3:hr>160</ns3:hr>
            <ns3:cad>97</ns3:cad>
          </ns3:TrackPointExtension>
        </extensions>
      </trkpt>
      <trkpt lat="22.59054525755345821380615234375" lon="113.88044790364801883697509765625">
        <ele>8.3999996185302734375</ele>
        <time>2026-08-17T23:13:46.000Z</time>
        <extensions>
          <ns3:TrackPointExtension>
            <ns3:hr>160</ns3:hr>
            <ns3:cad>97</ns3:cad>
          </ns3:TrackPointExtension>
        </extensions>
      </trkpt>
      <trkpt lat="22.59051323868334293365478515625" lon="113.88047061860561370849609375">
        <ele>8.3999996185302734375</ele>
        <time>2026-08-17T23:13:47.000Z</time>
        <extensions>
          <ns3:TrackPointExtension>
            <ns3:hr>160</ns3:hr>
            <ns3:cad>96</ns3:cad>
          </ns3:TrackPointExtension>
        </extensions>
      </trkpt>
      <trkpt lat="22.5904791243374347686767578125" lon="113.88049065135419368743896484375">
        <ele>8.3999996185302734375</ele>
        <time>2026-08-17T23:13:48.000Z</time>
        <extensions>
          <ns3:TrackPointExtension>
            <ns3:hr>161</ns3:hr>
            <ns3:cad>96</ns3:cad>
          </ns3:TrackPointExtension>
        </extensions>
      </trkpt>
      <trkpt lat="22.59044601581990718841552734375" lon="113.88049836270511150360107421875">
        <ele>8.3999996185302734375</ele>
        <time>2026-08-17T23:13:49.000Z</time>
        <extensions>
          <ns3:TrackPointExtension>
            <ns3:hr>161</ns3:hr>
            <ns3:cad>96</ns3:cad>
          </ns3:TrackPointExtension>
        </extensions>
      </trkpt>
      <trkpt lat="22.590402178466320037841796875" lon="113.88049769215285778045654296875">
        <ele>8.3999996185302734375</ele>
        <time>2026-08-17T23:13:50.000Z</time>
        <extensions>
          <ns3:TrackPointExtension>
            <ns3:hr>161</ns3:hr>
            <ns3:cad>96</ns3:cad>
          </ns3:TrackPointExtension>
        </extensions>
      </trkpt>
      <trkpt lat="22.590367980301380157470703125" lon="113.8804865442216396331787109375">
        <ele>8.6000003814697265625</ele>
        <time>2026-08-17T23:13:51.000Z</time>
        <extensions>
          <ns3:TrackPointExtension>
            <ns3:hr>161</ns3:hr>
            <ns3:cad>96</ns3:cad>
          </ns3:TrackPointExtension>
        </extensions>
      </trkpt>
      <trkpt lat="22.5903289206326007843017578125" lon="113.88047019951045513153076171875">
        <ele>8.6000003814697265625</ele>
        <time>2026-08-17T23:13:52.000Z</time>
        <extensions>
          <ns3:TrackPointExtension>
            <ns3:hr>161</ns3:hr>
            <ns3:cad>95</ns3:cad>
          </ns3:TrackPointExtension>
        </extensions>
      </trkpt>
      <trkpt lat="22.59029296226799488067626953125" lon="113.8804546929895877838134765625">
        <ele>8.6000003814697265625</ele>
        <time>2026-08-17T23:13:53.000Z</time>
        <extensions>
          <ns3:TrackPointExtension>
            <ns3:hr>161</ns3:hr>
            <ns3:cad>94</ns3:cad>
          </ns3:TrackPointExtension>
        </extensions>
      </trkpt>
      <trkpt lat="22.59026982821524143218994140625" lon="113.88042342849075794219970703125">
        <ele>8.6000003814697265625</ele>
        <time>2026-08-17T23:13:54.000Z</time>
        <extensions>
          <ns3:TrackPointExtension>
            <ns3:hr>161</ns3:hr>
            <ns3:cad>94</ns3:cad>
          </ns3:TrackPointExtension>
        </extensions>
      </trkpt>
      <trkpt lat="22.5902360491454601287841796875" lon="113.88039291836321353912353515625">
        <ele>8.6000003814697265625</ele>
        <time>2026-08-17T23:13:55.000Z</time>
        <extensions>
          <ns3:TrackPointExtension>
            <ns3:hr>162</ns3:hr>
            <ns3:cad>94</ns3:cad>
          </ns3:TrackPointExtension>
        </extensions>
      </trkpt>
      <trkpt lat="22.5902129150927066802978515625" lon="113.880366347730159759521484375">
        <ele>8.3999996185302734375</ele>
        <time>2026-08-17T23:13:56.000Z</time>
        <extensions>
          <ns3:TrackPointExtension>
            <ns3:hr>162</ns3:hr>
            <ns3:cad>96</ns3:cad>
          </ns3:TrackPointExtension>
        </extensions>
      </trkpt>
      <trkpt lat="22.5901874341070652008056640625" lon="113.88033223338425159454345703125">
        <ele>8.3999996185302734375</ele>
        <time>2026-08-17T23:13:57.000Z</time>
        <extensions>
          <ns3:TrackPointExtension>
            <ns3:hr>162</ns3:hr>
            <ns3:cad>96</ns3:cad>
          </ns3:TrackPointExtension>
        </extensions>
      </trkpt>
      <trkpt lat="22.5901612825691699981689453125" lon="113.88030239380896091461181640625">
        <ele>8.19999980926513671875</ele>
        <time>2026-08-17T23:13:58.000Z</time>
        <extensions>
          <ns3:TrackPointExtension>
            <ns3:hr>162</ns3:hr>
            <ns3:cad>96</ns3:cad>
          </ns3:TrackPointExtension>
        </extensions>
      </trkpt>
      <trkpt lat="22.59013940580189228057861328125" lon="113.88026970438659191131591796875">
        <ele>8.19999980926513671875</ele>
        <time>2026-08-17T23:13:59.000Z</time>
        <extensions>
          <ns3:TrackPointExtension>
            <ns3:hr>162</ns3:hr>
            <ns3:cad>96</ns3:cad>
          </ns3:TrackPointExtension>
        </extensions>
      </trkpt>
      <trkpt lat="22.590112499892711639404296875" lon="113.8802365958690643310546875">
        <ele>8.19999980926513671875</ele>
        <time>2026-08-17T23:14:00.000Z</time>
        <extensions>
          <ns3:TrackPointExtension>
            <ns3:hr>162</ns3:hr>
            <ns3:cad>96</ns3:cad>
          </ns3:TrackPointExtension>
        </extensions>
      </trkpt>
      <trkpt lat="22.59008509106934070587158203125" lon="113.880210109055042266845703125">
        <ele>8.19999980926513671875</ele>
        <time>2026-08-17T23:14:01.000Z</time>
        <extensions>
          <ns3:TrackPointExtension>
            <ns3:hr>162</ns3:hr>
            <ns3:cad>96</ns3:cad>
          </ns3:TrackPointExtension>
        </extensions>
      </trkpt>
      <trkpt lat="22.5900586880743503570556640625" lon="113.88017632998526096343994140625">
        <ele>8.19999980926513671875</ele>
        <time>2026-08-17T23:14:02.000Z</time>
        <extensions>
          <ns3:TrackPointExtension>
            <ns3:hr>163</ns3:hr>
            <ns3:cad>95</ns3:cad>
          </ns3:TrackPointExtension>
        </extensions>
      </trkpt>
      <trkpt lat="22.590035386383533477783203125" lon="113.88014799915254116058349609375">
        <ele>8.19999980926513671875</ele>
        <time>2026-08-17T23:14:03.000Z</time>
        <extensions>
          <ns3:TrackPointExtension>
            <ns3:hr>163</ns3:hr>
            <ns3:cad>95</ns3:cad>
          </ns3:TrackPointExtension>
        </extensions>
      </trkpt>
      <trkpt lat="22.590013258159160614013671875" lon="113.8801167346537113189697265625">
        <ele>8</ele>
        <time>2026-08-17T23:14:04.000Z</time>
        <extensions>
          <ns3:TrackPointExtension>
            <ns3:hr>163</ns3:hr>
            <ns3:cad>95</ns3:cad>
          </ns3:TrackPointExtension>
        </extensions>
      </trkpt>
      <trkpt lat="22.5899839214980602264404296875" lon="113.88008438050746917724609375">
        <ele>8</ele>
        <time>2026-08-17T23:14:05.000Z</time>
        <extensions>
          <ns3:TrackPointExtension>
            <ns3:hr>163</ns3:hr>
            <ns3:cad>95</ns3:cad>
          </ns3:TrackPointExtension>
        </extensions>
      </trkpt>
      <trkpt lat="22.58996061980724334716796875" lon="113.88005889952182769775390625">
        <ele>8</ele>
        <time>2026-08-17T23:14:06.000Z</time>
        <extensions>
          <ns3:TrackPointExtension>
            <ns3:hr>164</ns3:hr>
            <ns3:cad>97</ns3:cad>
          </ns3:TrackPointExtension>
        </extensions>
      </trkpt>
      <trkpt lat="22.5899331271648406982421875" lon="113.88002864085137844085693359375">
        <ele>8</ele>
        <time>2026-08-17T23:14:07.000Z</time>
        <extensions>
          <ns3:TrackPointExtension>
            <ns3:hr>164</ns3:hr>
            <ns3:cad>97</ns3:cad>
          </ns3:TrackPointExtension>
        </extensions>
      </trkpt>
      <trkpt lat="22.58990605361759662628173828125" lon="113.8800064288079738616943359375">
        <ele>8</ele>
        <time>2026-08-17T23:14:08.000Z</time>
        <extensions>
          <ns3:TrackPointExtension>
            <ns3:hr>164</ns3:hr>
            <ns3:cad>96</ns3:cad>
          </ns3:TrackPointExtension>
        </extensions>
      </trkpt>
      <trkpt lat="22.58988627232611179351806640625" lon="113.8799755834043025970458984375">
        <ele>8</ele>
        <time>2026-08-17T23:14:09.000Z</time>
        <extensions>
          <ns3:TrackPointExtension>
            <ns3:hr>164</ns3:hr>
            <ns3:cad>96</ns3:cad>
          </ns3:TrackPointExtension>
        </extensions>
      </trkpt>
      <trkpt lat="22.58985794149339199066162109375" lon="113.87994616292417049407958984375">
        <ele>8</ele>
        <time>2026-08-17T23:14:10.000Z</time>
        <extensions>
          <ns3:TrackPointExtension>
            <ns3:hr>164</ns3:hr>
            <ns3:cad>96</ns3:cad>
          </ns3:TrackPointExtension>
        </extensions>
      </trkpt>
      <trkpt lat="22.58983765728771686553955078125" lon="113.87992671690881252288818359375">
        <ele>8</ele>
        <time>2026-08-17T23:14:11.000Z</time>
        <extensions>
          <ns3:TrackPointExtension>
            <ns3:hr>164</ns3:hr>
            <ns3:cad>96</ns3:cad>
          </ns3:TrackPointExtension>
        </extensions>
      </trkpt>
      <trkpt lat="22.5898129306733608245849609375" lon="113.87989788316190242767333984375">
        <ele>8</ele>
        <time>2026-08-17T23:14:12.000Z</time>
        <extensions>
          <ns3:TrackPointExtension>
            <ns3:hr>165</ns3:hr>
            <ns3:cad>96</ns3:cad>
          </ns3:TrackPointExtension>
        </extensions>
      </trkpt>
      <trkpt lat="22.5897887907922267913818359375" lon="113.8798763416707515716552734375">
        <ele>8</ele>
        <time>2026-08-17T23:14:13.000Z</time>
        <extensions>
          <ns3:TrackPointExtension>
            <ns3:hr>165</ns3:hr>
            <ns3:cad>96</ns3:cad>
          </ns3:TrackPointExtension>
        </extensions>
      </trkpt>
      <trkpt lat="22.58976909331977367401123046875" lon="113.8798444904386997222900390625">
        <ele>8</ele>
        <time>2026-08-17T23:14:14.000Z</time>
        <extensions>
          <ns3:TrackPointExtension>
            <ns3:hr>165</ns3:hr>
            <ns3:cad>96</ns3:cad>
          </ns3:TrackPointExtension>
        </extensions>
      </trkpt>
      <trkpt lat="22.58974604308605194091796875" lon="113.87981213629245758056640625">
        <ele>8</ele>
        <time>2026-08-17T23:14:15.000Z</time>
        <extensions>
          <ns3:TrackPointExtension>
            <ns3:hr>165</ns3:hr>
            <ns3:cad>96</ns3:cad>
          </ns3:TrackPointExtension>
        </extensions>
      </trkpt>
      <trkpt lat="22.58972450159490108489990234375" lon="113.87979160062968730926513671875">
        <ele>8</ele>
        <time>2026-08-17T23:14:16.000Z</time>
        <extensions>
          <ns3:TrackPointExtension>
            <ns3:hr>166</ns3:hr>
            <ns3:cad>96</ns3:cad>
          </ns3:TrackPointExtension>
        </extensions>
      </trkpt>
      <trkpt lat="22.58970321156084537506103515625" lon="113.8797553069889545440673828125">
        <ele>8</ele>
        <time>2026-08-17T23:14:17.000Z</time>
        <extensions>
          <ns3:TrackPointExtension>
            <ns3:hr>165</ns3:hr>
            <ns3:cad>96</ns3:cad>
          </ns3:TrackPointExtension>
        </extensions>
      </trkpt>
      <trkpt lat="22.58967764675617218017578125" lon="113.8797261379659175872802734375">
        <ele>7.80000019073486328125</ele>
        <time>2026-08-17T23:14:18.000Z</time>
        <extensions>
          <ns3:TrackPointExtension>
            <ns3:hr>166</ns3:hr>
            <ns3:cad>96</ns3:cad>
          </ns3:TrackPointExtension>
        </extensions>
      </trkpt>
      <trkpt lat="22.5896543450653553009033203125" lon="113.8796949572861194610595703125">
        <ele>7.80000019073486328125</ele>
        <time>2026-08-17T23:14:19.000Z</time>
        <extensions>
          <ns3:TrackPointExtension>
            <ns3:hr>166</ns3:hr>
            <ns3:cad>97</ns3:cad>
          </ns3:TrackPointExtension>
        </extensions>
      </trkpt>
      <trkpt lat="22.58962458930909633636474609375" lon="113.8796654529869556427001953125">
        <ele>7.80000019073486328125</ele>
        <time>2026-08-17T23:14:20.000Z</time>
        <extensions>
          <ns3:TrackPointExtension>
            <ns3:hr>166</ns3:hr>
            <ns3:cad>97</ns3:cad>
          </ns3:TrackPointExtension>
        </extensions>
      </trkpt>
      <trkpt lat="22.589605562388896942138671875" lon="113.87964676134288311004638671875">
        <ele>7.80000019073486328125</ele>
        <time>2026-08-17T23:14:21.000Z</time>
        <extensions>
          <ns3:TrackPointExtension>
            <ns3:hr>166</ns3:hr>
            <ns3:cad>96</ns3:cad>
          </ns3:TrackPointExtension>
        </extensions>
      </trkpt>
      <trkpt lat="22.5895782373845577239990234375" lon="113.87961775995790958404541015625">
        <ele>7.80000019073486328125</ele>
        <time>2026-08-17T23:14:22.000Z</time>
        <extensions>
          <ns3:TrackPointExtension>
            <ns3:hr>165</ns3:hr>
            <ns3:cad>96</ns3:cad>
          </ns3:TrackPointExtension>
        </extensions>
      </trkpt>
      <trkpt lat="22.58955434896051883697509765625" lon="113.8795920275151729583740234375">
        <ele>7.80000019073486328125</ele>
        <time>2026-08-17T23:14:23.000Z</time>
        <extensions>
          <ns3:TrackPointExtension>
            <ns3:hr>166</ns3:hr>
            <ns3:cad>96</ns3:cad>
          </ns3:TrackPointExtension>
        </extensions>
      </trkpt>
      <trkpt lat="22.5895323045551776885986328125" lon="113.87955942191183567047119140625">
        <ele>7.80000019073486328125</ele>
        <time>2026-08-17T23:14:24.000Z</time>
        <extensions>
          <ns3:TrackPointExtension>
            <ns3:hr>166</ns3:hr>
            <ns3:cad>96</ns3:cad>
          </ns3:TrackPointExtension>
        </extensions>
      </trkpt>
      <trkpt lat="22.589509002864360809326171875" lon="113.8795343600213527679443359375">
        <ele>7.599999904632568359375</ele>
        <time>2026-08-17T23:14:25.000Z</time>
        <extensions>
          <ns3:TrackPointExtension>
            <ns3:hr>166</ns3:hr>
            <ns3:cad>96</ns3:cad>
          </ns3:TrackPointExtension>
        </extensions>
      </trkpt>
      <trkpt lat="22.58948595263063907623291015625" lon="113.879503346979618072509765625">
        <ele>7.80000019073486328125</ele>
        <time>2026-08-17T23:14:26.000Z</time>
        <extensions>
          <ns3:TrackPointExtension>
            <ns3:hr>166</ns3:hr>
            <ns3:cad>95</ns3:cad>
          </ns3:TrackPointExtension>
        </extensions>
      </trkpt>
      <trkpt lat="22.5894689373672008514404296875" lon="113.8794756866991519927978515625">
        <ele>7.80000019073486328125</ele>
        <time>2026-08-17T23:14:27.000Z</time>
        <extensions>
          <ns3:TrackPointExtension>
            <ns3:hr>167</ns3:hr>
            <ns3:cad>94</ns3:cad>
          </ns3:TrackPointExtension>
        </extensions>
      </trkpt>
      <trkpt lat="22.58944555185735225677490234375" lon="113.87945431284606456756591796875">
        <ele>7.80000019073486328125</ele>
        <time>2026-08-17T23:14:28.000Z</time>
        <extensions>
          <ns3:TrackPointExtension>
            <ns3:hr>167</ns3:hr>
            <ns3:cad>94</ns3:cad>
          </ns3:TrackPointExtension>
        </extensions>
      </trkpt>
      <trkpt lat="22.589421160519123077392578125" lon="113.8794265687465667724609375">
        <ele>7.80000019073486328125</ele>
        <time>2026-08-17T23:14:29.000Z</time>
        <extensions>
          <ns3:TrackPointExtension>
            <ns3:hr>167</ns3:hr>
            <ns3:cad>94</ns3:cad>
          </ns3:TrackPointExtension>
        </extensions>
      </trkpt>
      <trkpt lat="22.58939911611378192901611328125" lon="113.87940469197928905487060546875">
        <ele>7.80000019073486328125</ele>
        <time>2026-08-17T23:14:30.000Z</time>
        <extensions>
          <ns3:TrackPointExtension>
            <ns3:hr>167</ns3:hr>
            <ns3:cad>95</ns3:cad>
          </ns3:TrackPointExtension>
        </extensions>
      </trkpt>
      <trkpt lat="22.5893757306039333343505859375" lon="113.87938030064105987548828125">
        <ele>7.80000019073486328125</ele>
        <time>2026-08-17T23:14:31.000Z</time>
        <extensions>
          <ns3:TrackPointExtension>
            <ns3:hr>166</ns3:hr>
            <ns3:cad>95</ns3:cad>
          </ns3:TrackPointExtension>
        </extensions>
      </trkpt>
      <trkpt lat="22.58935385383665561676025390625" lon="113.87935305945575237274169921875">
        <ele>7.599999904632568359375</ele>
        <time>2026-08-17T23:14:32.000Z</time>
        <extensions>
          <ns3:TrackPointExtension>
            <ns3:hr>167</ns3:hr>
            <ns3:cad>95</ns3:cad>
          </ns3:TrackPointExtension>
        </extensions>
      </trkpt>
      <trkpt lat="22.58933424018323421478271484375" lon="113.8793281652033329010009765625">
        <ele>7.599999904632568359375</ele>
        <time>2026-08-17T23:14:33.000Z</time>
        <extensions>
          <ns3:TrackPointExtension>
            <ns3:hr>167</ns3:hr>
            <ns3:cad>95</ns3:cad>
          </ns3:TrackPointExtension>
        </extensions>
      </trkpt>
      <trkpt lat="22.5893054902553558349609375" lon="113.8792829029262065887451171875">
        <ele>7.599999904632568359375</ele>
        <time>2026-08-17T23:14:34.000Z</time>
        <extensions>
          <ns3:TrackPointExtension>
            <ns3:hr>168</ns3:hr>
            <ns3:cad>95</ns3:cad>
          </ns3:TrackPointExtension>
        </extensions>
      </trkpt>
      <trkpt lat="22.58928277529776096343994140625" lon="113.87925951741635799407958984375">
        <ele>7.599999904632568359375</ele>
        <time>2026-08-17T23:14:35.000Z</time>
        <extensions>
          <ns3:TrackPointExtension>
            <ns3:hr>168</ns3:hr>
            <ns3:cad>96</ns3:cad>
          </ns3:TrackPointExtension>
        </extensions>
      </trkpt>
      <trkpt lat="22.58925310336053371429443359375" lon="113.8792289234697818756103515625">
        <ele>7.599999904632568359375</ele>
        <time>2026-08-17T23:14:36.000Z</time>
        <extensions>
          <ns3:TrackPointExtension>
            <ns3:hr>168</ns3:hr>
            <ns3:cad>96</ns3:cad>
          </ns3:TrackPointExtension>
        </extensions>
      </trkpt>
      <trkpt lat="22.58923131041228771209716796875" lon="113.87920201756060123443603515625">
        <ele>7.599999904632568359375</ele>
        <time>2026-08-17T23:14:37.000Z</time>
        <extensions>
          <ns3:TrackPointExtension>
            <ns3:hr>169</ns3:hr>
            <ns3:cad>95</ns3:cad>
          </ns3:TrackPointExtension>
        </extensions>
      </trkpt>
      <trkpt lat="22.589209266006946563720703125" lon="113.87917268089950084686279296875">
        <ele>7.599999904632568359375</ele>
        <time>2026-08-17T23:14:38.000Z</time>
        <extensions>
          <ns3:TrackPointExtension>
            <ns3:hr>169</ns3:hr>
            <ns3:cad>95</ns3:cad>
          </ns3:TrackPointExtension>
        </extensions>
      </trkpt>
      <trkpt lat="22.58918185718357563018798828125" lon="113.8791440986096858978271484375">
        <ele>7.599999904632568359375</ele>
        <time>2026-08-17T23:14:39.000Z</time>
        <extensions>
          <ns3:TrackPointExtension>
            <ns3:hr>168</ns3:hr>
            <ns3:cad>95</ns3:cad>
          </ns3:TrackPointExtension>
        </extensions>
      </trkpt>
      <trkpt lat="22.589162997901439666748046875" lon="113.87911953963339328765869140625">
        <ele>7.599999904632568359375</ele>
        <time>2026-08-17T23:14:40.000Z</time>
        <extensions>
          <ns3:TrackPointExtension>
            <ns3:hr>168</ns3:hr>
            <ns3:cad>95</ns3:cad>
          </ns3:TrackPointExtension>
        </extensions>
      </trkpt>
      <trkpt lat="22.58914120495319366455078125" lon="113.87908232398331165313720703125">
        <ele>7.599999904632568359375</ele>
        <time>2026-08-17T23:14:41.000Z</time>
        <extensions>
          <ns3:TrackPointExtension>
            <ns3:hr>169</ns3:hr>
            <ns3:cad>95</ns3:cad>
          </ns3:TrackPointExtension>
        </extensions>
      </trkpt>
      <trkpt lat="22.5891205854713916778564453125" lon="113.87905483134090900421142578125">
        <ele>7.599999904632568359375</ele>
        <time>2026-08-17T23:14:42.000Z</time>
        <extensions>
          <ns3:TrackPointExtension>
            <ns3:hr>169</ns3:hr>
            <ns3:cad>96</ns3:cad>
          </ns3:TrackPointExtension>
        </extensions>
      </trkpt>
      <trkpt lat="22.58910097181797027587890625" lon="113.879023902118206024169921875">
        <ele>7.599999904632568359375</ele>
        <time>2026-08-17T23:14:43.000Z</time>
        <extensions>
          <ns3:TrackPointExtension>
            <ns3:hr>169</ns3:hr>
            <ns3:cad>96</ns3:cad>
          </ns3:TrackPointExtension>
        </extensions>
      </trkpt>
      <trkpt lat="22.589073479175567626953125" lon="113.87899138033390045166015625">
        <ele>7.599999904632568359375</ele>
        <time>2026-08-17T23:14:44.000Z</time>
        <extensions>
          <ns3:TrackPointExtension>
            <ns3:hr>168</ns3:hr>
            <ns3:cad>96</ns3:cad>
          </ns3:TrackPointExtension>
        </extensions>
      </trkpt>
      <trkpt lat="22.58904774673283100128173828125" lon="113.8789640553295612335205078125">
        <ele>7.80000019073486328125</ele>
        <time>2026-08-17T23:14:45.000Z</time>
        <extensions>
          <ns3:TrackPointExtension>
            <ns3:hr>169</ns3:hr>
            <ns3:cad>96</ns3:cad>
          </ns3:TrackPointExtension>
        </extensions>
      </trkpt>
      <trkpt lat="22.5890236906707286834716796875" lon="113.87893639504909515380859375">
        <ele>7.80000019073486328125</ele>
        <time>2026-08-17T23:14:46.000Z</time>
        <extensions>
          <ns3:TrackPointExtension>
            <ns3:hr>169</ns3:hr>
            <ns3:cad>96</ns3:cad>
          </ns3:TrackPointExtension>
        </extensions>
      </trkpt>
      <trkpt lat="22.589003741741180419921875" lon="113.878911919891834259033203125">
        <ele>8</ele>
        <time>2026-08-17T23:14:47.000Z</time>
        <extensions>
          <ns3:TrackPointExtension>
            <ns3:hr>170</ns3:hr>
            <ns3:cad>96</ns3:cad>
          </ns3:TrackPointExtension>
        </extensions>
      </trkpt>
      <trkpt lat="22.58898404426872730255126953125" lon="113.8788815774023532867431640625">
        <ele>8</ele>
        <time>2026-08-17T23:14:48.000Z</time>
        <extensions>
          <ns3:TrackPointExtension>
            <ns3:hr>170</ns3:hr>
            <ns3:cad>96</ns3:cad>
          </ns3:TrackPointExtension>
        </extensions>
      </trkpt>
      <trkpt lat="22.58896107785403728485107421875" lon="113.87885131873190402984619140625">
        <ele>8</ele>
        <time>2026-08-17T23:14:49.000Z</time>
        <extensions>
          <ns3:TrackPointExtension>
            <ns3:hr>170</ns3:hr>
            <ns3:cad>96</ns3:cad>
          </ns3:TrackPointExtension>
        </extensions>
      </trkpt>
      <trkpt lat="22.58894481696188449859619140625" lon="113.878829777240753173828125">
        <ele>8</ele>
        <time>2026-08-17T23:14:50.000Z</time>
        <extensions>
          <ns3:TrackPointExtension>
            <ns3:hr>170</ns3:hr>
            <ns3:cad>96</ns3:cad>
          </ns3:TrackPointExtension>
        </extensions>
      </trkpt>
      <trkpt lat="22.588919587433338165283203125" lon="113.87879298068583011627197265625">
        <ele>8</ele>
        <time>2026-08-17T23:14:51.000Z</time>
        <extensions>
          <ns3:TrackPointExtension>
            <ns3:hr>169</ns3:hr>
            <ns3:cad>96</ns3:cad>
          </ns3:TrackPointExtension>
        </extensions>
      </trkpt>
      <trkpt lat="22.58889955468475818634033203125" lon="113.87877009809017181396484375">
        <ele>7.80000019073486328125</ele>
        <time>2026-08-17T23:14:52.000Z</time>
        <extensions>
          <ns3:TrackPointExtension>
            <ns3:hr>170</ns3:hr>
            <ns3:cad>96</ns3:cad>
          </ns3:TrackPointExtension>
        </extensions>
      </trkpt>
      <trkpt lat="22.58887759409844875335693359375" lon="113.87874604202806949615478515625">
        <ele>8</ele>
        <time>2026-08-17T23:14:53.000Z</time>
        <extensions>
          <ns3:TrackPointExtension>
            <ns3:hr>170</ns3:hr>
            <ns3:cad>96</ns3:cad>
          </ns3:TrackPointExtension>
        </extensions>
      </trkpt>
      <trkpt lat="22.5888523645699024200439453125" lon="113.878716118633747100830078125">
        <ele>8</ele>
        <time>2026-08-17T23:14:54.000Z</time>
        <extensions>
          <ns3:TrackPointExtension>
            <ns3:hr>169</ns3:hr>
            <ns3:cad>96</ns3:cad>
          </ns3:TrackPointExtension>
        </extensions>
      </trkpt>
      <trkpt lat="22.58883484639227390289306640625" lon="113.87869155965745449066162109375">
        <ele>8</ele>
        <time>2026-08-17T23:14:55.000Z</time>
        <extensions>
          <ns3:TrackPointExtension>
            <ns3:hr>170</ns3:hr>
            <ns3:cad>96</ns3:cad>
          </ns3:TrackPointExtension>
        </extensions>
      </trkpt>
      <trkpt lat="22.5888081081211566925048828125" lon="113.87865786440670490264892578125">
        <ele>8</ele>
        <time>2026-08-17T23:14:56.000Z</time>
        <extensions>
          <ns3:TrackPointExtension>
            <ns3:hr>170</ns3:hr>
            <ns3:cad>95</ns3:cad>
          </ns3:TrackPointExtension>
        </extensions>
      </trkpt>
      <trkpt lat="22.588784135878086090087890625" lon="113.87863825075328350067138671875">
        <ele>8</ele>
        <time>2026-08-17T23:14:57.000Z</time>
        <extensions>
          <ns3:TrackPointExtension>
            <ns3:hr>170</ns3:hr>
            <ns3:cad>95</ns3:cad>
          </ns3:TrackPointExtension>
        </extensions>
      </trkpt>
      <trkpt lat="22.5887561403214931488037109375" lon="113.8786039687693119049072265625">
        <ele>8</ele>
        <time>2026-08-17T23:14:58.000Z</time>
        <extensions>
          <ns3:TrackPointExtension>
            <ns3:hr>170</ns3:hr>
            <ns3:cad>95</ns3:cad>
          </ns3:TrackPointExtension>
        </extensions>
      </trkpt>
      <trkpt lat="22.5887340120971202850341796875" lon="113.87857521884143352508544921875">
        <ele>8.19999980926513671875</ele>
        <time>2026-08-17T23:14:59.000Z</time>
        <extensions>
          <ns3:TrackPointExtension>
            <ns3:hr>169</ns3:hr>
            <ns3:cad>95</ns3:cad>
          </ns3:TrackPointExtension>
        </extensions>
      </trkpt>
      <trkpt lat="22.58871045894920825958251953125" lon="113.878545127809047698974609375">
        <ele>8.19999980926513671875</ele>
        <time>2026-08-17T23:15:00.000Z</time>
        <extensions>
          <ns3:TrackPointExtension>
            <ns3:hr>170</ns3:hr>
            <ns3:cad>95</ns3:cad>
          </ns3:TrackPointExtension>
        </extensions>
      </trkpt>
      <trkpt lat="22.5886874087154865264892578125" lon="113.8785127736628055572509765625">
        <ele>8.19999980926513671875</ele>
        <time>2026-08-17T23:15:01.000Z</time>
        <extensions>
          <ns3:TrackPointExtension>
            <ns3:hr>170</ns3:hr>
            <ns3:cad>95</ns3:cad>
          </ns3:TrackPointExtension>
        </extensions>
      </trkpt>
      <trkpt lat="22.58866754360496997833251953125" lon="113.8784916512668132781982421875">
        <ele>8.19999980926513671875</ele>
        <time>2026-08-17T23:15:02.000Z</time>
        <extensions>
          <ns3:TrackPointExtension>
            <ns3:hr>169</ns3:hr>
            <ns3:cad>95</ns3:cad>
          </ns3:TrackPointExtension>
        </extensions>
      </trkpt>
      <trkpt lat="22.58864038623869419097900390625" lon="113.87845837511122226715087890625">
        <ele>8.19999980926513671875</ele>
        <time>2026-08-17T23:15:03.000Z</time>
        <extensions>
          <ns3:TrackPointExtension>
            <ns3:hr>170</ns3:hr>
            <ns3:cad>95</ns3:cad>
          </ns3:TrackPointExtension>
        </extensions>
      </trkpt>
      <trkpt lat="22.58861792273819446563720703125" lon="113.87843758799135684967041015625">
        <ele>8.19999980926513671875</ele>
        <time>2026-08-17T23:15:04.000Z</time>
        <extensions>
          <ns3:TrackPointExtension>
            <ns3:hr>170</ns3:hr>
            <ns3:cad>95</ns3:cad>
          </ns3:TrackPointExtension>
        </extensions>
      </trkpt>
      <trkpt lat="22.588595040142536163330078125" lon="113.87840976007282733917236328125">
        <ele>8</ele>
        <time>2026-08-17T23:15:05.000Z</time>
        <extensions>
          <ns3:TrackPointExtension>
            <ns3:hr>169</ns3:hr>
            <ns3:cad>95</ns3:cad>
          </ns3:TrackPointExtension>
        </extensions>
      </trkpt>
      <trkpt lat="22.5885717384517192840576171875" lon="113.8783793337643146514892578125">
        <ele>8</ele>
        <time>2026-08-17T23:15:06.000Z</time>
        <extensions>
          <ns3:TrackPointExtension>
            <ns3:hr>170</ns3:hr>
            <ns3:cad>94</ns3:cad>
          </ns3:TrackPointExtension>
        </extensions>
      </trkpt>
      <trkpt lat="22.58855388499796390533447265625" lon="113.87835879810154438018798828125">
        <ele>8</ele>
        <time>2026-08-17T23:15:07.000Z</time>
        <extensions>
          <ns3:TrackPointExtension>
            <ns3:hr>170</ns3:hr>
            <ns3:cad>94</ns3:cad>
          </ns3:TrackPointExtension>
        </extensions>
      </trkpt>
      <trkpt lat="22.58852907456457614898681640625" lon="113.878325857222080230712890625">
        <ele>8</ele>
        <time>2026-08-17T23:15:08.000Z</time>
        <extensions>
          <ns3:TrackPointExtension>
            <ns3:hr>169</ns3:hr>
            <ns3:cad>94</ns3:cad>
          </ns3:TrackPointExtension>
        </extensions>
      </trkpt>
      <trkpt lat="22.58850594051182270050048828125" lon="113.87830448336899280548095703125">
        <ele>8.19999980926513671875</ele>
        <time>2026-08-17T23:15:09.000Z</time>
        <extensions>
          <ns3:TrackPointExtension>
            <ns3:hr>169</ns3:hr>
            <ns3:cad>95</ns3:cad>
          </ns3:TrackPointExtension>
        </extensions>
      </trkpt>
      <trkpt lat="22.5884849019348621368408203125" lon="113.8782696984708309173583984375">
        <ele>8.19999980926513671875</ele>
        <time>2026-08-17T23:15:10.000Z</time>
        <extensions>
          <ns3:TrackPointExtension>
            <ns3:hr>169</ns3:hr>
            <ns3:cad>95</ns3:cad>
          </ns3:TrackPointExtension>
        </extensions>
      </trkpt>
      <trkpt lat="22.5884567387402057647705078125" lon="113.87824312783777713775634765625">
        <ele>8.19999980926513671875</ele>
        <time>2026-08-17T23:15:11.000Z</time>
        <extensions>
          <ns3:TrackPointExtension>
            <ns3:hr>169</ns3:hr>
            <ns3:cad>95</ns3:cad>
          </ns3:TrackPointExtension>
        </extensions>
      </trkpt>
      <trkpt lat="22.5884376280009746551513671875" lon="113.87821865268051624298095703125">
        <ele>8.19999980926513671875</ele>
        <time>2026-08-17T23:15:12.000Z</time>
        <extensions>
          <ns3:TrackPointExtension>
            <ns3:hr>170</ns3:hr>
            <ns3:cad>95</ns3:cad>
          </ns3:TrackPointExtension>
        </extensions>
      </trkpt>
      <trkpt lat="22.58841323666274547576904296875" lon="113.8781882263720035552978515625">
        <ele>8.19999980926513671875</ele>
        <time>2026-08-17T23:15:13.000Z</time>
        <extensions>
          <ns3:TrackPointExtension>
            <ns3:hr>169</ns3:hr>
            <ns3:cad>96</ns3:cad>
          </ns3:TrackPointExtension>
        </extensions>
      </trkpt>
      <trkpt lat="22.5883930362761020660400390625" lon="113.87816919945180416107177734375">
        <ele>8.19999980926513671875</ele>
        <time>2026-08-17T23:15:14.000Z</time>
        <extensions>
          <ns3:TrackPointExtension>
            <ns3:hr>169</ns3:hr>
            <ns3:cad>96</ns3:cad>
          </ns3:TrackPointExtension>
        </extensions>
      </trkpt>
      <trkpt lat="22.58837032131850719451904296875" lon="113.87813600711524486541748046875">
        <ele>8.19999980926513671875</ele>
        <time>2026-08-17T23:15:15.000Z</time>
        <extensions>
          <ns3:TrackPointExtension>
            <ns3:hr>169</ns3:hr>
            <ns3:cad>96</ns3:cad>
          </ns3:TrackPointExtension>
        </extensions>
      </trkpt>
      <trkpt lat="22.58834651671350002288818359375" lon="113.87811153195798397064208984375">
        <ele>8.19999980926513671875</ele>
        <time>2026-08-17T23:15:16.000Z</time>
        <extensions>
          <ns3:TrackPointExtension>
            <ns3:hr>169</ns3:hr>
            <ns3:cad>94</ns3:cad>
          </ns3:TrackPointExtension>
        </extensions>
      </trkpt>
      <trkpt lat="22.58832757361233234405517578125" lon="113.87808186002075672149658203125">
        <ele>8.19999980926513671875</ele>
        <time>2026-08-17T23:15:17.000Z</time>
        <extensions>
          <ns3:TrackPointExtension>
            <ns3:hr>170</ns3:hr>
            <ns3:cad>94</ns3:cad>
          </ns3:TrackPointExtension>
        </extensions>
      </trkpt>
      <trkpt lat="22.5883038528263568878173828125" lon="113.87804967351257801055908203125">
        <ele>8.19999980926513671875</ele>
        <time>2026-08-17T23:15:18.000Z</time>
        <extensions>
          <ns3:TrackPointExtension>
            <ns3:hr>170</ns3:hr>
            <ns3:cad>94</ns3:cad>
          </ns3:TrackPointExtension>
        </extensions>
      </trkpt>
      <trkpt lat="22.5882834009826183319091796875" lon="113.87802779674530029296875">
        <ele>8.19999980926513671875</ele>
        <time>2026-08-17T23:15:19.000Z</time>
        <extensions>
          <ns3:TrackPointExtension>
            <ns3:hr>169</ns3:hr>
            <ns3:cad>95</ns3:cad>
          </ns3:TrackPointExtension>
        </extensions>
      </trkpt>
      <trkpt lat="22.588259093463420867919921875" lon="113.87799385003745555877685546875">
        <ele>8.19999980926513671875</ele>
        <time>2026-08-17T23:15:20.000Z</time>
        <extensions>
          <ns3:TrackPointExtension>
            <ns3:hr>169</ns3:hr>
            <ns3:cad>95</ns3:cad>
          </ns3:TrackPointExtension>
        </extensions>
      </trkpt>
      <trkpt lat="22.588236629962921142578125" lon="113.87797457166016101837158203125">
        <ele>8.19999980926513671875</ele>
        <time>2026-08-17T23:15:21.000Z</time>
        <extensions>
          <ns3:TrackPointExtension>
            <ns3:hr>169</ns3:hr>
            <ns3:cad>95</ns3:cad>
          </ns3:TrackPointExtension>
        </extensions>
      </trkpt>
      <trkpt lat="22.588216178119182586669921875" lon="113.87794774957001209259033203125">
        <ele>8.19999980926513671875</ele>
        <time>2026-08-17T23:15:22.000Z</time>
        <extensions>
          <ns3:TrackPointExtension>
            <ns3:hr>169</ns3:hr>
            <ns3:cad>95</ns3:cad>
          </ns3:TrackPointExtension>
        </extensions>
      </trkpt>
      <trkpt lat="22.58819329552352428436279296875" lon="113.87792092747986316680908203125">
        <ele>8.19999980926513671875</ele>
        <time>2026-08-17T23:15:23.000Z</time>
        <extensions>
          <ns3:TrackPointExtension>
            <ns3:hr>170</ns3:hr>
            <ns3:cad>94</ns3:cad>
          </ns3:TrackPointExtension>
        </extensions>
      </trkpt>
      <trkpt lat="22.58817083202302455902099609375" lon="113.87789527885615825653076171875">
        <ele>8.19999980926513671875</ele>
        <time>2026-08-17T23:15:24.000Z</time>
        <extensions>
          <ns3:TrackPointExtension>
            <ns3:hr>170</ns3:hr>
            <ns3:cad>95</ns3:cad>
          </ns3:TrackPointExtension>
        </extensions>
      </trkpt>
      <trkpt lat="22.58813965134322643280029296875" lon="113.8778626732528209686279296875">
        <ele>8.19999980926513671875</ele>
        <time>2026-08-17T23:15:25.000Z</time>
        <extensions>
          <ns3:TrackPointExtension>
            <ns3:hr>170</ns3:hr>
            <ns3:cad>95</ns3:cad>
          </ns3:TrackPointExtension>
        </extensions>
      </trkpt>
      <trkpt lat="22.5881177745759487152099609375" lon="113.8778412155807018280029296875">
        <ele>8.19999980926513671875</ele>
        <time>2026-08-17T23:15:26.000Z</time>
        <extensions>
          <ns3:TrackPointExtension>
            <ns3:hr>170</ns3:hr>
            <ns3:cad>95</ns3:cad>
          </ns3:TrackPointExtension>
        </extensions>
      </trkpt>
      <trkpt lat="22.58809656836092472076416015625" lon="113.8778093643486499786376953125">
        <ele>8</ele>
        <time>2026-08-17T23:15:27.000Z</time>
        <extensions>
          <ns3:TrackPointExtension>
            <ns3:hr>169</ns3:hr>
            <ns3:cad>95</ns3:cad>
          </ns3:TrackPointExtension>
        </extensions>
      </trkpt>
      <trkpt lat="22.58807502686977386474609375" lon="113.8777905888855457305908203125">
        <ele>8</ele>
        <time>2026-08-17T23:15:28.000Z</time>
        <extensions>
          <ns3:TrackPointExtension>
            <ns3:hr>169</ns3:hr>
            <ns3:cad>95</ns3:cad>
          </ns3:TrackPointExtension>
        </extensions>
      </trkpt>
      <trkpt lat="22.5880537368357181549072265625" lon="113.87776401825249195098876953125">
        <ele>8</ele>
        <time>2026-08-17T23:15:29.000Z</time>
        <extensions>
          <ns3:TrackPointExtension>
            <ns3:hr>169</ns3:hr>
            <ns3:cad>94</ns3:cad>
          </ns3:TrackPointExtension>
        </extensions>
      </trkpt>
      <trkpt lat="22.58803068660199642181396484375" lon="113.87773987837135791778564453125">
        <ele>8</ele>
        <time>2026-08-17T23:15:30.000Z</time>
        <extensions>
          <ns3:TrackPointExtension>
            <ns3:hr>170</ns3:hr>
            <ns3:cad>95</ns3:cad>
          </ns3:TrackPointExtension>
        </extensions>
      </trkpt>
      <trkpt lat="22.58801308460533618927001953125" lon="113.8777144812047481536865234375">
        <ele>8</ele>
        <time>2026-08-17T23:15:31.000Z</time>
        <extensions>
          <ns3:TrackPointExtension>
            <ns3:hr>169</ns3:hr>
            <ns3:cad>95</ns3:cad>
          </ns3:TrackPointExtension>
        </extensions>
      </trkpt>
      <trkpt lat="22.58798844181001186370849609375" lon="113.8776856474578380584716796875">
        <ele>8</ele>
        <time>2026-08-17T23:15:32.000Z</time>
        <extensions>
          <ns3:TrackPointExtension>
            <ns3:hr>169</ns3:hr>
            <ns3:cad>95</ns3:cad>
          </ns3:TrackPointExtension>
        </extensions>
      </trkpt>
      <trkpt lat="22.5879709236323833465576171875" lon="113.877666704356670379638671875">
        <ele>8</ele>
        <time>2026-08-17T23:15:33.000Z</time>
        <extensions>
          <ns3:TrackPointExtension>
            <ns3:hr>170</ns3:hr>
            <ns3:cad>94</ns3:cad>
          </ns3:TrackPointExtension>
        </extensions>
      </trkpt>
      <trkpt lat="22.58795357309281826019287109375" lon="113.8776400499045848846435546875">
        <ele>8</ele>
        <time>2026-08-17T23:15:34.000Z</time>
        <extensions>
          <ns3:TrackPointExtension>
            <ns3:hr>169</ns3:hr>
            <ns3:cad>94</ns3:cad>
          </ns3:TrackPointExtension>
        </extensions>
      </trkpt>
      <trkpt lat="22.587934546172618865966796875" lon="113.8776202686131000518798828125">
        <ele>8</ele>
        <time>2026-08-17T23:15:35.000Z</time>
        <extensions>
          <ns3:TrackPointExtension>
            <ns3:hr>169</ns3:hr>
            <ns3:cad>94</ns3:cad>
          </ns3:TrackPointExtension>
        </extensions>
      </trkpt>
      <trkpt lat="22.587917111814022064208984375" lon="113.877592273056507110595703125">
        <ele>8</ele>
        <time>2026-08-17T23:15:36.000Z</time>
        <extensions>
          <ns3:TrackPointExtension>
            <ns3:hr>169</ns3:hr>
            <ns3:cad>94</ns3:cad>
          </ns3:TrackPointExtension>
        </extensions>
      </trkpt>
      <trkpt lat="22.587892971932888031005859375" lon="113.877563439309597015380859375">
        <ele>8</ele>
        <time>2026-08-17T23:15:37.000Z</time>
        <extensions>
          <ns3:TrackPointExtension>
            <ns3:hr>168</ns3:hr>
            <ns3:cad>94</ns3:cad>
          </ns3:TrackPointExtension>
        </extensions>
      </trkpt>
      <trkpt lat="22.5878689996898174285888671875" lon="113.87754139490425586700439453125">
        <ele>8</ele>
        <time>2026-08-17T23:15:38.000Z</time>
        <extensions>
          <ns3:TrackPointExtension>
            <ns3:hr>168</ns3:hr>
            <ns3:cad>94</ns3:cad>
          </ns3:TrackPointExtension>
        </extensions>
      </trkpt>
      <trkpt lat="22.58784192614257335662841796875" lon="113.87751390226185321807861328125">
        <ele>8</ele>
        <time>2026-08-17T23:15:39.000Z</time>
        <extensions>
          <ns3:TrackPointExtension>
            <ns3:hr>168</ns3:hr>
            <ns3:cad>93</ns3:cad>
          </ns3:TrackPointExtension>
        </extensions>
      </trkpt>
      <trkpt lat="22.58781795389950275421142578125" lon="113.877495042979717254638671875">
        <ele>7.80000019073486328125</ele>
        <time>2026-08-17T23:15:40.000Z</time>
        <extensions>
          <ns3:TrackPointExtension>
            <ns3:hr>167</ns3:hr>
            <ns3:cad>93</ns3:cad>
          </ns3:TrackPointExtension>
        </extensions>
      </trkpt>
      <trkpt lat="22.5877932272851467132568359375" lon="113.87746863998472690582275390625">
        <ele>7.80000019073486328125</ele>
        <time>2026-08-17T23:15:41.000Z</time>
        <extensions>
          <ns3:TrackPointExtension>
            <ns3:hr>167</ns3:hr>
            <ns3:cad>93</ns3:cad>
          </ns3:TrackPointExtension>
        </extensions>
      </trkpt>
      <trkpt lat="22.58777470327913761138916015625" lon="113.87744584120810031890869140625">
        <ele>7.80000019073486328125</ele>
        <time>2026-08-17T23:15:42.000Z</time>
        <extensions>
          <ns3:TrackPointExtension>
            <ns3:hr>167</ns3:hr>
            <ns3:cad>94</ns3:cad>
          </ns3:TrackPointExtension>
        </extensions>
      </trkpt>
      <trkpt lat="22.587754838168621063232421875" lon="113.877417929470539093017578125">
        <ele>7.80000019073486328125</ele>
        <time>2026-08-17T23:15:43.000Z</time>
        <extensions>
          <ns3:TrackPointExtension>
            <ns3:hr>168</ns3:hr>
            <ns3:cad>94</ns3:cad>
          </ns3:TrackPointExtension>
        </extensions>
      </trkpt>
      <trkpt lat="22.58773463778197765350341796875" lon="113.87739269994199275970458984375">
        <ele>8</ele>
        <time>2026-08-17T23:15:44.000Z</time>
        <extensions>
          <ns3:TrackPointExtension>
            <ns3:hr>168</ns3:hr>
            <ns3:cad>94</ns3:cad>
          </ns3:TrackPointExtension>
        </extensions>
      </trkpt>
      <trkpt lat="22.58771351538598537445068359375" lon="113.877363614737987518310546875">
        <ele>8</ele>
        <time>2026-08-17T23:15:45.000Z</time>
        <extensions>
          <ns3:TrackPointExtension>
            <ns3:hr>168</ns3:hr>
            <ns3:cad>93</ns3:cad>
          </ns3:TrackPointExtension>
        </extensions>
      </trkpt>
      <trkpt lat="22.58768853731453418731689453125" lon="113.877332769334316253662109375">
        <ele>8</ele>
        <time>2026-08-17T23:15:46.000Z</time>
        <extensions>
          <ns3:TrackPointExtension>
            <ns3:hr>168</ns3:hr>
            <ns3:cad>93</ns3:cad>
          </ns3:TrackPointExtension>
        </extensions>
      </trkpt>
      <trkpt lat="22.58766598999500274658203125" lon="113.8773037679493427276611328125">
        <ele>8.19999980926513671875</ele>
        <time>2026-08-17T23:15:47.000Z</time>
        <extensions>
          <ns3:TrackPointExtension>
            <ns3:hr>167</ns3:hr>
            <ns3:cad>93</ns3:cad>
          </ns3:TrackPointExtension>
        </extensions>
      </trkpt>
      <trkpt lat="22.58764293976128101348876953125" lon="113.8772712461650371551513671875">
        <ele>8.19999980926513671875</ele>
        <time>2026-08-17T23:15:48.000Z</time>
        <extensions>
          <ns3:TrackPointExtension>
            <ns3:hr>168</ns3:hr>
            <ns3:cad>93</ns3:cad>
          </ns3:TrackPointExtension>
        </extensions>
      </trkpt>
      <trkpt lat="22.58761494420468807220458984375" lon="113.87724299915134906768798828125">
        <ele>8.19999980926513671875</ele>
        <time>2026-08-17T23:15:49.000Z</time>
        <extensions>
          <ns3:TrackPointExtension>
            <ns3:hr>168</ns3:hr>
            <ns3:cad>93</ns3:cad>
          </ns3:TrackPointExtension>
        </extensions>
      </trkpt>
      <trkpt lat="22.58759499527513980865478515625" lon="113.87721047736704349517822265625">
        <ele>8.19999980926513671875</ele>
        <time>2026-08-17T23:15:50.000Z</time>
        <extensions>
          <ns3:TrackPointExtension>
            <ns3:hr>167</ns3:hr>
            <ns3:cad>95</ns3:cad>
          </ns3:TrackPointExtension>
        </extensions>
      </trkpt>
      <trkpt lat="22.58756616152822971343994140625" lon="113.8771800510585308074951171875">
        <ele>8.19999980926513671875</ele>
        <time>2026-08-17T23:15:51.000Z</time>
        <extensions>
          <ns3:TrackPointExtension>
            <ns3:hr>167</ns3:hr>
            <ns3:cad>95</ns3:cad>
          </ns3:TrackPointExtension>
        </extensions>
      </trkpt>
      <trkpt lat="22.5875441171228885650634765625" lon="113.8771572522819042205810546875">
        <ele>8</ele>
        <time>2026-08-17T23:15:52.000Z</time>
        <extensions>
          <ns3:TrackPointExtension>
            <ns3:hr>167</ns3:hr>
            <ns3:cad>95</ns3:cad>
          </ns3:TrackPointExtension>
        </extensions>
      </trkpt>
      <trkpt lat="22.58752006106078624725341796875" lon="113.87712464667856693267822265625">
        <ele>8</ele>
        <time>2026-08-17T23:15:53.000Z</time>
        <extensions>
          <ns3:TrackPointExtension>
            <ns3:hr>168</ns3:hr>
            <ns3:cad>95</ns3:cad>
          </ns3:TrackPointExtension>
        </extensions>
      </trkpt>
      <trkpt lat="22.5874965079128742218017578125" lon="113.87710201554000377655029296875">
        <ele>7.80000019073486328125</ele>
        <time>2026-08-17T23:15:54.000Z</time>
        <extensions>
          <ns3:TrackPointExtension>
            <ns3:hr>168</ns3:hr>
            <ns3:cad>95</ns3:cad>
          </ns3:TrackPointExtension>
        </extensions>
      </trkpt>
      <trkpt lat="22.58747798390686511993408203125" lon="113.87707351706922054290771484375">
        <ele>7.80000019073486328125</ele>
        <time>2026-08-17T23:15:55.000Z</time>
        <extensions>
          <ns3:TrackPointExtension>
            <ns3:hr>168</ns3:hr>
            <ns3:cad>95</ns3:cad>
          </ns3:TrackPointExtension>
        </extensions>
      </trkpt>
      <trkpt lat="22.587453760206699371337890625" lon="113.8770472817122936248779296875">
        <ele>7.80000019073486328125</ele>
        <time>2026-08-17T23:15:56.000Z</time>
        <extensions>
          <ns3:TrackPointExtension>
            <ns3:hr>168</ns3:hr>
            <ns3:cad>95</ns3:cad>
          </ns3:TrackPointExtension>
        </extensions>
      </trkpt>
      <trkpt lat="22.58743138052523136138916015625" lon="113.87702456675469875335693359375">
        <ele>7.80000019073486328125</ele>
        <time>2026-08-17T23:15:57.000Z</time>
        <extensions>
          <ns3:TrackPointExtension>
            <ns3:hr>167</ns3:hr>
            <ns3:cad>96</ns3:cad>
          </ns3:TrackPointExtension>
        </extensions>
      </trkpt>
      <trkpt lat="22.58740908466279506683349609375" lon="113.8769909553229808807373046875">
        <ele>7.599999904632568359375</ele>
        <time>2026-08-17T23:15:58.000Z</time>
        <extensions>
          <ns3:TrackPointExtension>
            <ns3:hr>167</ns3:hr>
            <ns3:cad>96</ns3:cad>
          </ns3:TrackPointExtension>
        </extensions>
      </trkpt>
      <trkpt lat="22.58738578297197818756103515625" lon="113.8769654743373394012451171875">
        <ele>7.599999904632568359375</ele>
        <time>2026-08-17T23:15:59.000Z</time>
        <extensions>
          <ns3:TrackPointExtension>
            <ns3:hr>167</ns3:hr>
            <ns3:cad>96</ns3:cad>
          </ns3:TrackPointExtension>
        </extensions>
      </trkpt>
      <trkpt lat="22.5873613916337490081787109375" lon="113.876935131847858428955078125">
        <ele>7.599999904632568359375</ele>
        <time>2026-08-17T23:16:00.000Z</time>
        <extensions>
          <ns3:TrackPointExtension>
            <ns3:hr>167</ns3:hr>
            <ns3:cad>96</ns3:cad>
          </ns3:TrackPointExtension>
        </extensions>
      </trkpt>
      <trkpt lat="22.58733700029551982879638671875" lon="113.8769071362912654876708984375">
        <ele>7.599999904632568359375</ele>
        <time>2026-08-17T23:16:01.000Z</time>
        <extensions>
          <ns3:TrackPointExtension>
            <ns3:hr>168</ns3:hr>
            <ns3:cad>96</ns3:cad>
          </ns3:TrackPointExtension>
        </extensions>
      </trkpt>
      <trkpt lat="22.5873141176998615264892578125" lon="113.876879476010799407958984375">
        <ele>7.599999904632568359375</ele>
        <time>2026-08-17T23:16:02.000Z</time>
        <extensions>
          <ns3:TrackPointExtension>
            <ns3:hr>168</ns3:hr>
            <ns3:cad>96</ns3:cad>
          </ns3:TrackPointExtension>
        </extensions>
      </trkpt>
      <trkpt lat="22.5872883014380931854248046875" lon="113.8768474571406841278076171875">
        <ele>7.80000019073486328125</ele>
        <time>2026-08-17T23:16:03.000Z</time>
        <extensions>
          <ns3:TrackPointExtension>
            <ns3:hr>167</ns3:hr>
            <ns3:cad>94</ns3:cad>
          </ns3:TrackPointExtension>
        </extensions>
      </trkpt>
      <trkpt lat="22.587265670299530029296875" lon="113.876823820173740386962890625">
        <ele>7.80000019073486328125</ele>
        <time>2026-08-17T23:16:04.000Z</time>
        <extensions>
          <ns3:TrackPointExtension>
            <ns3:hr>167</ns3:hr>
            <ns3:cad>94</ns3:cad>
          </ns3:TrackPointExtension>
        </extensions>
      </trkpt>
      <trkpt lat="22.5872433744370937347412109375" lon="113.87678953818976879119873046875">
        <ele>7.80000019073486328125</ele>
        <time>2026-08-17T23:16:05.000Z</time>
        <extensions>
          <ns3:TrackPointExtension>
            <ns3:hr>167</ns3:hr>
            <ns3:cad>94</ns3:cad>
          </ns3:TrackPointExtension>
        </extensions>
      </trkpt>
      <trkpt lat="22.587218396365642547607421875" lon="113.87676003389060497283935546875">
        <ele>7.80000019073486328125</ele>
        <time>2026-08-17T23:16:06.000Z</time>
        <extensions>
          <ns3:TrackPointExtension>
            <ns3:hr>167</ns3:hr>
            <ns3:cad>94</ns3:cad>
          </ns3:TrackPointExtension>
        </extensions>
      </trkpt>
      <trkpt lat="22.587196268141269683837890625" lon="113.8767270930111408233642578125">
        <ele>7.80000019073486328125</ele>
        <time>2026-08-17T23:16:07.000Z</time>
        <extensions>
          <ns3:TrackPointExtension>
            <ns3:hr>167</ns3:hr>
            <ns3:cad>95</ns3:cad>
          </ns3:TrackPointExtension>
        </extensions>
      </trkpt>
      <trkpt lat="22.58716718293726444244384765625" lon="113.87669599615037441253662109375">
        <ele>7.80000019073486328125</ele>
        <time>2026-08-17T23:16:08.000Z</time>
        <extensions>
          <ns3:TrackPointExtension>
            <ns3:hr>167</ns3:hr>
            <ns3:cad>95</ns3:cad>
          </ns3:TrackPointExtension>
        </extensions>
      </trkpt>
      <trkpt lat="22.58714069612324237823486328125" lon="113.87667370028793811798095703125">
        <ele>7.80000019073486328125</ele>
        <time>2026-08-17T23:16:09.000Z</time>
        <extensions>
          <ns3:TrackPointExtension>
            <ns3:hr>167</ns3:hr>
            <ns3:cad>96</ns3:cad>
          </ns3:TrackPointExtension>
        </extensions>
      </trkpt>
      <trkpt lat="22.58711370639503002166748046875" lon="113.8766442798078060150146484375">
        <ele>7.599999904632568359375</ele>
        <time>2026-08-17T23:16:10.000Z</time>
        <extensions>
          <ns3:TrackPointExtension>
            <ns3:hr>167</ns3:hr>
            <ns3:cad>96</ns3:cad>
          </ns3:TrackPointExtension>
        </extensions>
      </trkpt>
      <trkpt lat="22.58709040470421314239501953125" lon="113.8766182959079742431640625">
        <ele>7.599999904632568359375</ele>
        <time>2026-08-17T23:16:11.000Z</time>
        <extensions>
          <ns3:TrackPointExtension>
            <ns3:hr>167</ns3:hr>
            <ns3:cad>96</ns3:cad>
          </ns3:TrackPointExtension>
        </extensions>
      </trkpt>
      <trkpt lat="22.58706643246114253997802734375" lon="113.8765795715153217315673828125">
        <ele>7.599999904632568359375</ele>
        <time>2026-08-17T23:16:12.000Z</time>
        <extensions>
          <ns3:TrackPointExtension>
            <ns3:hr>168</ns3:hr>
            <ns3:cad>95</ns3:cad>
          </ns3:TrackPointExtension>
        </extensions>
      </trkpt>
      <trkpt lat="22.58703944273293018341064453125" lon="113.876552246510982513427734375">
        <ele>7.599999904632568359375</ele>
        <time>2026-08-17T23:16:13.000Z</time>
        <extensions>
          <ns3:TrackPointExtension>
            <ns3:hr>168</ns3:hr>
            <ns3:cad>94</ns3:cad>
          </ns3:TrackPointExtension>
        </extensions>
      </trkpt>
      <trkpt lat="22.58701345883309841156005859375" lon="113.876520730555057525634765625">
        <ele>7.599999904632568359375</ele>
        <time>2026-08-17T23:16:14.000Z</time>
        <extensions>
          <ns3:TrackPointExtension>
            <ns3:hr>168</ns3:hr>
            <ns3:cad>94</ns3:cad>
          </ns3:TrackPointExtension>
        </extensions>
      </trkpt>
      <trkpt lat="22.5869880616664886474609375" lon="113.876489214599132537841796875">
        <ele>7.599999904632568359375</ele>
        <time>2026-08-17T23:16:15.000Z</time>
        <extensions>
          <ns3:TrackPointExtension>
            <ns3:hr>168</ns3:hr>
            <ns3:cad>94</ns3:cad>
          </ns3:TrackPointExtension>
        </extensions>
      </trkpt>
      <trkpt lat="22.586967609822750091552734375" lon="113.87646197341382503509521484375">
        <ele>7.599999904632568359375</ele>
        <time>2026-08-17T23:16:16.000Z</time>
        <extensions>
          <ns3:TrackPointExtension>
            <ns3:hr>168</ns3:hr>
            <ns3:cad>93</ns3:cad>
          </ns3:TrackPointExtension>
        </extensions>
      </trkpt>
      <trkpt lat="22.58694313466548919677734375" lon="113.876430206000804901123046875">
        <ele>7.80000019073486328125</ele>
        <time>2026-08-17T23:16:17.000Z</time>
        <extensions>
          <ns3:TrackPointExtension>
            <ns3:hr>168</ns3:hr>
            <ns3:cad>93</ns3:cad>
          </ns3:TrackPointExtension>
        </extensions>
      </trkpt>
      <trkpt lat="22.58692427538335323333740234375" lon="113.87640581466257572174072265625">
        <ele>7.80000019073486328125</ele>
        <time>2026-08-17T23:16:18.000Z</time>
        <extensions>
          <ns3:TrackPointExtension>
            <ns3:hr>169</ns3:hr>
            <ns3:cad>93</ns3:cad>
          </ns3:TrackPointExtension>
        </extensions>
      </trkpt>
      <trkpt lat="22.5869049131870269775390625" lon="113.876372873783111572265625">
        <ele>7.80000019073486328125</ele>
        <time>2026-08-17T23:16:19.000Z</time>
        <extensions>
          <ns3:TrackPointExtension>
            <ns3:hr>169</ns3:hr>
            <ns3:cad>94</ns3:cad>
          </ns3:TrackPointExtension>
        </extensions>
      </trkpt>
      <trkpt lat="22.586884461343288421630859375" lon="113.87634898535907268524169921875">
        <ele>7.80000019073486328125</ele>
        <time>2026-08-17T23:16:20.000Z</time>
        <extensions>
          <ns3:TrackPointExtension>
            <ns3:hr>169</ns3:hr>
            <ns3:cad>94</ns3:cad>
          </ns3:TrackPointExtension>
        </extensions>
      </trkpt>
      <trkpt lat="22.5868604891002178192138671875" lon="113.87633004225790500640869140625">
        <ele>7.80000019073486328125</ele>
        <time>2026-08-17T23:16:21.000Z</time>
        <extensions>
          <ns3:TrackPointExtension>
            <ns3:hr>169</ns3:hr>
            <ns3:cad>94</ns3:cad>
          </ns3:TrackPointExtension>
        </extensions>
      </trkpt>
      <trkpt lat="22.5868356786668300628662109375" lon="113.87630204670131206512451171875">
        <ele>7.80000019073486328125</ele>
        <time>2026-08-17T23:16:22.000Z</time>
        <extensions>
          <ns3:TrackPointExtension>
            <ns3:hr>169</ns3:hr>
            <ns3:cad>95</ns3:cad>
          </ns3:TrackPointExtension>
        </extensions>
      </trkpt>
      <trkpt lat="22.58681514300405979156494140625" lon="113.876281343400478363037109375">
        <ele>7.599999904632568359375</ele>
        <time>2026-08-17T23:16:23.000Z</time>
        <extensions>
          <ns3:TrackPointExtension>
            <ns3:hr>169</ns3:hr>
            <ns3:cad>94</ns3:cad>
          </ns3:TrackPointExtension>
        </extensions>
      </trkpt>
      <trkpt lat="22.58678966201841831207275390625" lon="113.87625410221517086029052734375">
        <ele>7.599999904632568359375</ele>
        <time>2026-08-17T23:16:24.000Z</time>
        <extensions>
          <ns3:TrackPointExtension>
            <ns3:hr>168</ns3:hr>
            <ns3:cad>94</ns3:cad>
          </ns3:TrackPointExtension>
        </extensions>
      </trkpt>
      <trkpt lat="22.58676233701407909393310546875" lon="113.87623004615306854248046875">
        <ele>7.599999904632568359375</ele>
        <time>2026-08-17T23:16:25.000Z</time>
        <extensions>
          <ns3:TrackPointExtension>
            <ns3:hr>168</ns3:hr>
            <ns3:cad>94</ns3:cad>
          </ns3:TrackPointExtension>
        </extensions>
      </trkpt>
      <trkpt lat="22.586739957332611083984375" lon="113.87619626708328723907470703125">
        <ele>7.400000095367431640625</ele>
        <time>2026-08-17T23:16:26.000Z</time>
        <extensions>
          <ns3:TrackPointExtension>
            <ns3:hr>168</ns3:hr>
            <ns3:cad>94</ns3:cad>
          </ns3:TrackPointExtension>
        </extensions>
      </trkpt>
      <trkpt lat="22.58671640418469905853271484375" lon="113.87616659514605998992919921875">
        <ele>7.400000095367431640625</ele>
        <time>2026-08-17T23:16:27.000Z</time>
        <extensions>
          <ns3:TrackPointExtension>
            <ns3:hr>168</ns3:hr>
            <ns3:cad>94</ns3:cad>
          </ns3:TrackPointExtension>
        </extensions>
      </trkpt>
      <trkpt lat="22.58670014329254627227783203125" lon="113.8761373423039913177490234375">
        <ele>7.599999904632568359375</ele>
        <time>2026-08-17T23:16:28.000Z</time>
        <extensions>
          <ns3:TrackPointExtension>
            <ns3:hr>168</ns3:hr>
            <ns3:cad>95</ns3:cad>
          </ns3:TrackPointExtension>
        </extensions>
      </trkpt>
      <trkpt lat="22.5866796076297760009765625" lon="113.87610959820449352264404296875">
        <ele>7.599999904632568359375</ele>
        <time>2026-08-17T23:16:29.000Z</time>
        <extensions>
          <ns3:TrackPointExtension>
            <ns3:hr>169</ns3:hr>
            <ns3:cad>96</ns3:cad>
          </ns3:TrackPointExtension>
        </extensions>
      </trkpt>
      <trkpt lat="22.58665840141475200653076171875" lon="113.87608763761818408966064453125">
        <ele>7.599999904632568359375</ele>
        <time>2026-08-17T23:16:30.000Z</time>
        <extensions>
          <ns3:TrackPointExtension>
            <ns3:hr>169</ns3:hr>
            <ns3:cad>96</ns3:cad>
          </ns3:TrackPointExtension>
        </extensions>
      </trkpt>
      <trkpt lat="22.58663241751492023468017578125" lon="113.87605595402419567108154296875">
        <ele>7.400000095367431640625</ele>
        <time>2026-08-17T23:16:31.000Z</time>
        <extensions>
          <ns3:TrackPointExtension>
            <ns3:hr>169</ns3:hr>
            <ns3:cad>96</ns3:cad>
          </ns3:TrackPointExtension>
        </extensions>
      </trkpt>
      <trkpt lat="22.5866073556244373321533203125" lon="113.87602812610566616058349609375">
        <ele>7.599999904632568359375</ele>
        <time>2026-08-17T23:16:32.000Z</time>
        <extensions>
          <ns3:TrackPointExtension>
            <ns3:hr>169</ns3:hr>
            <ns3:cad>95</ns3:cad>
          </ns3:TrackPointExtension>
        </extensions>
      </trkpt>
      <trkpt lat="22.58658380247652530670166015625" lon="113.87599132955074310302734375">
        <ele>7.599999904632568359375</ele>
        <time>2026-08-17T23:16:33.000Z</time>
        <extensions>
          <ns3:TrackPointExtension>
            <ns3:hr>169</ns3:hr>
            <ns3:cad>95</ns3:cad>
          </ns3:TrackPointExtension>
        </extensions>
      </trkpt>
      <trkpt lat="22.5865396298468112945556640625" lon="113.8759289681911468505859375">
        <ele>7.599999904632568359375</ele>
        <time>2026-08-17T23:16:34.000Z</time>
        <extensions>
          <ns3:TrackPointExtension>
            <ns3:hr>170</ns3:hr>
            <ns3:cad>93</ns3:cad>
          </ns3:TrackPointExtension>
        </extensions>
      </trkpt>
      <trkpt lat="22.58652010001242160797119140625" lon="113.8758982904255390167236328125">
        <ele>7.599999904632568359375</ele>
        <time>2026-08-17T23:16:35.000Z</time>
        <extensions>
          <ns3:TrackPointExtension>
            <ns3:hr>169</ns3:hr>
            <ns3:cad>93</ns3:cad>
          </ns3:TrackPointExtension>
        </extensions>
      </trkpt>
      <trkpt lat="22.58649981580674648284912109375" lon="113.87586669065058231353759765625">
        <ele>7.599999904632568359375</ele>
        <time>2026-08-17T23:16:36.000Z</time>
        <extensions>
          <ns3:TrackPointExtension>
            <ns3:hr>169</ns3:hr>
            <ns3:cad>93</ns3:cad>
          </ns3:TrackPointExtension>
        </extensions>
      </trkpt>
      <trkpt lat="22.5864836387336254119873046875" lon="113.8758456520736217498779296875">
        <ele>7.400000095367431640625</ele>
        <time>2026-08-17T23:16:37.000Z</time>
        <extensions>
          <ns3:TrackPointExtension>
            <ns3:hr>169</ns3:hr>
            <ns3:cad>95</ns3:cad>
          </ns3:TrackPointExtension>
        </extensions>
      </trkpt>
      <trkpt lat="22.58647047914564609527587890625" lon="113.8758288882672786712646484375">
        <ele>7.400000095367431640625</ele>
        <time>2026-08-17T23:16:38.000Z</time>
        <extensions>
          <ns3:TrackPointExtension>
            <ns3:hr>168</ns3:hr>
            <ns3:cad>95</ns3:cad>
          </ns3:TrackPointExtension>
        </extensions>
      </trkpt>
      <trkpt lat="22.586457319557666778564453125" lon="113.8758208416402339935302734375">
        <ele>7.599999904632568359375</ele>
        <time>2026-08-17T23:16:39.000Z</time>
        <extensions>
          <ns3:TrackPointExtension>
            <ns3:hr>169</ns3:hr>
            <ns3:cad>95</ns3:cad>
          </ns3:TrackPointExtension>
        </extensions>
      </trkpt>
    </trkseg>
  </trk>
</gpx>
