<?xml version="1.0" encoding="UTF-8"?>
<gpx creator="Garmin Connect" version="1.1"
  xsi:schemaLocation="http://www.topografix.com/GPX/1/1 http://www.topografix.com/GPX/11.xsd"
  xmlns:ns3="http://www.garmin.com/xmlschemas/TrackPointExtension/v1"
  xmlns="http://www.topografix.com/GPX/1/1"
  xmlns:xsi="http://www.w3.org/2001/XMLSchema-instance" xmlns:ns2="http://www.garmin.com/xmlschemas/GpxExtensions/v3">
  <metadata>
    <link href="connect.garmin.com">
      <text>Garmin Connect</text>
    </link>
    <time>2026-08-30T23:16:58.000Z</time>
  </metadata>
  <trk>
    <name>深圳市 跑步</name>
    <type>running</type>
    <trkseg>
      <trkpt lat="22.58644835092127323150634765625" lon="113.87578773312270641326904296875">
        <ele>11.3999996185302734375</ele>
        <time>2026-08-30T23:17:15.000Z</time>
        <extensions>
          <ns3:TrackPointExtension>
            <ns3:hr>94</ns3:hr>
            <ns3:cad>93</ns3:cad>
          </ns3:TrackPointExtension>
        </extensions>
      </trkpt>
      <trkpt lat="22.58649788796901702880859375" lon="113.87580835260450839996337890625">
        <ele>11.19999980926513671875</ele>
        <time>2026-08-30T23:17:16.000Z</time>
        <extensions>
          <ns3:TrackPointExtension>
            <ns3:hr>95</ns3:hr>
            <ns3:cad>92</ns3:cad>
          </ns3:TrackPointExtension>
        </extensions>
      </trkpt>
      <trkpt lat="22.5865188427269458770751953125" lon="113.875835426151752471923828125">
        <ele>11.19999980926513671875</ele>
        <time>2026-08-30T23:17:17.000Z</time>
        <extensions>
          <ns3:TrackPointExtension>
            <ns3:hr>95</ns3:hr>
            <ns3:cad>92</ns3:cad>
          </ns3:TrackPointExtension>
        </extensions>
      </trkpt>
      <trkpt lat="22.58654222823679447174072265625" lon="113.87585612945258617401123046875">
        <ele>11.19999980926513671875</ele>
        <time>2026-08-30T23:17:18.000Z</time>
        <extensions>
          <ns3:TrackPointExtension>
            <ns3:hr>96</ns3:hr>
            <ns3:cad>92</ns3:cad>
          </ns3:TrackPointExtension>
        </extensions>
      </trkpt>
      <trkpt lat="22.5865684635937213897705078125" lon="113.8758805207908153533935546875">
        <ele>11.19999980926513671875</ele>
        <time>2026-08-30T23:17:19.000Z</time>
        <extensions>
          <ns3:TrackPointExtension>
            <ns3:hr>97</ns3:hr>
            <ns3:cad>93</ns3:cad>
          </ns3:TrackPointExtension>
        </extensions>
      </trkpt>
      <trkpt lat="22.58658514358103275299072265625" lon="113.8759043253958225250244140625">
        <ele>11.19999980926513671875</ele>
        <time>2026-08-30T23:17:20.000Z</time>
        <extensions>
          <ns3:TrackPointExtension>
            <ns3:hr>98</ns3:hr>
            <ns3:cad>94</ns3:cad>
          </ns3:TrackPointExtension>
        </extensions>
      </trkpt>
      <trkpt lat="22.5866009853780269622802734375" lon="113.87593223713338375091552734375">
        <ele>11.19999980926513671875</ele>
        <time>2026-08-30T23:17:21.000Z</time>
        <extensions>
          <ns3:TrackPointExtension>
            <ns3:hr>100</ns3:hr>
            <ns3:cad>94</ns3:cad>
          </ns3:TrackPointExtension>
        </extensions>
      </trkpt>
      <trkpt lat="22.5866174139082431793212890625" lon="113.8759562931954860687255859375">
        <ele>11.19999980926513671875</ele>
        <time>2026-08-30T23:17:22.000Z</time>
        <extensions>
          <ns3:TrackPointExtension>
            <ns3:hr>101</ns3:hr>
            <ns3:cad>92</ns3:cad>
          </ns3:TrackPointExtension>
        </extensions>
      </trkpt>
      <trkpt lat="22.5866304896771907806396484375" lon="113.875976242125034332275390625">
        <ele>11.19999980926513671875</ele>
        <time>2026-08-30T23:17:23.000Z</time>
        <extensions>
          <ns3:TrackPointExtension>
            <ns3:hr>102</ns3:hr>
            <ns3:cad>92</ns3:cad>
          </ns3:TrackPointExtension>
        </extensions>
      </trkpt>
      <trkpt lat="22.58665102533996105194091796875" lon="113.8760018907487392425537109375">
        <ele>11.19999980926513671875</ele>
        <time>2026-08-30T23:17:24.000Z</time>
        <extensions>
          <ns3:TrackPointExtension>
            <ns3:hr>103</ns3:hr>
            <ns3:cad>92</ns3:cad>
          </ns3:TrackPointExtension>
        </extensions>
      </trkpt>
      <trkpt lat="22.58667013607919216156005859375" lon="113.87602276168763637542724609375">
        <ele>11.19999980926513671875</ele>
        <time>2026-08-30T23:17:25.000Z</time>
        <extensions>
          <ns3:TrackPointExtension>
            <ns3:hr>105</ns3:hr>
            <ns3:cad>93</ns3:cad>
          </ns3:TrackPointExtension>
        </extensions>
      </trkpt>
      <trkpt lat="22.58668723516166210174560546875" lon="113.87605042196810245513916015625">
        <ele>11.19999980926513671875</ele>
        <time>2026-08-30T23:17:26.000Z</time>
        <extensions>
          <ns3:TrackPointExtension>
            <ns3:hr>106</ns3:hr>
            <ns3:cad>94</ns3:cad>
          </ns3:TrackPointExtension>
        </extensions>
      </trkpt>
      <trkpt lat="22.586703412234783172607421875" lon="113.87607171200215816497802734375">
        <ele>11.19999980926513671875</ele>
        <time>2026-08-30T23:17:27.000Z</time>
        <extensions>
          <ns3:TrackPointExtension>
            <ns3:hr>107</ns3:hr>
            <ns3:cad>94</ns3:cad>
          </ns3:TrackPointExtension>
        </extensions>
      </trkpt>
      <trkpt lat="22.58671724237501621246337890625" lon="113.87609593570232391357421875">
        <ele>11.3999996185302734375</ele>
        <time>2026-08-30T23:17:28.000Z</time>
        <extensions>
          <ns3:TrackPointExtension>
            <ns3:hr>108</ns3:hr>
            <ns3:cad>94</ns3:cad>
          </ns3:TrackPointExtension>
        </extensions>
      </trkpt>
      <trkpt lat="22.58673383854329586029052734375" lon="113.87612267397344112396240234375">
        <ele>11.19999980926513671875</ele>
        <time>2026-08-30T23:17:29.000Z</time>
        <extensions>
          <ns3:TrackPointExtension>
            <ns3:hr>109</ns3:hr>
            <ns3:cad>94</ns3:cad>
          </ns3:TrackPointExtension>
        </extensions>
      </trkpt>
      <trkpt lat="22.58674859069287776947021484375" lon="113.87613943777978420257568359375">
        <ele>11.19999980926513671875</ele>
        <time>2026-08-30T23:17:30.000Z</time>
        <extensions>
          <ns3:TrackPointExtension>
            <ns3:hr>110</ns3:hr>
            <ns3:cad>94</ns3:cad>
          </ns3:TrackPointExtension>
        </extensions>
      </trkpt>
      <trkpt lat="22.58677122183144092559814453125" lon="113.876165337860584259033203125">
        <ele>11.19999980926513671875</ele>
        <time>2026-08-30T23:17:31.000Z</time>
        <extensions>
          <ns3:TrackPointExtension>
            <ns3:hr>111</ns3:hr>
            <ns3:cad>93</ns3:cad>
          </ns3:TrackPointExtension>
        </extensions>
      </trkpt>
      <trkpt lat="22.58678396232426166534423828125" lon="113.87618503533303737640380859375">
        <ele>11.19999980926513671875</ele>
        <time>2026-08-30T23:17:32.000Z</time>
        <extensions>
          <ns3:TrackPointExtension>
            <ns3:hr>113</ns3:hr>
            <ns3:cad>93</ns3:cad>
          </ns3:TrackPointExtension>
        </extensions>
      </trkpt>
      <trkpt lat="22.58680609054863452911376953125" lon="113.876211941242218017578125">
        <ele>11</ele>
        <time>2026-08-30T23:17:33.000Z</time>
        <extensions>
          <ns3:TrackPointExtension>
            <ns3:hr>114</ns3:hr>
            <ns3:cad>93</ns3:cad>
          </ns3:TrackPointExtension>
        </extensions>
      </trkpt>
      <trkpt lat="22.58681665174663066864013671875" lon="113.87623080052435398101806640625">
        <ele>11.19999980926513671875</ele>
        <time>2026-08-30T23:17:34.000Z</time>
        <extensions>
          <ns3:TrackPointExtension>
            <ns3:hr>115</ns3:hr>
            <ns3:cad>92</ns3:cad>
          </ns3:TrackPointExtension>
        </extensions>
      </trkpt>
      <trkpt lat="22.5868413783609867095947265625" lon="113.8762593828141689300537109375">
        <ele>11.19999980926513671875</ele>
        <time>2026-08-30T23:17:35.000Z</time>
        <extensions>
          <ns3:TrackPointExtension>
            <ns3:hr>116</ns3:hr>
            <ns3:cad>92</ns3:cad>
          </ns3:TrackPointExtension>
        </extensions>
      </trkpt>
      <trkpt lat="22.586856298148632049560546875" lon="113.87627438642084598541259765625">
        <ele>11.19999980926513671875</ele>
        <time>2026-08-30T23:17:36.000Z</time>
        <extensions>
          <ns3:TrackPointExtension>
            <ns3:hr>116</ns3:hr>
            <ns3:cad>91</ns3:cad>
          </ns3:TrackPointExtension>
        </extensions>
      </trkpt>
      <trkpt lat="22.58688119240105152130126953125" lon="113.8763036392629146575927734375">
        <ele>11.19999980926513671875</ele>
        <time>2026-08-30T23:17:37.000Z</time>
        <extensions>
          <ns3:TrackPointExtension>
            <ns3:hr>117</ns3:hr>
            <ns3:cad>91</ns3:cad>
          </ns3:TrackPointExtension>
        </extensions>
      </trkpt>
      <trkpt lat="22.586899884045124053955078125" lon="113.87631948105990886688232421875">
        <ele>11.19999980926513671875</ele>
        <time>2026-08-30T23:17:38.000Z</time>
        <extensions>
          <ns3:TrackPointExtension>
            <ns3:hr>117</ns3:hr>
            <ns3:cad>91</ns3:cad>
          </ns3:TrackPointExtension>
        </extensions>
      </trkpt>
      <trkpt lat="22.58692477829754352569580078125" lon="113.8763420283794403076171875">
        <ele>11.19999980926513671875</ele>
        <time>2026-08-30T23:17:39.000Z</time>
        <extensions>
          <ns3:TrackPointExtension>
            <ns3:hr>118</ns3:hr>
            <ns3:cad>92</ns3:cad>
          </ns3:TrackPointExtension>
        </extensions>
      </trkpt>
      <trkpt lat="22.5869446434080600738525390625" lon="113.8763582892715930938720703125">
        <ele>11.19999980926513671875</ele>
        <time>2026-08-30T23:17:40.000Z</time>
        <extensions>
          <ns3:TrackPointExtension>
            <ns3:hr>119</ns3:hr>
            <ns3:cad>93</ns3:cad>
          </ns3:TrackPointExtension>
        </extensions>
      </trkpt>
      <trkpt lat="22.58696434088051319122314453125" lon="113.87638318352401256561279296875">
        <ele>11.3999996185302734375</ele>
        <time>2026-08-30T23:17:41.000Z</time>
        <extensions>
          <ns3:TrackPointExtension>
            <ns3:hr>119</ns3:hr>
            <ns3:cad>92</ns3:cad>
          </ns3:TrackPointExtension>
        </extensions>
      </trkpt>
      <trkpt lat="22.58698563091456890106201171875" lon="113.8764037191867828369140625">
        <ele>11.3999996185302734375</ele>
        <time>2026-08-30T23:17:42.000Z</time>
        <extensions>
          <ns3:TrackPointExtension>
            <ns3:hr>120</ns3:hr>
            <ns3:cad>91</ns3:cad>
          </ns3:TrackPointExtension>
        </extensions>
      </trkpt>
      <trkpt lat="22.58699920959770679473876953125" lon="113.876424841582775115966796875">
        <ele>11.3999996185302734375</ele>
        <time>2026-08-30T23:17:43.000Z</time>
        <extensions>
          <ns3:TrackPointExtension>
            <ns3:hr>120</ns3:hr>
            <ns3:cad>91</ns3:cad>
          </ns3:TrackPointExtension>
        </extensions>
      </trkpt>
      <trkpt lat="22.58701999671757221221923828125" lon="113.87645074166357517242431640625">
        <ele>11.3999996185302734375</ele>
        <time>2026-08-30T23:17:44.000Z</time>
        <extensions>
          <ns3:TrackPointExtension>
            <ns3:hr>121</ns3:hr>
            <ns3:cad>91</ns3:cad>
          </ns3:TrackPointExtension>
        </extensions>
      </trkpt>
      <trkpt lat="22.58703273721039295196533203125" lon="113.87647119350731372833251953125">
        <ele>11.3999996185302734375</ele>
        <time>2026-08-30T23:17:45.000Z</time>
        <extensions>
          <ns3:TrackPointExtension>
            <ns3:hr>121</ns3:hr>
            <ns3:cad>92</ns3:cad>
          </ns3:TrackPointExtension>
        </extensions>
      </trkpt>
      <trkpt lat="22.58705218322575092315673828125" lon="113.8765001110732555389404296875">
        <ele>11.3999996185302734375</ele>
        <time>2026-08-30T23:17:46.000Z</time>
        <extensions>
          <ns3:TrackPointExtension>
            <ns3:hr>122</ns3:hr>
            <ns3:cad>92</ns3:cad>
          </ns3:TrackPointExtension>
        </extensions>
      </trkpt>
      <trkpt lat="22.58706626482307910919189453125" lon="113.8765198923647403717041015625">
        <ele>11.3999996185302734375</ele>
        <time>2026-08-30T23:17:47.000Z</time>
        <extensions>
          <ns3:TrackPointExtension>
            <ns3:hr>122</ns3:hr>
            <ns3:cad>92</ns3:cad>
          </ns3:TrackPointExtension>
        </extensions>
      </trkpt>
      <trkpt lat="22.58708856068551540374755859375" lon="113.87654679827392101287841796875">
        <ele>11.3999996185302734375</ele>
        <time>2026-08-30T23:17:48.000Z</time>
        <extensions>
          <ns3:TrackPointExtension>
            <ns3:hr>123</ns3:hr>
            <ns3:cad>93</ns3:cad>
          </ns3:TrackPointExtension>
        </extensions>
      </trkpt>
      <trkpt lat="22.5871082581579685211181640625" lon="113.8765604607760906219482421875">
        <ele>11.3999996185302734375</ele>
        <time>2026-08-30T23:17:49.000Z</time>
        <extensions>
          <ns3:TrackPointExtension>
            <ns3:hr>123</ns3:hr>
            <ns3:cad>94</ns3:cad>
          </ns3:TrackPointExtension>
        </extensions>
      </trkpt>
      <trkpt lat="22.58713047020137310028076171875" lon="113.87658636085689067840576171875">
        <ele>11.3999996185302734375</ele>
        <time>2026-08-30T23:17:50.000Z</time>
        <extensions>
          <ns3:TrackPointExtension>
            <ns3:hr>124</ns3:hr>
            <ns3:cad>94</ns3:cad>
          </ns3:TrackPointExtension>
        </extensions>
      </trkpt>
      <trkpt lat="22.58714823983609676361083984375" lon="113.87660027481615543365478515625">
        <ele>11.3999996185302734375</ele>
        <time>2026-08-30T23:17:51.000Z</time>
        <extensions>
          <ns3:TrackPointExtension>
            <ns3:hr>125</ns3:hr>
            <ns3:cad>94</ns3:cad>
          </ns3:TrackPointExtension>
        </extensions>
      </trkpt>
      <trkpt lat="22.58716466836631298065185546875" lon="113.87662642635405063629150390625">
        <ele>11.3999996185302734375</ele>
        <time>2026-08-30T23:17:52.000Z</time>
        <extensions>
          <ns3:TrackPointExtension>
            <ns3:hr>125</ns3:hr>
            <ns3:cad>94</ns3:cad>
          </ns3:TrackPointExtension>
        </extensions>
      </trkpt>
      <trkpt lat="22.58718319237232208251953125" lon="113.87664453126490116119384765625">
        <ele>11.3999996185302734375</ele>
        <time>2026-08-30T23:17:53.000Z</time>
        <extensions>
          <ns3:TrackPointExtension>
            <ns3:hr>125</ns3:hr>
            <ns3:cad>93</ns3:cad>
          </ns3:TrackPointExtension>
        </extensions>
      </trkpt>
      <trkpt lat="22.58720121346414089202880859375" lon="113.87666900642216205596923828125">
        <ele>11.3999996185302734375</ele>
        <time>2026-08-30T23:17:54.000Z</time>
        <extensions>
          <ns3:TrackPointExtension>
            <ns3:hr>126</ns3:hr>
            <ns3:cad>92</ns3:cad>
          </ns3:TrackPointExtension>
        </extensions>
      </trkpt>
      <trkpt lat="22.58722149766981601715087890625" lon="113.87669281102716922760009765625">
        <ele>11.3999996185302734375</ele>
        <time>2026-08-30T23:17:55.000Z</time>
        <extensions>
          <ns3:TrackPointExtension>
            <ns3:hr>127</ns3:hr>
            <ns3:cad>92</ns3:cad>
          </ns3:TrackPointExtension>
        </extensions>
      </trkpt>
      <trkpt lat="22.58723574690520763397216796875" lon="113.87671745382249355316162109375">
        <ele>11.3999996185302734375</ele>
        <time>2026-08-30T23:17:56.000Z</time>
        <extensions>
          <ns3:TrackPointExtension>
            <ns3:hr>127</ns3:hr>
            <ns3:cad>93</ns3:cad>
          </ns3:TrackPointExtension>
        </extensions>
      </trkpt>
      <trkpt lat="22.58725485764443874359130859375" lon="113.8767451979219913482666015625">
        <ele>11.3999996185302734375</ele>
        <time>2026-08-30T23:17:57.000Z</time>
        <extensions>
          <ns3:TrackPointExtension>
            <ns3:hr>127</ns3:hr>
            <ns3:cad>93</ns3:cad>
          </ns3:TrackPointExtension>
        </extensions>
      </trkpt>
      <trkpt lat="22.58726642467081546783447265625" lon="113.87676187790930271148681640625">
        <ele>11.3999996185302734375</ele>
        <time>2026-08-30T23:17:58.000Z</time>
        <extensions>
          <ns3:TrackPointExtension>
            <ns3:hr>128</ns3:hr>
            <ns3:cad>93</ns3:cad>
          </ns3:TrackPointExtension>
        </extensions>
      </trkpt>
      <trkpt lat="22.587287127971649169921875" lon="113.8767834194004535675048828125">
        <ele>11.3999996185302734375</ele>
        <time>2026-08-30T23:17:59.000Z</time>
        <extensions>
          <ns3:TrackPointExtension>
            <ns3:hr>128</ns3:hr>
            <ns3:cad>93</ns3:cad>
          </ns3:TrackPointExtension>
        </extensions>
      </trkpt>
      <trkpt lat="22.5873003713786602020263671875" lon="113.87679993174970149993896484375">
        <ele>11.3999996185302734375</ele>
        <time>2026-08-30T23:18:00.000Z</time>
        <extensions>
          <ns3:TrackPointExtension>
            <ns3:hr>128</ns3:hr>
            <ns3:cad>93</ns3:cad>
          </ns3:TrackPointExtension>
        </extensions>
      </trkpt>
      <trkpt lat="22.58732493035495281219482421875" lon="113.87682205997407436370849609375">
        <ele>11.6000003814697265625</ele>
        <time>2026-08-30T23:18:01.000Z</time>
        <extensions>
          <ns3:TrackPointExtension>
            <ns3:hr>128</ns3:hr>
            <ns3:cad>93</ns3:cad>
          </ns3:TrackPointExtension>
        </extensions>
      </trkpt>
      <trkpt lat="22.58733800612390041351318359375" lon="113.87683899141848087310791015625">
        <ele>11.6000003814697265625</ele>
        <time>2026-08-30T23:18:02.000Z</time>
        <extensions>
          <ns3:TrackPointExtension>
            <ns3:hr>129</ns3:hr>
            <ns3:cad>93</ns3:cad>
          </ns3:TrackPointExtension>
        </extensions>
      </trkpt>
      <trkpt lat="22.58735845796763896942138671875" lon="113.8768672384321689605712890625">
        <ele>11.6000003814697265625</ele>
        <time>2026-08-30T23:18:03.000Z</time>
        <extensions>
          <ns3:TrackPointExtension>
            <ns3:hr>130</ns3:hr>
            <ns3:cad>93</ns3:cad>
          </ns3:TrackPointExtension>
        </extensions>
      </trkpt>
      <trkpt lat="22.58737773634493350982666015625" lon="113.87688257731497287750244140625">
        <ele>11.6000003814697265625</ele>
        <time>2026-08-30T23:18:04.000Z</time>
        <extensions>
          <ns3:TrackPointExtension>
            <ns3:hr>130</ns3:hr>
            <ns3:cad>93</ns3:cad>
          </ns3:TrackPointExtension>
        </extensions>
      </trkpt>
      <trkpt lat="22.58739433251321315765380859375" lon="113.87691392563283443450927734375">
        <ele>11.6000003814697265625</ele>
        <time>2026-08-30T23:18:05.000Z</time>
        <extensions>
          <ns3:TrackPointExtension>
            <ns3:hr>130</ns3:hr>
            <ns3:cad>93</ns3:cad>
          </ns3:TrackPointExtension>
        </extensions>
      </trkpt>
      <trkpt lat="22.587416209280490875244140625" lon="113.87693722732365131378173828125">
        <ele>11.6000003814697265625</ele>
        <time>2026-08-30T23:18:06.000Z</time>
        <extensions>
          <ns3:TrackPointExtension>
            <ns3:hr>131</ns3:hr>
            <ns3:cad>93</ns3:cad>
          </ns3:TrackPointExtension>
        </extensions>
      </trkpt>
      <trkpt lat="22.58743464946746826171875" lon="113.8769614510238170623779296875">
        <ele>11.6000003814697265625</ele>
        <time>2026-08-30T23:18:07.000Z</time>
        <extensions>
          <ns3:TrackPointExtension>
            <ns3:hr>131</ns3:hr>
            <ns3:cad>93</ns3:cad>
          </ns3:TrackPointExtension>
        </extensions>
      </trkpt>
      <trkpt lat="22.5874545983970165252685546875" lon="113.87698533944785594940185546875">
        <ele>11.6000003814697265625</ele>
        <time>2026-08-30T23:18:08.000Z</time>
        <extensions>
          <ns3:TrackPointExtension>
            <ns3:hr>131</ns3:hr>
            <ns3:cad>93</ns3:cad>
          </ns3:TrackPointExtension>
        </extensions>
      </trkpt>
      <trkpt lat="22.5874727033078670501708984375" lon="113.8770047016441822052001953125">
        <ele>11.6000003814697265625</ele>
        <time>2026-08-30T23:18:09.000Z</time>
        <extensions>
          <ns3:TrackPointExtension>
            <ns3:hr>132</ns3:hr>
            <ns3:cad>93</ns3:cad>
          </ns3:TrackPointExtension>
        </extensions>
      </trkpt>
      <trkpt lat="22.58749566972255706787109375" lon="113.8770305179059505462646484375">
        <ele>11.6000003814697265625</ele>
        <time>2026-08-30T23:18:10.000Z</time>
        <extensions>
          <ns3:TrackPointExtension>
            <ns3:hr>132</ns3:hr>
            <ns3:cad>93</ns3:cad>
          </ns3:TrackPointExtension>
        </extensions>
      </trkpt>
      <trkpt lat="22.58751017041504383087158203125" lon="113.87705088593065738677978515625">
        <ele>11.6000003814697265625</ele>
        <time>2026-08-30T23:18:11.000Z</time>
        <extensions>
          <ns3:TrackPointExtension>
            <ns3:hr>133</ns3:hr>
            <ns3:cad>93</ns3:cad>
          </ns3:TrackPointExtension>
        </extensions>
      </trkpt>
      <trkpt lat="22.58753581903874874114990234375" lon="113.87707653455436229705810546875">
        <ele>11.6000003814697265625</ele>
        <time>2026-08-30T23:18:12.000Z</time>
        <extensions>
          <ns3:TrackPointExtension>
            <ns3:hr>134</ns3:hr>
            <ns3:cad>93</ns3:cad>
          </ns3:TrackPointExtension>
        </extensions>
      </trkpt>
      <trkpt lat="22.5875535048544406890869140625" lon="113.8770935498178005218505859375">
        <ele>11.6000003814697265625</ele>
        <time>2026-08-30T23:18:13.000Z</time>
        <extensions>
          <ns3:TrackPointExtension>
            <ns3:hr>134</ns3:hr>
            <ns3:cad>93</ns3:cad>
          </ns3:TrackPointExtension>
        </extensions>
      </trkpt>
      <trkpt lat="22.587576806545257568359375" lon="113.877116851508617401123046875">
        <ele>11.80000019073486328125</ele>
        <time>2026-08-30T23:18:14.000Z</time>
        <extensions>
          <ns3:TrackPointExtension>
            <ns3:hr>134</ns3:hr>
            <ns3:cad>93</ns3:cad>
          </ns3:TrackPointExtension>
        </extensions>
      </trkpt>
      <trkpt lat="22.5875880382955074310302734375" lon="113.8771386444568634033203125">
        <ele>11.80000019073486328125</ele>
        <time>2026-08-30T23:18:15.000Z</time>
        <extensions>
          <ns3:TrackPointExtension>
            <ns3:hr>135</ns3:hr>
            <ns3:cad>92</ns3:cad>
          </ns3:TrackPointExtension>
        </extensions>
      </trkpt>
      <trkpt lat="22.5876068137586116790771484375" lon="113.8771654665470123291015625">
        <ele>11.80000019073486328125</ele>
        <time>2026-08-30T23:18:16.000Z</time>
        <extensions>
          <ns3:TrackPointExtension>
            <ns3:hr>135</ns3:hr>
            <ns3:cad>92</ns3:cad>
          </ns3:TrackPointExtension>
        </extensions>
      </trkpt>
      <trkpt lat="22.5876255892217159271240234375" lon="113.87718516401946544647216796875">
        <ele>11.80000019073486328125</ele>
        <time>2026-08-30T23:18:17.000Z</time>
        <extensions>
          <ns3:TrackPointExtension>
            <ns3:hr>135</ns3:hr>
            <ns3:cad>91</ns3:cad>
          </ns3:TrackPointExtension>
        </extensions>
      </trkpt>
      <trkpt lat="22.587644867599010467529296875" lon="113.8772095553576946258544921875">
        <ele>11.80000019073486328125</ele>
        <time>2026-08-30T23:18:18.000Z</time>
        <extensions>
          <ns3:TrackPointExtension>
            <ns3:hr>135</ns3:hr>
            <ns3:cad>93</ns3:cad>
          </ns3:TrackPointExtension>
        </extensions>
      </trkpt>
      <trkpt lat="22.5876661576330661773681640625" lon="113.877230174839496612548828125">
        <ele>11.80000019073486328125</ele>
        <time>2026-08-30T23:18:19.000Z</time>
        <extensions>
          <ns3:TrackPointExtension>
            <ns3:hr>136</ns3:hr>
            <ns3:cad>95</ns3:cad>
          </ns3:TrackPointExtension>
        </extensions>
      </trkpt>
      <trkpt lat="22.5876856036484241485595703125" lon="113.877252973616123199462890625">
        <ele>11.80000019073486328125</ele>
        <time>2026-08-30T23:18:20.000Z</time>
        <extensions>
          <ns3:TrackPointExtension>
            <ns3:hr>136</ns3:hr>
            <ns3:cad>95</ns3:cad>
          </ns3:TrackPointExtension>
        </extensions>
      </trkpt>
      <trkpt lat="22.58771100081503391265869140625" lon="113.87727920897305011749267578125">
        <ele>12</ele>
        <time>2026-08-30T23:18:21.000Z</time>
        <extensions>
          <ns3:TrackPointExtension>
            <ns3:hr>136</ns3:hr>
            <ns3:cad>95</ns3:cad>
          </ns3:TrackPointExtension>
        </extensions>
      </trkpt>
      <trkpt lat="22.58772625587880611419677734375" lon="113.87729949317872524261474609375">
        <ele>11.80000019073486328125</ele>
        <time>2026-08-30T23:18:22.000Z</time>
        <extensions>
          <ns3:TrackPointExtension>
            <ns3:hr>137</ns3:hr>
            <ns3:cad>93</ns3:cad>
          </ns3:TrackPointExtension>
        </extensions>
      </trkpt>
      <trkpt lat="22.58775039575994014739990234375" lon="113.8773272372782230377197265625">
        <ele>12</ele>
        <time>2026-08-30T23:18:23.000Z</time>
        <extensions>
          <ns3:TrackPointExtension>
            <ns3:hr>137</ns3:hr>
            <ns3:cad>92</ns3:cad>
          </ns3:TrackPointExtension>
        </extensions>
      </trkpt>
      <trkpt lat="22.5877633877098560333251953125" lon="113.87735028751194477081298828125">
        <ele>12</ele>
        <time>2026-08-30T23:18:24.000Z</time>
        <extensions>
          <ns3:TrackPointExtension>
            <ns3:hr>138</ns3:hr>
            <ns3:cad>92</ns3:cad>
          </ns3:TrackPointExtension>
        </extensions>
      </trkpt>
      <trkpt lat="22.58778534829616546630859375" lon="113.87737778015434741973876953125">
        <ele>12</ele>
        <time>2026-08-30T23:18:25.000Z</time>
        <extensions>
          <ns3:TrackPointExtension>
            <ns3:hr>138</ns3:hr>
            <ns3:cad>92</ns3:cad>
          </ns3:TrackPointExtension>
        </extensions>
      </trkpt>
      <trkpt lat="22.587801776826381683349609375" lon="113.8773949630558490753173828125">
        <ele>12</ele>
        <time>2026-08-30T23:18:26.000Z</time>
        <extensions>
          <ns3:TrackPointExtension>
            <ns3:hr>138</ns3:hr>
            <ns3:cad>92</ns3:cad>
          </ns3:TrackPointExtension>
        </extensions>
      </trkpt>
      <trkpt lat="22.58782231248915195465087890625" lon="113.87742002494633197784423828125">
        <ele>12</ele>
        <time>2026-08-30T23:18:27.000Z</time>
        <extensions>
          <ns3:TrackPointExtension>
            <ns3:hr>139</ns3:hr>
            <ns3:cad>92</ns3:cad>
          </ns3:TrackPointExtension>
        </extensions>
      </trkpt>
      <trkpt lat="22.587835304439067840576171875" lon="113.87743695639073848724365234375">
        <ele>12</ele>
        <time>2026-08-30T23:18:28.000Z</time>
        <extensions>
          <ns3:TrackPointExtension>
            <ns3:hr>139</ns3:hr>
            <ns3:cad>92</ns3:cad>
          </ns3:TrackPointExtension>
        </extensions>
      </trkpt>
      <trkpt lat="22.58785131387412548065185546875" lon="113.87745874933898448944091796875">
        <ele>12</ele>
        <time>2026-08-30T23:18:29.000Z</time>
        <extensions>
          <ns3:TrackPointExtension>
            <ns3:hr>140</ns3:hr>
            <ns3:cad>93</ns3:cad>
          </ns3:TrackPointExtension>
        </extensions>
      </trkpt>
      <trkpt lat="22.5878705084323883056640625" lon="113.8774740882217884063720703125">
        <ele>12</ele>
        <time>2026-08-30T23:18:30.000Z</time>
        <extensions>
          <ns3:TrackPointExtension>
            <ns3:hr>140</ns3:hr>
            <ns3:cad>93</ns3:cad>
          </ns3:TrackPointExtension>
        </extensions>
      </trkpt>
      <trkpt lat="22.5878892838954925537109375" lon="113.87750283814966678619384765625">
        <ele>12</ele>
        <time>2026-08-30T23:18:31.000Z</time>
        <extensions>
          <ns3:TrackPointExtension>
            <ns3:hr>140</ns3:hr>
            <ns3:cad>93</ns3:cad>
          </ns3:TrackPointExtension>
        </extensions>
      </trkpt>
      <trkpt lat="22.58791266940534114837646484375" lon="113.8775263912975788116455078125">
        <ele>12</ele>
        <time>2026-08-30T23:18:32.000Z</time>
        <extensions>
          <ns3:TrackPointExtension>
            <ns3:hr>140</ns3:hr>
            <ns3:cad>93</ns3:cad>
          </ns3:TrackPointExtension>
        </extensions>
      </trkpt>
      <trkpt lat="22.58792675100266933441162109375" lon="113.8775535486638545989990234375">
        <ele>12</ele>
        <time>2026-08-30T23:18:33.000Z</time>
        <extensions>
          <ns3:TrackPointExtension>
            <ns3:hr>141</ns3:hr>
            <ns3:cad>93</ns3:cad>
          </ns3:TrackPointExtension>
        </extensions>
      </trkpt>
      <trkpt lat="22.58794703520834445953369140625" lon="113.87757877819240093231201171875">
        <ele>12</ele>
        <time>2026-08-30T23:18:34.000Z</time>
        <extensions>
          <ns3:TrackPointExtension>
            <ns3:hr>141</ns3:hr>
            <ns3:cad>91</ns3:cad>
          </ns3:TrackPointExtension>
        </extensions>
      </trkpt>
      <trkpt lat="22.5879642181098461151123046875" lon="113.87759805656969547271728515625">
        <ele>12</ele>
        <time>2026-08-30T23:18:35.000Z</time>
        <extensions>
          <ns3:TrackPointExtension>
            <ns3:hr>141</ns3:hr>
            <ns3:cad>91</ns3:cad>
          </ns3:TrackPointExtension>
        </extensions>
      </trkpt>
      <trkpt lat="22.5879850052297115325927734375" lon="113.87762621976435184478759765625">
        <ele>12</ele>
        <time>2026-08-30T23:18:36.000Z</time>
        <extensions>
          <ns3:TrackPointExtension>
            <ns3:hr>141</ns3:hr>
            <ns3:cad>91</ns3:cad>
          </ns3:TrackPointExtension>
        </extensions>
      </trkpt>
      <trkpt lat="22.587996907532215118408203125" lon="113.87764348648488521575927734375">
        <ele>12.19999980926513671875</ele>
        <time>2026-08-30T23:18:37.000Z</time>
        <extensions>
          <ns3:TrackPointExtension>
            <ns3:hr>142</ns3:hr>
            <ns3:cad>92</ns3:cad>
          </ns3:TrackPointExtension>
        </extensions>
      </trkpt>
      <trkpt lat="22.58802331052720546722412109375" lon="113.87767047621309757232666015625">
        <ele>12.19999980926513671875</ele>
        <time>2026-08-30T23:18:38.000Z</time>
        <extensions>
          <ns3:TrackPointExtension>
            <ns3:hr>142</ns3:hr>
            <ns3:cad>94</ns3:cad>
          </ns3:TrackPointExtension>
        </extensions>
      </trkpt>
      <trkpt lat="22.58804359473288059234619140625" lon="113.87768724001944065093994140625">
        <ele>12.19999980926513671875</ele>
        <time>2026-08-30T23:18:39.000Z</time>
        <extensions>
          <ns3:TrackPointExtension>
            <ns3:hr>142</ns3:hr>
            <ns3:cad>93</ns3:cad>
          </ns3:TrackPointExtension>
        </extensions>
      </trkpt>
      <trkpt lat="22.5880674831569194793701171875" lon="113.8777138106524944305419921875">
        <ele>12.19999980926513671875</ele>
        <time>2026-08-30T23:18:40.000Z</time>
        <extensions>
          <ns3:TrackPointExtension>
            <ns3:hr>142</ns3:hr>
            <ns3:cad>93</ns3:cad>
          </ns3:TrackPointExtension>
        </extensions>
      </trkpt>
      <trkpt lat="22.58808684535324573516845703125" lon="113.87772780843079090118408203125">
        <ele>12.19999980926513671875</ele>
        <time>2026-08-30T23:18:41.000Z</time>
        <extensions>
          <ns3:TrackPointExtension>
            <ns3:hr>142</ns3:hr>
            <ns3:cad>92</ns3:cad>
          </ns3:TrackPointExtension>
        </extensions>
      </trkpt>
      <trkpt lat="22.5881103985011577606201171875" lon="113.87775479815900325775146484375">
        <ele>12.19999980926513671875</ele>
        <time>2026-08-30T23:18:42.000Z</time>
        <extensions>
          <ns3:TrackPointExtension>
            <ns3:hr>142</ns3:hr>
            <ns3:cad>92</ns3:cad>
          </ns3:TrackPointExtension>
        </extensions>
      </trkpt>
      <trkpt lat="22.588126659393310546875" lon="113.8777728192508220672607421875">
        <ele>12.19999980926513671875</ele>
        <time>2026-08-30T23:18:43.000Z</time>
        <extensions>
          <ns3:TrackPointExtension>
            <ns3:hr>142</ns3:hr>
            <ns3:cad>93</ns3:cad>
          </ns3:TrackPointExtension>
        </extensions>
      </trkpt>
      <trkpt lat="22.58814702741801738739013671875" lon="113.877794109284877777099609375">
        <ele>12.19999980926513671875</ele>
        <time>2026-08-30T23:18:44.000Z</time>
        <extensions>
          <ns3:TrackPointExtension>
            <ns3:hr>143</ns3:hr>
            <ns3:cad>93</ns3:cad>
          </ns3:TrackPointExtension>
        </extensions>
      </trkpt>
      <trkpt lat="22.58816647343337535858154296875" lon="113.8778187520802021026611328125">
        <ele>12.19999980926513671875</ele>
        <time>2026-08-30T23:18:45.000Z</time>
        <extensions>
          <ns3:TrackPointExtension>
            <ns3:hr>143</ns3:hr>
            <ns3:cad>93</ns3:cad>
          </ns3:TrackPointExtension>
        </extensions>
      </trkpt>
      <trkpt lat="22.5881828181445598602294921875" lon="113.87784205377101898193359375">
        <ele>12.19999980926513671875</ele>
        <time>2026-08-30T23:18:46.000Z</time>
        <extensions>
          <ns3:TrackPointExtension>
            <ns3:hr>143</ns3:hr>
            <ns3:cad>92</ns3:cad>
          </ns3:TrackPointExtension>
        </extensions>
      </trkpt>
      <trkpt lat="22.58820955641567707061767578125" lon="113.87786946259438991546630859375">
        <ele>12.19999980926513671875</ele>
        <time>2026-08-30T23:18:47.000Z</time>
        <extensions>
          <ns3:TrackPointExtension>
            <ns3:hr>143</ns3:hr>
            <ns3:cad>92</ns3:cad>
          </ns3:TrackPointExtension>
        </extensions>
      </trkpt>
      <trkpt lat="22.58822732605040073394775390625" lon="113.87789477594196796417236328125">
        <ele>12.19999980926513671875</ele>
        <time>2026-08-30T23:18:48.000Z</time>
        <extensions>
          <ns3:TrackPointExtension>
            <ns3:hr>143</ns3:hr>
            <ns3:cad>92</ns3:cad>
          </ns3:TrackPointExtension>
        </extensions>
      </trkpt>
      <trkpt lat="22.58824844844639301300048828125" lon="113.87791992165148258209228515625">
        <ele>12.19999980926513671875</ele>
        <time>2026-08-30T23:18:49.000Z</time>
        <extensions>
          <ns3:TrackPointExtension>
            <ns3:hr>142</ns3:hr>
            <ns3:cad>94</ns3:cad>
          </ns3:TrackPointExtension>
        </extensions>
      </trkpt>
      <trkpt lat="22.58826638571918010711669921875" lon="113.877941630780696868896484375">
        <ele>12.19999980926513671875</ele>
        <time>2026-08-30T23:18:50.000Z</time>
        <extensions>
          <ns3:TrackPointExtension>
            <ns3:hr>143</ns3:hr>
            <ns3:cad>94</ns3:cad>
          </ns3:TrackPointExtension>
        </extensions>
      </trkpt>
      <trkpt lat="22.58828599937260150909423828125" lon="113.8779682852327823638916015625">
        <ele>12.19999980926513671875</ele>
        <time>2026-08-30T23:18:51.000Z</time>
        <extensions>
          <ns3:TrackPointExtension>
            <ns3:hr>141</ns3:hr>
            <ns3:cad>94</ns3:cad>
          </ns3:TrackPointExtension>
        </extensions>
      </trkpt>
      <trkpt lat="22.5883035175502300262451171875" lon="113.87798731215298175811767578125">
        <ele>12.3999996185302734375</ele>
        <time>2026-08-30T23:18:52.000Z</time>
        <extensions>
          <ns3:TrackPointExtension>
            <ns3:hr>139</ns3:hr>
            <ns3:cad>92</ns3:cad>
          </ns3:TrackPointExtension>
        </extensions>
      </trkpt>
      <trkpt lat="22.58832807652652263641357421875" lon="113.8780076801776885986328125">
        <ele>12.3999996185302734375</ele>
        <time>2026-08-30T23:18:53.000Z</time>
        <extensions>
          <ns3:TrackPointExtension>
            <ns3:hr>134</ns3:hr>
            <ns3:cad>91</ns3:cad>
          </ns3:TrackPointExtension>
        </extensions>
      </trkpt>
      <trkpt lat="22.5883414037525653839111328125" lon="113.8780242763459682464599609375">
        <ele>12.3999996185302734375</ele>
        <time>2026-08-30T23:18:54.000Z</time>
        <extensions>
          <ns3:TrackPointExtension>
            <ns3:hr>130</ns3:hr>
            <ns3:cad>91</ns3:cad>
          </ns3:TrackPointExtension>
        </extensions>
      </trkpt>
      <trkpt lat="22.588359676301479339599609375" lon="113.8780504278838634490966796875">
        <ele>12.3999996185302734375</ele>
        <time>2026-08-30T23:18:55.000Z</time>
        <extensions>
          <ns3:TrackPointExtension>
            <ns3:hr>130</ns3:hr>
            <ns3:cad>91</ns3:cad>
          </ns3:TrackPointExtension>
        </extensions>
      </trkpt>
      <trkpt lat="22.58837434463202953338623046875" lon="113.87806878425180912017822265625">
        <ele>12.3999996185302734375</ele>
        <time>2026-08-30T23:18:56.000Z</time>
        <extensions>
          <ns3:TrackPointExtension>
            <ns3:hr>130</ns3:hr>
            <ns3:cad>93</ns3:cad>
          </ns3:TrackPointExtension>
        </extensions>
      </trkpt>
      <trkpt lat="22.588397562503814697265625" lon="113.87809258885681629180908203125">
        <ele>12.3999996185302734375</ele>
        <time>2026-08-30T23:18:57.000Z</time>
        <extensions>
          <ns3:TrackPointExtension>
            <ns3:hr>130</ns3:hr>
            <ns3:cad>93</ns3:cad>
          </ns3:TrackPointExtension>
        </extensions>
      </trkpt>
      <trkpt lat="22.588417343795299530029296875" lon="113.878111280500888824462890625">
        <ele>12.3999996185302734375</ele>
        <time>2026-08-30T23:18:58.000Z</time>
        <extensions>
          <ns3:TrackPointExtension>
            <ns3:hr>129</ns3:hr>
            <ns3:cad>92</ns3:cad>
          </ns3:TrackPointExtension>
        </extensions>
      </trkpt>
      <trkpt lat="22.588435113430023193359375" lon="113.87813583947718143463134765625">
        <ele>12.3999996185302734375</ele>
        <time>2026-08-30T23:18:59.000Z</time>
        <extensions>
          <ns3:TrackPointExtension>
            <ns3:hr>129</ns3:hr>
            <ns3:cad>92</ns3:cad>
          </ns3:TrackPointExtension>
        </extensions>
      </trkpt>
      <trkpt lat="22.58845330215990543365478515625" lon="113.8781605660915374755859375">
        <ele>12.3999996185302734375</ele>
        <time>2026-08-30T23:19:00.000Z</time>
        <extensions>
          <ns3:TrackPointExtension>
            <ns3:hr>129</ns3:hr>
            <ns3:cad>92</ns3:cad>
          </ns3:TrackPointExtension>
        </extensions>
      </trkpt>
      <trkpt lat="22.5884694792330265045166015625" lon="113.87818261049687862396240234375">
        <ele>12.3999996185302734375</ele>
        <time>2026-08-30T23:19:01.000Z</time>
        <extensions>
          <ns3:TrackPointExtension>
            <ns3:hr>129</ns3:hr>
            <ns3:cad>92</ns3:cad>
          </ns3:TrackPointExtension>
        </extensions>
      </trkpt>
      <trkpt lat="22.5884885899722576141357421875" lon="113.8782083429396152496337890625">
        <ele>12.3999996185302734375</ele>
        <time>2026-08-30T23:19:02.000Z</time>
        <extensions>
          <ns3:TrackPointExtension>
            <ns3:hr>129</ns3:hr>
            <ns3:cad>93</ns3:cad>
          </ns3:TrackPointExtension>
        </extensions>
      </trkpt>
      <trkpt lat="22.588502503931522369384765625" lon="113.878231309354305267333984375">
        <ele>12.3999996185302734375</ele>
        <time>2026-08-30T23:19:03.000Z</time>
        <extensions>
          <ns3:TrackPointExtension>
            <ns3:hr>130</ns3:hr>
            <ns3:cad>92</ns3:cad>
          </ns3:TrackPointExtension>
        </extensions>
      </trkpt>
      <trkpt lat="22.58852572180330753326416015625" lon="113.8782571256160736083984375">
        <ele>12.3999996185302734375</ele>
        <time>2026-08-30T23:19:04.000Z</time>
        <extensions>
          <ns3:TrackPointExtension>
            <ns3:hr>129</ns3:hr>
            <ns3:cad>92</ns3:cad>
          </ns3:TrackPointExtension>
        </extensions>
      </trkpt>
      <trkpt lat="22.5885462574660778045654296875" lon="113.87827313505113124847412109375">
        <ele>12.6000003814697265625</ele>
        <time>2026-08-30T23:19:05.000Z</time>
        <extensions>
          <ns3:TrackPointExtension>
            <ns3:hr>129</ns3:hr>
            <ns3:cad>92</ns3:cad>
          </ns3:TrackPointExtension>
        </extensions>
      </trkpt>
      <trkpt lat="22.588571570813655853271484375" lon="113.8782985322177410125732421875">
        <ele>12.6000003814697265625</ele>
        <time>2026-08-30T23:19:06.000Z</time>
        <extensions>
          <ns3:TrackPointExtension>
            <ns3:hr>130</ns3:hr>
            <ns3:cad>92</ns3:cad>
          </ns3:TrackPointExtension>
        </extensions>
      </trkpt>
      <trkpt lat="22.588590346276760101318359375" lon="113.8783176429569721221923828125">
        <ele>12.6000003814697265625</ele>
        <time>2026-08-30T23:19:07.000Z</time>
        <extensions>
          <ns3:TrackPointExtension>
            <ns3:hr>131</ns3:hr>
            <ns3:cad>92</ns3:cad>
          </ns3:TrackPointExtension>
        </extensions>
      </trkpt>
      <trkpt lat="22.588611133396625518798828125" lon="113.87834371067583560943603515625">
        <ele>12.6000003814697265625</ele>
        <time>2026-08-30T23:19:08.000Z</time>
        <extensions>
          <ns3:TrackPointExtension>
            <ns3:hr>132</ns3:hr>
            <ns3:cad>92</ns3:cad>
          </ns3:TrackPointExtension>
        </extensions>
      </trkpt>
      <trkpt lat="22.58862890303134918212890625" lon="113.87836449779570102691650390625">
        <ele>12.6000003814697265625</ele>
        <time>2026-08-30T23:19:09.000Z</time>
        <extensions>
          <ns3:TrackPointExtension>
            <ns3:hr>132</ns3:hr>
            <ns3:cad>92</ns3:cad>
          </ns3:TrackPointExtension>
        </extensions>
      </trkpt>
      <trkpt lat="22.58864390663802623748779296875" lon="113.87839299626648426055908203125">
        <ele>12.6000003814697265625</ele>
        <time>2026-08-30T23:19:10.000Z</time>
        <extensions>
          <ns3:TrackPointExtension>
            <ns3:hr>132</ns3:hr>
            <ns3:cad>93</ns3:cad>
          </ns3:TrackPointExtension>
        </extensions>
      </trkpt>
      <trkpt lat="22.5886632688343524932861328125" lon="113.8784188963472843170166015625">
        <ele>12.6000003814697265625</ele>
        <time>2026-08-30T23:19:11.000Z</time>
        <extensions>
          <ns3:TrackPointExtension>
            <ns3:hr>131</ns3:hr>
            <ns3:cad>94</ns3:cad>
          </ns3:TrackPointExtension>
        </extensions>
      </trkpt>
      <trkpt lat="22.58867852389812469482421875" lon="113.8784413598477840423583984375">
        <ele>12.6000003814697265625</ele>
        <time>2026-08-30T23:19:12.000Z</time>
        <extensions>
          <ns3:TrackPointExtension>
            <ns3:hr>131</ns3:hr>
            <ns3:cad>94</ns3:cad>
          </ns3:TrackPointExtension>
        </extensions>
      </trkpt>
      <trkpt lat="22.588703334331512451171875" lon="113.8784654997289180755615234375">
        <ele>12.3999996185302734375</ele>
        <time>2026-08-30T23:19:13.000Z</time>
        <extensions>
          <ns3:TrackPointExtension>
            <ns3:hr>131</ns3:hr>
            <ns3:cad>94</ns3:cad>
          </ns3:TrackPointExtension>
        </extensions>
      </trkpt>
      <trkpt lat="22.58871917612850666046142578125" lon="113.8784879632294178009033203125">
        <ele>12.3999996185302734375</ele>
        <time>2026-08-30T23:19:14.000Z</time>
        <extensions>
          <ns3:TrackPointExtension>
            <ns3:hr>131</ns3:hr>
            <ns3:cad>94</ns3:cad>
          </ns3:TrackPointExtension>
        </extensions>
      </trkpt>
      <trkpt lat="22.58874163962900638580322265625" lon="113.87851704843342304229736328125">
        <ele>12.3999996185302734375</ele>
        <time>2026-08-30T23:19:15.000Z</time>
        <extensions>
          <ns3:TrackPointExtension>
            <ns3:hr>131</ns3:hr>
            <ns3:cad>93</ns3:cad>
          </ns3:TrackPointExtension>
        </extensions>
      </trkpt>
      <trkpt lat="22.5887568108737468719482421875" lon="113.87853833846747875213623046875">
        <ele>12.3999996185302734375</ele>
        <time>2026-08-30T23:19:16.000Z</time>
        <extensions>
          <ns3:TrackPointExtension>
            <ns3:hr>131</ns3:hr>
            <ns3:cad>92</ns3:cad>
          </ns3:TrackPointExtension>
        </extensions>
      </trkpt>
      <trkpt lat="22.5887826271355152130126953125" lon="113.878563903272151947021484375">
        <ele>12.3999996185302734375</ele>
        <time>2026-08-30T23:19:17.000Z</time>
        <extensions>
          <ns3:TrackPointExtension>
            <ns3:hr>131</ns3:hr>
            <ns3:cad>92</ns3:cad>
          </ns3:TrackPointExtension>
        </extensions>
      </trkpt>
      <trkpt lat="22.588805593550205230712890625" lon="113.878579325973987579345703125">
        <ele>12.3999996185302734375</ele>
        <time>2026-08-30T23:19:18.000Z</time>
        <extensions>
          <ns3:TrackPointExtension>
            <ns3:hr>131</ns3:hr>
            <ns3:cad>93</ns3:cad>
          </ns3:TrackPointExtension>
        </extensions>
      </trkpt>
      <trkpt lat="22.58882814086973667144775390625" lon="113.87860489077866077423095703125">
        <ele>12.3999996185302734375</ele>
        <time>2026-08-30T23:19:19.000Z</time>
        <extensions>
          <ns3:TrackPointExtension>
            <ns3:hr>131</ns3:hr>
            <ns3:cad>93</ns3:cad>
          </ns3:TrackPointExtension>
        </extensions>
      </trkpt>
      <trkpt lat="22.58885127492249011993408203125" lon="113.878624252974987030029296875">
        <ele>12.3999996185302734375</ele>
        <time>2026-08-30T23:19:20.000Z</time>
        <extensions>
          <ns3:TrackPointExtension>
            <ns3:hr>131</ns3:hr>
            <ns3:cad>93</ns3:cad>
          </ns3:TrackPointExtension>
        </extensions>
      </trkpt>
      <trkpt lat="22.58886535651981830596923828125" lon="113.87865048833191394805908203125">
        <ele>12.3999996185302734375</ele>
        <time>2026-08-30T23:19:21.000Z</time>
        <extensions>
          <ns3:TrackPointExtension>
            <ns3:hr>131</ns3:hr>
            <ns3:cad>93</ns3:cad>
          </ns3:TrackPointExtension>
        </extensions>
      </trkpt>
      <trkpt lat="22.58888731710612773895263671875" lon="113.87867731042206287384033203125">
        <ele>12.3999996185302734375</ele>
        <time>2026-08-30T23:19:22.000Z</time>
        <extensions>
          <ns3:TrackPointExtension>
            <ns3:hr>131</ns3:hr>
            <ns3:cad>93</ns3:cad>
          </ns3:TrackPointExtension>
        </extensions>
      </trkpt>
      <trkpt lat="22.588905505836009979248046875" lon="113.8787001930177211761474609375">
        <ele>12.3999996185302734375</ele>
        <time>2026-08-30T23:19:23.000Z</time>
        <extensions>
          <ns3:TrackPointExtension>
            <ns3:hr>131</ns3:hr>
            <ns3:cad>93</ns3:cad>
          </ns3:TrackPointExtension>
        </extensions>
      </trkpt>
      <trkpt lat="22.588927634060382843017578125" lon="113.8787283562123775482177734375">
        <ele>12.6000003814697265625</ele>
        <time>2026-08-30T23:19:24.000Z</time>
        <extensions>
          <ns3:TrackPointExtension>
            <ns3:hr>131</ns3:hr>
            <ns3:cad>93</ns3:cad>
          </ns3:TrackPointExtension>
        </extensions>
      </trkpt>
      <trkpt lat="22.58894431404769420623779296875" lon="113.87874838896095752716064453125">
        <ele>12.3999996185302734375</ele>
        <time>2026-08-30T23:19:25.000Z</time>
        <extensions>
          <ns3:TrackPointExtension>
            <ns3:hr>131</ns3:hr>
            <ns3:cad>93</ns3:cad>
          </ns3:TrackPointExtension>
        </extensions>
      </trkpt>
      <trkpt lat="22.58897013030946254730224609375" lon="113.8787776418030261993408203125">
        <ele>12.3999996185302734375</ele>
        <time>2026-08-30T23:19:26.000Z</time>
        <extensions>
          <ns3:TrackPointExtension>
            <ns3:hr>131</ns3:hr>
            <ns3:cad>93</ns3:cad>
          </ns3:TrackPointExtension>
        </extensions>
      </trkpt>
      <trkpt lat="22.5889898277819156646728515625" lon="113.87879884801805019378662109375">
        <ele>12.3999996185302734375</ele>
        <time>2026-08-30T23:19:27.000Z</time>
        <extensions>
          <ns3:TrackPointExtension>
            <ns3:hr>131</ns3:hr>
            <ns3:cad>91</ns3:cad>
          </ns3:TrackPointExtension>
        </extensions>
      </trkpt>
      <trkpt lat="22.589014135301113128662109375" lon="113.87882818467915058135986328125">
        <ele>12.3999996185302734375</ele>
        <time>2026-08-30T23:19:28.000Z</time>
        <extensions>
          <ns3:TrackPointExtension>
            <ns3:hr>131</ns3:hr>
            <ns3:cad>91</ns3:cad>
          </ns3:TrackPointExtension>
        </extensions>
      </trkpt>
      <trkpt lat="22.58903366513550281524658203125" lon="113.878851234912872314453125">
        <ele>12.19999980926513671875</ele>
        <time>2026-08-30T23:19:29.000Z</time>
        <extensions>
          <ns3:TrackPointExtension>
            <ns3:hr>132</ns3:hr>
            <ns3:cad>91</ns3:cad>
          </ns3:TrackPointExtension>
        </extensions>
      </trkpt>
      <trkpt lat="22.58905009366571903228759765625" lon="113.878881074488162994384765625">
        <ele>12.19999980926513671875</ele>
        <time>2026-08-30T23:19:30.000Z</time>
        <extensions>
          <ns3:TrackPointExtension>
            <ns3:hr>132</ns3:hr>
            <ns3:cad>91</ns3:cad>
          </ns3:TrackPointExtension>
        </extensions>
      </trkpt>
      <trkpt lat="22.58906601928174495697021484375" lon="113.87890596874058246612548828125">
        <ele>12.19999980926513671875</ele>
        <time>2026-08-30T23:19:31.000Z</time>
        <extensions>
          <ns3:TrackPointExtension>
            <ns3:hr>133</ns3:hr>
            <ns3:cad>94</ns3:cad>
          </ns3:TrackPointExtension>
        </extensions>
      </trkpt>
      <trkpt lat="22.58907624520361423492431640625" lon="113.87893446721136569976806640625">
        <ele>12.19999980926513671875</ele>
        <time>2026-08-30T23:19:32.000Z</time>
        <extensions>
          <ns3:TrackPointExtension>
            <ns3:hr>133</ns3:hr>
            <ns3:cad>94</ns3:cad>
          </ns3:TrackPointExtension>
        </extensions>
      </trkpt>
      <trkpt lat="22.58909300900995731353759765625" lon="113.878958187997341156005859375">
        <ele>12.19999980926513671875</ele>
        <time>2026-08-30T23:19:33.000Z</time>
        <extensions>
          <ns3:TrackPointExtension>
            <ns3:hr>133</ns3:hr>
            <ns3:cad>94</ns3:cad>
          </ns3:TrackPointExtension>
        </extensions>
      </trkpt>
      <trkpt lat="22.5891070067882537841796875" lon="113.8789932243525981903076171875">
        <ele>12.3999996185302734375</ele>
        <time>2026-08-30T23:19:34.000Z</time>
        <extensions>
          <ns3:TrackPointExtension>
            <ns3:hr>134</ns3:hr>
            <ns3:cad>94</ns3:cad>
          </ns3:TrackPointExtension>
        </extensions>
      </trkpt>
      <trkpt lat="22.5891269557178020477294921875" lon="113.87902398593723773956298828125">
        <ele>12.3999996185302734375</ele>
        <time>2026-08-30T23:19:35.000Z</time>
        <extensions>
          <ns3:TrackPointExtension>
            <ns3:hr>134</ns3:hr>
            <ns3:cad>93</ns3:cad>
          </ns3:TrackPointExtension>
        </extensions>
      </trkpt>
      <trkpt lat="22.58914522826671600341796875" lon="113.8790518976747989654541015625">
        <ele>12.3999996185302734375</ele>
        <time>2026-08-30T23:19:36.000Z</time>
        <extensions>
          <ns3:TrackPointExtension>
            <ns3:hr>134</ns3:hr>
            <ns3:cad>92</ns3:cad>
          </ns3:TrackPointExtension>
        </extensions>
      </trkpt>
      <trkpt lat="22.5891675241291522979736328125" lon="113.87907612137496471405029296875">
        <ele>12.3999996185302734375</ele>
        <time>2026-08-30T23:19:37.000Z</time>
        <extensions>
          <ns3:TrackPointExtension>
            <ns3:hr>134</ns3:hr>
            <ns3:cad>92</ns3:cad>
          </ns3:TrackPointExtension>
        </extensions>
      </trkpt>
      <trkpt lat="22.58918990381062030792236328125" lon="113.87909674085676670074462890625">
        <ele>12.3999996185302734375</ele>
        <time>2026-08-30T23:19:38.000Z</time>
        <extensions>
          <ns3:TrackPointExtension>
            <ns3:hr>134</ns3:hr>
            <ns3:cad>92</ns3:cad>
          </ns3:TrackPointExtension>
        </extensions>
      </trkpt>
      <trkpt lat="22.5892116129398345947265625" lon="113.8791212998330593109130859375">
        <ele>12.3999996185302734375</ele>
        <time>2026-08-30T23:19:39.000Z</time>
        <extensions>
          <ns3:TrackPointExtension>
            <ns3:hr>134</ns3:hr>
            <ns3:cad>92</ns3:cad>
          </ns3:TrackPointExtension>
        </extensions>
      </trkpt>
      <trkpt lat="22.5892288796603679656982421875" lon="113.87914166785776615142822265625">
        <ele>12.19999980926513671875</ele>
        <time>2026-08-30T23:19:40.000Z</time>
        <extensions>
          <ns3:TrackPointExtension>
            <ns3:hr>134</ns3:hr>
            <ns3:cad>92</ns3:cad>
          </ns3:TrackPointExtension>
        </extensions>
      </trkpt>
      <trkpt lat="22.5892443023622035980224609375" lon="113.87916865758597850799560546875">
        <ele>12.19999980926513671875</ele>
        <time>2026-08-30T23:19:41.000Z</time>
        <extensions>
          <ns3:TrackPointExtension>
            <ns3:hr>134</ns3:hr>
            <ns3:cad>92</ns3:cad>
          </ns3:TrackPointExtension>
        </extensions>
      </trkpt>
      <trkpt lat="22.5892620719969272613525390625" lon="113.8791927136480808258056640625">
        <ele>12.19999980926513671875</ele>
        <time>2026-08-30T23:19:42.000Z</time>
        <extensions>
          <ns3:TrackPointExtension>
            <ns3:hr>135</ns3:hr>
            <ns3:cad>92</ns3:cad>
          </ns3:TrackPointExtension>
        </extensions>
      </trkpt>
      <trkpt lat="22.58928160183131694793701171875" lon="113.8792202062904834747314453125">
        <ele>12.19999980926513671875</ele>
        <time>2026-08-30T23:19:43.000Z</time>
        <extensions>
          <ns3:TrackPointExtension>
            <ns3:hr>135</ns3:hr>
            <ns3:cad>93</ns3:cad>
          </ns3:TrackPointExtension>
        </extensions>
      </trkpt>
      <trkpt lat="22.589302472770214080810546875" lon="113.879241161048412322998046875">
        <ele>12.19999980926513671875</ele>
        <time>2026-08-30T23:19:44.000Z</time>
        <extensions>
          <ns3:TrackPointExtension>
            <ns3:hr>135</ns3:hr>
            <ns3:cad>93</ns3:cad>
          </ns3:TrackPointExtension>
        </extensions>
      </trkpt>
      <trkpt lat="22.58932552300393581390380859375" lon="113.87926236726343631744384765625">
        <ele>12.3999996185302734375</ele>
        <time>2026-08-30T23:19:45.000Z</time>
        <extensions>
          <ns3:TrackPointExtension>
            <ns3:hr>135</ns3:hr>
            <ns3:cad>93</ns3:cad>
          </ns3:TrackPointExtension>
        </extensions>
      </trkpt>
      <trkpt lat="22.589345388114452362060546875" lon="113.87927879579365253448486328125">
        <ele>12.3999996185302734375</ele>
        <time>2026-08-30T23:19:46.000Z</time>
        <extensions>
          <ns3:TrackPointExtension>
            <ns3:hr>135</ns3:hr>
            <ns3:cad>94</ns3:cad>
          </ns3:TrackPointExtension>
        </extensions>
      </trkpt>
      <trkpt lat="22.5893700309097766876220703125" lon="113.87929656542837619781494140625">
        <ele>12.3999996185302734375</ele>
        <time>2026-08-30T23:19:47.000Z</time>
        <extensions>
          <ns3:TrackPointExtension>
            <ns3:hr>134</ns3:hr>
            <ns3:cad>92</ns3:cad>
          </ns3:TrackPointExtension>
        </extensions>
      </trkpt>
      <trkpt lat="22.58939006365835666656494140625" lon="113.8793238066136837005615234375">
        <ele>12.3999996185302734375</ele>
        <time>2026-08-30T23:19:48.000Z</time>
        <extensions>
          <ns3:TrackPointExtension>
            <ns3:hr>135</ns3:hr>
            <ns3:cad>92</ns3:cad>
          </ns3:TrackPointExtension>
        </extensions>
      </trkpt>
      <trkpt lat="22.58941001258790493011474609375" lon="113.87934719212353229522705078125">
        <ele>12.3999996185302734375</ele>
        <time>2026-08-30T23:19:49.000Z</time>
        <extensions>
          <ns3:TrackPointExtension>
            <ns3:hr>135</ns3:hr>
            <ns3:cad>92</ns3:cad>
          </ns3:TrackPointExtension>
        </extensions>
      </trkpt>
      <trkpt lat="22.58943046443164348602294921875" lon="113.87937149964272975921630859375">
        <ele>12.3999996185302734375</ele>
        <time>2026-08-30T23:19:50.000Z</time>
        <extensions>
          <ns3:TrackPointExtension>
            <ns3:hr>135</ns3:hr>
            <ns3:cad>93</ns3:cad>
          </ns3:TrackPointExtension>
        </extensions>
      </trkpt>
      <trkpt lat="22.58944856934249401092529296875" lon="113.8793955557048320770263671875">
        <ele>12.3999996185302734375</ele>
        <time>2026-08-30T23:19:51.000Z</time>
        <extensions>
          <ns3:TrackPointExtension>
            <ns3:hr>135</ns3:hr>
            <ns3:cad>93</ns3:cad>
          </ns3:TrackPointExtension>
        </extensions>
      </trkpt>
      <trkpt lat="22.58947069756686687469482421875" lon="113.87942455708980560302734375">
        <ele>12.3999996185302734375</ele>
        <time>2026-08-30T23:19:52.000Z</time>
        <extensions>
          <ns3:TrackPointExtension>
            <ns3:hr>135</ns3:hr>
            <ns3:cad>93</ns3:cad>
          </ns3:TrackPointExtension>
        </extensions>
      </trkpt>
      <trkpt lat="22.5894950889050960540771484375" lon="113.87944844551384449005126953125">
        <ele>12.3999996185302734375</ele>
        <time>2026-08-30T23:19:53.000Z</time>
        <extensions>
          <ns3:TrackPointExtension>
            <ns3:hr>136</ns3:hr>
            <ns3:cad>92</ns3:cad>
          </ns3:TrackPointExtension>
        </extensions>
      </trkpt>
      <trkpt lat="22.58951679803431034088134765625" lon="113.87947618961334228515625">
        <ele>12.6000003814697265625</ele>
        <time>2026-08-30T23:19:54.000Z</time>
        <extensions>
          <ns3:TrackPointExtension>
            <ns3:hr>135</ns3:hr>
            <ns3:cad>92</ns3:cad>
          </ns3:TrackPointExtension>
        </extensions>
      </trkpt>
      <trkpt lat="22.58954194374382495880126953125" lon="113.87950678355991840362548828125">
        <ele>12.6000003814697265625</ele>
        <time>2026-08-30T23:19:55.000Z</time>
        <extensions>
          <ns3:TrackPointExtension>
            <ns3:hr>136</ns3:hr>
            <ns3:cad>92</ns3:cad>
          </ns3:TrackPointExtension>
        </extensions>
      </trkpt>
      <trkpt lat="22.58956038393080234527587890625" lon="113.87953192926943302154541015625">
        <ele>12.80000019073486328125</ele>
        <time>2026-08-30T23:19:56.000Z</time>
        <extensions>
          <ns3:TrackPointExtension>
            <ns3:hr>136</ns3:hr>
            <ns3:cad>93</ns3:cad>
          </ns3:TrackPointExtension>
        </extensions>
      </trkpt>
      <trkpt lat="22.58958385325968265533447265625" lon="113.87956059537827968597412109375">
        <ele>12.80000019073486328125</ele>
        <time>2026-08-30T23:19:57.000Z</time>
        <extensions>
          <ns3:TrackPointExtension>
            <ns3:hr>136</ns3:hr>
            <ns3:cad>92</ns3:cad>
          </ns3:TrackPointExtension>
        </extensions>
      </trkpt>
      <trkpt lat="22.5895993597805500030517578125" lon="113.87958155013620853424072265625">
        <ele>12.80000019073486328125</ele>
        <time>2026-08-30T23:19:58.000Z</time>
        <extensions>
          <ns3:TrackPointExtension>
            <ns3:hr>136</ns3:hr>
            <ns3:cad>92</ns3:cad>
          </ns3:TrackPointExtension>
        </extensions>
      </trkpt>
      <trkpt lat="22.58962274529039859771728515625" lon="113.87960904277861118316650390625">
        <ele>12.6000003814697265625</ele>
        <time>2026-08-30T23:19:59.000Z</time>
        <extensions>
          <ns3:TrackPointExtension>
            <ns3:hr>136</ns3:hr>
            <ns3:cad>92</ns3:cad>
          </ns3:TrackPointExtension>
        </extensions>
      </trkpt>
      <trkpt lat="22.58964118547737598419189453125" lon="113.879631422460079193115234375">
        <ele>12.6000003814697265625</ele>
        <time>2026-08-30T23:20:00.000Z</time>
        <extensions>
          <ns3:TrackPointExtension>
            <ns3:hr>137</ns3:hr>
            <ns3:cad>92</ns3:cad>
          </ns3:TrackPointExtension>
        </extensions>
      </trkpt>
      <trkpt lat="22.58966197259724140167236328125" lon="113.8796667940914630889892578125">
        <ele>12.3999996185302734375</ele>
        <time>2026-08-30T23:20:01.000Z</time>
        <extensions>
          <ns3:TrackPointExtension>
            <ns3:hr>137</ns3:hr>
            <ns3:cad>95</ns3:cad>
          </ns3:TrackPointExtension>
        </extensions>
      </trkpt>
      <trkpt lat="22.58968141861259937286376953125" lon="113.87969168834388256072998046875">
        <ele>12.3999996185302734375</ele>
        <time>2026-08-30T23:20:02.000Z</time>
        <extensions>
          <ns3:TrackPointExtension>
            <ns3:hr>138</ns3:hr>
            <ns3:cad>95</ns3:cad>
          </ns3:TrackPointExtension>
        </extensions>
      </trkpt>
      <trkpt lat="22.5897019542753696441650390625" lon="113.87972018681466579437255859375">
        <ele>12.3999996185302734375</ele>
        <time>2026-08-30T23:20:03.000Z</time>
        <extensions>
          <ns3:TrackPointExtension>
            <ns3:hr>139</ns3:hr>
            <ns3:cad>94</ns3:cad>
          </ns3:TrackPointExtension>
        </extensions>
      </trkpt>
      <trkpt lat="22.5897297821938991546630859375" lon="113.87974633835256099700927734375">
        <ele>12.3999996185302734375</ele>
        <time>2026-08-30T23:20:04.000Z</time>
        <extensions>
          <ns3:TrackPointExtension>
            <ns3:hr>139</ns3:hr>
            <ns3:cad>94</ns3:cad>
          </ns3:TrackPointExtension>
        </extensions>
      </trkpt>
      <trkpt lat="22.589747719466686248779296875" lon="113.87976595200598239898681640625">
        <ele>12.19999980926513671875</ele>
        <time>2026-08-30T23:20:05.000Z</time>
        <extensions>
          <ns3:TrackPointExtension>
            <ns3:hr>139</ns3:hr>
            <ns3:cad>92</ns3:cad>
          </ns3:TrackPointExtension>
        </extensions>
      </trkpt>
      <trkpt lat="22.589775882661342620849609375" lon="113.879791013896465301513671875">
        <ele>12.3999996185302734375</ele>
        <time>2026-08-30T23:20:06.000Z</time>
        <extensions>
          <ns3:TrackPointExtension>
            <ns3:hr>139</ns3:hr>
            <ns3:cad>92</ns3:cad>
          </ns3:TrackPointExtension>
        </extensions>
      </trkpt>
      <trkpt lat="22.58979432284832000732421875" lon="113.879806436598300933837890625">
        <ele>12.3999996185302734375</ele>
        <time>2026-08-30T23:20:07.000Z</time>
        <extensions>
          <ns3:TrackPointExtension>
            <ns3:hr>140</ns3:hr>
            <ns3:cad>93</ns3:cad>
          </ns3:TrackPointExtension>
        </extensions>
      </trkpt>
      <trkpt lat="22.58982022292912006378173828125" lon="113.8798344321548938751220703125">
        <ele>12.3999996185302734375</ele>
        <time>2026-08-30T23:20:08.000Z</time>
        <extensions>
          <ns3:TrackPointExtension>
            <ns3:hr>140</ns3:hr>
            <ns3:cad>94</ns3:cad>
          </ns3:TrackPointExtension>
        </extensions>
      </trkpt>
      <trkpt lat="22.58983723819255828857421875" lon="113.879850022494792938232421875">
        <ele>12.6000003814697265625</ele>
        <time>2026-08-30T23:20:09.000Z</time>
        <extensions>
          <ns3:TrackPointExtension>
            <ns3:hr>140</ns3:hr>
            <ns3:cad>94</ns3:cad>
          </ns3:TrackPointExtension>
        </extensions>
      </trkpt>
      <trkpt lat="22.58986095897853374481201171875" lon="113.8798746652901172637939453125">
        <ele>12.6000003814697265625</ele>
        <time>2026-08-30T23:20:10.000Z</time>
        <extensions>
          <ns3:TrackPointExtension>
            <ns3:hr>139</ns3:hr>
            <ns3:cad>94</ns3:cad>
          </ns3:TrackPointExtension>
        </extensions>
      </trkpt>
      <trkpt lat="22.58988040499389171600341796875" lon="113.87989268638193607330322265625">
        <ele>12.80000019073486328125</ele>
        <time>2026-08-30T23:20:11.000Z</time>
        <extensions>
          <ns3:TrackPointExtension>
            <ns3:hr>140</ns3:hr>
            <ns3:cad>92</ns3:cad>
          </ns3:TrackPointExtension>
        </extensions>
      </trkpt>
      <trkpt lat="22.5899007730185985565185546875" lon="113.87991808354854583740234375">
        <ele>12.80000019073486328125</ele>
        <time>2026-08-30T23:20:12.000Z</time>
        <extensions>
          <ns3:TrackPointExtension>
            <ns3:hr>139</ns3:hr>
            <ns3:cad>92</ns3:cad>
          </ns3:TrackPointExtension>
        </extensions>
      </trkpt>
      <trkpt lat="22.5899239070713520050048828125" lon="113.87993912212550640106201171875">
        <ele>12.80000019073486328125</ele>
        <time>2026-08-30T23:20:13.000Z</time>
        <extensions>
          <ns3:TrackPointExtension>
            <ns3:hr>139</ns3:hr>
            <ns3:cad>92</ns3:cad>
          </ns3:TrackPointExtension>
        </extensions>
      </trkpt>
      <trkpt lat="22.58994209580123424530029296875" lon="113.87996594421565532684326171875">
        <ele>12.80000019073486328125</ele>
        <time>2026-08-30T23:20:14.000Z</time>
        <extensions>
          <ns3:TrackPointExtension>
            <ns3:hr>139</ns3:hr>
            <ns3:cad>92</ns3:cad>
          </ns3:TrackPointExtension>
        </extensions>
      </trkpt>
      <trkpt lat="22.58996204473078250885009765625" lon="113.879993855953216552734375">
        <ele>13</ele>
        <time>2026-08-30T23:20:15.000Z</time>
        <extensions>
          <ns3:TrackPointExtension>
            <ns3:hr>140</ns3:hr>
            <ns3:cad>93</ns3:cad>
          </ns3:TrackPointExtension>
        </extensions>
      </trkpt>
      <trkpt lat="22.58997746743261814117431640625" lon="113.8800178281962871551513671875">
        <ele>12.80000019073486328125</ele>
        <time>2026-08-30T23:20:16.000Z</time>
        <extensions>
          <ns3:TrackPointExtension>
            <ns3:hr>140</ns3:hr>
            <ns3:cad>93</ns3:cad>
          </ns3:TrackPointExtension>
        </extensions>
      </trkpt>
      <trkpt lat="22.58999942801892757415771484375" lon="113.88005009852349758148193359375">
        <ele>12.80000019073486328125</ele>
        <time>2026-08-30T23:20:17.000Z</time>
        <extensions>
          <ns3:TrackPointExtension>
            <ns3:hr>140</ns3:hr>
            <ns3:cad>93</ns3:cad>
          </ns3:TrackPointExtension>
        </extensions>
      </trkpt>
      <trkpt lat="22.5900130905210971832275390625" lon="113.88007155619561672210693359375">
        <ele>12.80000019073486328125</ele>
        <time>2026-08-30T23:20:18.000Z</time>
        <extensions>
          <ns3:TrackPointExtension>
            <ns3:hr>139</ns3:hr>
            <ns3:cad>92</ns3:cad>
          </ns3:TrackPointExtension>
        </extensions>
      </trkpt>
      <trkpt lat="22.59004100225865840911865234375" lon="113.88009854592382907867431640625">
        <ele>12.80000019073486328125</ele>
        <time>2026-08-30T23:20:19.000Z</time>
        <extensions>
          <ns3:TrackPointExtension>
            <ns3:hr>139</ns3:hr>
            <ns3:cad>92</ns3:cad>
          </ns3:TrackPointExtension>
        </extensions>
      </trkpt>
      <trkpt lat="22.5900613702833652496337890625" lon="113.88011128641664981842041015625">
        <ele>12.80000019073486328125</ele>
        <time>2026-08-30T23:20:20.000Z</time>
        <extensions>
          <ns3:TrackPointExtension>
            <ns3:hr>139</ns3:hr>
            <ns3:cad>93</ns3:cad>
          </ns3:TrackPointExtension>
        </extensions>
      </trkpt>
      <trkpt lat="22.590083666145801544189453125" lon="113.8801415450870990753173828125">
        <ele>13</ele>
        <time>2026-08-30T23:20:21.000Z</time>
        <extensions>
          <ns3:TrackPointExtension>
            <ns3:hr>139</ns3:hr>
            <ns3:cad>94</ns3:cad>
          </ns3:TrackPointExtension>
        </extensions>
      </trkpt>
      <trkpt lat="22.59010411798954010009765625" lon="113.8801559619605541229248046875">
        <ele>13</ele>
        <time>2026-08-30T23:20:22.000Z</time>
        <extensions>
          <ns3:TrackPointExtension>
            <ns3:hr>139</ns3:hr>
            <ns3:cad>92</ns3:cad>
          </ns3:TrackPointExtension>
        </extensions>
      </trkpt>
      <trkpt lat="22.59012549184262752532958984375" lon="113.88018270023167133331298828125">
        <ele>12.80000019073486328125</ele>
        <time>2026-08-30T23:20:23.000Z</time>
        <extensions>
          <ns3:TrackPointExtension>
            <ns3:hr>139</ns3:hr>
            <ns3:cad>92</ns3:cad>
          </ns3:TrackPointExtension>
        </extensions>
      </trkpt>
      <trkpt lat="22.59014426730573177337646484375" lon="113.8802065886557102203369140625">
        <ele>12.80000019073486328125</ele>
        <time>2026-08-30T23:20:24.000Z</time>
        <extensions>
          <ns3:TrackPointExtension>
            <ns3:hr>138</ns3:hr>
            <ns3:cad>92</ns3:cad>
          </ns3:TrackPointExtension>
        </extensions>
      </trkpt>
      <trkpt lat="22.59016052819788455963134765625" lon="113.8802354224026203155517578125">
        <ele>13</ele>
        <time>2026-08-30T23:20:25.000Z</time>
        <extensions>
          <ns3:TrackPointExtension>
            <ns3:hr>139</ns3:hr>
            <ns3:cad>92</ns3:cad>
          </ns3:TrackPointExtension>
        </extensions>
      </trkpt>
      <trkpt lat="22.59018215350806713104248046875" lon="113.88026718981564044952392578125">
        <ele>12.80000019073486328125</ele>
        <time>2026-08-30T23:20:26.000Z</time>
        <extensions>
          <ns3:TrackPointExtension>
            <ns3:hr>139</ns3:hr>
            <ns3:cad>93</ns3:cad>
          </ns3:TrackPointExtension>
        </extensions>
      </trkpt>
      <trkpt lat="22.59019254706799983978271484375" lon="113.8802934251725673675537109375">
        <ele>12.80000019073486328125</ele>
        <time>2026-08-30T23:20:27.000Z</time>
        <extensions>
          <ns3:TrackPointExtension>
            <ns3:hr>139</ns3:hr>
            <ns3:cad>93</ns3:cad>
          </ns3:TrackPointExtension>
        </extensions>
      </trkpt>
      <trkpt lat="22.59021551348268985748291015625" lon="113.88032720424234867095947265625">
        <ele>12.80000019073486328125</ele>
        <time>2026-08-30T23:20:28.000Z</time>
        <extensions>
          <ns3:TrackPointExtension>
            <ns3:hr>138</ns3:hr>
            <ns3:cad>93</ns3:cad>
          </ns3:TrackPointExtension>
        </extensions>
      </trkpt>
      <trkpt lat="22.590229846537113189697265625" lon="113.88035302050411701202392578125">
        <ele>12.80000019073486328125</ele>
        <time>2026-08-30T23:20:29.000Z</time>
        <extensions>
          <ns3:TrackPointExtension>
            <ns3:hr>139</ns3:hr>
            <ns3:cad>93</ns3:cad>
          </ns3:TrackPointExtension>
        </extensions>
      </trkpt>
      <trkpt lat="22.59025608189404010772705078125" lon="113.88037900440394878387451171875">
        <ele>12.80000019073486328125</ele>
        <time>2026-08-30T23:20:30.000Z</time>
        <extensions>
          <ns3:TrackPointExtension>
            <ns3:hr>139</ns3:hr>
            <ns3:cad>93</ns3:cad>
          </ns3:TrackPointExtension>
        </extensions>
      </trkpt>
      <trkpt lat="22.5902791321277618408203125" lon="113.88039912097156047821044921875">
        <ele>12.80000019073486328125</ele>
        <time>2026-08-30T23:20:31.000Z</time>
        <extensions>
          <ns3:TrackPointExtension>
            <ns3:hr>139</ns3:hr>
            <ns3:cad>93</ns3:cad>
          </ns3:TrackPointExtension>
        </extensions>
      </trkpt>
      <trkpt lat="22.5902980752289295196533203125" lon="113.8804221712052822113037109375">
        <ele>12.80000019073486328125</ele>
        <time>2026-08-30T23:20:32.000Z</time>
        <extensions>
          <ns3:TrackPointExtension>
            <ns3:hr>139</ns3:hr>
            <ns3:cad>93</ns3:cad>
          </ns3:TrackPointExtension>
        </extensions>
      </trkpt>
      <trkpt lat="22.59032137691974639892578125" lon="113.88043574988842010498046875">
        <ele>13</ele>
        <time>2026-08-30T23:20:33.000Z</time>
        <extensions>
          <ns3:TrackPointExtension>
            <ns3:hr>139</ns3:hr>
            <ns3:cad>94</ns3:cad>
          </ns3:TrackPointExtension>
        </extensions>
      </trkpt>
      <trkpt lat="22.59034157730638980865478515625" lon="113.880452848970890045166015625">
        <ele>13</ele>
        <time>2026-08-30T23:20:34.000Z</time>
        <extensions>
          <ns3:TrackPointExtension>
            <ns3:hr>138</ns3:hr>
            <ns3:cad>94</ns3:cad>
          </ns3:TrackPointExtension>
        </extensions>
      </trkpt>
      <trkpt lat="22.5903681479394435882568359375" lon="113.8804667629301548004150390625">
        <ele>13</ele>
        <time>2026-08-30T23:20:35.000Z</time>
        <extensions>
          <ns3:TrackPointExtension>
            <ns3:hr>139</ns3:hr>
            <ns3:cad>94</ns3:cad>
          </ns3:TrackPointExtension>
        </extensions>
      </trkpt>
      <trkpt lat="22.5903891026973724365234375" lon="113.88047455810010433197021484375">
        <ele>13</ele>
        <time>2026-08-30T23:20:36.000Z</time>
        <extensions>
          <ns3:TrackPointExtension>
            <ns3:hr>138</ns3:hr>
            <ns3:cad>93</ns3:cad>
          </ns3:TrackPointExtension>
        </extensions>
      </trkpt>
      <trkpt lat="22.590420953929424285888671875" lon="113.8804681040346622467041015625">
        <ele>13</ele>
        <time>2026-08-30T23:20:37.000Z</time>
        <extensions>
          <ns3:TrackPointExtension>
            <ns3:hr>138</ns3:hr>
            <ns3:cad>92</ns3:cad>
          </ns3:TrackPointExtension>
        </extensions>
      </trkpt>
      <trkpt lat="22.5904409028589725494384765625" lon="113.88046248815953731536865234375">
        <ele>13</ele>
        <time>2026-08-30T23:20:38.000Z</time>
        <extensions>
          <ns3:TrackPointExtension>
            <ns3:hr>138</ns3:hr>
            <ns3:cad>92</ns3:cad>
          </ns3:TrackPointExtension>
        </extensions>
      </trkpt>
      <trkpt lat="22.59046881459653377532958984375" lon="113.8804506696760654449462890625">
        <ele>13</ele>
        <time>2026-08-30T23:20:39.000Z</time>
        <extensions>
          <ns3:TrackPointExtension>
            <ns3:hr>138</ns3:hr>
            <ns3:cad>92</ns3:cad>
          </ns3:TrackPointExtension>
        </extensions>
      </trkpt>
      <trkpt lat="22.5904935412108898162841796875" lon="113.88044069521129131317138671875">
        <ele>13</ele>
        <time>2026-08-30T23:20:40.000Z</time>
        <extensions>
          <ns3:TrackPointExtension>
            <ns3:hr>138</ns3:hr>
            <ns3:cad>93</ns3:cad>
          </ns3:TrackPointExtension>
        </extensions>
      </trkpt>
      <trkpt lat="22.59051944129168987274169921875" lon="113.88042099773883819580078125">
        <ele>13</ele>
        <time>2026-08-30T23:20:41.000Z</time>
        <extensions>
          <ns3:TrackPointExtension>
            <ns3:hr>138</ns3:hr>
            <ns3:cad>92</ns3:cad>
          </ns3:TrackPointExtension>
        </extensions>
      </trkpt>
      <trkpt lat="22.59053922258317470550537109375" lon="113.8803919963538646697998046875">
        <ele>13.19999980926513671875</ele>
        <time>2026-08-30T23:20:42.000Z</time>
        <extensions>
          <ns3:TrackPointExtension>
            <ns3:hr>138</ns3:hr>
            <ns3:cad>92</ns3:cad>
          </ns3:TrackPointExtension>
        </extensions>
      </trkpt>
      <trkpt lat="22.590559422969818115234375" lon="113.88037271797657012939453125">
        <ele>13.19999980926513671875</ele>
        <time>2026-08-30T23:20:43.000Z</time>
        <extensions>
          <ns3:TrackPointExtension>
            <ns3:hr>138</ns3:hr>
            <ns3:cad>93</ns3:cad>
          </ns3:TrackPointExtension>
        </extensions>
      </trkpt>
      <trkpt lat="22.59058549068868160247802734375" lon="113.880352266132831573486328125">
        <ele>13.19999980926513671875</ele>
        <time>2026-08-30T23:20:44.000Z</time>
        <extensions>
          <ns3:TrackPointExtension>
            <ns3:hr>138</ns3:hr>
            <ns3:cad>93</ns3:cad>
          </ns3:TrackPointExtension>
        </extensions>
      </trkpt>
      <trkpt lat="22.59061130695044994354248046875" lon="113.88033575378358364105224609375">
        <ele>13.19999980926513671875</ele>
        <time>2026-08-30T23:20:45.000Z</time>
        <extensions>
          <ns3:TrackPointExtension>
            <ns3:hr>139</ns3:hr>
            <ns3:cad>93</ns3:cad>
          </ns3:TrackPointExtension>
        </extensions>
      </trkpt>
      <trkpt lat="22.59063787758350372314453125" lon="113.88030692003667354583740234375">
        <ele>13.19999980926513671875</ele>
        <time>2026-08-30T23:20:46.000Z</time>
        <extensions>
          <ns3:TrackPointExtension>
            <ns3:hr>138</ns3:hr>
            <ns3:cad>93</ns3:cad>
          </ns3:TrackPointExtension>
        </extensions>
      </trkpt>
      <trkpt lat="22.59066025726497173309326171875" lon="113.88028822839260101318359375">
        <ele>13.19999980926513671875</ele>
        <time>2026-08-30T23:20:47.000Z</time>
        <extensions>
          <ns3:TrackPointExtension>
            <ns3:hr>138</ns3:hr>
            <ns3:cad>92</ns3:cad>
          </ns3:TrackPointExtension>
        </extensions>
      </trkpt>
      <trkpt lat="22.59068707935512065887451171875" lon="113.8802612386643886566162109375">
        <ele>13.19999980926513671875</ele>
        <time>2026-08-30T23:20:48.000Z</time>
        <extensions>
          <ns3:TrackPointExtension>
            <ns3:hr>138</ns3:hr>
            <ns3:cad>92</ns3:cad>
          </ns3:TrackPointExtension>
        </extensions>
      </trkpt>
      <trkpt lat="22.590705938637256622314453125" lon="113.880240619182586669921875">
        <ele>13.19999980926513671875</ele>
        <time>2026-08-30T23:20:49.000Z</time>
        <extensions>
          <ns3:TrackPointExtension>
            <ns3:hr>139</ns3:hr>
            <ns3:cad>92</ns3:cad>
          </ns3:TrackPointExtension>
        </extensions>
      </trkpt>
      <trkpt lat="22.590728737413883209228515625" lon="113.880215473473072052001953125">
        <ele>13.19999980926513671875</ele>
        <time>2026-08-30T23:20:50.000Z</time>
        <extensions>
          <ns3:TrackPointExtension>
            <ns3:hr>138</ns3:hr>
            <ns3:cad>93</ns3:cad>
          </ns3:TrackPointExtension>
        </extensions>
      </trkpt>
      <trkpt lat="22.59074474684894084930419921875" lon="113.88019426725804805755615234375">
        <ele>13.19999980926513671875</ele>
        <time>2026-08-30T23:20:51.000Z</time>
        <extensions>
          <ns3:TrackPointExtension>
            <ns3:hr>138</ns3:hr>
            <ns3:cad>94</ns3:cad>
          </ns3:TrackPointExtension>
        </extensions>
      </trkpt>
      <trkpt lat="22.5907641090452671051025390625" lon="113.8801744021475315093994140625">
        <ele>13.19999980926513671875</ele>
        <time>2026-08-30T23:20:52.000Z</time>
        <extensions>
          <ns3:TrackPointExtension>
            <ns3:hr>138</ns3:hr>
            <ns3:cad>94</ns3:cad>
          </ns3:TrackPointExtension>
        </extensions>
      </trkpt>
      <trkpt lat="22.59078715927898883819580078125" lon="113.88014866970479488372802734375">
        <ele>13.19999980926513671875</ele>
        <time>2026-08-30T23:20:53.000Z</time>
        <extensions>
          <ns3:TrackPointExtension>
            <ns3:hr>139</ns3:hr>
            <ns3:cad>94</ns3:cad>
          </ns3:TrackPointExtension>
        </extensions>
      </trkpt>
      <trkpt lat="22.59080551564693450927734375" lon="113.88012050651013851165771484375">
        <ele>13.19999980926513671875</ele>
        <time>2026-08-30T23:20:54.000Z</time>
        <extensions>
          <ns3:TrackPointExtension>
            <ns3:hr>138</ns3:hr>
            <ns3:cad>94</ns3:cad>
          </ns3:TrackPointExtension>
        </extensions>
      </trkpt>
      <trkpt lat="22.5908237881958484649658203125" lon="113.88009284622967243194580078125">
        <ele>13.19999980926513671875</ele>
        <time>2026-08-30T23:20:55.000Z</time>
        <extensions>
          <ns3:TrackPointExtension>
            <ns3:hr>138</ns3:hr>
            <ns3:cad>93</ns3:cad>
          </ns3:TrackPointExtension>
        </extensions>
      </trkpt>
      <trkpt lat="22.5908395461738109588623046875" lon="113.8800711371004581451416015625">
        <ele>13.3999996185302734375</ele>
        <time>2026-08-30T23:20:56.000Z</time>
        <extensions>
          <ns3:TrackPointExtension>
            <ns3:hr>139</ns3:hr>
            <ns3:cad>93</ns3:cad>
          </ns3:TrackPointExtension>
        </extensions>
      </trkpt>
      <trkpt lat="22.5908630155026912689208984375" lon="113.880041800439357757568359375">
        <ele>13.3999996185302734375</ele>
        <time>2026-08-30T23:20:57.000Z</time>
        <extensions>
          <ns3:TrackPointExtension>
            <ns3:hr>139</ns3:hr>
            <ns3:cad>93</ns3:cad>
          </ns3:TrackPointExtension>
        </extensions>
      </trkpt>
      <trkpt lat="22.59088623337447643280029296875" lon="113.8800248689949512481689453125">
        <ele>13.3999996185302734375</ele>
        <time>2026-08-30T23:20:58.000Z</time>
        <extensions>
          <ns3:TrackPointExtension>
            <ns3:hr>139</ns3:hr>
            <ns3:cad>94</ns3:cad>
          </ns3:TrackPointExtension>
        </extensions>
      </trkpt>
      <trkpt lat="22.5909054279327392578125" lon="113.87999259866774082183837890625">
        <ele>13.3999996185302734375</ele>
        <time>2026-08-30T23:20:59.000Z</time>
        <extensions>
          <ns3:TrackPointExtension>
            <ns3:hr>139</ns3:hr>
            <ns3:cad>94</ns3:cad>
          </ns3:TrackPointExtension>
        </extensions>
      </trkpt>
      <trkpt lat="22.590931244194507598876953125" lon="113.8799648545682430267333984375">
        <ele>13.3999996185302734375</ele>
        <time>2026-08-30T23:21:00.000Z</time>
        <extensions>
          <ns3:TrackPointExtension>
            <ns3:hr>139</ns3:hr>
            <ns3:cad>95</ns3:cad>
          </ns3:TrackPointExtension>
        </extensions>
      </trkpt>
      <trkpt lat="22.59095127694308757781982421875" lon="113.87993727810680866241455078125">
        <ele>13.3999996185302734375</ele>
        <time>2026-08-30T23:21:01.000Z</time>
        <extensions>
          <ns3:TrackPointExtension>
            <ns3:hr>140</ns3:hr>
            <ns3:cad>93</ns3:cad>
          </ns3:TrackPointExtension>
        </extensions>
      </trkpt>
      <trkpt lat="22.5909793563187122344970703125" lon="113.87990643270313739776611328125">
        <ele>13.3999996185302734375</ele>
        <time>2026-08-30T23:21:02.000Z</time>
        <extensions>
          <ns3:TrackPointExtension>
            <ns3:hr>140</ns3:hr>
            <ns3:cad>93</ns3:cad>
          </ns3:TrackPointExtension>
        </extensions>
      </trkpt>
      <trkpt lat="22.59100207127630710601806640625" lon="113.8798820413649082183837890625">
        <ele>13.6000003814697265625</ele>
        <time>2026-08-30T23:21:03.000Z</time>
        <extensions>
          <ns3:TrackPointExtension>
            <ns3:hr>140</ns3:hr>
            <ns3:cad>93</ns3:cad>
          </ns3:TrackPointExtension>
        </extensions>
      </trkpt>
      <trkpt lat="22.59102822281420230865478515625" lon="113.87985010631382465362548828125">
        <ele>13.6000003814697265625</ele>
        <time>2026-08-30T23:21:04.000Z</time>
        <extensions>
          <ns3:TrackPointExtension>
            <ns3:hr>140</ns3:hr>
            <ns3:cad>93</ns3:cad>
          </ns3:TrackPointExtension>
        </extensions>
      </trkpt>
      <trkpt lat="22.5910467468202114105224609375" lon="113.8798270560801029205322265625">
        <ele>13.3999996185302734375</ele>
        <time>2026-08-30T23:21:05.000Z</time>
        <extensions>
          <ns3:TrackPointExtension>
            <ns3:hr>140</ns3:hr>
            <ns3:cad>94</ns3:cad>
          </ns3:TrackPointExtension>
        </extensions>
      </trkpt>
      <trkpt lat="22.59107029996812343597412109375" lon="113.87980031780898571014404296875">
        <ele>13.3999996185302734375</ele>
        <time>2026-08-30T23:21:06.000Z</time>
        <extensions>
          <ns3:TrackPointExtension>
            <ns3:hr>140</ns3:hr>
            <ns3:cad>94</ns3:cad>
          </ns3:TrackPointExtension>
        </extensions>
      </trkpt>
      <trkpt lat="22.59109427221119403839111328125" lon="113.8797801174223423004150390625">
        <ele>13.3999996185302734375</ele>
        <time>2026-08-30T23:21:07.000Z</time>
        <extensions>
          <ns3:TrackPointExtension>
            <ns3:hr>141</ns3:hr>
            <ns3:cad>93</ns3:cad>
          </ns3:TrackPointExtension>
        </extensions>
      </trkpt>
      <trkpt lat="22.5911282189190387725830078125" lon="113.8797636888921260833740234375">
        <ele>13.6000003814697265625</ele>
        <time>2026-08-30T23:21:08.000Z</time>
        <extensions>
          <ns3:TrackPointExtension>
            <ns3:hr>141</ns3:hr>
            <ns3:cad>93</ns3:cad>
          </ns3:TrackPointExtension>
        </extensions>
      </trkpt>
      <trkpt lat="22.59115411899983882904052734375" lon="113.879742734134197235107421875">
        <ele>13.6000003814697265625</ele>
        <time>2026-08-30T23:21:09.000Z</time>
        <extensions>
          <ns3:TrackPointExtension>
            <ns3:hr>141</ns3:hr>
            <ns3:cad>93</ns3:cad>
          </ns3:TrackPointExtension>
        </extensions>
      </trkpt>
      <trkpt lat="22.59117834270000457763671875" lon="113.87972169555723667144775390625">
        <ele>13.6000003814697265625</ele>
        <time>2026-08-30T23:21:10.000Z</time>
        <extensions>
          <ns3:TrackPointExtension>
            <ns3:hr>142</ns3:hr>
            <ns3:cad>93</ns3:cad>
          </ns3:TrackPointExtension>
        </extensions>
      </trkpt>
      <trkpt lat="22.59120591916143894195556640625" lon="113.87969688512384891510009765625">
        <ele>13.80000019073486328125</ele>
        <time>2026-08-30T23:21:11.000Z</time>
        <extensions>
          <ns3:TrackPointExtension>
            <ns3:hr>142</ns3:hr>
            <ns3:cad>94</ns3:cad>
          </ns3:TrackPointExtension>
        </extensions>
      </trkpt>
      <trkpt lat="22.5912241078913211822509765625" lon="113.87967525981366634368896484375">
        <ele>13.80000019073486328125</ele>
        <time>2026-08-30T23:21:12.000Z</time>
        <extensions>
          <ns3:TrackPointExtension>
            <ns3:hr>142</ns3:hr>
            <ns3:cad>94</ns3:cad>
          </ns3:TrackPointExtension>
        </extensions>
      </trkpt>
      <trkpt lat="22.59124942123889923095703125" lon="113.87964910827577114105224609375">
        <ele>13.80000019073486328125</ele>
        <time>2026-08-30T23:21:13.000Z</time>
        <extensions>
          <ns3:TrackPointExtension>
            <ns3:hr>142</ns3:hr>
            <ns3:cad>93</ns3:cad>
          </ns3:TrackPointExtension>
        </extensions>
      </trkpt>
      <trkpt lat="22.5912683643400669097900390625" lon="113.87962396256625652313232421875">
        <ele>14</ele>
        <time>2026-08-30T23:21:14.000Z</time>
        <extensions>
          <ns3:TrackPointExtension>
            <ns3:hr>142</ns3:hr>
            <ns3:cad>93</ns3:cad>
          </ns3:TrackPointExtension>
        </extensions>
      </trkpt>
      <trkpt lat="22.59129443205893039703369140625" lon="113.8796010799705982208251953125">
        <ele>14</ele>
        <time>2026-08-30T23:21:15.000Z</time>
        <extensions>
          <ns3:TrackPointExtension>
            <ns3:hr>142</ns3:hr>
            <ns3:cad>93</ns3:cad>
          </ns3:TrackPointExtension>
        </extensions>
      </trkpt>
      <trkpt lat="22.59132008068263530731201171875" lon="113.8795779459178447723388671875">
        <ele>13.80000019073486328125</ele>
        <time>2026-08-30T23:21:16.000Z</time>
        <extensions>
          <ns3:TrackPointExtension>
            <ns3:hr>142</ns3:hr>
            <ns3:cad>94</ns3:cad>
          </ns3:TrackPointExtension>
        </extensions>
      </trkpt>
      <trkpt lat="22.591344304382801055908203125" lon="113.879560343921184539794921875">
        <ele>14</ele>
        <time>2026-08-30T23:21:17.000Z</time>
        <extensions>
          <ns3:TrackPointExtension>
            <ns3:hr>143</ns3:hr>
            <ns3:cad>94</ns3:cad>
          </ns3:TrackPointExtension>
        </extensions>
      </trkpt>
      <trkpt lat="22.59137255139648914337158203125" lon="113.8795350305736064910888671875">
        <ele>14</ele>
        <time>2026-08-30T23:21:18.000Z</time>
        <extensions>
          <ns3:TrackPointExtension>
            <ns3:hr>142</ns3:hr>
            <ns3:cad>94</ns3:cad>
          </ns3:TrackPointExtension>
        </extensions>
      </trkpt>
      <trkpt lat="22.5913900695741176605224609375" lon="113.8795082084834575653076171875">
        <ele>14</ele>
        <time>2026-08-30T23:21:19.000Z</time>
        <extensions>
          <ns3:TrackPointExtension>
            <ns3:hr>143</ns3:hr>
            <ns3:cad>94</ns3:cad>
          </ns3:TrackPointExtension>
        </extensions>
      </trkpt>
      <trkpt lat="22.5914192385971546173095703125" lon="113.87947811745107173919677734375">
        <ele>14</ele>
        <time>2026-08-30T23:21:20.000Z</time>
        <extensions>
          <ns3:TrackPointExtension>
            <ns3:hr>143</ns3:hr>
            <ns3:cad>93</ns3:cad>
          </ns3:TrackPointExtension>
        </extensions>
      </trkpt>
      <trkpt lat="22.59143709205090999603271484375" lon="113.8794515468180179595947265625">
        <ele>14</ele>
        <time>2026-08-30T23:21:21.000Z</time>
        <extensions>
          <ns3:TrackPointExtension>
            <ns3:hr>143</ns3:hr>
            <ns3:cad>93</ns3:cad>
          </ns3:TrackPointExtension>
        </extensions>
      </trkpt>
      <trkpt lat="22.59146542288362979888916015625" lon="113.87942514382302761077880859375">
        <ele>14.19999980926513671875</ele>
        <time>2026-08-30T23:21:22.000Z</time>
        <extensions>
          <ns3:TrackPointExtension>
            <ns3:hr>143</ns3:hr>
            <ns3:cad>94</ns3:cad>
          </ns3:TrackPointExtension>
        </extensions>
      </trkpt>
      <trkpt lat="22.591490484774112701416015625" lon="113.87939798645675182342529296875">
        <ele>14.19999980926513671875</ele>
        <time>2026-08-30T23:21:23.000Z</time>
        <extensions>
          <ns3:TrackPointExtension>
            <ns3:hr>143</ns3:hr>
            <ns3:cad>94</ns3:cad>
          </ns3:TrackPointExtension>
        </extensions>
      </trkpt>
      <trkpt lat="22.59151705540716648101806640625" lon="113.8793744333088397979736328125">
        <ele>14.19999980926513671875</ele>
        <time>2026-08-30T23:21:24.000Z</time>
        <extensions>
          <ns3:TrackPointExtension>
            <ns3:hr>143</ns3:hr>
            <ns3:cad>94</ns3:cad>
          </ns3:TrackPointExtension>
        </extensions>
      </trkpt>
      <trkpt lat="22.5915429554879665374755859375" lon="113.87934836558997631072998046875">
        <ele>14</ele>
        <time>2026-08-30T23:21:25.000Z</time>
        <extensions>
          <ns3:TrackPointExtension>
            <ns3:hr>143</ns3:hr>
            <ns3:cad>94</ns3:cad>
          </ns3:TrackPointExtension>
        </extensions>
      </trkpt>
      <trkpt lat="22.5915674306452274322509765625" lon="113.8793285004794597625732421875">
        <ele>14</ele>
        <time>2026-08-30T23:21:26.000Z</time>
        <extensions>
          <ns3:TrackPointExtension>
            <ns3:hr>143</ns3:hr>
            <ns3:cad>92</ns3:cad>
          </ns3:TrackPointExtension>
        </extensions>
      </trkpt>
      <trkpt lat="22.59159542620182037353515625" lon="113.87929991818964481353759765625">
        <ele>14</ele>
        <time>2026-08-30T23:21:27.000Z</time>
        <extensions>
          <ns3:TrackPointExtension>
            <ns3:hr>143</ns3:hr>
            <ns3:cad>92</ns3:cad>
          </ns3:TrackPointExtension>
        </extensions>
      </trkpt>
      <trkpt lat="22.59161327965557575225830078125" lon="113.87927443720400333404541015625">
        <ele>14</ele>
        <time>2026-08-30T23:21:28.000Z</time>
        <extensions>
          <ns3:TrackPointExtension>
            <ns3:hr>143</ns3:hr>
            <ns3:cad>93</ns3:cad>
          </ns3:TrackPointExtension>
        </extensions>
      </trkpt>
      <trkpt lat="22.59164244867861270904541015625" lon="113.8792483694851398468017578125">
        <ele>14</ele>
        <time>2026-08-30T23:21:29.000Z</time>
        <extensions>
          <ns3:TrackPointExtension>
            <ns3:hr>143</ns3:hr>
            <ns3:cad>93</ns3:cad>
          </ns3:TrackPointExtension>
        </extensions>
      </trkpt>
      <trkpt lat="22.591666840016841888427734375" lon="113.8792252354323863983154296875">
        <ele>14</ele>
        <time>2026-08-30T23:21:30.000Z</time>
        <extensions>
          <ns3:TrackPointExtension>
            <ns3:hr>143</ns3:hr>
            <ns3:cad>95</ns3:cad>
          </ns3:TrackPointExtension>
        </extensions>
      </trkpt>
      <trkpt lat="22.59168838150799274444580078125" lon="113.879206292331218719482421875">
        <ele>14</ele>
        <time>2026-08-30T23:21:31.000Z</time>
        <extensions>
          <ns3:TrackPointExtension>
            <ns3:hr>143</ns3:hr>
            <ns3:cad>95</ns3:cad>
          </ns3:TrackPointExtension>
        </extensions>
      </trkpt>
      <trkpt lat="22.5917142815887928009033203125" lon="113.87918173335492610931396484375">
        <ele>14</ele>
        <time>2026-08-30T23:21:32.000Z</time>
        <extensions>
          <ns3:TrackPointExtension>
            <ns3:hr>143</ns3:hr>
            <ns3:cad>95</ns3:cad>
          </ns3:TrackPointExtension>
        </extensions>
      </trkpt>
      <trkpt lat="22.59173481725156307220458984375" lon="113.8791638799011707305908203125">
        <ele>14</ele>
        <time>2026-08-30T23:21:33.000Z</time>
        <extensions>
          <ns3:TrackPointExtension>
            <ns3:hr>144</ns3:hr>
            <ns3:cad>95</ns3:cad>
          </ns3:TrackPointExtension>
        </extensions>
      </trkpt>
      <trkpt lat="22.59176264517009258270263671875" lon="113.879137896001338958740234375">
        <ele>14.19999980926513671875</ele>
        <time>2026-08-30T23:21:34.000Z</time>
        <extensions>
          <ns3:TrackPointExtension>
            <ns3:hr>144</ns3:hr>
            <ns3:cad>95</ns3:cad>
          </ns3:TrackPointExtension>
        </extensions>
      </trkpt>
      <trkpt lat="22.59177974425256252288818359375" lon="113.87911451049149036407470703125">
        <ele>14.19999980926513671875</ele>
        <time>2026-08-30T23:21:35.000Z</time>
        <extensions>
          <ns3:TrackPointExtension>
            <ns3:hr>144</ns3:hr>
            <ns3:cad>95</ns3:cad>
          </ns3:TrackPointExtension>
        </extensions>
      </trkpt>
      <trkpt lat="22.59180656634271144866943359375" lon="113.87908852659165859222412109375">
        <ele>14.19999980926513671875</ele>
        <time>2026-08-30T23:21:36.000Z</time>
        <extensions>
          <ns3:TrackPointExtension>
            <ns3:hr>144</ns3:hr>
            <ns3:cad>95</ns3:cad>
          </ns3:TrackPointExtension>
        </extensions>
      </trkpt>
      <trkpt lat="22.59182634763419628143310546875" lon="113.87906472198665142059326171875">
        <ele>14.19999980926513671875</ele>
        <time>2026-08-30T23:21:37.000Z</time>
        <extensions>
          <ns3:TrackPointExtension>
            <ns3:hr>144</ns3:hr>
            <ns3:cad>94</ns3:cad>
          </ns3:TrackPointExtension>
        </extensions>
      </trkpt>
      <trkpt lat="22.59185115806758403778076171875" lon="113.87904368340969085693359375">
        <ele>14.19999980926513671875</ele>
        <time>2026-08-30T23:21:38.000Z</time>
        <extensions>
          <ns3:TrackPointExtension>
            <ns3:hr>144</ns3:hr>
            <ns3:cad>93</ns3:cad>
          </ns3:TrackPointExtension>
        </extensions>
      </trkpt>
      <trkpt lat="22.5918775610625743865966796875" lon="113.8790170289576053619384765625">
        <ele>14.19999980926513671875</ele>
        <time>2026-08-30T23:21:39.000Z</time>
        <extensions>
          <ns3:TrackPointExtension>
            <ns3:hr>144</ns3:hr>
            <ns3:cad>93</ns3:cad>
          </ns3:TrackPointExtension>
        </extensions>
      </trkpt>
      <trkpt lat="22.5919043831527233123779296875" lon="113.878993056714534759521484375">
        <ele>14.19999980926513671875</ele>
        <time>2026-08-30T23:21:40.000Z</time>
        <extensions>
          <ns3:TrackPointExtension>
            <ns3:hr>145</ns3:hr>
            <ns3:cad>93</ns3:cad>
          </ns3:TrackPointExtension>
        </extensions>
      </trkpt>
      <trkpt lat="22.5919340550899505615234375" lon="113.8789570145308971405029296875">
        <ele>14.19999980926513671875</ele>
        <time>2026-08-30T23:21:41.000Z</time>
        <extensions>
          <ns3:TrackPointExtension>
            <ns3:hr>144</ns3:hr>
            <ns3:cad>93</ns3:cad>
          </ns3:TrackPointExtension>
        </extensions>
      </trkpt>
      <trkpt lat="22.59195157326757907867431640625" lon="113.878928013145923614501953125">
        <ele>14.19999980926513671875</ele>
        <time>2026-08-30T23:21:42.000Z</time>
        <extensions>
          <ns3:TrackPointExtension>
            <ns3:hr>145</ns3:hr>
            <ns3:cad>92</ns3:cad>
          </ns3:TrackPointExtension>
        </extensions>
      </trkpt>
      <trkpt lat="22.591977305710315704345703125" lon="113.87889741919934749603271484375">
        <ele>14.19999980926513671875</ele>
        <time>2026-08-30T23:21:43.000Z</time>
        <extensions>
          <ns3:TrackPointExtension>
            <ns3:hr>145</ns3:hr>
            <ns3:cad>92</ns3:cad>
          </ns3:TrackPointExtension>
        </extensions>
      </trkpt>
      <trkpt lat="22.59198778308928012847900390625" lon="113.87887260876595973968505859375">
        <ele>14.19999980926513671875</ele>
        <time>2026-08-30T23:21:44.000Z</time>
        <extensions>
          <ns3:TrackPointExtension>
            <ns3:hr>145</ns3:hr>
            <ns3:cad>92</ns3:cad>
          </ns3:TrackPointExtension>
        </extensions>
      </trkpt>
      <trkpt lat="22.5920064747333526611328125" lon="113.87884310446679592132568359375">
        <ele>14.3999996185302734375</ele>
        <time>2026-08-30T23:21:45.000Z</time>
        <extensions>
          <ns3:TrackPointExtension>
            <ns3:hr>145</ns3:hr>
            <ns3:cad>92</ns3:cad>
          </ns3:TrackPointExtension>
        </extensions>
      </trkpt>
      <trkpt lat="22.592011503875255584716796875" lon="113.8788202218711376190185546875">
        <ele>14.3999996185302734375</ele>
        <time>2026-08-30T23:21:46.000Z</time>
        <extensions>
          <ns3:TrackPointExtension>
            <ns3:hr>145</ns3:hr>
            <ns3:cad>94</ns3:cad>
          </ns3:TrackPointExtension>
        </extensions>
      </trkpt>
      <trkpt lat="22.59202684275805950164794921875" lon="113.8787940703332424163818359375">
        <ele>14.3999996185302734375</ele>
        <time>2026-08-30T23:21:47.000Z</time>
        <extensions>
          <ns3:TrackPointExtension>
            <ns3:hr>145</ns3:hr>
            <ns3:cad>94</ns3:cad>
          </ns3:TrackPointExtension>
        </extensions>
      </trkpt>
      <trkpt lat="22.59203690104186534881591796875" lon="113.8787742890417575836181640625">
        <ele>14.3999996185302734375</ele>
        <time>2026-08-30T23:21:48.000Z</time>
        <extensions>
          <ns3:TrackPointExtension>
            <ns3:hr>145</ns3:hr>
            <ns3:cad>94</ns3:cad>
          </ns3:TrackPointExtension>
        </extensions>
      </trkpt>
      <trkpt lat="22.59206506423652172088623046875" lon="113.878759033977985382080078125">
        <ele>14.3999996185302734375</ele>
        <time>2026-08-30T23:21:49.000Z</time>
        <extensions>
          <ns3:TrackPointExtension>
            <ns3:hr>145</ns3:hr>
            <ns3:cad>94</ns3:cad>
          </ns3:TrackPointExtension>
        </extensions>
      </trkpt>
      <trkpt lat="22.59208853356540203094482421875" lon="113.8787426054477691650390625">
        <ele>14.3999996185302734375</ele>
        <time>2026-08-30T23:21:50.000Z</time>
        <extensions>
          <ns3:TrackPointExtension>
            <ns3:hr>145</ns3:hr>
            <ns3:cad>94</ns3:cad>
          </ns3:TrackPointExtension>
        </extensions>
      </trkpt>
      <trkpt lat="22.59211502037942409515380859375" lon="113.87872827239334583282470703125">
        <ele>14.19999980926513671875</ele>
        <time>2026-08-30T23:21:51.000Z</time>
        <extensions>
          <ns3:TrackPointExtension>
            <ns3:hr>146</ns3:hr>
            <ns3:cad>92</ns3:cad>
          </ns3:TrackPointExtension>
        </extensions>
      </trkpt>
      <trkpt lat="22.5921387411653995513916015625" lon="113.87870999984443187713623046875">
        <ele>14.19999980926513671875</ele>
        <time>2026-08-30T23:21:52.000Z</time>
        <extensions>
          <ns3:TrackPointExtension>
            <ns3:hr>146</ns3:hr>
            <ns3:cad>92</ns3:cad>
          </ns3:TrackPointExtension>
        </extensions>
      </trkpt>
      <trkpt lat="22.59215793572366237640380859375" lon="113.87869994156062602996826171875">
        <ele>14.19999980926513671875</ele>
        <time>2026-08-30T23:21:53.000Z</time>
        <extensions>
          <ns3:TrackPointExtension>
            <ns3:hr>146</ns3:hr>
            <ns3:cad>92</ns3:cad>
          </ns3:TrackPointExtension>
        </extensions>
      </trkpt>
      <trkpt lat="22.592179812490940093994140625" lon="113.878679573535919189453125">
        <ele>14.19999980926513671875</ele>
        <time>2026-08-30T23:21:54.000Z</time>
        <extensions>
          <ns3:TrackPointExtension>
            <ns3:hr>145</ns3:hr>
            <ns3:cad>92</ns3:cad>
          </ns3:TrackPointExtension>
        </extensions>
      </trkpt>
      <trkpt lat="22.5921987555921077728271484375" lon="113.8786633126437664031982421875">
        <ele>14.19999980926513671875</ele>
        <time>2026-08-30T23:21:55.000Z</time>
        <extensions>
          <ns3:TrackPointExtension>
            <ns3:hr>145</ns3:hr>
            <ns3:cad>92</ns3:cad>
          </ns3:TrackPointExtension>
        </extensions>
      </trkpt>
      <trkpt lat="22.5922188721597194671630859375" lon="113.878639675676822662353515625">
        <ele>14.19999980926513671875</ele>
        <time>2026-08-30T23:21:56.000Z</time>
        <extensions>
          <ns3:TrackPointExtension>
            <ns3:hr>145</ns3:hr>
            <ns3:cad>92</ns3:cad>
          </ns3:TrackPointExtension>
        </extensions>
      </trkpt>
      <trkpt lat="22.59223655797541141510009765625" lon="113.87862115167081356048583984375">
        <ele>14.3999996185302734375</ele>
        <time>2026-08-30T23:21:57.000Z</time>
        <extensions>
          <ns3:TrackPointExtension>
            <ns3:hr>145</ns3:hr>
            <ns3:cad>91</ns3:cad>
          </ns3:TrackPointExtension>
        </extensions>
      </trkpt>
      <trkpt lat="22.59225801564753055572509765625" lon="113.87860354967415332794189453125">
        <ele>14.3999996185302734375</ele>
        <time>2026-08-30T23:21:58.000Z</time>
        <extensions>
          <ns3:TrackPointExtension>
            <ns3:hr>145</ns3:hr>
            <ns3:cad>91</ns3:cad>
          </ns3:TrackPointExtension>
        </extensions>
      </trkpt>
      <trkpt lat="22.5922735221683979034423828125" lon="113.8785861991345882415771484375">
        <ele>14.3999996185302734375</ele>
        <time>2026-08-30T23:21:59.000Z</time>
        <extensions>
          <ns3:TrackPointExtension>
            <ns3:hr>145</ns3:hr>
            <ns3:cad>91</ns3:cad>
          </ns3:TrackPointExtension>
        </extensions>
      </trkpt>
      <trkpt lat="22.5922869332134723663330078125" lon="113.87856960296630859375">
        <ele>14.3999996185302734375</ele>
        <time>2026-08-30T23:22:00.000Z</time>
        <extensions>
          <ns3:TrackPointExtension>
            <ns3:hr>145</ns3:hr>
            <ns3:cad>91</ns3:cad>
          </ns3:TrackPointExtension>
        </extensions>
      </trkpt>
      <trkpt lat="22.59229623712599277496337890625" lon="113.87855962850153446197509765625">
        <ele>14.6000003814697265625</ele>
        <time>2026-08-30T23:22:01.000Z</time>
        <extensions>
          <ns3:TrackPointExtension>
            <ns3:hr>145</ns3:hr>
            <ns3:cad>91</ns3:cad>
          </ns3:TrackPointExtension>
        </extensions>
      </trkpt>
      <trkpt lat="22.59261793456971645355224609375" lon="113.87862098403275012969970703125">
        <ele>14.3999996185302734375</ele>
        <time>2026-08-30T23:24:06.000Z</time>
        <extensions>
          <ns3:TrackPointExtension>
            <ns3:hr>87</ns3:hr>
            <ns3:cad>0</ns3:cad>
          </ns3:TrackPointExtension>
        </extensions>
      </trkpt>
      <trkpt lat="22.5926220417022705078125" lon="113.87861679308116436004638671875">
        <ele>14.3999996185302734375</ele>
        <time>2026-08-30T23:24:07.000Z</time>
        <extensions>
          <ns3:TrackPointExtension>
            <ns3:hr>86</ns3:hr>
            <ns3:cad>0</ns3:cad>
          </ns3:TrackPointExtension>
        </extensions>
      </trkpt>
      <trkpt lat="22.5926627777516841888427734375" lon="113.8787038810551166534423828125">
        <ele>14</ele>
        <time>2026-08-30T23:24:12.000Z</time>
        <extensions>
          <ns3:TrackPointExtension>
            <ns3:hr>85</ns3:hr>
            <ns3:cad>91</ns3:cad>
          </ns3:TrackPointExtension>
        </extensions>
      </trkpt>
      <trkpt lat="22.5926761887967586517333984375" lon="113.87872726656496524810791015625">
        <ele>14</ele>
        <time>2026-08-30T23:24:13.000Z</time>
        <extensions>
          <ns3:TrackPointExtension>
            <ns3:hr>86</ns3:hr>
            <ns3:cad>92</ns3:cad>
          </ns3:TrackPointExtension>
        </extensions>
      </trkpt>
      <trkpt lat="22.59268985129892826080322265625" lon="113.8787467963993549346923828125">
        <ele>14</ele>
        <time>2026-08-30T23:24:14.000Z</time>
        <extensions>
          <ns3:TrackPointExtension>
            <ns3:hr>86</ns3:hr>
            <ns3:cad>92</ns3:cad>
          </ns3:TrackPointExtension>
        </extensions>
      </trkpt>
      <trkpt lat="22.5927226245403289794921875" lon="113.87876414693892002105712890625">
        <ele>14</ele>
        <time>2026-08-30T23:24:15.000Z</time>
        <extensions>
          <ns3:TrackPointExtension>
            <ns3:hr>86</ns3:hr>
            <ns3:cad>92</ns3:cad>
          </ns3:TrackPointExtension>
        </extensions>
      </trkpt>
      <trkpt lat="22.59274148382246494293212890625" lon="113.8787759654223918914794921875">
        <ele>14</ele>
        <time>2026-08-30T23:24:16.000Z</time>
        <extensions>
          <ns3:TrackPointExtension>
            <ns3:hr>87</ns3:hr>
            <ns3:cad>92</ns3:cad>
          </ns3:TrackPointExtension>
        </extensions>
      </trkpt>
      <trkpt lat="22.59276486933231353759765625" lon="113.87879583053290843963623046875">
        <ele>14</ele>
        <time>2026-08-30T23:24:17.000Z</time>
        <extensions>
          <ns3:TrackPointExtension>
            <ns3:hr>87</ns3:hr>
            <ns3:cad>92</ns3:cad>
          </ns3:TrackPointExtension>
        </extensions>
      </trkpt>
      <trkpt lat="22.59278171695768833160400390625" lon="113.87879692018032073974609375">
        <ele>14</ele>
        <time>2026-08-30T23:24:18.000Z</time>
        <extensions>
          <ns3:TrackPointExtension>
            <ns3:hr>88</ns3:hr>
            <ns3:cad>93</ns3:cad>
          </ns3:TrackPointExtension>
        </extensions>
      </trkpt>
      <trkpt lat="22.5928035937249660491943359375" lon="113.8787816651165485382080078125">
        <ele>14</ele>
        <time>2026-08-30T23:24:19.000Z</time>
        <extensions>
          <ns3:TrackPointExtension>
            <ns3:hr>88</ns3:hr>
            <ns3:cad>93</ns3:cad>
          </ns3:TrackPointExtension>
        </extensions>
      </trkpt>
      <trkpt lat="22.59281323291361331939697265625" lon="113.8787632249295711517333984375">
        <ele>14</ele>
        <time>2026-08-30T23:24:20.000Z</time>
        <extensions>
          <ns3:TrackPointExtension>
            <ns3:hr>88</ns3:hr>
            <ns3:cad>93</ns3:cad>
          </ns3:TrackPointExtension>
        </extensions>
      </trkpt>
      <trkpt lat="22.592828907072544097900390625" lon="113.8787357322871685028076171875">
        <ele>14</ele>
        <time>2026-08-30T23:24:21.000Z</time>
        <extensions>
          <ns3:TrackPointExtension>
            <ns3:hr>88</ns3:hr>
            <ns3:cad>93</ns3:cad>
          </ns3:TrackPointExtension>
        </extensions>
      </trkpt>
      <trkpt lat="22.5928418152034282684326171875" lon="113.87870513834059238433837890625">
        <ele>14</ele>
        <time>2026-08-30T23:24:22.000Z</time>
        <extensions>
          <ns3:TrackPointExtension>
            <ns3:hr>88</ns3:hr>
            <ns3:cad>92</ns3:cad>
          </ns3:TrackPointExtension>
        </extensions>
      </trkpt>
      <trkpt lat="22.59285732172429561614990234375" lon="113.87867999263107776641845703125">
        <ele>14</ele>
        <time>2026-08-30T23:24:23.000Z</time>
        <extensions>
          <ns3:TrackPointExtension>
            <ns3:hr>88</ns3:hr>
            <ns3:cad>92</ns3:cad>
          </ns3:TrackPointExtension>
        </extensions>
      </trkpt>
      <trkpt lat="22.5928763486444950103759765625" lon="113.87864512391388416290283203125">
        <ele>14</ele>
        <time>2026-08-30T23:24:24.000Z</time>
        <extensions>
          <ns3:TrackPointExtension>
            <ns3:hr>88</ns3:hr>
            <ns3:cad>93</ns3:cad>
          </ns3:TrackPointExtension>
        </extensions>
      </trkpt>
      <trkpt lat="22.59288917295634746551513671875" lon="113.87862391769886016845703125">
        <ele>13.80000019073486328125</ele>
        <time>2026-08-30T23:24:25.000Z</time>
        <extensions>
          <ns3:TrackPointExtension>
            <ns3:hr>89</ns3:hr>
            <ns3:cad>93</ns3:cad>
          </ns3:TrackPointExtension>
        </extensions>
      </trkpt>
      <trkpt lat="22.59291381575167179107666015625" lon="113.87859198264777660369873046875">
        <ele>13.80000019073486328125</ele>
        <time>2026-08-30T23:24:26.000Z</time>
        <extensions>
          <ns3:TrackPointExtension>
            <ns3:hr>90</ns3:hr>
            <ns3:cad>93</ns3:cad>
          </ns3:TrackPointExtension>
        </extensions>
      </trkpt>
      <trkpt lat="22.592928819358348846435546875" lon="113.87856985442340373992919921875">
        <ele>13.80000019073486328125</ele>
        <time>2026-08-30T23:24:27.000Z</time>
        <extensions>
          <ns3:TrackPointExtension>
            <ns3:hr>91</ns3:hr>
            <ns3:cad>92</ns3:cad>
          </ns3:TrackPointExtension>
        </extensions>
      </trkpt>
      <trkpt lat="22.59295723401010036468505859375" lon="113.87854269705712795257568359375">
        <ele>13.80000019073486328125</ele>
        <time>2026-08-30T23:24:28.000Z</time>
        <extensions>
          <ns3:TrackPointExtension>
            <ns3:hr>91</ns3:hr>
            <ns3:cad>92</ns3:cad>
          </ns3:TrackPointExtension>
        </extensions>
      </trkpt>
      <trkpt lat="22.59297332726418972015380859375" lon="113.8785171322524547576904296875">
        <ele>13.80000019073486328125</ele>
        <time>2026-08-30T23:24:29.000Z</time>
        <extensions>
          <ns3:TrackPointExtension>
            <ns3:hr>92</ns3:hr>
            <ns3:cad>92</ns3:cad>
          </ns3:TrackPointExtension>
        </extensions>
      </trkpt>
      <trkpt lat="22.59299528785049915313720703125" lon="113.87849173508584499359130859375">
        <ele>13.80000019073486328125</ele>
        <time>2026-08-30T23:24:30.000Z</time>
        <extensions>
          <ns3:TrackPointExtension>
            <ns3:hr>93</ns3:hr>
            <ns3:cad>93</ns3:cad>
          </ns3:TrackPointExtension>
        </extensions>
      </trkpt>
      <trkpt lat="22.5930151529610157012939453125" lon="113.878464996814727783203125">
        <ele>13.80000019073486328125</ele>
        <time>2026-08-30T23:24:31.000Z</time>
        <extensions>
          <ns3:TrackPointExtension>
            <ns3:hr>94</ns3:hr>
            <ns3:cad>93</ns3:cad>
          </ns3:TrackPointExtension>
        </extensions>
      </trkpt>
      <trkpt lat="22.59303485043346881866455078125" lon="113.8784448802471160888671875">
        <ele>13.80000019073486328125</ele>
        <time>2026-08-30T23:24:32.000Z</time>
        <extensions>
          <ns3:TrackPointExtension>
            <ns3:hr>96</ns3:hr>
            <ns3:cad>94</ns3:cad>
          </ns3:TrackPointExtension>
        </extensions>
      </trkpt>
      <trkpt lat="22.5930597446858882904052734375" lon="113.87841931544244289398193359375">
        <ele>13.80000019073486328125</ele>
        <time>2026-08-30T23:24:33.000Z</time>
        <extensions>
          <ns3:TrackPointExtension>
            <ns3:hr>97</ns3:hr>
            <ns3:cad>94</ns3:cad>
          </ns3:TrackPointExtension>
        </extensions>
      </trkpt>
      <trkpt lat="22.59307810105383396148681640625" lon="113.87839727103710174560546875">
        <ele>13.80000019073486328125</ele>
        <time>2026-08-30T23:24:34.000Z</time>
        <extensions>
          <ns3:TrackPointExtension>
            <ns3:hr>98</ns3:hr>
            <ns3:cad>94</ns3:cad>
          </ns3:TrackPointExtension>
        </extensions>
      </trkpt>
      <trkpt lat="22.593106515705585479736328125" lon="113.87836919166147708892822265625">
        <ele>13.80000019073486328125</ele>
        <time>2026-08-30T23:24:35.000Z</time>
        <extensions>
          <ns3:TrackPointExtension>
            <ns3:hr>99</ns3:hr>
            <ns3:cad>94</ns3:cad>
          </ns3:TrackPointExtension>
        </extensions>
      </trkpt>
      <trkpt lat="22.5931221060454845428466796875" lon="113.878347314894199371337890625">
        <ele>13.80000019073486328125</ele>
        <time>2026-08-30T23:24:36.000Z</time>
        <extensions>
          <ns3:TrackPointExtension>
            <ns3:hr>100</ns3:hr>
            <ns3:cad>94</ns3:cad>
          </ns3:TrackPointExtension>
        </extensions>
      </trkpt>
      <trkpt lat="22.59314834140241146087646484375" lon="113.8783256895840167999267578125">
        <ele>13.6000003814697265625</ele>
        <time>2026-08-30T23:24:37.000Z</time>
        <extensions>
          <ns3:TrackPointExtension>
            <ns3:hr>101</ns3:hr>
            <ns3:cad>94</ns3:cad>
          </ns3:TrackPointExtension>
        </extensions>
      </trkpt>
      <trkpt lat="22.5931660272181034088134765625" lon="113.87830465100705623626708984375">
        <ele>13.6000003814697265625</ele>
        <time>2026-08-30T23:24:38.000Z</time>
        <extensions>
          <ns3:TrackPointExtension>
            <ns3:hr>102</ns3:hr>
            <ns3:cad>94</ns3:cad>
          </ns3:TrackPointExtension>
        </extensions>
      </trkpt>
      <trkpt lat="22.59318924508988857269287109375" lon="113.87828470207750797271728515625">
        <ele>13.6000003814697265625</ele>
        <time>2026-08-30T23:24:39.000Z</time>
        <extensions>
          <ns3:TrackPointExtension>
            <ns3:hr>103</ns3:hr>
            <ns3:cad>94</ns3:cad>
          </ns3:TrackPointExtension>
        </extensions>
      </trkpt>
      <trkpt lat="22.59321145713329315185546875" lon="113.878267519176006317138671875">
        <ele>13.6000003814697265625</ele>
        <time>2026-08-30T23:24:40.000Z</time>
        <extensions>
          <ns3:TrackPointExtension>
            <ns3:hr>104</ns3:hr>
            <ns3:cad>93</ns3:cad>
          </ns3:TrackPointExtension>
        </extensions>
      </trkpt>
      <trkpt lat="22.5932310707867145538330078125" lon="113.87825083918869495391845703125">
        <ele>13.6000003814697265625</ele>
        <time>2026-08-30T23:24:41.000Z</time>
        <extensions>
          <ns3:TrackPointExtension>
            <ns3:hr>104</ns3:hr>
            <ns3:cad>93</ns3:cad>
          </ns3:TrackPointExtension>
        </extensions>
      </trkpt>
      <trkpt lat="22.5932605750858783721923828125" lon="113.878231979906558990478515625">
        <ele>13.6000003814697265625</ele>
        <time>2026-08-30T23:24:42.000Z</time>
        <extensions>
          <ns3:TrackPointExtension>
            <ns3:hr>105</ns3:hr>
            <ns3:cad>93</ns3:cad>
          </ns3:TrackPointExtension>
        </extensions>
      </trkpt>
      <trkpt lat="22.59327859617769718170166015625" lon="113.87821261771023273468017578125">
        <ele>13.6000003814697265625</ele>
        <time>2026-08-30T23:24:43.000Z</time>
        <extensions>
          <ns3:TrackPointExtension>
            <ns3:hr>106</ns3:hr>
            <ns3:cad>95</ns3:cad>
          </ns3:TrackPointExtension>
        </extensions>
      </trkpt>
      <trkpt lat="22.59330759756267070770263671875" lon="113.8781909085810184478759765625">
        <ele>13.6000003814697265625</ele>
        <time>2026-08-30T23:24:44.000Z</time>
        <extensions>
          <ns3:TrackPointExtension>
            <ns3:hr>106</ns3:hr>
            <ns3:cad>95</ns3:cad>
          </ns3:TrackPointExtension>
        </extensions>
      </trkpt>
      <trkpt lat="22.59332888759672641754150390625" lon="113.878169618546962738037109375">
        <ele>13.6000003814697265625</ele>
        <time>2026-08-30T23:24:45.000Z</time>
        <extensions>
          <ns3:TrackPointExtension>
            <ns3:hr>107</ns3:hr>
            <ns3:cad>95</ns3:cad>
          </ns3:TrackPointExtension>
        </extensions>
      </trkpt>
      <trkpt lat="22.59335436858236789703369140625" lon="113.8781466521322727203369140625">
        <ele>13.6000003814697265625</ele>
        <time>2026-08-30T23:24:46.000Z</time>
        <extensions>
          <ns3:TrackPointExtension>
            <ns3:hr>108</ns3:hr>
            <ns3:cad>95</ns3:cad>
          </ns3:TrackPointExtension>
        </extensions>
      </trkpt>
      <trkpt lat="22.59337951429188251495361328125" lon="113.87812058441340923309326171875">
        <ele>13.6000003814697265625</ele>
        <time>2026-08-30T23:24:47.000Z</time>
        <extensions>
          <ns3:TrackPointExtension>
            <ns3:hr>109</ns3:hr>
            <ns3:cad>95</ns3:cad>
          </ns3:TrackPointExtension>
        </extensions>
      </trkpt>
      <trkpt lat="22.593400217592716217041015625" lon="113.87810046784579753875732421875">
        <ele>13.3999996185302734375</ele>
        <time>2026-08-30T23:24:48.000Z</time>
        <extensions>
          <ns3:TrackPointExtension>
            <ns3:hr>110</ns3:hr>
            <ns3:cad>94</ns3:cad>
          </ns3:TrackPointExtension>
        </extensions>
      </trkpt>
      <trkpt lat="22.59342947043478488922119140625" lon="113.87807448394596576690673828125">
        <ele>13.3999996185302734375</ele>
        <time>2026-08-30T23:24:49.000Z</time>
        <extensions>
          <ns3:TrackPointExtension>
            <ns3:hr>110</ns3:hr>
            <ns3:cad>94</ns3:cad>
          </ns3:TrackPointExtension>
        </extensions>
      </trkpt>
      <trkpt lat="22.59344673715531826019287109375" lon="113.8780510984361171722412109375">
        <ele>13.3999996185302734375</ele>
        <time>2026-08-30T23:24:50.000Z</time>
        <extensions>
          <ns3:TrackPointExtension>
            <ns3:hr>111</ns3:hr>
            <ns3:cad>94</ns3:cad>
          </ns3:TrackPointExtension>
        </extensions>
      </trkpt>
      <trkpt lat="22.59347967803478240966796875" lon="113.87802536599338054656982421875">
        <ele>13.3999996185302734375</ele>
        <time>2026-08-30T23:24:51.000Z</time>
        <extensions>
          <ns3:TrackPointExtension>
            <ns3:hr>112</ns3:hr>
            <ns3:cad>94</ns3:cad>
          </ns3:TrackPointExtension>
        </extensions>
      </trkpt>
      <trkpt lat="22.59350222535431385040283203125" lon="113.87800390832126140594482421875">
        <ele>13.3999996185302734375</ele>
        <time>2026-08-30T23:24:52.000Z</time>
        <extensions>
          <ns3:TrackPointExtension>
            <ns3:hr>112</ns3:hr>
            <ns3:cad>94</ns3:cad>
          </ns3:TrackPointExtension>
        </extensions>
      </trkpt>
      <trkpt lat="22.59353072382509708404541015625" lon="113.877983205020427703857421875">
        <ele>13.3999996185302734375</ele>
        <time>2026-08-30T23:24:53.000Z</time>
        <extensions>
          <ns3:TrackPointExtension>
            <ns3:hr>113</ns3:hr>
            <ns3:cad>93</ns3:cad>
          </ns3:TrackPointExtension>
        </extensions>
      </trkpt>
      <trkpt lat="22.59355385787785053253173828125" lon="113.877957724034786224365234375">
        <ele>13.3999996185302734375</ele>
        <time>2026-08-30T23:24:54.000Z</time>
        <extensions>
          <ns3:TrackPointExtension>
            <ns3:hr>113</ns3:hr>
            <ns3:cad>93</ns3:cad>
          </ns3:TrackPointExtension>
        </extensions>
      </trkpt>
      <trkpt lat="22.59358051232993602752685546875" lon="113.8779411278665065765380859375">
        <ele>13.3999996185302734375</ele>
        <time>2026-08-30T23:24:55.000Z</time>
        <extensions>
          <ns3:TrackPointExtension>
            <ns3:hr>114</ns3:hr>
            <ns3:cad>93</ns3:cad>
          </ns3:TrackPointExtension>
        </extensions>
      </trkpt>
      <trkpt lat="22.5936085917055606842041015625" lon="113.87792394496500492095947265625">
        <ele>13.3999996185302734375</ele>
        <time>2026-08-30T23:24:56.000Z</time>
        <extensions>
          <ns3:TrackPointExtension>
            <ns3:hr>114</ns3:hr>
            <ns3:cad>93</ns3:cad>
          </ns3:TrackPointExtension>
        </extensions>
      </trkpt>
      <trkpt lat="22.59362895973026752471923828125" lon="113.87791790999472141265869140625">
        <ele>13.3999996185302734375</ele>
        <time>2026-08-30T23:24:57.000Z</time>
        <extensions>
          <ns3:TrackPointExtension>
            <ns3:hr>115</ns3:hr>
            <ns3:cad>94</ns3:cad>
          </ns3:TrackPointExtension>
        </extensions>
      </trkpt>
      <trkpt lat="22.5936602242290973663330078125" lon="113.8779220171272754669189453125">
        <ele>13.3999996185302734375</ele>
        <time>2026-08-30T23:24:58.000Z</time>
        <extensions>
          <ns3:TrackPointExtension>
            <ns3:hr>115</ns3:hr>
            <ns3:cad>94</ns3:cad>
          </ns3:TrackPointExtension>
        </extensions>
      </trkpt>
      <trkpt lat="22.59368763305246829986572265625" lon="113.87793148867785930633544921875">
        <ele>13.3999996185302734375</ele>
        <time>2026-08-30T23:24:59.000Z</time>
        <extensions>
          <ns3:TrackPointExtension>
            <ns3:hr>116</ns3:hr>
            <ns3:cad>94</ns3:cad>
          </ns3:TrackPointExtension>
        </extensions>
      </trkpt>
      <trkpt lat="22.593719400465488433837890625" lon="113.87794196605682373046875">
        <ele>13.3999996185302734375</ele>
        <time>2026-08-30T23:25:00.000Z</time>
        <extensions>
          <ns3:TrackPointExtension>
            <ns3:hr>117</ns3:hr>
            <ns3:cad>93</ns3:cad>
          </ns3:TrackPointExtension>
        </extensions>
      </trkpt>
      <trkpt lat="22.59374144487082958221435546875" lon="113.87794800102710723876953125">
        <ele>13.6000003814697265625</ele>
        <time>2026-08-30T23:25:01.000Z</time>
        <extensions>
          <ns3:TrackPointExtension>
            <ns3:hr>117</ns3:hr>
            <ns3:cad>93</ns3:cad>
          </ns3:TrackPointExtension>
        </extensions>
      </trkpt>
      <trkpt lat="22.59377229027450084686279296875" lon="113.87796132825314998626708984375">
        <ele>13.6000003814697265625</ele>
        <time>2026-08-30T23:25:02.000Z</time>
        <extensions>
          <ns3:TrackPointExtension>
            <ns3:hr>118</ns3:hr>
            <ns3:cad>94</ns3:cad>
          </ns3:TrackPointExtension>
        </extensions>
      </trkpt>
      <trkpt lat="22.59379710070788860321044921875" lon="113.8779682852327823638916015625">
        <ele>13.6000003814697265625</ele>
        <time>2026-08-30T23:25:03.000Z</time>
        <extensions>
          <ns3:TrackPointExtension>
            <ns3:hr>118</ns3:hr>
            <ns3:cad>94</ns3:cad>
          </ns3:TrackPointExtension>
        </extensions>
      </trkpt>
      <trkpt lat="22.593820653855800628662109375" lon="113.8779786787927150726318359375">
        <ele>13.80000019073486328125</ele>
        <time>2026-08-30T23:25:04.000Z</time>
        <extensions>
          <ns3:TrackPointExtension>
            <ns3:hr>119</ns3:hr>
            <ns3:cad>92</ns3:cad>
          </ns3:TrackPointExtension>
        </extensions>
      </trkpt>
      <trkpt lat="22.5938449613749980926513671875" lon="113.87798362411558628082275390625">
        <ele>13.80000019073486328125</ele>
        <time>2026-08-30T23:25:05.000Z</time>
        <extensions>
          <ns3:TrackPointExtension>
            <ns3:hr>119</ns3:hr>
            <ns3:cad>92</ns3:cad>
          </ns3:TrackPointExtension>
        </extensions>
      </trkpt>
      <trkpt lat="22.5938707776367664337158203125" lon="113.87799049727618694305419921875">
        <ele>13.80000019073486328125</ele>
        <time>2026-08-30T23:25:06.000Z</time>
        <extensions>
          <ns3:TrackPointExtension>
            <ns3:hr>120</ns3:hr>
            <ns3:cad>92</ns3:cad>
          </ns3:TrackPointExtension>
        </extensions>
      </trkpt>
      <trkpt lat="22.59389852173626422882080078125" lon="113.87800005264580249786376953125">
        <ele>13.80000019073486328125</ele>
        <time>2026-08-30T23:25:07.000Z</time>
        <extensions>
          <ns3:TrackPointExtension>
            <ns3:hr>120</ns3:hr>
            <ns3:cad>92</ns3:cad>
          </ns3:TrackPointExtension>
        </extensions>
      </trkpt>
      <trkpt lat="22.59392517618834972381591796875" lon="113.8780125416815280914306640625">
        <ele>13.80000019073486328125</ele>
        <time>2026-08-30T23:25:08.000Z</time>
        <extensions>
          <ns3:TrackPointExtension>
            <ns3:hr>121</ns3:hr>
            <ns3:cad>92</ns3:cad>
          </ns3:TrackPointExtension>
        </extensions>
      </trkpt>
      <trkpt lat="22.59395778179168701171875" lon="113.87802444398403167724609375">
        <ele>13.80000019073486328125</ele>
        <time>2026-08-30T23:25:09.000Z</time>
        <extensions>
          <ns3:TrackPointExtension>
            <ns3:hr>121</ns3:hr>
            <ns3:cad>94</ns3:cad>
          </ns3:TrackPointExtension>
        </extensions>
      </trkpt>
      <trkpt lat="22.593980915844440460205078125" lon="113.87803777121007442474365234375">
        <ele>13.80000019073486328125</ele>
        <time>2026-08-30T23:25:10.000Z</time>
        <extensions>
          <ns3:TrackPointExtension>
            <ns3:hr>121</ns3:hr>
            <ns3:cad>94</ns3:cad>
          </ns3:TrackPointExtension>
        </extensions>
      </trkpt>
      <trkpt lat="22.5940172933042049407958984375" lon="113.87804145924746990203857421875">
        <ele>13.80000019073486328125</ele>
        <time>2026-08-30T23:25:11.000Z</time>
        <extensions>
          <ns3:TrackPointExtension>
            <ns3:hr>122</ns3:hr>
            <ns3:cad>94</ns3:cad>
          </ns3:TrackPointExtension>
        </extensions>
      </trkpt>
      <trkpt lat="22.594045959413051605224609375" lon="113.8780474103987216949462890625">
        <ele>13.80000019073486328125</ele>
        <time>2026-08-30T23:25:12.000Z</time>
        <extensions>
          <ns3:TrackPointExtension>
            <ns3:hr>122</ns3:hr>
            <ns3:cad>93</ns3:cad>
          </ns3:TrackPointExtension>
        </extensions>
      </trkpt>
      <trkpt lat="22.5940776430070400238037109375" lon="113.87805528938770294189453125">
        <ele>13.80000019073486328125</ele>
        <time>2026-08-30T23:25:13.000Z</time>
        <extensions>
          <ns3:TrackPointExtension>
            <ns3:hr>123</ns3:hr>
            <ns3:cad>93</ns3:cad>
          </ns3:TrackPointExtension>
        </extensions>
      </trkpt>
      <trkpt lat="22.59411125443875789642333984375" lon="113.8780586421489715576171875">
        <ele>13.80000019073486328125</ele>
        <time>2026-08-30T23:25:14.000Z</time>
        <extensions>
          <ns3:TrackPointExtension>
            <ns3:hr>123</ns3:hr>
            <ns3:cad>94</ns3:cad>
          </ns3:TrackPointExtension>
        </extensions>
      </trkpt>
      <trkpt lat="22.59413941763341426849365234375" lon="113.8780653476715087890625">
        <ele>13.80000019073486328125</ele>
        <time>2026-08-30T23:25:15.000Z</time>
        <extensions>
          <ns3:TrackPointExtension>
            <ns3:hr>123</ns3:hr>
            <ns3:cad>94</ns3:cad>
          </ns3:TrackPointExtension>
        </extensions>
      </trkpt>
      <trkpt lat="22.59417797438800334930419921875" lon="113.8780628331005573272705078125">
        <ele>13.80000019073486328125</ele>
        <time>2026-08-30T23:25:16.000Z</time>
        <extensions>
          <ns3:TrackPointExtension>
            <ns3:hr>124</ns3:hr>
            <ns3:cad>94</ns3:cad>
          </ns3:TrackPointExtension>
        </extensions>
      </trkpt>
      <trkpt lat="22.59420731104910373687744140625" lon="113.878062665462493896484375">
        <ele>14</ele>
        <time>2026-08-30T23:25:17.000Z</time>
        <extensions>
          <ns3:TrackPointExtension>
            <ns3:hr>124</ns3:hr>
            <ns3:cad>94</ns3:cad>
          </ns3:TrackPointExtension>
        </extensions>
      </trkpt>
      <trkpt lat="22.5942496396601200103759765625" lon="113.87805839069187641143798828125">
        <ele>14</ele>
        <time>2026-08-30T23:25:18.000Z</time>
        <extensions>
          <ns3:TrackPointExtension>
            <ns3:hr>125</ns3:hr>
            <ns3:cad>94</ns3:cad>
          </ns3:TrackPointExtension>
        </extensions>
      </trkpt>
      <trkpt lat="22.59428107179701328277587890625" lon="113.87805436737835407257080078125">
        <ele>14</ele>
        <time>2026-08-30T23:25:19.000Z</time>
        <extensions>
          <ns3:TrackPointExtension>
            <ns3:hr>125</ns3:hr>
            <ns3:cad>94</ns3:cad>
          </ns3:TrackPointExtension>
        </extensions>
      </trkpt>
      <trkpt lat="22.594320215284824371337890625" lon="113.8780517689883708953857421875">
        <ele>14</ele>
        <time>2026-08-30T23:25:20.000Z</time>
        <extensions>
          <ns3:TrackPointExtension>
            <ns3:hr>125</ns3:hr>
            <ns3:cad>94</ns3:cad>
          </ns3:TrackPointExtension>
        </extensions>
      </trkpt>
      <trkpt lat="22.59435634128749370574951171875" lon="113.87804699130356311798095703125">
        <ele>14</ele>
        <time>2026-08-30T23:25:21.000Z</time>
        <extensions>
          <ns3:TrackPointExtension>
            <ns3:hr>126</ns3:hr>
            <ns3:cad>94</ns3:cad>
          </ns3:TrackPointExtension>
        </extensions>
      </trkpt>
      <trkpt lat="22.59439540095627307891845703125" lon="113.8780514337122440338134765625">
        <ele>13.80000019073486328125</ele>
        <time>2026-08-30T23:25:22.000Z</time>
        <extensions>
          <ns3:TrackPointExtension>
            <ns3:hr>126</ns3:hr>
            <ns3:cad>94</ns3:cad>
          </ns3:TrackPointExtension>
        </extensions>
      </trkpt>
      <trkpt lat="22.594435550272464752197265625" lon="113.8780532777309417724609375">
        <ele>13.80000019073486328125</ele>
        <time>2026-08-30T23:25:23.000Z</time>
        <extensions>
          <ns3:TrackPointExtension>
            <ns3:hr>127</ns3:hr>
            <ns3:cad>94</ns3:cad>
          </ns3:TrackPointExtension>
        </extensions>
      </trkpt>
      <trkpt lat="22.594465054571628570556640625" lon="113.87804967351257801055908203125">
        <ele>13.80000019073486328125</ele>
        <time>2026-08-30T23:25:24.000Z</time>
        <extensions>
          <ns3:TrackPointExtension>
            <ns3:hr>127</ns3:hr>
            <ns3:cad>94</ns3:cad>
          </ns3:TrackPointExtension>
        </extensions>
      </trkpt>
      <trkpt lat="22.59450771845877170562744140625" lon="113.8780452311038970947265625">
        <ele>13.80000019073486328125</ele>
        <time>2026-08-30T23:25:25.000Z</time>
        <extensions>
          <ns3:TrackPointExtension>
            <ns3:hr>128</ns3:hr>
            <ns3:cad>94</ns3:cad>
          </ns3:TrackPointExtension>
        </extensions>
      </trkpt>
      <trkpt lat="22.59454057551920413970947265625" lon="113.878036849200725555419921875">
        <ele>13.80000019073486328125</ele>
        <time>2026-08-30T23:25:26.000Z</time>
        <extensions>
          <ns3:TrackPointExtension>
            <ns3:hr>128</ns3:hr>
            <ns3:cad>94</ns3:cad>
          </ns3:TrackPointExtension>
        </extensions>
      </trkpt>
      <trkpt lat="22.594577036798000335693359375" lon="113.87803249061107635498046875">
        <ele>13.80000019073486328125</ele>
        <time>2026-08-30T23:25:27.000Z</time>
        <extensions>
          <ns3:TrackPointExtension>
            <ns3:hr>129</ns3:hr>
            <ns3:cad>94</ns3:cad>
          </ns3:TrackPointExtension>
        </extensions>
      </trkpt>
      <trkpt lat="22.5946073792874813079833984375" lon="113.87802176177501678466796875">
        <ele>13.80000019073486328125</ele>
        <time>2026-08-30T23:25:28.000Z</time>
        <extensions>
          <ns3:TrackPointExtension>
            <ns3:hr>130</ns3:hr>
            <ns3:cad>94</ns3:cad>
          </ns3:TrackPointExtension>
        </extensions>
      </trkpt>
      <trkpt lat="22.5946355424821376800537109375" lon="113.8780152238905429840087890625">
        <ele>14</ele>
        <time>2026-08-30T23:25:29.000Z</time>
        <extensions>
          <ns3:TrackPointExtension>
            <ns3:hr>131</ns3:hr>
            <ns3:cad>94</ns3:cad>
          </ns3:TrackPointExtension>
        </extensions>
      </trkpt>
      <trkpt lat="22.594664208590984344482421875" lon="113.8780075125396251678466796875">
        <ele>14</ele>
        <time>2026-08-30T23:25:30.000Z</time>
        <extensions>
          <ns3:TrackPointExtension>
            <ns3:hr>131</ns3:hr>
            <ns3:cad>93</ns3:cad>
          </ns3:TrackPointExtension>
        </extensions>
      </trkpt>
      <trkpt lat="22.5946875102818012237548828125" lon="113.87799837626516819000244140625">
        <ele>14.19999980926513671875</ele>
        <time>2026-08-30T23:25:31.000Z</time>
        <extensions>
          <ns3:TrackPointExtension>
            <ns3:hr>132</ns3:hr>
            <ns3:cad>93</ns3:cad>
          </ns3:TrackPointExtension>
        </extensions>
      </trkpt>
      <trkpt lat="22.59472548030316829681396484375" lon="113.87799351476132869720458984375">
        <ele>14.3999996185302734375</ele>
        <time>2026-08-30T23:25:32.000Z</time>
        <extensions>
          <ns3:TrackPointExtension>
            <ns3:hr>132</ns3:hr>
            <ns3:cad>93</ns3:cad>
          </ns3:TrackPointExtension>
        </extensions>
      </trkpt>
      <trkpt lat="22.5947522185742855072021484375" lon="113.8779853843152523040771484375">
        <ele>14.3999996185302734375</ele>
        <time>2026-08-30T23:25:33.000Z</time>
        <extensions>
          <ns3:TrackPointExtension>
            <ns3:hr>132</ns3:hr>
            <ns3:cad>93</ns3:cad>
          </ns3:TrackPointExtension>
        </extensions>
      </trkpt>
      <trkpt lat="22.594791948795318603515625" lon="113.87797792442142963409423828125">
        <ele>14.6000003814697265625</ele>
        <time>2026-08-30T23:25:34.000Z</time>
        <extensions>
          <ns3:TrackPointExtension>
            <ns3:hr>133</ns3:hr>
            <ns3:cad>94</ns3:cad>
          </ns3:TrackPointExtension>
        </extensions>
      </trkpt>
      <trkpt lat="22.59482220746576786041259765625" lon="113.877970464527606964111328125">
        <ele>14.3999996185302734375</ele>
        <time>2026-08-30T23:25:35.000Z</time>
        <extensions>
          <ns3:TrackPointExtension>
            <ns3:hr>133</ns3:hr>
            <ns3:cad>94</ns3:cad>
          </ns3:TrackPointExtension>
        </extensions>
      </trkpt>
      <trkpt lat="22.5948536396026611328125" lon="113.877966105937957763671875">
        <ele>14.6000003814697265625</ele>
        <time>2026-08-30T23:25:36.000Z</time>
        <extensions>
          <ns3:TrackPointExtension>
            <ns3:hr>133</ns3:hr>
            <ns3:cad>93</ns3:cad>
          </ns3:TrackPointExtension>
        </extensions>
      </trkpt>
      <trkpt lat="22.5948890112340450286865234375" lon="113.877955712378025054931640625">
        <ele>14.6000003814697265625</ele>
        <time>2026-08-30T23:25:37.000Z</time>
        <extensions>
          <ns3:TrackPointExtension>
            <ns3:hr>133</ns3:hr>
            <ns3:cad>93</ns3:cad>
          </ns3:TrackPointExtension>
        </extensions>
      </trkpt>
      <trkpt lat="22.59491574950516223907470703125" lon="113.87794925831258296966552734375">
        <ele>14.6000003814697265625</ele>
        <time>2026-08-30T23:25:38.000Z</time>
        <extensions>
          <ns3:TrackPointExtension>
            <ns3:hr>134</ns3:hr>
            <ns3:cad>93</ns3:cad>
          </ns3:TrackPointExtension>
        </extensions>
      </trkpt>
      <trkpt lat="22.594956569373607635498046875" lon="113.8779411278665065765380859375">
        <ele>14.6000003814697265625</ele>
        <time>2026-08-30T23:25:39.000Z</time>
        <extensions>
          <ns3:TrackPointExtension>
            <ns3:hr>134</ns3:hr>
            <ns3:cad>94</ns3:cad>
          </ns3:TrackPointExtension>
        </extensions>
      </trkpt>
      <trkpt lat="22.594986744225025177001953125" lon="113.87793031521141529083251953125">
        <ele>14.6000003814697265625</ele>
        <time>2026-08-30T23:25:40.000Z</time>
        <extensions>
          <ns3:TrackPointExtension>
            <ns3:hr>135</ns3:hr>
            <ns3:cad>95</ns3:cad>
          </ns3:TrackPointExtension>
        </extensions>
      </trkpt>
      <trkpt lat="22.5950224511325359344482421875" lon="113.8779300637543201446533203125">
        <ele>14.6000003814697265625</ele>
        <time>2026-08-30T23:25:41.000Z</time>
        <extensions>
          <ns3:TrackPointExtension>
            <ns3:hr>135</ns3:hr>
            <ns3:cad>95</ns3:cad>
          </ns3:TrackPointExtension>
        </extensions>
      </trkpt>
      <trkpt lat="22.595053799450397491455078125" lon="113.87792386114597320556640625">
        <ele>14.6000003814697265625</ele>
        <time>2026-08-30T23:25:42.000Z</time>
        <extensions>
          <ns3:TrackPointExtension>
            <ns3:hr>136</ns3:hr>
            <ns3:cad>95</ns3:cad>
          </ns3:TrackPointExtension>
        </extensions>
      </trkpt>
      <trkpt lat="22.59508095681667327880859375" lon="113.87791438959538936614990234375">
        <ele>14.6000003814697265625</ele>
        <time>2026-08-30T23:25:43.000Z</time>
        <extensions>
          <ns3:TrackPointExtension>
            <ns3:hr>136</ns3:hr>
            <ns3:cad>95</ns3:cad>
          </ns3:TrackPointExtension>
        </extensions>
      </trkpt>
      <trkpt lat="22.5951206870377063751220703125" lon="113.87790776789188385009765625">
        <ele>14.6000003814697265625</ele>
        <time>2026-08-30T23:25:44.000Z</time>
        <extensions>
          <ns3:TrackPointExtension>
            <ns3:hr>137</ns3:hr>
            <ns3:cad>94</ns3:cad>
          </ns3:TrackPointExtension>
        </extensions>
      </trkpt>
      <trkpt lat="22.5951500236988067626953125" lon="113.8779022358357906341552734375">
        <ele>14.6000003814697265625</ele>
        <time>2026-08-30T23:25:45.000Z</time>
        <extensions>
          <ns3:TrackPointExtension>
            <ns3:hr>137</ns3:hr>
            <ns3:cad>94</ns3:cad>
          </ns3:TrackPointExtension>
        </extensions>
      </trkpt>
      <trkpt lat="22.595192603766918182373046875" lon="113.87788857333362102508544921875">
        <ele>14.6000003814697265625</ele>
        <time>2026-08-30T23:25:46.000Z</time>
        <extensions>
          <ns3:TrackPointExtension>
            <ns3:hr>138</ns3:hr>
            <ns3:cad>95</ns3:cad>
          </ns3:TrackPointExtension>
        </extensions>
      </trkpt>
      <trkpt lat="22.59521950967609882354736328125" lon="113.8778804428875446319580078125">
        <ele>14.6000003814697265625</ele>
        <time>2026-08-30T23:25:47.000Z</time>
        <extensions>
          <ns3:TrackPointExtension>
            <ns3:hr>138</ns3:hr>
            <ns3:cad>95</ns3:cad>
          </ns3:TrackPointExtension>
        </extensions>
      </trkpt>
      <trkpt lat="22.5952537916600704193115234375" lon="113.877883963286876678466796875">
        <ele>14.6000003814697265625</ele>
        <time>2026-08-30T23:25:48.000Z</time>
        <extensions>
          <ns3:TrackPointExtension>
            <ns3:hr>139</ns3:hr>
            <ns3:cad>95</ns3:cad>
          </ns3:TrackPointExtension>
        </extensions>
      </trkpt>
      <trkpt lat="22.59528639726340770721435546875" lon="113.8778734020888805389404296875">
        <ele>14.6000003814697265625</ele>
        <time>2026-08-30T23:25:49.000Z</time>
        <extensions>
          <ns3:TrackPointExtension>
            <ns3:hr>140</ns3:hr>
            <ns3:cad>95</ns3:cad>
          </ns3:TrackPointExtension>
        </extensions>
      </trkpt>
      <trkpt lat="22.5953097827732563018798828125" lon="113.8778697140514850616455078125">
        <ele>14.6000003814697265625</ele>
        <time>2026-08-30T23:25:50.000Z</time>
        <extensions>
          <ns3:TrackPointExtension>
            <ns3:hr>140</ns3:hr>
            <ns3:cad>94</ns3:cad>
          </ns3:TrackPointExtension>
        </extensions>
      </trkpt>
      <trkpt lat="22.59534641169011592864990234375" lon="113.8778673671185970306396484375">
        <ele>14.6000003814697265625</ele>
        <time>2026-08-30T23:25:51.000Z</time>
        <extensions>
          <ns3:TrackPointExtension>
            <ns3:hr>140</ns3:hr>
            <ns3:cad>94</ns3:cad>
          </ns3:TrackPointExtension>
        </extensions>
      </trkpt>
      <trkpt lat="22.59537122212350368499755859375" lon="113.87786158360540866851806640625">
        <ele>14.6000003814697265625</ele>
        <time>2026-08-30T23:25:52.000Z</time>
        <extensions>
          <ns3:TrackPointExtension>
            <ns3:hr>141</ns3:hr>
            <ns3:cad>94</ns3:cad>
          </ns3:TrackPointExtension>
        </extensions>
      </trkpt>
      <trkpt lat="22.5954133830964565277099609375" lon="113.87786887586116790771484375">
        <ele>14.6000003814697265625</ele>
        <time>2026-08-30T23:25:53.000Z</time>
        <extensions>
          <ns3:TrackPointExtension>
            <ns3:hr>141</ns3:hr>
            <ns3:cad>94</ns3:cad>
          </ns3:TrackPointExtension>
        </extensions>
      </trkpt>
      <trkpt lat="22.59544129483401775360107421875" lon="113.87786258943378925323486328125">
        <ele>14.6000003814697265625</ele>
        <time>2026-08-30T23:25:54.000Z</time>
        <extensions>
          <ns3:TrackPointExtension>
            <ns3:hr>141</ns3:hr>
            <ns3:cad>95</ns3:cad>
          </ns3:TrackPointExtension>
        </extensions>
      </trkpt>
      <trkpt lat="22.59547163732349872589111328125" lon="113.8778643496334552764892578125">
        <ele>14.80000019073486328125</ele>
        <time>2026-08-30T23:25:55.000Z</time>
        <extensions>
          <ns3:TrackPointExtension>
            <ns3:hr>141</ns3:hr>
            <ns3:cad>95</ns3:cad>
          </ns3:TrackPointExtension>
        </extensions>
      </trkpt>
      <trkpt lat="22.5954965315759181976318359375" lon="113.87785236351191997528076171875">
        <ele>15</ele>
        <time>2026-08-30T23:25:56.000Z</time>
        <extensions>
          <ns3:TrackPointExtension>
            <ns3:hr>141</ns3:hr>
            <ns3:cad>94</ns3:cad>
          </ns3:TrackPointExtension>
        </extensions>
      </trkpt>
      <trkpt lat="22.595529220998287200927734375" lon="113.8778418861329555511474609375">
        <ele>15.19999980926513671875</ele>
        <time>2026-08-30T23:25:57.000Z</time>
        <extensions>
          <ns3:TrackPointExtension>
            <ns3:hr>141</ns3:hr>
            <ns3:cad>94</ns3:cad>
          </ns3:TrackPointExtension>
        </extensions>
      </trkpt>
      <trkpt lat="22.5955575518310070037841796875" lon="113.87783132493495941162109375">
        <ele>15.19999980926513671875</ele>
        <time>2026-08-30T23:25:58.000Z</time>
        <extensions>
          <ns3:TrackPointExtension>
            <ns3:hr>142</ns3:hr>
            <ns3:cad>94</ns3:cad>
          </ns3:TrackPointExtension>
        </extensions>
      </trkpt>
      <trkpt lat="22.59558898396790027618408203125" lon="113.87782252393662929534912109375">
        <ele>15.3999996185302734375</ele>
        <time>2026-08-30T23:25:59.000Z</time>
        <extensions>
          <ns3:TrackPointExtension>
            <ns3:hr>142</ns3:hr>
            <ns3:cad>94</ns3:cad>
          </ns3:TrackPointExtension>
        </extensions>
      </trkpt>
      <trkpt lat="22.5956222601234912872314453125" lon="113.87781464494764804840087890625">
        <ele>15.3999996185302734375</ele>
        <time>2026-08-30T23:26:00.000Z</time>
        <extensions>
          <ns3:TrackPointExtension>
            <ns3:hr>142</ns3:hr>
            <ns3:cad>94</ns3:cad>
          </ns3:TrackPointExtension>
        </extensions>
      </trkpt>
      <trkpt lat="22.59565285407006740570068359375" lon="113.8778056763112545013427734375">
        <ele>15.3999996185302734375</ele>
        <time>2026-08-30T23:26:01.000Z</time>
        <extensions>
          <ns3:TrackPointExtension>
            <ns3:hr>142</ns3:hr>
            <ns3:cad>94</ns3:cad>
          </ns3:TrackPointExtension>
        </extensions>
      </trkpt>
      <trkpt lat="22.595682442188262939453125" lon="113.87779377400875091552734375">
        <ele>15.3999996185302734375</ele>
        <time>2026-08-30T23:26:02.000Z</time>
        <extensions>
          <ns3:TrackPointExtension>
            <ns3:hr>142</ns3:hr>
            <ns3:cad>94</ns3:cad>
          </ns3:TrackPointExtension>
        </extensions>
      </trkpt>
      <trkpt lat="22.59572141803801059722900390625" lon="113.87778698466718196868896484375">
        <ele>15.3999996185302734375</ele>
        <time>2026-08-30T23:26:03.000Z</time>
        <extensions>
          <ns3:TrackPointExtension>
            <ns3:hr>143</ns3:hr>
            <ns3:cad>94</ns3:cad>
          </ns3:TrackPointExtension>
        </extensions>
      </trkpt>
      <trkpt lat="22.5957617349922657012939453125" lon="113.87778036296367645263671875">
        <ele>15.19999980926513671875</ele>
        <time>2026-08-30T23:26:04.000Z</time>
        <extensions>
          <ns3:TrackPointExtension>
            <ns3:hr>144</ns3:hr>
            <ns3:cad>94</ns3:cad>
          </ns3:TrackPointExtension>
        </extensions>
      </trkpt>
      <trkpt lat="22.59579048492014408111572265625" lon="113.87777709402143955230712890625">
        <ele>15.19999980926513671875</ele>
        <time>2026-08-30T23:26:05.000Z</time>
        <extensions>
          <ns3:TrackPointExtension>
            <ns3:hr>144</ns3:hr>
            <ns3:cad>94</ns3:cad>
          </ns3:TrackPointExtension>
        </extensions>
      </trkpt>
      <trkpt lat="22.5958286225795745849609375" lon="113.8777791894972324371337890625">
        <ele>15</ele>
        <time>2026-08-30T23:26:06.000Z</time>
        <extensions>
          <ns3:TrackPointExtension>
            <ns3:hr>145</ns3:hr>
            <ns3:cad>94</ns3:cad>
          </ns3:TrackPointExtension>
        </extensions>
      </trkpt>
      <trkpt lat="22.59585569612681865692138671875" lon="113.87777709402143955230712890625">
        <ele>14.80000019073486328125</ele>
        <time>2026-08-30T23:26:07.000Z</time>
        <extensions>
          <ns3:TrackPointExtension>
            <ns3:hr>145</ns3:hr>
            <ns3:cad>94</ns3:cad>
          </ns3:TrackPointExtension>
        </extensions>
      </trkpt>
      <trkpt lat="22.5958884693682193756103515625" lon="113.87778413482010364532470703125">
        <ele>14.80000019073486328125</ele>
        <time>2026-08-30T23:26:08.000Z</time>
        <extensions>
          <ns3:TrackPointExtension>
            <ns3:hr>145</ns3:hr>
            <ns3:cad>94</ns3:cad>
          </ns3:TrackPointExtension>
        </extensions>
      </trkpt>
      <trkpt lat="22.59591688401997089385986328125" lon="113.8777838833630084991455078125">
        <ele>14.80000019073486328125</ele>
        <time>2026-08-30T23:26:09.000Z</time>
        <extensions>
          <ns3:TrackPointExtension>
            <ns3:hr>145</ns3:hr>
            <ns3:cad>94</ns3:cad>
          </ns3:TrackPointExtension>
        </extensions>
      </trkpt>
      <trkpt lat="22.59594957344233989715576171875" lon="113.87778396718204021453857421875">
        <ele>14.80000019073486328125</ele>
        <time>2026-08-30T23:26:10.000Z</time>
        <extensions>
          <ns3:TrackPointExtension>
            <ns3:hr>146</ns3:hr>
            <ns3:cad>94</ns3:cad>
          </ns3:TrackPointExtension>
        </extensions>
      </trkpt>
      <trkpt lat="22.5959860347211360931396484375" lon="113.87778664939105510711669921875">
        <ele>14.80000019073486328125</ele>
        <time>2026-08-30T23:26:11.000Z</time>
        <extensions>
          <ns3:TrackPointExtension>
            <ns3:hr>146</ns3:hr>
            <ns3:cad>94</ns3:cad>
          </ns3:TrackPointExtension>
        </extensions>
      </trkpt>
      <trkpt lat="22.59600975550711154937744140625" lon="113.87779151089489459991455078125">
        <ele>14.80000019073486328125</ele>
        <time>2026-08-30T23:26:12.000Z</time>
        <extensions>
          <ns3:TrackPointExtension>
            <ns3:hr>146</ns3:hr>
            <ns3:cad>94</ns3:cad>
          </ns3:TrackPointExtension>
        </extensions>
      </trkpt>
      <trkpt lat="22.59605132974684238433837890625" lon="113.87779721058905124664306640625">
        <ele>14.80000019073486328125</ele>
        <time>2026-08-30T23:26:13.000Z</time>
        <extensions>
          <ns3:TrackPointExtension>
            <ns3:hr>146</ns3:hr>
            <ns3:cad>95</ns3:cad>
          </ns3:TrackPointExtension>
        </extensions>
      </trkpt>
      <trkpt lat="22.59607899002730846405029296875" lon="113.8778009824454784393310546875">
        <ele>15</ele>
        <time>2026-08-30T23:26:14.000Z</time>
        <extensions>
          <ns3:TrackPointExtension>
            <ns3:hr>146</ns3:hr>
            <ns3:cad>95</ns3:cad>
          </ns3:TrackPointExtension>
        </extensions>
      </trkpt>
      <trkpt lat="22.59611754678189754486083984375" lon="113.87781112454831600189208984375">
        <ele>14.80000019073486328125</ele>
        <time>2026-08-30T23:26:15.000Z</time>
        <extensions>
          <ns3:TrackPointExtension>
            <ns3:hr>146</ns3:hr>
            <ns3:cad>94</ns3:cad>
          </ns3:TrackPointExtension>
        </extensions>
      </trkpt>
      <trkpt lat="22.596151493489742279052734375" lon="113.87781967408955097198486328125">
        <ele>14.80000019073486328125</ele>
        <time>2026-08-30T23:26:16.000Z</time>
        <extensions>
          <ns3:TrackPointExtension>
            <ns3:hr>146</ns3:hr>
            <ns3:cad>94</ns3:cad>
          </ns3:TrackPointExtension>
        </extensions>
      </trkpt>
      <trkpt lat="22.59618376381695270538330078125" lon="113.87782889418303966522216796875">
        <ele>14.80000019073486328125</ele>
        <time>2026-08-30T23:26:17.000Z</time>
        <extensions>
          <ns3:TrackPointExtension>
            <ns3:hr>146</ns3:hr>
            <ns3:cad>94</ns3:cad>
          </ns3:TrackPointExtension>
        </extensions>
      </trkpt>
      <trkpt lat="22.596220560371875762939453125" lon="113.8778408803045749664306640625">
        <ele>14.80000019073486328125</ele>
        <time>2026-08-30T23:26:18.000Z</time>
        <extensions>
          <ns3:TrackPointExtension>
            <ns3:hr>146</ns3:hr>
            <ns3:cad>95</ns3:cad>
          </ns3:TrackPointExtension>
        </extensions>
      </trkpt>
      <trkpt lat="22.5962452031672000885009765625" lon="113.8778479211032390594482421875">
        <ele>14.80000019073486328125</ele>
        <time>2026-08-30T23:26:19.000Z</time>
        <extensions>
          <ns3:TrackPointExtension>
            <ns3:hr>147</ns3:hr>
            <ns3:cad>95</ns3:cad>
          </ns3:TrackPointExtension>
        </extensions>
      </trkpt>
      <trkpt lat="22.59628099389374256134033203125" lon="113.8778596557676792144775390625">
        <ele>14.80000019073486328125</ele>
        <time>2026-08-30T23:26:20.000Z</time>
        <extensions>
          <ns3:TrackPointExtension>
            <ns3:hr>147</ns3:hr>
            <ns3:cad>94</ns3:cad>
          </ns3:TrackPointExtension>
        </extensions>
      </trkpt>
      <trkpt lat="22.59630940854549407958984375" lon="113.87786510400474071502685546875">
        <ele>15</ele>
        <time>2026-08-30T23:26:21.000Z</time>
        <extensions>
          <ns3:TrackPointExtension>
            <ns3:hr>148</ns3:hr>
            <ns3:cad>94</ns3:cad>
          </ns3:TrackPointExtension>
        </extensions>
      </trkpt>
      <trkpt lat="22.5963434390723705291748046875" lon="113.87788295745849609375">
        <ele>15</ele>
        <time>2026-08-30T23:26:22.000Z</time>
        <extensions>
          <ns3:TrackPointExtension>
            <ns3:hr>149</ns3:hr>
            <ns3:cad>94</ns3:cad>
          </ns3:TrackPointExtension>
        </extensions>
      </trkpt>
      <trkpt lat="22.59637503884732723236083984375" lon="113.87789661996066570281982421875">
        <ele>15</ele>
        <time>2026-08-30T23:26:23.000Z</time>
        <extensions>
          <ns3:TrackPointExtension>
            <ns3:hr>149</ns3:hr>
            <ns3:cad>94</ns3:cad>
          </ns3:TrackPointExtension>
        </extensions>
      </trkpt>
      <trkpt lat="22.5963994301855564117431640625" lon="113.87791573069989681243896484375">
        <ele>15</ele>
        <time>2026-08-30T23:26:24.000Z</time>
        <extensions>
          <ns3:TrackPointExtension>
            <ns3:hr>149</ns3:hr>
            <ns3:cad>94</ns3:cad>
          </ns3:TrackPointExtension>
        </extensions>
      </trkpt>
      <trkpt lat="22.59643337689340114593505859375" lon="113.87793484143912792205810546875">
        <ele>15</ele>
        <time>2026-08-30T23:26:25.000Z</time>
        <extensions>
          <ns3:TrackPointExtension>
            <ns3:hr>149</ns3:hr>
            <ns3:cad>94</ns3:cad>
          </ns3:TrackPointExtension>
        </extensions>
      </trkpt>
      <trkpt lat="22.59645760059356689453125" lon="113.877944312989711761474609375">
        <ele>15</ele>
        <time>2026-08-30T23:26:26.000Z</time>
        <extensions>
          <ns3:TrackPointExtension>
            <ns3:hr>149</ns3:hr>
            <ns3:cad>94</ns3:cad>
          </ns3:TrackPointExtension>
        </extensions>
      </trkpt>
      <trkpt lat="22.59648903273046016693115234375" lon="113.87796468101441860198974609375">
        <ele>15</ele>
        <time>2026-08-30T23:26:27.000Z</time>
        <extensions>
          <ns3:TrackPointExtension>
            <ns3:hr>150</ns3:hr>
            <ns3:cad>94</ns3:cad>
          </ns3:TrackPointExtension>
        </extensions>
      </trkpt>
      <trkpt lat="22.59651702828705310821533203125" lon="113.87797457166016101837158203125">
        <ele>15</ele>
        <time>2026-08-30T23:26:28.000Z</time>
        <extensions>
          <ns3:TrackPointExtension>
            <ns3:hr>150</ns3:hr>
            <ns3:cad>94</ns3:cad>
          </ns3:TrackPointExtension>
        </extensions>
      </trkpt>
      <trkpt lat="22.5965439341962337493896484375" lon="113.87799167074263095855712890625">
        <ele>15</ele>
        <time>2026-08-30T23:26:29.000Z</time>
        <extensions>
          <ns3:TrackPointExtension>
            <ns3:hr>150</ns3:hr>
            <ns3:cad>95</ns3:cad>
          </ns3:TrackPointExtension>
        </extensions>
      </trkpt>
      <trkpt lat="22.596575953066349029541015625" lon="113.87801296077668666839599609375">
        <ele>15</ele>
        <time>2026-08-30T23:26:30.000Z</time>
        <extensions>
          <ns3:TrackPointExtension>
            <ns3:hr>150</ns3:hr>
            <ns3:cad>95</ns3:cad>
          </ns3:TrackPointExtension>
        </extensions>
      </trkpt>
      <trkpt lat="22.59660151787102222442626953125" lon="113.87802779674530029296875">
        <ele>15</ele>
        <time>2026-08-30T23:26:31.000Z</time>
        <extensions>
          <ns3:TrackPointExtension>
            <ns3:hr>150</ns3:hr>
            <ns3:cad>95</ns3:cad>
          </ns3:TrackPointExtension>
        </extensions>
      </trkpt>
      <trkpt lat="22.59663839824497699737548828125" lon="113.87804900296032428741455078125">
        <ele>15</ele>
        <time>2026-08-30T23:26:32.000Z</time>
        <extensions>
          <ns3:TrackPointExtension>
            <ns3:hr>150</ns3:hr>
            <ns3:cad>95</ns3:cad>
          </ns3:TrackPointExtension>
        </extensions>
      </trkpt>
      <trkpt lat="22.59666387923061847686767578125" lon="113.87805738486349582672119140625">
        <ele>15</ele>
        <time>2026-08-30T23:26:33.000Z</time>
        <extensions>
          <ns3:TrackPointExtension>
            <ns3:hr>150</ns3:hr>
            <ns3:cad>95</ns3:cad>
          </ns3:TrackPointExtension>
        </extensions>
      </trkpt>
      <trkpt lat="22.5966927967965602874755859375" lon="113.8780802674591541290283203125">
        <ele>15</ele>
        <time>2026-08-30T23:26:34.000Z</time>
        <extensions>
          <ns3:TrackPointExtension>
            <ns3:hr>150</ns3:hr>
            <ns3:cad>94</ns3:cad>
          </ns3:TrackPointExtension>
        </extensions>
      </trkpt>
      <trkpt lat="22.5967253185808658599853515625" lon="113.8781020604074001312255859375">
        <ele>15.19999980926513671875</ele>
        <time>2026-08-30T23:26:35.000Z</time>
        <extensions>
          <ns3:TrackPointExtension>
            <ns3:hr>150</ns3:hr>
            <ns3:cad>94</ns3:cad>
          </ns3:TrackPointExtension>
        </extensions>
      </trkpt>
      <trkpt lat="22.5967497937381267547607421875" lon="113.87812024913728237152099609375">
        <ele>15.19999980926513671875</ele>
        <time>2026-08-30T23:26:36.000Z</time>
        <extensions>
          <ns3:TrackPointExtension>
            <ns3:hr>150</ns3:hr>
            <ns3:cad>95</ns3:cad>
          </ns3:TrackPointExtension>
        </extensions>
      </trkpt>
      <trkpt lat="22.59678927250206470489501953125" lon="113.87813366018235683441162109375">
        <ele>15.19999980926513671875</ele>
        <time>2026-08-30T23:26:37.000Z</time>
        <extensions>
          <ns3:TrackPointExtension>
            <ns3:hr>150</ns3:hr>
            <ns3:cad>95</ns3:cad>
          </ns3:TrackPointExtension>
        </extensions>
      </trkpt>
      <trkpt lat="22.5968138314783573150634765625" lon="113.87814673595130443572998046875">
        <ele>15.19999980926513671875</ele>
        <time>2026-08-30T23:26:38.000Z</time>
        <extensions>
          <ns3:TrackPointExtension>
            <ns3:hr>150</ns3:hr>
            <ns3:cad>95</ns3:cad>
          </ns3:TrackPointExtension>
        </extensions>
      </trkpt>
      <trkpt lat="22.596853561699390411376953125" lon="113.87816584669053554534912109375">
        <ele>15.19999980926513671875</ele>
        <time>2026-08-30T23:26:39.000Z</time>
        <extensions>
          <ns3:TrackPointExtension>
            <ns3:hr>150</ns3:hr>
            <ns3:cad>94</ns3:cad>
          </ns3:TrackPointExtension>
        </extensions>
      </trkpt>
      <trkpt lat="22.59688298217952251434326171875" lon="113.878188394010066986083984375">
        <ele>15.19999980926513671875</ele>
        <time>2026-08-30T23:26:40.000Z</time>
        <extensions>
          <ns3:TrackPointExtension>
            <ns3:hr>150</ns3:hr>
            <ns3:cad>94</ns3:cad>
          </ns3:TrackPointExtension>
        </extensions>
      </trkpt>
      <trkpt lat="22.5969150848686695098876953125" lon="113.878204487264156341552734375">
        <ele>15.19999980926513671875</ele>
        <time>2026-08-30T23:26:41.000Z</time>
        <extensions>
          <ns3:TrackPointExtension>
            <ns3:hr>150</ns3:hr>
            <ns3:cad>94</ns3:cad>
          </ns3:TrackPointExtension>
        </extensions>
      </trkpt>
      <trkpt lat="22.59694634936749935150146484375" lon="113.8782170601189136505126953125">
        <ele>15.19999980926513671875</ele>
        <time>2026-08-30T23:26:42.000Z</time>
        <extensions>
          <ns3:TrackPointExtension>
            <ns3:hr>150</ns3:hr>
            <ns3:cad>94</ns3:cad>
          </ns3:TrackPointExtension>
        </extensions>
      </trkpt>
      <trkpt lat="22.59697183035314083099365234375" lon="113.87823625467717647552490234375">
        <ele>15.19999980926513671875</ele>
        <time>2026-08-30T23:26:43.000Z</time>
        <extensions>
          <ns3:TrackPointExtension>
            <ns3:hr>150</ns3:hr>
            <ns3:cad>94</ns3:cad>
          </ns3:TrackPointExtension>
        </extensions>
      </trkpt>
      <trkpt lat="22.59700049646198749542236328125" lon="113.87825000099837779998779296875">
        <ele>15.19999980926513671875</ele>
        <time>2026-08-30T23:26:44.000Z</time>
        <extensions>
          <ns3:TrackPointExtension>
            <ns3:hr>150</ns3:hr>
            <ns3:cad>94</ns3:cad>
          </ns3:TrackPointExtension>
        </extensions>
      </trkpt>
      <trkpt lat="22.597021870315074920654296875" lon="113.87826450169086456298828125">
        <ele>15</ele>
        <time>2026-08-30T23:26:45.000Z</time>
        <extensions>
          <ns3:TrackPointExtension>
            <ns3:hr>150</ns3:hr>
            <ns3:cad>93</ns3:cad>
          </ns3:TrackPointExtension>
        </extensions>
      </trkpt>
      <trkpt lat="22.59705506265163421630859375" lon="113.87829308398067951202392578125">
        <ele>15</ele>
        <time>2026-08-30T23:26:46.000Z</time>
        <extensions>
          <ns3:TrackPointExtension>
            <ns3:hr>149</ns3:hr>
            <ns3:cad>93</ns3:cad>
          </ns3:TrackPointExtension>
        </extensions>
      </trkpt>
      <trkpt lat="22.5970750115811824798583984375" lon="113.87831588275730609893798828125">
        <ele>14.80000019073486328125</ele>
        <time>2026-08-30T23:26:47.000Z</time>
        <extensions>
          <ns3:TrackPointExtension>
            <ns3:hr>149</ns3:hr>
            <ns3:cad>93</ns3:cad>
          </ns3:TrackPointExtension>
        </extensions>
      </trkpt>
      <trkpt lat="22.59710610844194889068603515625" lon="113.8783468119800090789794921875">
        <ele>14.80000019073486328125</ele>
        <time>2026-08-30T23:26:48.000Z</time>
        <extensions>
          <ns3:TrackPointExtension>
            <ns3:hr>149</ns3:hr>
            <ns3:cad>94</ns3:cad>
          </ns3:TrackPointExtension>
        </extensions>
      </trkpt>
      <trkpt lat="22.59712957777082920074462890625" lon="113.878368772566318511962890625">
        <ele>14.80000019073486328125</ele>
        <time>2026-08-30T23:26:49.000Z</time>
        <extensions>
          <ns3:TrackPointExtension>
            <ns3:hr>149</ns3:hr>
            <ns3:cad>93</ns3:cad>
          </ns3:TrackPointExtension>
        </extensions>
      </trkpt>
      <trkpt lat="22.59715992026031017303466796875" lon="113.8784054853022098541259765625">
        <ele>14.80000019073486328125</ele>
        <time>2026-08-30T23:26:50.000Z</time>
        <extensions>
          <ns3:TrackPointExtension>
            <ns3:hr>148</ns3:hr>
            <ns3:cad>91</ns3:cad>
          </ns3:TrackPointExtension>
        </extensions>
      </trkpt>
      <trkpt lat="22.59718506596982479095458984375" lon="113.8784242607653141021728515625">
        <ele>14.80000019073486328125</ele>
        <time>2026-08-30T23:26:51.000Z</time>
        <extensions>
          <ns3:TrackPointExtension>
            <ns3:hr>148</ns3:hr>
            <ns3:cad>91</ns3:cad>
          </ns3:TrackPointExtension>
        </extensions>
      </trkpt>
      <trkpt lat="22.59721322916448116302490234375" lon="113.8784490711987018585205078125">
        <ele>15</ele>
        <time>2026-08-30T23:26:52.000Z</time>
        <extensions>
          <ns3:TrackPointExtension>
            <ns3:hr>148</ns3:hr>
            <ns3:cad>92</ns3:cad>
          </ns3:TrackPointExtension>
        </extensions>
      </trkpt>
      <trkpt lat="22.59724424220621585845947265625" lon="113.8784675113856792449951171875">
        <ele>15</ele>
        <time>2026-08-30T23:26:53.000Z</time>
        <extensions>
          <ns3:TrackPointExtension>
            <ns3:hr>147</ns3:hr>
            <ns3:cad>92</ns3:cad>
          </ns3:TrackPointExtension>
        </extensions>
      </trkpt>
      <trkpt lat="22.5972689688205718994140625" lon="113.878491483628749847412109375">
        <ele>15</ele>
        <time>2026-08-30T23:26:54.000Z</time>
        <extensions>
          <ns3:TrackPointExtension>
            <ns3:hr>147</ns3:hr>
            <ns3:cad>92</ns3:cad>
          </ns3:TrackPointExtension>
        </extensions>
      </trkpt>
      <trkpt lat="22.597302161157131195068359375" lon="113.87850699014961719512939453125">
        <ele>15.19999980926513671875</ele>
        <time>2026-08-30T23:26:55.000Z</time>
        <extensions>
          <ns3:TrackPointExtension>
            <ns3:hr>147</ns3:hr>
            <ns3:cad>93</ns3:cad>
          </ns3:TrackPointExtension>
        </extensions>
      </trkpt>
      <trkpt lat="22.59732596576213836669921875" lon="113.87852065265178680419921875">
        <ele>15.19999980926513671875</ele>
        <time>2026-08-30T23:26:56.000Z</time>
        <extensions>
          <ns3:TrackPointExtension>
            <ns3:hr>147</ns3:hr>
            <ns3:cad>93</ns3:cad>
          </ns3:TrackPointExtension>
        </extensions>
      </trkpt>
      <trkpt lat="22.59736142121255397796630859375" lon="113.87853817082941532135009765625">
        <ele>15.19999980926513671875</ele>
        <time>2026-08-30T23:26:57.000Z</time>
        <extensions>
          <ns3:TrackPointExtension>
            <ns3:hr>147</ns3:hr>
            <ns3:cad>93</ns3:cad>
          </ns3:TrackPointExtension>
        </extensions>
      </trkpt>
      <trkpt lat="22.5973891653120517730712890625" lon="113.87854923494160175323486328125">
        <ele>15.3999996185302734375</ele>
        <time>2026-08-30T23:26:58.000Z</time>
        <extensions>
          <ns3:TrackPointExtension>
            <ns3:hr>148</ns3:hr>
            <ns3:cad>93</ns3:cad>
          </ns3:TrackPointExtension>
        </extensions>
      </trkpt>
      <trkpt lat="22.5974169932305812835693359375" lon="113.8785724528133869171142578125">
        <ele>15.3999996185302734375</ele>
        <time>2026-08-30T23:26:59.000Z</time>
        <extensions>
          <ns3:TrackPointExtension>
            <ns3:hr>147</ns3:hr>
            <ns3:cad>93</ns3:cad>
          </ns3:TrackPointExtension>
        </extensions>
      </trkpt>
      <trkpt lat="22.597447335720062255859375" lon="113.87859181500971317291259765625">
        <ele>15.19999980926513671875</ele>
        <time>2026-08-30T23:27:00.000Z</time>
        <extensions>
          <ns3:TrackPointExtension>
            <ns3:hr>147</ns3:hr>
            <ns3:cad>94</ns3:cad>
          </ns3:TrackPointExtension>
        </extensions>
      </trkpt>
      <trkpt lat="22.59747541509568691253662109375" lon="113.8786096684634685516357421875">
        <ele>15.19999980926513671875</ele>
        <time>2026-08-30T23:27:01.000Z</time>
        <extensions>
          <ns3:TrackPointExtension>
            <ns3:hr>148</ns3:hr>
            <ns3:cad>94</ns3:cad>
          </ns3:TrackPointExtension>
        </extensions>
      </trkpt>
      <trkpt lat="22.597509361803531646728515625" lon="113.8786250911653041839599609375">
        <ele>15.19999980926513671875</ele>
        <time>2026-08-30T23:27:02.000Z</time>
        <extensions>
          <ns3:TrackPointExtension>
            <ns3:hr>148</ns3:hr>
            <ns3:cad>95</ns3:cad>
          </ns3:TrackPointExtension>
        </extensions>
      </trkpt>
      <trkpt lat="22.597532831132411956787109375" lon="113.87863271869719028472900390625">
        <ele>15.3999996185302734375</ele>
        <time>2026-08-30T23:27:03.000Z</time>
        <extensions>
          <ns3:TrackPointExtension>
            <ns3:hr>148</ns3:hr>
            <ns3:cad>95</ns3:cad>
          </ns3:TrackPointExtension>
        </extensions>
      </trkpt>
      <trkpt lat="22.59756962768733501434326171875" lon="113.878650404512882232666015625">
        <ele>15.3999996185302734375</ele>
        <time>2026-08-30T23:27:04.000Z</time>
        <extensions>
          <ns3:TrackPointExtension>
            <ns3:hr>147</ns3:hr>
            <ns3:cad>95</ns3:cad>
          </ns3:TrackPointExtension>
        </extensions>
      </trkpt>
      <trkpt lat="22.59760357439517974853515625" lon="113.87866280972957611083984375">
        <ele>15.6000003814697265625</ele>
        <time>2026-08-30T23:27:05.000Z</time>
        <extensions>
          <ns3:TrackPointExtension>
            <ns3:hr>148</ns3:hr>
            <ns3:cad>93</ns3:cad>
          </ns3:TrackPointExtension>
        </extensions>
      </trkpt>
      <trkpt lat="22.59763819165527820587158203125" lon="113.87867622077465057373046875">
        <ele>15.80000019073486328125</ele>
        <time>2026-08-30T23:27:06.000Z</time>
        <extensions>
          <ns3:TrackPointExtension>
            <ns3:hr>148</ns3:hr>
            <ns3:cad>93</ns3:cad>
          </ns3:TrackPointExtension>
        </extensions>
      </trkpt>
      <trkpt lat="22.597670294344425201416015625" lon="113.878686614334583282470703125">
        <ele>15.80000019073486328125</ele>
        <time>2026-08-30T23:27:07.000Z</time>
        <extensions>
          <ns3:TrackPointExtension>
            <ns3:hr>147</ns3:hr>
            <ns3:cad>93</ns3:cad>
          </ns3:TrackPointExtension>
        </extensions>
      </trkpt>
      <trkpt lat="22.59770147502422332763671875" lon="113.87869658879935741424560546875">
        <ele>16</ele>
        <time>2026-08-30T23:27:08.000Z</time>
        <extensions>
          <ns3:TrackPointExtension>
            <ns3:hr>148</ns3:hr>
            <ns3:cad>93</ns3:cad>
          </ns3:TrackPointExtension>
        </extensions>
      </trkpt>
      <trkpt lat="22.597736679017543792724609375" lon="113.87870597653090953826904296875">
        <ele>16</ele>
        <time>2026-08-30T23:27:09.000Z</time>
        <extensions>
          <ns3:TrackPointExtension>
            <ns3:hr>148</ns3:hr>
            <ns3:cad>94</ns3:cad>
          </ns3:TrackPointExtension>
        </extensions>
      </trkpt>
      <trkpt lat="22.5977676920592784881591796875" lon="113.87871754355728626251220703125">
        <ele>16</ele>
        <time>2026-08-30T23:27:10.000Z</time>
        <extensions>
          <ns3:TrackPointExtension>
            <ns3:hr>147</ns3:hr>
            <ns3:cad>94</ns3:cad>
          </ns3:TrackPointExtension>
        </extensions>
      </trkpt>
      <trkpt lat="22.59780415333807468414306640625" lon="113.8787276856601238250732421875">
        <ele>16</ele>
        <time>2026-08-30T23:27:11.000Z</time>
        <extensions>
          <ns3:TrackPointExtension>
            <ns3:hr>148</ns3:hr>
            <ns3:cad>93</ns3:cad>
          </ns3:TrackPointExtension>
        </extensions>
      </trkpt>
      <trkpt lat="22.5978354178369045257568359375" lon="113.87873481027781963348388671875">
        <ele>16.200000762939453125</ele>
        <time>2026-08-30T23:27:12.000Z</time>
        <extensions>
          <ns3:TrackPointExtension>
            <ns3:hr>148</ns3:hr>
            <ns3:cad>93</ns3:cad>
          </ns3:TrackPointExtension>
        </extensions>
      </trkpt>
      <trkpt lat="22.59786852635443210601806640625" lon="113.87874771840870380401611328125">
        <ele>16</ele>
        <time>2026-08-30T23:27:13.000Z</time>
        <extensions>
          <ns3:TrackPointExtension>
            <ns3:hr>148</ns3:hr>
            <ns3:cad>93</ns3:cad>
          </ns3:TrackPointExtension>
        </extensions>
      </trkpt>
      <trkpt lat="22.5978984497487545013427734375" lon="113.87875735759735107421875">
        <ele>16</ele>
        <time>2026-08-30T23:27:14.000Z</time>
        <extensions>
          <ns3:TrackPointExtension>
            <ns3:hr>149</ns3:hr>
            <ns3:cad>93</ns3:cad>
          </ns3:TrackPointExtension>
        </extensions>
      </trkpt>
      <trkpt lat="22.597927786409854888916015625" lon="113.8787736184895038604736328125">
        <ele>16</ele>
        <time>2026-08-30T23:27:15.000Z</time>
        <extensions>
          <ns3:TrackPointExtension>
            <ns3:hr>149</ns3:hr>
            <ns3:cad>94</ns3:cad>
          </ns3:TrackPointExtension>
        </extensions>
      </trkpt>
      <trkpt lat="22.59795301593840122222900390625" lon="113.878789208829402923583984375">
        <ele>16</ele>
        <time>2026-08-30T23:27:16.000Z</time>
        <extensions>
          <ns3:TrackPointExtension>
            <ns3:hr>149</ns3:hr>
            <ns3:cad>93</ns3:cad>
          </ns3:TrackPointExtension>
        </extensions>
      </trkpt>
      <trkpt lat="22.5979836098849773406982421875" lon="113.8787989318370819091796875">
        <ele>15.80000019073486328125</ele>
        <time>2026-08-30T23:27:17.000Z</time>
        <extensions>
          <ns3:TrackPointExtension>
            <ns3:hr>149</ns3:hr>
            <ns3:cad>93</ns3:cad>
          </ns3:TrackPointExtension>
        </extensions>
      </trkpt>
      <trkpt lat="22.5980146229267120361328125" lon="113.8788155280053615570068359375">
        <ele>15.6000003814697265625</ele>
        <time>2026-08-30T23:27:18.000Z</time>
        <extensions>
          <ns3:TrackPointExtension>
            <ns3:hr>149</ns3:hr>
            <ns3:cad>93</ns3:cad>
          </ns3:TrackPointExtension>
        </extensions>
      </trkpt>
      <trkpt lat="22.59804211556911468505859375" lon="113.87883304618299007415771484375">
        <ele>15.6000003814697265625</ele>
        <time>2026-08-30T23:27:19.000Z</time>
        <extensions>
          <ns3:TrackPointExtension>
            <ns3:hr>149</ns3:hr>
            <ns3:cad>93</ns3:cad>
          </ns3:TrackPointExtension>
        </extensions>
      </trkpt>
      <trkpt lat="22.59807438589632511138916015625" lon="113.878857605159282684326171875">
        <ele>15.6000003814697265625</ele>
        <time>2026-08-30T23:27:20.000Z</time>
        <extensions>
          <ns3:TrackPointExtension>
            <ns3:hr>149</ns3:hr>
            <ns3:cad>94</ns3:cad>
          </ns3:TrackPointExtension>
        </extensions>
      </trkpt>
      <trkpt lat="22.5981063209474086761474609375" lon="113.8788718543946743011474609375">
        <ele>15.6000003814697265625</ele>
        <time>2026-08-30T23:27:21.000Z</time>
        <extensions>
          <ns3:TrackPointExtension>
            <ns3:hr>150</ns3:hr>
            <ns3:cad>94</ns3:cad>
          </ns3:TrackPointExtension>
        </extensions>
      </trkpt>
      <trkpt lat="22.5981368310749530792236328125" lon="113.87889239005744457244873046875">
        <ele>15.6000003814697265625</ele>
        <time>2026-08-30T23:27:22.000Z</time>
        <extensions>
          <ns3:TrackPointExtension>
            <ns3:hr>150</ns3:hr>
            <ns3:cad>94</ns3:cad>
          </ns3:TrackPointExtension>
        </extensions>
      </trkpt>
      <trkpt lat="22.59816817939281463623046875" lon="113.87890311889350414276123046875">
        <ele>15.6000003814697265625</ele>
        <time>2026-08-30T23:27:23.000Z</time>
        <extensions>
          <ns3:TrackPointExtension>
            <ns3:hr>150</ns3:hr>
            <ns3:cad>94</ns3:cad>
          </ns3:TrackPointExtension>
        </extensions>
      </trkpt>
      <trkpt lat="22.59819692932069301605224609375" lon="113.8789208047091960906982421875">
        <ele>15.6000003814697265625</ele>
        <time>2026-08-30T23:27:24.000Z</time>
        <extensions>
          <ns3:TrackPointExtension>
            <ns3:hr>150</ns3:hr>
            <ns3:cad>93</ns3:cad>
          </ns3:TrackPointExtension>
        </extensions>
      </trkpt>
      <trkpt lat="22.5982280261814594268798828125" lon="113.87893631123006343841552734375">
        <ele>15.6000003814697265625</ele>
        <time>2026-08-30T23:27:25.000Z</time>
        <extensions>
          <ns3:TrackPointExtension>
            <ns3:hr>150</ns3:hr>
            <ns3:cad>93</ns3:cad>
          </ns3:TrackPointExtension>
        </extensions>
      </trkpt>
      <trkpt lat="22.59825107641518115997314453125" lon="113.8789482973515987396240234375">
        <ele>15.6000003814697265625</ele>
        <time>2026-08-30T23:27:26.000Z</time>
        <extensions>
          <ns3:TrackPointExtension>
            <ns3:hr>151</ns3:hr>
            <ns3:cad>94</ns3:cad>
          </ns3:TrackPointExtension>
        </extensions>
      </trkpt>
      <trkpt lat="22.5982846878468990325927734375" lon="113.87896581552922725677490234375">
        <ele>15.6000003814697265625</ele>
        <time>2026-08-30T23:27:27.000Z</time>
        <extensions>
          <ns3:TrackPointExtension>
            <ns3:hr>151</ns3:hr>
            <ns3:cad>94</ns3:cad>
          </ns3:TrackPointExtension>
        </extensions>
      </trkpt>
      <trkpt lat="22.59831461124122142791748046875" lon="113.87897796928882598876953125">
        <ele>15.6000003814697265625</ele>
        <time>2026-08-30T23:27:28.000Z</time>
        <extensions>
          <ns3:TrackPointExtension>
            <ns3:hr>151</ns3:hr>
            <ns3:cad>94</ns3:cad>
          </ns3:TrackPointExtension>
        </extensions>
      </trkpt>
      <trkpt lat="22.59835048578679561614990234375" lon="113.87899900786578655242919921875">
        <ele>15.80000019073486328125</ele>
        <time>2026-08-30T23:27:29.000Z</time>
        <extensions>
          <ns3:TrackPointExtension>
            <ns3:hr>152</ns3:hr>
            <ns3:cad>94</ns3:cad>
          </ns3:TrackPointExtension>
        </extensions>
      </trkpt>
      <trkpt lat="22.59837546385824680328369140625" lon="113.87901376001536846160888671875">
        <ele>15.80000019073486328125</ele>
        <time>2026-08-30T23:27:30.000Z</time>
        <extensions>
          <ns3:TrackPointExtension>
            <ns3:hr>152</ns3:hr>
            <ns3:cad>93</ns3:cad>
          </ns3:TrackPointExtension>
        </extensions>
      </trkpt>
      <trkpt lat="22.598403878509998321533203125" lon="113.879030607640743255615234375">
        <ele>15.80000019073486328125</ele>
        <time>2026-08-30T23:27:31.000Z</time>
        <extensions>
          <ns3:TrackPointExtension>
            <ns3:hr>152</ns3:hr>
            <ns3:cad>93</ns3:cad>
          </ns3:TrackPointExtension>
        </extensions>
      </trkpt>
      <trkpt lat="22.59843933396041393280029296875" lon="113.87903689406812191009521484375">
        <ele>15.80000019073486328125</ele>
        <time>2026-08-30T23:27:32.000Z</time>
        <extensions>
          <ns3:TrackPointExtension>
            <ns3:hr>153</ns3:hr>
            <ns3:cad>93</ns3:cad>
          </ns3:TrackPointExtension>
        </extensions>
      </trkpt>
      <trkpt lat="22.59846816770732402801513671875" lon="113.87904158793389797210693359375">
        <ele>15.80000019073486328125</ele>
        <time>2026-08-30T23:27:33.000Z</time>
        <extensions>
          <ns3:TrackPointExtension>
            <ns3:hr>153</ns3:hr>
            <ns3:cad>93</ns3:cad>
          </ns3:TrackPointExtension>
        </extensions>
      </trkpt>
      <trkpt lat="22.59851108305156230926513671875" lon="113.8790591061115264892578125">
        <ele>15.80000019073486328125</ele>
        <time>2026-08-30T23:27:34.000Z</time>
        <extensions>
          <ns3:TrackPointExtension>
            <ns3:hr>153</ns3:hr>
            <ns3:cad>95</ns3:cad>
          </ns3:TrackPointExtension>
        </extensions>
      </trkpt>
      <trkpt lat="22.5985364802181720733642578125" lon="113.87906916439533233642578125">
        <ele>16</ele>
        <time>2026-08-30T23:27:35.000Z</time>
        <extensions>
          <ns3:TrackPointExtension>
            <ns3:hr>152</ns3:hr>
            <ns3:cad>94</ns3:cad>
          </ns3:TrackPointExtension>
        </extensions>
      </trkpt>
      <trkpt lat="22.59857763536274433135986328125" lon="113.8790871016681194305419921875">
        <ele>16</ele>
        <time>2026-08-30T23:27:36.000Z</time>
        <extensions>
          <ns3:TrackPointExtension>
            <ns3:hr>153</ns3:hr>
            <ns3:cad>93</ns3:cad>
          </ns3:TrackPointExtension>
        </extensions>
      </trkpt>
      <trkpt lat="22.59860646910965442657470703125" lon="113.87909875251352787017822265625">
        <ele>15.80000019073486328125</ele>
        <time>2026-08-30T23:27:37.000Z</time>
        <extensions>
          <ns3:TrackPointExtension>
            <ns3:hr>152</ns3:hr>
            <ns3:cad>93</ns3:cad>
          </ns3:TrackPointExtension>
        </extensions>
      </trkpt>
      <trkpt lat="22.59863899089395999908447265625" lon="113.8791196234524250030517578125">
        <ele>15.80000019073486328125</ele>
        <time>2026-08-30T23:27:38.000Z</time>
        <extensions>
          <ns3:TrackPointExtension>
            <ns3:hr>152</ns3:hr>
            <ns3:cad>93</ns3:cad>
          </ns3:TrackPointExtension>
        </extensions>
      </trkpt>
      <trkpt lat="22.59866815991699695587158203125" lon="113.87913596816360950469970703125">
        <ele>15.80000019073486328125</ele>
        <time>2026-08-30T23:27:39.000Z</time>
        <extensions>
          <ns3:TrackPointExtension>
            <ns3:hr>152</ns3:hr>
            <ns3:cad>93</ns3:cad>
          </ns3:TrackPointExtension>
        </extensions>
      </trkpt>
      <trkpt lat="22.59869389235973358154296875" lon="113.87915507890284061431884765625">
        <ele>15.80000019073486328125</ele>
        <time>2026-08-30T23:27:40.000Z</time>
        <extensions>
          <ns3:TrackPointExtension>
            <ns3:hr>153</ns3:hr>
            <ns3:cad>94</ns3:cad>
          </ns3:TrackPointExtension>
        </extensions>
      </trkpt>
      <trkpt lat="22.5987285934388637542724609375" lon="113.87917435728013515472412109375">
        <ele>15.80000019073486328125</ele>
        <time>2026-08-30T23:27:41.000Z</time>
        <extensions>
          <ns3:TrackPointExtension>
            <ns3:hr>152</ns3:hr>
            <ns3:cad>94</ns3:cad>
          </ns3:TrackPointExtension>
        </extensions>
      </trkpt>
      <trkpt lat="22.59875365532934665679931640625" lon="113.87918693013489246368408203125">
        <ele>15.80000019073486328125</ele>
        <time>2026-08-30T23:27:42.000Z</time>
        <extensions>
          <ns3:TrackPointExtension>
            <ns3:hr>152</ns3:hr>
            <ns3:cad>93</ns3:cad>
          </ns3:TrackPointExtension>
        </extensions>
      </trkpt>
      <trkpt lat="22.5987924635410308837890625" lon="113.87921073473989963531494140625">
        <ele>16</ele>
        <time>2026-08-30T23:27:43.000Z</time>
        <extensions>
          <ns3:TrackPointExtension>
            <ns3:hr>152</ns3:hr>
            <ns3:cad>93</ns3:cad>
          </ns3:TrackPointExtension>
        </extensions>
      </trkpt>
      <trkpt lat="22.59882037527859210968017578125" lon="113.8792259059846401214599609375">
        <ele>16</ele>
        <time>2026-08-30T23:27:44.000Z</time>
        <extensions>
          <ns3:TrackPointExtension>
            <ns3:hr>153</ns3:hr>
            <ns3:cad>93</ns3:cad>
          </ns3:TrackPointExtension>
        </extensions>
      </trkpt>
      <trkpt lat="22.5988492928445339202880859375" lon="113.87925063259899616241455078125">
        <ele>16</ele>
        <time>2026-08-30T23:27:45.000Z</time>
        <extensions>
          <ns3:TrackPointExtension>
            <ns3:hr>152</ns3:hr>
            <ns3:cad>93</ns3:cad>
          </ns3:TrackPointExtension>
        </extensions>
      </trkpt>
      <trkpt lat="22.59887971915304660797119140625" lon="113.8792708329856395721435546875">
        <ele>16</ele>
        <time>2026-08-30T23:27:46.000Z</time>
        <extensions>
          <ns3:TrackPointExtension>
            <ns3:hr>152</ns3:hr>
            <ns3:cad>94</ns3:cad>
          </ns3:TrackPointExtension>
        </extensions>
      </trkpt>
      <trkpt lat="22.59890176355838775634765625" lon="113.87929270975291728973388671875">
        <ele>16</ele>
        <time>2026-08-30T23:27:47.000Z</time>
        <extensions>
          <ns3:TrackPointExtension>
            <ns3:hr>152</ns3:hr>
            <ns3:cad>95</ns3:cad>
          </ns3:TrackPointExtension>
        </extensions>
      </trkpt>
      <trkpt lat="22.5989344529807567596435546875" lon="113.87931819073855876922607421875">
        <ele>16</ele>
        <time>2026-08-30T23:27:48.000Z</time>
        <extensions>
          <ns3:TrackPointExtension>
            <ns3:hr>153</ns3:hr>
            <ns3:cad>95</ns3:cad>
          </ns3:TrackPointExtension>
        </extensions>
      </trkpt>
      <trkpt lat="22.59896186180412769317626953125" lon="113.87933378107845783233642578125">
        <ele>15.80000019073486328125</ele>
        <time>2026-08-30T23:27:49.000Z</time>
        <extensions>
          <ns3:TrackPointExtension>
            <ns3:hr>152</ns3:hr>
            <ns3:cad>94</ns3:cad>
          </ns3:TrackPointExtension>
        </extensions>
      </trkpt>
      <trkpt lat="22.59899161756038665771484375" lon="113.8793593458831310272216796875">
        <ele>16</ele>
        <time>2026-08-30T23:27:50.000Z</time>
        <extensions>
          <ns3:TrackPointExtension>
            <ns3:hr>153</ns3:hr>
            <ns3:cad>95</ns3:cad>
          </ns3:TrackPointExtension>
        </extensions>
      </trkpt>
      <trkpt lat="22.59902237914502620697021484375" lon="113.87938071973621845245361328125">
        <ele>16</ele>
        <time>2026-08-30T23:27:51.000Z</time>
        <extensions>
          <ns3:TrackPointExtension>
            <ns3:hr>153</ns3:hr>
            <ns3:cad>95</ns3:cad>
          </ns3:TrackPointExtension>
        </extensions>
      </trkpt>
      <trkpt lat="22.59904685430228710174560546875" lon="113.87941039167344570159912109375">
        <ele>16</ele>
        <time>2026-08-30T23:27:52.000Z</time>
        <extensions>
          <ns3:TrackPointExtension>
            <ns3:hr>153</ns3:hr>
            <ns3:cad>95</ns3:cad>
          </ns3:TrackPointExtension>
        </extensions>
      </trkpt>
      <trkpt lat="22.599073089659214019775390625" lon="113.87944140471518039703369140625">
        <ele>16</ele>
        <time>2026-08-30T23:27:53.000Z</time>
        <extensions>
          <ns3:TrackPointExtension>
            <ns3:hr>153</ns3:hr>
            <ns3:cad>95</ns3:cad>
          </ns3:TrackPointExtension>
        </extensions>
      </trkpt>
      <trkpt lat="22.59909345768392086029052734375" lon="113.87946453876793384552001953125">
        <ele>16</ele>
        <time>2026-08-30T23:27:54.000Z</time>
        <extensions>
          <ns3:TrackPointExtension>
            <ns3:hr>152</ns3:hr>
            <ns3:cad>95</ns3:cad>
          </ns3:TrackPointExtension>
        </extensions>
      </trkpt>
      <trkpt lat="22.59912212379276752471923828125" lon="113.87949831783771514892578125">
        <ele>16</ele>
        <time>2026-08-30T23:27:55.000Z</time>
        <extensions>
          <ns3:TrackPointExtension>
            <ns3:hr>153</ns3:hr>
            <ns3:cad>95</ns3:cad>
          </ns3:TrackPointExtension>
        </extensions>
      </trkpt>
      <trkpt lat="22.59914794005453586578369140625" lon="113.87952086515724658966064453125">
        <ele>16</ele>
        <time>2026-08-30T23:27:56.000Z</time>
        <extensions>
          <ns3:TrackPointExtension>
            <ns3:hr>153</ns3:hr>
            <ns3:cad>95</ns3:cad>
          </ns3:TrackPointExtension>
        </extensions>
      </trkpt>
      <trkpt lat="22.5991691462695598602294921875" lon="113.87956009246408939361572265625">
        <ele>16</ele>
        <time>2026-08-30T23:27:57.000Z</time>
        <extensions>
          <ns3:TrackPointExtension>
            <ns3:hr>153</ns3:hr>
            <ns3:cad>95</ns3:cad>
          </ns3:TrackPointExtension>
        </extensions>
      </trkpt>
      <trkpt lat="22.59919320233166217803955078125" lon="113.87958641164004802703857421875">
        <ele>16</ele>
        <time>2026-08-30T23:27:58.000Z</time>
        <extensions>
          <ns3:TrackPointExtension>
            <ns3:hr>153</ns3:hr>
            <ns3:cad>95</ns3:cad>
          </ns3:TrackPointExtension>
        </extensions>
      </trkpt>
      <trkpt lat="22.59920862503349781036376953125" lon="113.8796181790530681610107421875">
        <ele>16</ele>
        <time>2026-08-30T23:27:59.000Z</time>
        <extensions>
          <ns3:TrackPointExtension>
            <ns3:hr>153</ns3:hr>
            <ns3:cad>95</ns3:cad>
          </ns3:TrackPointExtension>
        </extensions>
      </trkpt>
      <trkpt lat="22.599227987229824066162109375" lon="113.8796500302851200103759765625">
        <ele>16</ele>
        <time>2026-08-30T23:28:00.000Z</time>
        <extensions>
          <ns3:TrackPointExtension>
            <ns3:hr>153</ns3:hr>
            <ns3:cad>95</ns3:cad>
          </ns3:TrackPointExtension>
        </extensions>
      </trkpt>
      <trkpt lat="22.59924240410327911376953125" lon="113.879677690565586090087890625">
        <ele>16</ele>
        <time>2026-08-30T23:28:01.000Z</time>
        <extensions>
          <ns3:TrackPointExtension>
            <ns3:hr>153</ns3:hr>
            <ns3:cad>93</ns3:cad>
          </ns3:TrackPointExtension>
        </extensions>
      </trkpt>
      <trkpt lat="22.59926293976604938507080078125" lon="113.87971289455890655517578125">
        <ele>16</ele>
        <time>2026-08-30T23:28:02.000Z</time>
        <extensions>
          <ns3:TrackPointExtension>
            <ns3:hr>154</ns3:hr>
            <ns3:cad>93</ns3:cad>
          </ns3:TrackPointExtension>
        </extensions>
      </trkpt>
      <trkpt lat="22.5992851518094539642333984375" lon="113.87973569333553314208984375">
        <ele>16</ele>
        <time>2026-08-30T23:28:03.000Z</time>
        <extensions>
          <ns3:TrackPointExtension>
            <ns3:hr>153</ns3:hr>
            <ns3:cad>94</ns3:cad>
          </ns3:TrackPointExtension>
        </extensions>
      </trkpt>
      <trkpt lat="22.599302418529987335205078125" lon="113.87977592647075653076171875">
        <ele>16</ele>
        <time>2026-08-30T23:28:04.000Z</time>
        <extensions>
          <ns3:TrackPointExtension>
            <ns3:hr>154</ns3:hr>
            <ns3:cad>94</ns3:cad>
          </ns3:TrackPointExtension>
        </extensions>
      </trkpt>
      <trkpt lat="22.5993270613253116607666015625" lon="113.879807107150554656982421875">
        <ele>16</ele>
        <time>2026-08-30T23:28:05.000Z</time>
        <extensions>
          <ns3:TrackPointExtension>
            <ns3:hr>154</ns3:hr>
            <ns3:cad>94</ns3:cad>
          </ns3:TrackPointExtension>
        </extensions>
      </trkpt>
      <trkpt lat="22.599341310560703277587890625" lon="113.87983736582100391387939453125">
        <ele>16</ele>
        <time>2026-08-30T23:28:06.000Z</time>
        <extensions>
          <ns3:TrackPointExtension>
            <ns3:hr>154</ns3:hr>
            <ns3:cad>94</ns3:cad>
          </ns3:TrackPointExtension>
        </extensions>
      </trkpt>
      <trkpt lat="22.599364779889583587646484375" lon="113.8798733241856098175048828125">
        <ele>16</ele>
        <time>2026-08-30T23:28:07.000Z</time>
        <extensions>
          <ns3:TrackPointExtension>
            <ns3:hr>153</ns3:hr>
            <ns3:cad>94</ns3:cad>
          </ns3:TrackPointExtension>
        </extensions>
      </trkpt>
      <trkpt lat="22.59938179515302181243896484375" lon="113.8798959553241729736328125">
        <ele>16</ele>
        <time>2026-08-30T23:28:08.000Z</time>
        <extensions>
          <ns3:TrackPointExtension>
            <ns3:hr>154</ns3:hr>
            <ns3:cad>94</ns3:cad>
          </ns3:TrackPointExtension>
        </extensions>
      </trkpt>
      <trkpt lat="22.59940627031028270721435546875" lon="113.87993526645004749298095703125">
        <ele>16</ele>
        <time>2026-08-30T23:28:09.000Z</time>
        <extensions>
          <ns3:TrackPointExtension>
            <ns3:hr>154</ns3:hr>
            <ns3:cad>94</ns3:cad>
          </ns3:TrackPointExtension>
        </extensions>
      </trkpt>
      <trkpt lat="22.59942504577338695526123046875" lon="113.87996208854019641876220703125">
        <ele>16</ele>
        <time>2026-08-30T23:28:10.000Z</time>
        <extensions>
          <ns3:TrackPointExtension>
            <ns3:hr>154</ns3:hr>
            <ns3:cad>94</ns3:cad>
          </ns3:TrackPointExtension>
        </extensions>
      </trkpt>
      <trkpt lat="22.59944180957973003387451171875" lon="113.88000215403735637664794921875">
        <ele>16.200000762939453125</ele>
        <time>2026-08-30T23:28:11.000Z</time>
        <extensions>
          <ns3:TrackPointExtension>
            <ns3:hr>154</ns3:hr>
            <ns3:cad>94</ns3:cad>
          </ns3:TrackPointExtension>
        </extensions>
      </trkpt>
      <trkpt lat="22.59946242906153202056884765625" lon="113.88003484345972537994384765625">
        <ele>16.200000762939453125</ele>
        <time>2026-08-30T23:28:12.000Z</time>
        <extensions>
          <ns3:TrackPointExtension>
            <ns3:hr>154</ns3:hr>
            <ns3:cad>95</ns3:cad>
          </ns3:TrackPointExtension>
        </extensions>
      </trkpt>
      <trkpt lat="22.59947919286787509918212890625" lon="113.88005931861698627471923828125">
        <ele>16</ele>
        <time>2026-08-30T23:28:13.000Z</time>
        <extensions>
          <ns3:TrackPointExtension>
            <ns3:hr>154</ns3:hr>
            <ns3:cad>95</ns3:cad>
          </ns3:TrackPointExtension>
        </extensions>
      </trkpt>
      <trkpt lat="22.5995044223964214324951171875" lon="113.88009318150579929351806640625">
        <ele>16</ele>
        <time>2026-08-30T23:28:14.000Z</time>
        <extensions>
          <ns3:TrackPointExtension>
            <ns3:hr>154</ns3:hr>
            <ns3:cad>95</ns3:cad>
          </ns3:TrackPointExtension>
        </extensions>
      </trkpt>
      <trkpt lat="22.5995231978595256805419921875" lon="113.8801163993775844573974609375">
        <ele>16</ele>
        <time>2026-08-30T23:28:15.000Z</time>
        <extensions>
          <ns3:TrackPointExtension>
            <ns3:hr>154</ns3:hr>
            <ns3:cad>95</ns3:cad>
          </ns3:TrackPointExtension>
        </extensions>
      </trkpt>
      <trkpt lat="22.59954423643648624420166015625" lon="113.88015235774219036102294921875">
        <ele>16.200000762939453125</ele>
        <time>2026-08-30T23:28:16.000Z</time>
        <extensions>
          <ns3:TrackPointExtension>
            <ns3:hr>154</ns3:hr>
            <ns3:cad>94</ns3:cad>
          </ns3:TrackPointExtension>
        </extensions>
      </trkpt>
      <trkpt lat="22.5995687954127788543701171875" lon="113.8801770843565464019775390625">
        <ele>16.200000762939453125</ele>
        <time>2026-08-30T23:28:17.000Z</time>
        <extensions>
          <ns3:TrackPointExtension>
            <ns3:hr>154</ns3:hr>
            <ns3:cad>94</ns3:cad>
          </ns3:TrackPointExtension>
        </extensions>
      </trkpt>
      <trkpt lat="22.59958438575267791748046875" lon="113.88021253980696201324462890625">
        <ele>16.3999996185302734375</ele>
        <time>2026-08-30T23:28:18.000Z</time>
        <extensions>
          <ns3:TrackPointExtension>
            <ns3:hr>154</ns3:hr>
            <ns3:cad>94</ns3:cad>
          </ns3:TrackPointExtension>
        </extensions>
      </trkpt>
      <trkpt lat="22.59960860945284366607666015625" lon="113.880246989428997039794921875">
        <ele>16.3999996185302734375</ele>
        <time>2026-08-30T23:28:19.000Z</time>
        <extensions>
          <ns3:TrackPointExtension>
            <ns3:hr>154</ns3:hr>
            <ns3:cad>94</ns3:cad>
          </ns3:TrackPointExtension>
        </extensions>
      </trkpt>
      <trkpt lat="22.59962688200175762176513671875" lon="113.88027439825236797332763671875">
        <ele>16.3999996185302734375</ele>
        <time>2026-08-30T23:28:20.000Z</time>
        <extensions>
          <ns3:TrackPointExtension>
            <ns3:hr>154</ns3:hr>
            <ns3:cad>94</ns3:cad>
          </ns3:TrackPointExtension>
        </extensions>
      </trkpt>
      <trkpt lat="22.599651105701923370361328125" lon="113.88031379319727420806884765625">
        <ele>16.200000762939453125</ele>
        <time>2026-08-30T23:28:21.000Z</time>
        <extensions>
          <ns3:TrackPointExtension>
            <ns3:hr>153</ns3:hr>
            <ns3:cad>94</ns3:cad>
          </ns3:TrackPointExtension>
        </extensions>
      </trkpt>
      <trkpt lat="22.59967130608856678009033203125" lon="113.88033784925937652587890625">
        <ele>16.200000762939453125</ele>
        <time>2026-08-30T23:28:22.000Z</time>
        <extensions>
          <ns3:TrackPointExtension>
            <ns3:hr>152</ns3:hr>
            <ns3:cad>94</ns3:cad>
          </ns3:TrackPointExtension>
        </extensions>
      </trkpt>
      <trkpt lat="22.59968739934265613555908203125" lon="113.88037850148975849151611328125">
        <ele>16.200000762939453125</ele>
        <time>2026-08-30T23:28:23.000Z</time>
        <extensions>
          <ns3:TrackPointExtension>
            <ns3:hr>152</ns3:hr>
            <ns3:cad>94</ns3:cad>
          </ns3:TrackPointExtension>
        </extensions>
      </trkpt>
      <trkpt lat="22.59970818646252155303955078125" lon="113.88040984980762004852294921875">
        <ele>16.200000762939453125</ele>
        <time>2026-08-30T23:28:24.000Z</time>
        <extensions>
          <ns3:TrackPointExtension>
            <ns3:hr>152</ns3:hr>
            <ns3:cad>94</ns3:cad>
          </ns3:TrackPointExtension>
        </extensions>
      </trkpt>
      <trkpt lat="22.59972159750759601593017578125" lon="113.8804375939071178436279296875">
        <ele>16.200000762939453125</ele>
        <time>2026-08-30T23:28:25.000Z</time>
        <extensions>
          <ns3:TrackPointExtension>
            <ns3:hr>152</ns3:hr>
            <ns3:cad>95</ns3:cad>
          </ns3:TrackPointExtension>
        </extensions>
      </trkpt>
      <trkpt lat="22.5997431389987468719482421875" lon="113.88047204352915287017822265625">
        <ele>16.200000762939453125</ele>
        <time>2026-08-30T23:28:26.000Z</time>
        <extensions>
          <ns3:TrackPointExtension>
            <ns3:hr>152</ns3:hr>
            <ns3:cad>95</ns3:cad>
          </ns3:TrackPointExtension>
        </extensions>
      </trkpt>
      <trkpt lat="22.59976275265216827392578125" lon="113.880503475666046142578125">
        <ele>16.3999996185302734375</ele>
        <time>2026-08-30T23:28:27.000Z</time>
        <extensions>
          <ns3:TrackPointExtension>
            <ns3:hr>152</ns3:hr>
            <ns3:cad>95</ns3:cad>
          </ns3:TrackPointExtension>
        </extensions>
      </trkpt>
      <trkpt lat="22.5997753255069255828857421875" lon="113.88054303824901580810546875">
        <ele>16.3999996185302734375</ele>
        <time>2026-08-30T23:28:28.000Z</time>
        <extensions>
          <ns3:TrackPointExtension>
            <ns3:hr>152</ns3:hr>
            <ns3:cad>95</ns3:cad>
          </ns3:TrackPointExtension>
        </extensions>
      </trkpt>
      <trkpt lat="22.59979317896068096160888671875" lon="113.8805750571191310882568359375">
        <ele>16.3999996185302734375</ele>
        <time>2026-08-30T23:28:29.000Z</time>
        <extensions>
          <ns3:TrackPointExtension>
            <ns3:hr>152</ns3:hr>
            <ns3:cad>96</ns3:cad>
          </ns3:TrackPointExtension>
        </extensions>
      </trkpt>
      <trkpt lat="22.59980675764381885528564453125" lon="113.88060883618891239166259765625">
        <ele>16.3999996185302734375</ele>
        <time>2026-08-30T23:28:30.000Z</time>
        <extensions>
          <ns3:TrackPointExtension>
            <ns3:hr>152</ns3:hr>
            <ns3:cad>96</ns3:cad>
          </ns3:TrackPointExtension>
        </extensions>
      </trkpt>
      <trkpt lat="22.5998232699930667877197265625" lon="113.88064621947705745697021484375">
        <ele>16.3999996185302734375</ele>
        <time>2026-08-30T23:28:31.000Z</time>
        <extensions>
          <ns3:TrackPointExtension>
            <ns3:hr>152</ns3:hr>
            <ns3:cad>96</ns3:cad>
          </ns3:TrackPointExtension>
        </extensions>
      </trkpt>
      <trkpt lat="22.599836178123950958251953125" lon="113.88067312538623809814453125">
        <ele>16.3999996185302734375</ele>
        <time>2026-08-30T23:28:32.000Z</time>
        <extensions>
          <ns3:TrackPointExtension>
            <ns3:hr>152</ns3:hr>
            <ns3:cad>95</ns3:cad>
          </ns3:TrackPointExtension>
        </extensions>
      </trkpt>
      <trkpt lat="22.599852271378040313720703125" lon="113.8807162083685398101806640625">
        <ele>16.3999996185302734375</ele>
        <time>2026-08-30T23:28:33.000Z</time>
        <extensions>
          <ns3:TrackPointExtension>
            <ns3:hr>152</ns3:hr>
            <ns3:cad>95</ns3:cad>
          </ns3:TrackPointExtension>
        </extensions>
      </trkpt>
      <trkpt lat="22.5998645089566707611083984375" lon="113.880744539201259613037109375">
        <ele>16.3999996185302734375</ele>
        <time>2026-08-30T23:28:34.000Z</time>
        <extensions>
          <ns3:TrackPointExtension>
            <ns3:hr>152</ns3:hr>
            <ns3:cad>94</ns3:cad>
          </ns3:TrackPointExtension>
        </extensions>
      </trkpt>
      <trkpt lat="22.59987900964915752410888671875" lon="113.8807815872132778167724609375">
        <ele>16.3999996185302734375</ele>
        <time>2026-08-30T23:28:35.000Z</time>
        <extensions>
          <ns3:TrackPointExtension>
            <ns3:hr>153</ns3:hr>
            <ns3:cad>94</ns3:cad>
          </ns3:TrackPointExtension>
        </extensions>
      </trkpt>
      <trkpt lat="22.599897198379039764404296875" lon="113.8808164559304714202880859375">
        <ele>16.6000003814697265625</ele>
        <time>2026-08-30T23:28:36.000Z</time>
        <extensions>
          <ns3:TrackPointExtension>
            <ns3:hr>153</ns3:hr>
            <ns3:cad>94</ns3:cad>
          </ns3:TrackPointExtension>
        </extensions>
      </trkpt>
      <trkpt lat="22.5999084301292896270751953125" lon="113.8808441162109375">
        <ele>16.6000003814697265625</ele>
        <time>2026-08-30T23:28:37.000Z</time>
        <extensions>
          <ns3:TrackPointExtension>
            <ns3:hr>153</ns3:hr>
            <ns3:cad>95</ns3:cad>
          </ns3:TrackPointExtension>
        </extensions>
      </trkpt>
      <trkpt lat="22.59991890750825405120849609375" lon="113.88088460080325603485107421875">
        <ele>16.6000003814697265625</ele>
        <time>2026-08-30T23:28:38.000Z</time>
        <extensions>
          <ns3:TrackPointExtension>
            <ns3:hr>153</ns3:hr>
            <ns3:cad>95</ns3:cad>
          </ns3:TrackPointExtension>
        </extensions>
      </trkpt>
      <trkpt lat="22.59993533603847026824951171875" lon="113.88091318309307098388671875">
        <ele>16.6000003814697265625</ele>
        <time>2026-08-30T23:28:39.000Z</time>
        <extensions>
          <ns3:TrackPointExtension>
            <ns3:hr>154</ns3:hr>
            <ns3:cad>95</ns3:cad>
          </ns3:TrackPointExtension>
        </extensions>
      </trkpt>
      <trkpt lat="22.599948830902576446533203125" lon="113.8809495605528354644775390625">
        <ele>16.3999996185302734375</ele>
        <time>2026-08-30T23:28:40.000Z</time>
        <extensions>
          <ns3:TrackPointExtension>
            <ns3:hr>154</ns3:hr>
            <ns3:cad>95</ns3:cad>
          </ns3:TrackPointExtension>
        </extensions>
      </trkpt>
      <trkpt lat="22.59997020475566387176513671875" lon="113.88098216615617275238037109375">
        <ele>16.3999996185302734375</ele>
        <time>2026-08-30T23:28:41.000Z</time>
        <extensions>
          <ns3:TrackPointExtension>
            <ns3:hr>154</ns3:hr>
            <ns3:cad>94</ns3:cad>
          </ns3:TrackPointExtension>
        </extensions>
      </trkpt>
      <trkpt lat="22.59998914785683155059814453125" lon="113.88101183809340000152587890625">
        <ele>16.3999996185302734375</ele>
        <time>2026-08-30T23:28:42.000Z</time>
        <extensions>
          <ns3:TrackPointExtension>
            <ns3:hr>155</ns3:hr>
            <ns3:cad>95</ns3:cad>
          </ns3:TrackPointExtension>
        </extensions>
      </trkpt>
      <trkpt lat="22.60000406764447689056396484375" lon="113.88105005957186222076416015625">
        <ele>16.3999996185302734375</ele>
        <time>2026-08-30T23:28:43.000Z</time>
        <extensions>
          <ns3:TrackPointExtension>
            <ns3:hr>155</ns3:hr>
            <ns3:cad>95</ns3:cad>
          </ns3:TrackPointExtension>
        </extensions>
      </trkpt>
      <trkpt lat="22.60001546703279018402099609375" lon="113.88108291663229465484619140625">
        <ele>16.3999996185302734375</ele>
        <time>2026-08-30T23:28:44.000Z</time>
        <extensions>
          <ns3:TrackPointExtension>
            <ns3:hr>155</ns3:hr>
            <ns3:cad>95</ns3:cad>
          </ns3:TrackPointExtension>
        </extensions>
      </trkpt>
      <trkpt lat="22.6000234298408031463623046875" lon="113.8811228983104228973388671875">
        <ele>16.3999996185302734375</ele>
        <time>2026-08-30T23:28:45.000Z</time>
        <extensions>
          <ns3:TrackPointExtension>
            <ns3:hr>155</ns3:hr>
            <ns3:cad>95</ns3:cad>
          </ns3:TrackPointExtension>
        </extensions>
      </trkpt>
      <trkpt lat="22.60004094801843166351318359375" lon="113.88115365989506244659423828125">
        <ele>16.3999996185302734375</ele>
        <time>2026-08-30T23:28:46.000Z</time>
        <extensions>
          <ns3:TrackPointExtension>
            <ns3:hr>155</ns3:hr>
            <ns3:cad>95</ns3:cad>
          </ns3:TrackPointExtension>
        </extensions>
      </trkpt>
      <trkpt lat="22.60005368851125240325927734375" lon="113.88118618167936801910400390625">
        <ele>16.3999996185302734375</ele>
        <time>2026-08-30T23:28:47.000Z</time>
        <extensions>
          <ns3:TrackPointExtension>
            <ns3:hr>156</ns3:hr>
            <ns3:cad>96</ns3:cad>
          </ns3:TrackPointExtension>
        </extensions>
      </trkpt>
      <trkpt lat="22.600070536136627197265625" lon="113.881225325167179107666015625">
        <ele>16.3999996185302734375</ele>
        <time>2026-08-30T23:28:48.000Z</time>
        <extensions>
          <ns3:TrackPointExtension>
            <ns3:hr>156</ns3:hr>
            <ns3:cad>96</ns3:cad>
          </ns3:TrackPointExtension>
        </extensions>
      </trkpt>
      <trkpt lat="22.600088976323604583740234375" lon="113.88125927187502384185791015625">
        <ele>16.3999996185302734375</ele>
        <time>2026-08-30T23:28:49.000Z</time>
        <extensions>
          <ns3:TrackPointExtension>
            <ns3:hr>156</ns3:hr>
            <ns3:cad>96</ns3:cad>
          </ns3:TrackPointExtension>
        </extensions>
      </trkpt>
      <trkpt lat="22.6001008786261081695556640625" lon="113.88129481114447116851806640625">
        <ele>16.3999996185302734375</ele>
        <time>2026-08-30T23:28:50.000Z</time>
        <extensions>
          <ns3:TrackPointExtension>
            <ns3:hr>156</ns3:hr>
            <ns3:cad>96</ns3:cad>
          </ns3:TrackPointExtension>
        </extensions>
      </trkpt>
      <trkpt lat="22.60011990554630756378173828125" lon="113.8813267461955547332763671875">
        <ele>16.3999996185302734375</ele>
        <time>2026-08-30T23:28:51.000Z</time>
        <extensions>
          <ns3:TrackPointExtension>
            <ns3:hr>156</ns3:hr>
            <ns3:cad>96</ns3:cad>
          </ns3:TrackPointExtension>
        </extensions>
      </trkpt>
      <trkpt lat="22.6001350767910480499267578125" lon="113.88136220164597034454345703125">
        <ele>16.3999996185302734375</ele>
        <time>2026-08-30T23:28:52.000Z</time>
        <extensions>
          <ns3:TrackPointExtension>
            <ns3:hr>155</ns3:hr>
            <ns3:cad>95</ns3:cad>
          </ns3:TrackPointExtension>
        </extensions>
      </trkpt>
      <trkpt lat="22.60014739818871021270751953125" lon="113.88140059076249599456787109375">
        <ele>16.3999996185302734375</ele>
        <time>2026-08-30T23:28:53.000Z</time>
        <extensions>
          <ns3:TrackPointExtension>
            <ns3:hr>156</ns3:hr>
            <ns3:cad>95</ns3:cad>
          </ns3:TrackPointExtension>
        </extensions>
      </trkpt>
      <trkpt lat="22.60016248561441898345947265625" lon="113.8814300112426280975341796875">
        <ele>16.3999996185302734375</ele>
        <time>2026-08-30T23:28:54.000Z</time>
        <extensions>
          <ns3:TrackPointExtension>
            <ns3:hr>156</ns3:hr>
            <ns3:cad>95</ns3:cad>
          </ns3:TrackPointExtension>
        </extensions>
      </trkpt>
      <trkpt lat="22.60017606429755687713623046875" lon="113.88147569261491298675537109375">
        <ele>16.200000762939453125</ele>
        <time>2026-08-30T23:28:55.000Z</time>
        <extensions>
          <ns3:TrackPointExtension>
            <ns3:hr>156</ns3:hr>
            <ns3:cad>95</ns3:cad>
          </ns3:TrackPointExtension>
        </extensions>
      </trkpt>
      <trkpt lat="22.6001925766468048095703125" lon="113.88150083832442760467529296875">
        <ele>16.200000762939453125</ele>
        <time>2026-08-30T23:28:56.000Z</time>
        <extensions>
          <ns3:TrackPointExtension>
            <ns3:hr>156</ns3:hr>
            <ns3:cad>95</ns3:cad>
          </ns3:TrackPointExtension>
        </extensions>
      </trkpt>
      <trkpt lat="22.60020196437835693359375" lon="113.8815383054316043853759765625">
        <ele>16.200000762939453125</ele>
        <time>2026-08-30T23:28:57.000Z</time>
        <extensions>
          <ns3:TrackPointExtension>
            <ns3:hr>156</ns3:hr>
            <ns3:cad>95</ns3:cad>
          </ns3:TrackPointExtension>
        </extensions>
      </trkpt>
      <trkpt lat="22.60021629743278026580810546875" lon="113.88157426379621028900146484375">
        <ele>16.200000762939453125</ele>
        <time>2026-08-30T23:28:58.000Z</time>
        <extensions>
          <ns3:TrackPointExtension>
            <ns3:hr>156</ns3:hr>
            <ns3:cad>95</ns3:cad>
          </ns3:TrackPointExtension>
        </extensions>
      </trkpt>
      <trkpt lat="22.6002296246588230133056640625" lon="113.8816077075898647308349609375">
        <ele>16.200000762939453125</ele>
        <time>2026-08-30T23:28:59.000Z</time>
        <extensions>
          <ns3:TrackPointExtension>
            <ns3:hr>156</ns3:hr>
            <ns3:cad>96</ns3:cad>
          </ns3:TrackPointExtension>
        </extensions>
      </trkpt>
      <trkpt lat="22.60024261660873889923095703125" lon="113.881648443639278411865234375">
        <ele>16</ele>
        <time>2026-08-30T23:29:00.000Z</time>
        <extensions>
          <ns3:TrackPointExtension>
            <ns3:hr>156</ns3:hr>
            <ns3:cad>96</ns3:cad>
          </ns3:TrackPointExtension>
        </extensions>
      </trkpt>
      <trkpt lat="22.60026122443377971649169921875" lon="113.8816774450242519378662109375">
        <ele>16</ele>
        <time>2026-08-30T23:29:01.000Z</time>
        <extensions>
          <ns3:TrackPointExtension>
            <ns3:hr>157</ns3:hr>
            <ns3:cad>96</ns3:cad>
          </ns3:TrackPointExtension>
        </extensions>
      </trkpt>
      <trkpt lat="22.60027748532593250274658203125" lon="113.8817144930362701416015625">
        <ele>16.200000762939453125</ele>
        <time>2026-08-30T23:29:02.000Z</time>
        <extensions>
          <ns3:TrackPointExtension>
            <ns3:hr>156</ns3:hr>
            <ns3:cad>95</ns3:cad>
          </ns3:TrackPointExtension>
        </extensions>
      </trkpt>
      <trkpt lat="22.6003007031977176666259765625" lon="113.88174089603126049041748046875">
        <ele>16.200000762939453125</ele>
        <time>2026-08-30T23:29:03.000Z</time>
        <extensions>
          <ns3:TrackPointExtension>
            <ns3:hr>156</ns3:hr>
            <ns3:cad>95</ns3:cad>
          </ns3:TrackPointExtension>
        </extensions>
      </trkpt>
      <trkpt lat="22.60031503625214099884033203125" lon="113.8817753456532955169677734375">
        <ele>16</ele>
        <time>2026-08-30T23:29:04.000Z</time>
        <extensions>
          <ns3:TrackPointExtension>
            <ns3:hr>157</ns3:hr>
            <ns3:cad>95</ns3:cad>
          </ns3:TrackPointExtension>
        </extensions>
      </trkpt>
      <trkpt lat="22.6003308780491352081298828125" lon="113.8818068616092205047607421875">
        <ele>16</ele>
        <time>2026-08-30T23:29:05.000Z</time>
        <extensions>
          <ns3:TrackPointExtension>
            <ns3:hr>156</ns3:hr>
            <ns3:cad>95</ns3:cad>
          </ns3:TrackPointExtension>
        </extensions>
      </trkpt>
      <trkpt lat="22.60034135542809963226318359375" lon="113.88183695264160633087158203125">
        <ele>16</ele>
        <time>2026-08-30T23:29:06.000Z</time>
        <extensions>
          <ns3:TrackPointExtension>
            <ns3:hr>156</ns3:hr>
            <ns3:cad>95</ns3:cad>
          </ns3:TrackPointExtension>
        </extensions>
      </trkpt>
      <trkpt lat="22.600352503359317779541015625" lon="113.8818672113120555877685546875">
        <ele>15.80000019073486328125</ele>
        <time>2026-08-30T23:29:07.000Z</time>
        <extensions>
          <ns3:TrackPointExtension>
            <ns3:hr>157</ns3:hr>
            <ns3:cad>94</ns3:cad>
          </ns3:TrackPointExtension>
        </extensions>
      </trkpt>
      <trkpt lat="22.600359879434108734130859375" lon="113.88189160265028476715087890625">
        <ele>15.80000019073486328125</ele>
        <time>2026-08-30T23:29:08.000Z</time>
        <extensions>
          <ns3:TrackPointExtension>
            <ns3:hr>156</ns3:hr>
            <ns3:cad>95</ns3:cad>
          </ns3:TrackPointExtension>
        </extensions>
      </trkpt>
      <trkpt lat="22.60036733932793140411376953125" lon="113.881922028958797454833984375">
        <ele>15.80000019073486328125</ele>
        <time>2026-08-30T23:29:09.000Z</time>
        <extensions>
          <ns3:TrackPointExtension>
            <ns3:hr>156</ns3:hr>
            <ns3:cad>95</ns3:cad>
          </ns3:TrackPointExtension>
        </extensions>
      </trkpt>
      <trkpt lat="22.60038024745881557464599609375" lon="113.8819463364779949188232421875">
        <ele>15.80000019073486328125</ele>
        <time>2026-08-30T23:29:10.000Z</time>
        <extensions>
          <ns3:TrackPointExtension>
            <ns3:hr>157</ns3:hr>
            <ns3:cad>94</ns3:cad>
          </ns3:TrackPointExtension>
        </extensions>
      </trkpt>
      <trkpt lat="22.600394077599048614501953125" lon="113.881978355348110198974609375">
        <ele>15.80000019073486328125</ele>
        <time>2026-08-30T23:29:11.000Z</time>
        <extensions>
          <ns3:TrackPointExtension>
            <ns3:hr>156</ns3:hr>
            <ns3:cad>94</ns3:cad>
          </ns3:TrackPointExtension>
        </extensions>
      </trkpt>
      <trkpt lat="22.60040774010121822357177734375" lon="113.881999813020229339599609375">
        <ele>15.6000003814697265625</ele>
        <time>2026-08-30T23:29:12.000Z</time>
        <extensions>
          <ns3:TrackPointExtension>
            <ns3:hr>156</ns3:hr>
            <ns3:cad>93</ns3:cad>
          </ns3:TrackPointExtension>
        </extensions>
      </trkpt>
      <trkpt lat="22.6004140265285968780517578125" lon="113.88203711248934268951416015625">
        <ele>15.6000003814697265625</ele>
        <time>2026-08-30T23:29:13.000Z</time>
        <extensions>
          <ns3:TrackPointExtension>
            <ns3:hr>157</ns3:hr>
            <ns3:cad>92</ns3:cad>
          </ns3:TrackPointExtension>
        </extensions>
      </trkpt>
      <trkpt lat="22.60043171234428882598876953125" lon="113.8820603303611278533935546875">
        <ele>15.6000003814697265625</ele>
        <time>2026-08-30T23:29:14.000Z</time>
        <extensions>
          <ns3:TrackPointExtension>
            <ns3:hr>156</ns3:hr>
            <ns3:cad>92</ns3:cad>
          </ns3:TrackPointExtension>
        </extensions>
      </trkpt>
      <trkpt lat="22.60044110007584095001220703125" lon="113.88209209777414798736572265625">
        <ele>15.6000003814697265625</ele>
        <time>2026-08-30T23:29:15.000Z</time>
        <extensions>
          <ns3:TrackPointExtension>
            <ns3:hr>156</ns3:hr>
            <ns3:cad>93</ns3:cad>
          </ns3:TrackPointExtension>
        </extensions>
      </trkpt>
      <trkpt lat="22.60045685805380344390869140625" lon="113.8821195065975189208984375">
        <ele>15.6000003814697265625</ele>
        <time>2026-08-30T23:29:16.000Z</time>
        <extensions>
          <ns3:TrackPointExtension>
            <ns3:hr>156</ns3:hr>
            <ns3:cad>93</ns3:cad>
          </ns3:TrackPointExtension>
        </extensions>
      </trkpt>
      <trkpt lat="22.6004688441753387451171875" lon="113.8821434788405895233154296875">
        <ele>15.6000003814697265625</ele>
        <time>2026-08-30T23:29:17.000Z</time>
        <extensions>
          <ns3:TrackPointExtension>
            <ns3:hr>156</ns3:hr>
            <ns3:cad>93</ns3:cad>
          </ns3:TrackPointExtension>
        </extensions>
      </trkpt>
      <trkpt lat="22.600481249392032623291015625" lon="113.88217323459684848785400390625">
        <ele>15.6000003814697265625</ele>
        <time>2026-08-30T23:29:18.000Z</time>
        <extensions>
          <ns3:TrackPointExtension>
            <ns3:hr>155</ns3:hr>
            <ns3:cad>92</ns3:cad>
          </ns3:TrackPointExtension>
        </extensions>
      </trkpt>
      <trkpt lat="22.60049273259937763214111328125" lon="113.88219754211604595184326171875">
        <ele>15.6000003814697265625</ele>
        <time>2026-08-30T23:29:19.000Z</time>
        <extensions>
          <ns3:TrackPointExtension>
            <ns3:hr>155</ns3:hr>
            <ns3:cad>92</ns3:cad>
          </ns3:TrackPointExtension>
        </extensions>
      </trkpt>
      <trkpt lat="22.6005035452544689178466796875" lon="113.88222922571003437042236328125">
        <ele>15.6000003814697265625</ele>
        <time>2026-08-30T23:29:20.000Z</time>
        <extensions>
          <ns3:TrackPointExtension>
            <ns3:hr>155</ns3:hr>
            <ns3:cad>92</ns3:cad>
          </ns3:TrackPointExtension>
        </extensions>
      </trkpt>
      <trkpt lat="22.60051921941339969635009765625" lon="113.88225034810602664947509765625">
        <ele>15.6000003814697265625</ele>
        <time>2026-08-30T23:29:21.000Z</time>
        <extensions>
          <ns3:TrackPointExtension>
            <ns3:hr>155</ns3:hr>
            <ns3:cad>92</ns3:cad>
          </ns3:TrackPointExtension>
        </extensions>
      </trkpt>
      <trkpt lat="22.60053514502942562103271484375" lon="113.88228270225226879119873046875">
        <ele>15.6000003814697265625</ele>
        <time>2026-08-30T23:29:22.000Z</time>
        <extensions>
          <ns3:TrackPointExtension>
            <ns3:hr>154</ns3:hr>
            <ns3:cad>93</ns3:cad>
          </ns3:TrackPointExtension>
        </extensions>
      </trkpt>
      <trkpt lat="22.60054998099803924560546875" lon="113.88230131007730960845947265625">
        <ele>15.6000003814697265625</ele>
        <time>2026-08-30T23:29:23.000Z</time>
        <extensions>
          <ns3:TrackPointExtension>
            <ns3:hr>154</ns3:hr>
            <ns3:cad>94</ns3:cad>
          </ns3:TrackPointExtension>
        </extensions>
      </trkpt>
      <trkpt lat="22.60056112892925739288330078125" lon="113.882337100803852081298828125">
        <ele>15.6000003814697265625</ele>
        <time>2026-08-30T23:29:24.000Z</time>
        <extensions>
          <ns3:TrackPointExtension>
            <ns3:hr>154</ns3:hr>
            <ns3:cad>93</ns3:cad>
          </ns3:TrackPointExtension>
        </extensions>
      </trkpt>
      <trkpt lat="22.6005729474127292633056640625" lon="113.88236333616077899932861328125">
        <ele>15.6000003814697265625</ele>
        <time>2026-08-30T23:29:25.000Z</time>
        <extensions>
          <ns3:TrackPointExtension>
            <ns3:hr>155</ns3:hr>
            <ns3:cad>93</ns3:cad>
          </ns3:TrackPointExtension>
        </extensions>
      </trkpt>
      <trkpt lat="22.60058342479169368743896484375" lon="113.88239250518381595611572265625">
        <ele>15.6000003814697265625</ele>
        <time>2026-08-30T23:29:26.000Z</time>
        <extensions>
          <ns3:TrackPointExtension>
            <ns3:hr>154</ns3:hr>
            <ns3:cad>93</ns3:cad>
          </ns3:TrackPointExtension>
        </extensions>
      </trkpt>
      <trkpt lat="22.60059499181807041168212890625" lon="113.8824225962162017822265625">
        <ele>15.6000003814697265625</ele>
        <time>2026-08-30T23:29:27.000Z</time>
        <extensions>
          <ns3:TrackPointExtension>
            <ns3:hr>154</ns3:hr>
            <ns3:cad>93</ns3:cad>
          </ns3:TrackPointExtension>
        </extensions>
      </trkpt>
      <trkpt lat="22.6006004400551319122314453125" lon="113.88245218433439731597900390625">
        <ele>15.6000003814697265625</ele>
        <time>2026-08-30T23:29:28.000Z</time>
        <extensions>
          <ns3:TrackPointExtension>
            <ns3:hr>154</ns3:hr>
            <ns3:cad>93</ns3:cad>
          </ns3:TrackPointExtension>
        </extensions>
      </trkpt>
      <trkpt lat="22.600606977939605712890625" lon="113.88248856179416179656982421875">
        <ele>15.6000003814697265625</ele>
        <time>2026-08-30T23:29:29.000Z</time>
        <extensions>
          <ns3:TrackPointExtension>
            <ns3:hr>154</ns3:hr>
            <ns3:cad>94</ns3:cad>
          </ns3:TrackPointExtension>
        </extensions>
      </trkpt>
      <trkpt lat="22.60062164627015590667724609375" lon="113.88251504860818386077880859375">
        <ele>15.6000003814697265625</ele>
        <time>2026-08-30T23:29:30.000Z</time>
        <extensions>
          <ns3:TrackPointExtension>
            <ns3:hr>154</ns3:hr>
            <ns3:cad>94</ns3:cad>
          </ns3:TrackPointExtension>
        </extensions>
      </trkpt>
      <trkpt lat="22.6006339676678180694580078125" lon="113.8825474865734577178955078125">
        <ele>15.6000003814697265625</ele>
        <time>2026-08-30T23:29:31.000Z</time>
        <extensions>
          <ns3:TrackPointExtension>
            <ns3:hr>154</ns3:hr>
            <ns3:cad>93</ns3:cad>
          </ns3:TrackPointExtension>
        </extensions>
      </trkpt>
      <trkpt lat="22.60064997710287570953369140625" lon="113.88257087208330631256103515625">
        <ele>15.6000003814697265625</ele>
        <time>2026-08-30T23:29:32.000Z</time>
        <extensions>
          <ns3:TrackPointExtension>
            <ns3:hr>154</ns3:hr>
            <ns3:cad>93</ns3:cad>
          </ns3:TrackPointExtension>
        </extensions>
      </trkpt>
      <trkpt lat="22.600661627948284149169921875" lon="113.8826028071343898773193359375">
        <ele>15.6000003814697265625</ele>
        <time>2026-08-30T23:29:33.000Z</time>
        <extensions>
          <ns3:TrackPointExtension>
            <ns3:hr>154</ns3:hr>
            <ns3:cad>93</ns3:cad>
          </ns3:TrackPointExtension>
        </extensions>
      </trkpt>
      <trkpt lat="22.60067604482173919677734375" lon="113.88263172470033168792724609375">
        <ele>15.6000003814697265625</ele>
        <time>2026-08-30T23:29:34.000Z</time>
        <extensions>
          <ns3:TrackPointExtension>
            <ns3:hr>153</ns3:hr>
            <ns3:cad>94</ns3:cad>
          </ns3:TrackPointExtension>
        </extensions>
      </trkpt>
      <trkpt lat="22.6006852649152278900146484375" lon="113.8826586306095123291015625">
        <ele>15.6000003814697265625</ele>
        <time>2026-08-30T23:29:35.000Z</time>
        <extensions>
          <ns3:TrackPointExtension>
            <ns3:hr>153</ns3:hr>
            <ns3:cad>94</ns3:cad>
          </ns3:TrackPointExtension>
        </extensions>
      </trkpt>
      <trkpt lat="22.60069775395095348358154296875" lon="113.88269157148897647857666015625">
        <ele>15.6000003814697265625</ele>
        <time>2026-08-30T23:29:36.000Z</time>
        <extensions>
          <ns3:TrackPointExtension>
            <ns3:hr>153</ns3:hr>
            <ns3:cad>94</ns3:cad>
          </ns3:TrackPointExtension>
        </extensions>
      </trkpt>
      <trkpt lat="22.6007100753486156463623046875" lon="113.88271319679915904998779296875">
        <ele>15.6000003814697265625</ele>
        <time>2026-08-30T23:29:37.000Z</time>
        <extensions>
          <ns3:TrackPointExtension>
            <ns3:hr>152</ns3:hr>
            <ns3:cad>94</ns3:cad>
          </ns3:TrackPointExtension>
        </extensions>
      </trkpt>
      <trkpt lat="22.60072558186948299407958984375" lon="113.88274538330733776092529296875">
        <ele>15.6000003814697265625</ele>
        <time>2026-08-30T23:29:38.000Z</time>
        <extensions>
          <ns3:TrackPointExtension>
            <ns3:hr>152</ns3:hr>
            <ns3:cad>94</ns3:cad>
          </ns3:TrackPointExtension>
        </extensions>
      </trkpt>
      <trkpt lat="22.60074050165712833404541015625" lon="113.8827677629888057708740234375">
        <ele>15.6000003814697265625</ele>
        <time>2026-08-30T23:29:39.000Z</time>
        <extensions>
          <ns3:TrackPointExtension>
            <ns3:hr>152</ns3:hr>
            <ns3:cad>93</ns3:cad>
          </ns3:TrackPointExtension>
        </extensions>
      </trkpt>
      <trkpt lat="22.60075391270220279693603515625" lon="113.882797770202159881591796875">
        <ele>15.6000003814697265625</ele>
        <time>2026-08-30T23:29:40.000Z</time>
        <extensions>
          <ns3:TrackPointExtension>
            <ns3:hr>152</ns3:hr>
            <ns3:cad>93</ns3:cad>
          </ns3:TrackPointExtension>
        </extensions>
      </trkpt>
      <trkpt lat="22.6007690839469432830810546875" lon="113.88282149098813533782958984375">
        <ele>15.6000003814697265625</ele>
        <time>2026-08-30T23:29:41.000Z</time>
        <extensions>
          <ns3:TrackPointExtension>
            <ns3:hr>151</ns3:hr>
            <ns3:cad>93</ns3:cad>
          </ns3:TrackPointExtension>
        </extensions>
      </trkpt>
      <trkpt lat="22.6007848419249057769775390625" lon="113.88285116292536258697509765625">
        <ele>15.6000003814697265625</ele>
        <time>2026-08-30T23:29:42.000Z</time>
        <extensions>
          <ns3:TrackPointExtension>
            <ns3:hr>152</ns3:hr>
            <ns3:cad>93</ns3:cad>
          </ns3:TrackPointExtension>
        </extensions>
      </trkpt>
      <trkpt lat="22.60079951025545597076416015625" lon="113.882878907024860382080078125">
        <ele>15.6000003814697265625</ele>
        <time>2026-08-30T23:29:43.000Z</time>
        <extensions>
          <ns3:TrackPointExtension>
            <ns3:hr>152</ns3:hr>
            <ns3:cad>94</ns3:cad>
          </ns3:TrackPointExtension>
        </extensions>
      </trkpt>
      <trkpt lat="22.60080873034894466400146484375" lon="113.88290648348629474639892578125">
        <ele>15.6000003814697265625</ele>
        <time>2026-08-30T23:29:44.000Z</time>
        <extensions>
          <ns3:TrackPointExtension>
            <ns3:hr>151</ns3:hr>
            <ns3:cad>94</ns3:cad>
          </ns3:TrackPointExtension>
        </extensions>
      </trkpt>
      <trkpt lat="22.60082297958433628082275390625" lon="113.88293799944221973419189453125">
        <ele>15.6000003814697265625</ele>
        <time>2026-08-30T23:29:45.000Z</time>
        <extensions>
          <ns3:TrackPointExtension>
            <ns3:hr>151</ns3:hr>
            <ns3:cad>93</ns3:cad>
          </ns3:TrackPointExtension>
        </extensions>
      </trkpt>
      <trkpt lat="22.600831948220729827880859375" lon="113.8829645700752735137939453125">
        <ele>15.6000003814697265625</ele>
        <time>2026-08-30T23:29:46.000Z</time>
        <extensions>
          <ns3:TrackPointExtension>
            <ns3:hr>150</ns3:hr>
            <ns3:cad>93</ns3:cad>
          </ns3:TrackPointExtension>
        </extensions>
      </trkpt>
      <trkpt lat="22.600844688713550567626953125" lon="113.88299457728862762451171875">
        <ele>15.80000019073486328125</ele>
        <time>2026-08-30T23:29:47.000Z</time>
        <extensions>
          <ns3:TrackPointExtension>
            <ns3:hr>149</ns3:hr>
            <ns3:cad>93</ns3:cad>
          </ns3:TrackPointExtension>
        </extensions>
      </trkpt>
      <trkpt lat="22.60085801593959331512451171875" lon="113.88301947154104709625244140625">
        <ele>15.80000019073486328125</ele>
        <time>2026-08-30T23:29:48.000Z</time>
        <extensions>
          <ns3:TrackPointExtension>
            <ns3:hr>149</ns3:hr>
            <ns3:cad>92</ns3:cad>
          </ns3:TrackPointExtension>
        </extensions>
      </trkpt>
      <trkpt lat="22.600880563259124755859375" lon="113.883047215640544891357421875">
        <ele>15.80000019073486328125</ele>
        <time>2026-08-30T23:29:49.000Z</time>
        <extensions>
          <ns3:TrackPointExtension>
            <ns3:hr>149</ns3:hr>
            <ns3:cad>92</ns3:cad>
          </ns3:TrackPointExtension>
        </extensions>
      </trkpt>
      <trkpt lat="22.60089556686580181121826171875" lon="113.8830690085887908935546875">
        <ele>15.80000019073486328125</ele>
        <time>2026-08-30T23:29:50.000Z</time>
        <extensions>
          <ns3:TrackPointExtension>
            <ns3:hr>148</ns3:hr>
            <ns3:cad>92</ns3:cad>
          </ns3:TrackPointExtension>
        </extensions>
      </trkpt>
      <trkpt lat="22.60090394876897335052490234375" lon="113.8831006921827793121337890625">
        <ele>15.80000019073486328125</ele>
        <time>2026-08-30T23:29:51.000Z</time>
        <extensions>
          <ns3:TrackPointExtension>
            <ns3:hr>149</ns3:hr>
            <ns3:cad>92</ns3:cad>
          </ns3:TrackPointExtension>
        </extensions>
      </trkpt>
      <trkpt lat="22.6009189523756504058837890625" lon="113.88312877155840396881103515625">
        <ele>15.80000019073486328125</ele>
        <time>2026-08-30T23:29:52.000Z</time>
        <extensions>
          <ns3:TrackPointExtension>
            <ns3:hr>149</ns3:hr>
            <ns3:cad>92</ns3:cad>
          </ns3:TrackPointExtension>
        </extensions>
      </trkpt>
      <trkpt lat="22.60092951357364654541015625" lon="113.88315609656274318695068359375">
        <ele>15.80000019073486328125</ele>
        <time>2026-08-30T23:29:53.000Z</time>
        <extensions>
          <ns3:TrackPointExtension>
            <ns3:hr>149</ns3:hr>
            <ns3:cad>92</ns3:cad>
          </ns3:TrackPointExtension>
        </extensions>
      </trkpt>
      <trkpt lat="22.6009397394955158233642578125" lon="113.883190043270587921142578125">
        <ele>15.80000019073486328125</ele>
        <time>2026-08-30T23:29:54.000Z</time>
        <extensions>
          <ns3:TrackPointExtension>
            <ns3:hr>148</ns3:hr>
            <ns3:cad>93</ns3:cad>
          </ns3:TrackPointExtension>
        </extensions>
      </trkpt>
      <trkpt lat="22.60095088742673397064208984375" lon="113.8832165300846099853515625">
        <ele>15.80000019073486328125</ele>
        <time>2026-08-30T23:29:55.000Z</time>
        <extensions>
          <ns3:TrackPointExtension>
            <ns3:hr>149</ns3:hr>
            <ns3:cad>94</ns3:cad>
          </ns3:TrackPointExtension>
        </extensions>
      </trkpt>
      <trkpt lat="22.6009689085185527801513671875" lon="113.88324896804988384246826171875">
        <ele>16</ele>
        <time>2026-08-30T23:29:56.000Z</time>
        <extensions>
          <ns3:TrackPointExtension>
            <ns3:hr>149</ns3:hr>
            <ns3:cad>94</ns3:cad>
          </ns3:TrackPointExtension>
        </extensions>
      </trkpt>
      <trkpt lat="22.60098173283040523529052734375" lon="113.8832673244178295135498046875">
        <ele>16</ele>
        <time>2026-08-30T23:29:57.000Z</time>
        <extensions>
          <ns3:TrackPointExtension>
            <ns3:hr>149</ns3:hr>
            <ns3:cad>94</ns3:cad>
          </ns3:TrackPointExtension>
        </extensions>
      </trkpt>
      <trkpt lat="22.6009984128177165985107421875" lon="113.88330060057342052459716796875">
        <ele>16</ele>
        <time>2026-08-30T23:29:58.000Z</time>
        <extensions>
          <ns3:TrackPointExtension>
            <ns3:hr>148</ns3:hr>
            <ns3:cad>94</ns3:cad>
          </ns3:TrackPointExtension>
        </extensions>
      </trkpt>
      <trkpt lat="22.601017691195011138916015625" lon="113.88332222588360309600830078125">
        <ele>16</ele>
        <time>2026-08-30T23:29:59.000Z</time>
        <extensions>
          <ns3:TrackPointExtension>
            <ns3:hr>149</ns3:hr>
            <ns3:cad>93</ns3:cad>
          </ns3:TrackPointExtension>
        </extensions>
      </trkpt>
      <trkpt lat="22.6010309346020221710205078125" lon="113.8833521492779254913330078125">
        <ele>16</ele>
        <time>2026-08-30T23:30:00.000Z</time>
        <extensions>
          <ns3:TrackPointExtension>
            <ns3:hr>149</ns3:hr>
            <ns3:cad>94</ns3:cad>
          </ns3:TrackPointExtension>
        </extensions>
      </trkpt>
      <trkpt lat="22.60104510001838207244873046875" lon="113.88338148593902587890625">
        <ele>16.200000762939453125</ele>
        <time>2026-08-30T23:30:01.000Z</time>
        <extensions>
          <ns3:TrackPointExtension>
            <ns3:hr>148</ns3:hr>
            <ns3:cad>94</ns3:cad>
          </ns3:TrackPointExtension>
        </extensions>
      </trkpt>
      <trkpt lat="22.6010564155876636505126953125" lon="113.8834078051149845123291015625">
        <ele>16.200000762939453125</ele>
        <time>2026-08-30T23:30:02.000Z</time>
        <extensions>
          <ns3:TrackPointExtension>
            <ns3:hr>149</ns3:hr>
            <ns3:cad>94</ns3:cad>
          </ns3:TrackPointExtension>
        </extensions>
      </trkpt>
      <trkpt lat="22.60107301175594329833984375" lon="113.883437477052211761474609375">
        <ele>16.200000762939453125</ele>
        <time>2026-08-30T23:30:03.000Z</time>
        <extensions>
          <ns3:TrackPointExtension>
            <ns3:hr>148</ns3:hr>
            <ns3:cad>94</ns3:cad>
          </ns3:TrackPointExtension>
        </extensions>
      </trkpt>
      <trkpt lat="22.60108633898198604583740234375" lon="113.8834594376385211944580078125">
        <ele>16.200000762939453125</ele>
        <time>2026-08-30T23:30:04.000Z</time>
        <extensions>
          <ns3:TrackPointExtension>
            <ns3:hr>148</ns3:hr>
            <ns3:cad>92</ns3:cad>
          </ns3:TrackPointExtension>
        </extensions>
      </trkpt>
      <trkpt lat="22.601108215749263763427734375" lon="113.883488439023494720458984375">
        <ele>16</ele>
        <time>2026-08-30T23:30:05.000Z</time>
        <extensions>
          <ns3:TrackPointExtension>
            <ns3:hr>148</ns3:hr>
            <ns3:cad>92</ns3:cad>
          </ns3:TrackPointExtension>
        </extensions>
      </trkpt>
      <trkpt lat="22.60112539865076541900634765625" lon="113.88351098634302616119384765625">
        <ele>16</ele>
        <time>2026-08-30T23:30:06.000Z</time>
        <extensions>
          <ns3:TrackPointExtension>
            <ns3:hr>148</ns3:hr>
            <ns3:cad>92</ns3:cad>
          </ns3:TrackPointExtension>
        </extensions>
      </trkpt>
      <trkpt lat="22.6011392287909984588623046875" lon="113.883546106517314910888671875">
        <ele>16</ele>
        <time>2026-08-30T23:30:07.000Z</time>
        <extensions>
          <ns3:TrackPointExtension>
            <ns3:hr>149</ns3:hr>
            <ns3:cad>92</ns3:cad>
          </ns3:TrackPointExtension>
        </extensions>
      </trkpt>
      <trkpt lat="22.60115372948348522186279296875" lon="113.88356898911297321319580078125">
        <ele>16</ele>
        <time>2026-08-30T23:30:08.000Z</time>
        <extensions>
          <ns3:TrackPointExtension>
            <ns3:hr>148</ns3:hr>
            <ns3:cad>92</ns3:cad>
          </ns3:TrackPointExtension>
        </extensions>
      </trkpt>
      <trkpt lat="22.6011613570153713226318359375" lon="113.88360209763050079345703125">
        <ele>16</ele>
        <time>2026-08-30T23:30:09.000Z</time>
        <extensions>
          <ns3:TrackPointExtension>
            <ns3:hr>148</ns3:hr>
            <ns3:cad>94</ns3:cad>
          </ns3:TrackPointExtension>
        </extensions>
      </trkpt>
      <trkpt lat="22.60117049328982830047607421875" lon="113.8836253993213176727294921875">
        <ele>16</ele>
        <time>2026-08-30T23:30:10.000Z</time>
        <extensions>
          <ns3:TrackPointExtension>
            <ns3:hr>149</ns3:hr>
            <ns3:cad>94</ns3:cad>
          </ns3:TrackPointExtension>
        </extensions>
      </trkpt>
      <trkpt lat="22.601178623735904693603515625" lon="113.88365347869694232940673828125">
        <ele>16.200000762939453125</ele>
        <time>2026-08-30T23:30:11.000Z</time>
        <extensions>
          <ns3:TrackPointExtension>
            <ns3:hr>149</ns3:hr>
            <ns3:cad>93</ns3:cad>
          </ns3:TrackPointExtension>
        </extensions>
      </trkpt>
      <trkpt lat="22.60118826292455196380615234375" lon="113.88368180952966213226318359375">
        <ele>16.200000762939453125</ele>
        <time>2026-08-30T23:30:12.000Z</time>
        <extensions>
          <ns3:TrackPointExtension>
            <ns3:hr>148</ns3:hr>
            <ns3:cad>93</ns3:cad>
          </ns3:TrackPointExtension>
        </extensions>
      </trkpt>
      <trkpt lat="22.6011958904564380645751953125" lon="113.883705697953701019287109375">
        <ele>16.200000762939453125</ele>
        <time>2026-08-30T23:30:13.000Z</time>
        <extensions>
          <ns3:TrackPointExtension>
            <ns3:hr>148</ns3:hr>
            <ns3:cad>93</ns3:cad>
          </ns3:TrackPointExtension>
        </extensions>
      </trkpt>
      <trkpt lat="22.60120200924575328826904296875" lon="113.883729837834835052490234375">
        <ele>16.200000762939453125</ele>
        <time>2026-08-30T23:30:14.000Z</time>
        <extensions>
          <ns3:TrackPointExtension>
            <ns3:hr>148</ns3:hr>
            <ns3:cad>93</ns3:cad>
          </ns3:TrackPointExtension>
        </extensions>
      </trkpt>
      <trkpt lat="22.60120536200702190399169921875" lon="113.883747942745685577392578125">
        <ele>16.200000762939453125</ele>
        <time>2026-08-30T23:30:15.000Z</time>
        <extensions>
          <ns3:TrackPointExtension>
            <ns3:hr>148</ns3:hr>
            <ns3:cad>93</ns3:cad>
          </ns3:TrackPointExtension>
        </extensions>
      </trkpt>
      <trkpt lat="22.60121625848114490509033203125" lon="113.8837744295597076416015625">
        <ele>16.200000762939453125</ele>
        <time>2026-08-30T23:30:16.000Z</time>
        <extensions>
          <ns3:TrackPointExtension>
            <ns3:hr>148</ns3:hr>
            <ns3:cad>94</ns3:cad>
          </ns3:TrackPointExtension>
        </extensions>
      </trkpt>
      <trkpt lat="22.60122329927980899810791015625" lon="113.88379697687923908233642578125">
        <ele>16.200000762939453125</ele>
        <time>2026-08-30T23:30:17.000Z</time>
        <extensions>
          <ns3:TrackPointExtension>
            <ns3:hr>148</ns3:hr>
            <ns3:cad>92</ns3:cad>
          </ns3:TrackPointExtension>
        </extensions>
      </trkpt>
      <trkpt lat="22.6012351177632808685302734375" lon="113.88382312841713428497314453125">
        <ele>16.200000762939453125</ele>
        <time>2026-08-30T23:30:18.000Z</time>
        <extensions>
          <ns3:TrackPointExtension>
            <ns3:hr>148</ns3:hr>
            <ns3:cad>92</ns3:cad>
          </ns3:TrackPointExtension>
        </extensions>
      </trkpt>
      <trkpt lat="22.60124559514224529266357421875" lon="113.88384793885052204132080078125">
        <ele>16.200000762939453125</ele>
        <time>2026-08-30T23:30:19.000Z</time>
        <extensions>
          <ns3:TrackPointExtension>
            <ns3:hr>148</ns3:hr>
            <ns3:cad>92</ns3:cad>
          </ns3:TrackPointExtension>
        </extensions>
      </trkpt>
      <trkpt lat="22.60125850327312946319580078125" lon="113.88388314284384250640869140625">
        <ele>16.3999996185302734375</ele>
        <time>2026-08-30T23:30:20.000Z</time>
        <extensions>
          <ns3:TrackPointExtension>
            <ns3:hr>147</ns3:hr>
            <ns3:cad>92</ns3:cad>
          </ns3:TrackPointExtension>
        </extensions>
      </trkpt>
      <trkpt lat="22.6012760214507579803466796875" lon="113.88391180895268917083740234375">
        <ele>16.3999996185302734375</ele>
        <time>2026-08-30T23:30:21.000Z</time>
        <extensions>
          <ns3:TrackPointExtension>
            <ns3:hr>147</ns3:hr>
            <ns3:cad>93</ns3:cad>
          </ns3:TrackPointExtension>
        </extensions>
      </trkpt>
      <trkpt lat="22.6012907736003398895263671875" lon="113.88393930159509181976318359375">
        <ele>16.3999996185302734375</ele>
        <time>2026-08-30T23:30:22.000Z</time>
        <extensions>
          <ns3:TrackPointExtension>
            <ns3:hr>147</ns3:hr>
            <ns3:cad>92</ns3:cad>
          </ns3:TrackPointExtension>
        </extensions>
      </trkpt>
      <trkpt lat="22.6013085432350635528564453125" lon="113.88396930880844593048095703125">
        <ele>16.3999996185302734375</ele>
        <time>2026-08-30T23:30:23.000Z</time>
        <extensions>
          <ns3:TrackPointExtension>
            <ns3:hr>147</ns3:hr>
            <ns3:cad>92</ns3:cad>
          </ns3:TrackPointExtension>
        </extensions>
      </trkpt>
      <trkpt lat="22.601326145231723785400390625" lon="113.88399311341345310211181640625">
        <ele>16.3999996185302734375</ele>
        <time>2026-08-30T23:30:24.000Z</time>
        <extensions>
          <ns3:TrackPointExtension>
            <ns3:hr>146</ns3:hr>
            <ns3:cad>92</ns3:cad>
          </ns3:TrackPointExtension>
        </extensions>
      </trkpt>
      <trkpt lat="22.60134081356227397918701171875" lon="113.8840240426361560821533203125">
        <ele>16.3999996185302734375</ele>
        <time>2026-08-30T23:30:25.000Z</time>
        <extensions>
          <ns3:TrackPointExtension>
            <ns3:hr>146</ns3:hr>
            <ns3:cad>92</ns3:cad>
          </ns3:TrackPointExtension>
        </extensions>
      </trkpt>
      <trkpt lat="22.6013527996838092803955078125" lon="113.8840458355844020843505859375">
        <ele>16.200000762939453125</ele>
        <time>2026-08-30T23:30:26.000Z</time>
        <extensions>
          <ns3:TrackPointExtension>
            <ns3:hr>146</ns3:hr>
            <ns3:cad>92</ns3:cad>
          </ns3:TrackPointExtension>
        </extensions>
      </trkpt>
      <trkpt lat="22.6013645343482494354248046875" lon="113.88407458551228046417236328125">
        <ele>16.200000762939453125</ele>
        <time>2026-08-30T23:30:27.000Z</time>
        <extensions>
          <ns3:TrackPointExtension>
            <ns3:hr>146</ns3:hr>
            <ns3:cad>94</ns3:cad>
          </ns3:TrackPointExtension>
        </extensions>
      </trkpt>
      <trkpt lat="22.601378448307514190673828125" lon="113.88409805484116077423095703125">
        <ele>16.200000762939453125</ele>
        <time>2026-08-30T23:30:28.000Z</time>
        <extensions>
          <ns3:TrackPointExtension>
            <ns3:hr>146</ns3:hr>
            <ns3:cad>94</ns3:cad>
          </ns3:TrackPointExtension>
        </extensions>
      </trkpt>
      <trkpt lat="22.601389177143573760986328125" lon="113.884129486978054046630859375">
        <ele>16.200000762939453125</ele>
        <time>2026-08-30T23:30:29.000Z</time>
        <extensions>
          <ns3:TrackPointExtension>
            <ns3:hr>145</ns3:hr>
            <ns3:cad>94</ns3:cad>
          </ns3:TrackPointExtension>
        </extensions>
      </trkpt>
      <trkpt lat="22.6013963855803012847900390625" lon="113.8841591589152812957763671875">
        <ele>16.3999996185302734375</ele>
        <time>2026-08-30T23:30:30.000Z</time>
        <extensions>
          <ns3:TrackPointExtension>
            <ns3:hr>146</ns3:hr>
            <ns3:cad>94</ns3:cad>
          </ns3:TrackPointExtension>
        </extensions>
      </trkpt>
      <trkpt lat="22.60140384547412395477294921875" lon="113.88418958522379398345947265625">
        <ele>16.3999996185302734375</ele>
        <time>2026-08-30T23:30:31.000Z</time>
        <extensions>
          <ns3:TrackPointExtension>
            <ns3:hr>145</ns3:hr>
            <ns3:cad>93</ns3:cad>
          </ns3:TrackPointExtension>
        </extensions>
      </trkpt>
      <trkpt lat="22.60141558013856410980224609375" lon="113.8842236995697021484375">
        <ele>16.3999996185302734375</ele>
        <time>2026-08-30T23:30:32.000Z</time>
        <extensions>
          <ns3:TrackPointExtension>
            <ns3:hr>145</ns3:hr>
            <ns3:cad>93</ns3:cad>
          </ns3:TrackPointExtension>
        </extensions>
      </trkpt>
      <trkpt lat="22.60142765007913112640380859375" lon="113.884249515831470489501953125">
        <ele>16.3999996185302734375</ele>
        <time>2026-08-30T23:30:33.000Z</time>
        <extensions>
          <ns3:TrackPointExtension>
            <ns3:hr>145</ns3:hr>
            <ns3:cad>93</ns3:cad>
          </ns3:TrackPointExtension>
        </extensions>
      </trkpt>
      <trkpt lat="22.601435445249080657958984375" lon="113.8842835463583469390869140625">
        <ele>16.3999996185302734375</ele>
        <time>2026-08-30T23:30:34.000Z</time>
        <extensions>
          <ns3:TrackPointExtension>
            <ns3:hr>146</ns3:hr>
            <ns3:cad>93</ns3:cad>
          </ns3:TrackPointExtension>
        </extensions>
      </trkpt>
      <trkpt lat="22.6014423184096813201904296875" lon="113.88430743478238582611083984375">
        <ele>16.200000762939453125</ele>
        <time>2026-08-30T23:30:35.000Z</time>
        <extensions>
          <ns3:TrackPointExtension>
            <ns3:hr>145</ns3:hr>
            <ns3:cad>93</ns3:cad>
          </ns3:TrackPointExtension>
        </extensions>
      </trkpt>
      <trkpt lat="22.60145313106477260589599609375" lon="113.88434113003313541412353515625">
        <ele>16.200000762939453125</ele>
        <time>2026-08-30T23:30:36.000Z</time>
        <extensions>
          <ns3:TrackPointExtension>
            <ns3:hr>145</ns3:hr>
            <ns3:cad>94</ns3:cad>
          </ns3:TrackPointExtension>
        </extensions>
      </trkpt>
      <trkpt lat="22.60146117769181728363037109375" lon="113.88436694629490375518798828125">
        <ele>16.200000762939453125</ele>
        <time>2026-08-30T23:30:37.000Z</time>
        <extensions>
          <ns3:TrackPointExtension>
            <ns3:hr>145</ns3:hr>
            <ns3:cad>93</ns3:cad>
          </ns3:TrackPointExtension>
        </extensions>
      </trkpt>
      <trkpt lat="22.60146972723305225372314453125" lon="113.88439494185149669647216796875">
        <ele>16.200000762939453125</ele>
        <time>2026-08-30T23:30:38.000Z</time>
        <extensions>
          <ns3:TrackPointExtension>
            <ns3:hr>145</ns3:hr>
            <ns3:cad>93</ns3:cad>
          </ns3:TrackPointExtension>
        </extensions>
      </trkpt>
      <trkpt lat="22.60148364119231700897216796875" lon="113.8844240270555019378662109375">
        <ele>16.200000762939453125</ele>
        <time>2026-08-30T23:30:39.000Z</time>
        <extensions>
          <ns3:TrackPointExtension>
            <ns3:hr>145</ns3:hr>
            <ns3:cad>93</ns3:cad>
          </ns3:TrackPointExtension>
        </extensions>
      </trkpt>
      <trkpt lat="22.6014934480190277099609375" lon="113.884453363716602325439453125">
        <ele>16</ele>
        <time>2026-08-30T23:30:40.000Z</time>
        <extensions>
          <ns3:TrackPointExtension>
            <ns3:hr>145</ns3:hr>
            <ns3:cad>93</ns3:cad>
          </ns3:TrackPointExtension>
        </extensions>
      </trkpt>
      <trkpt lat="22.60150224901735782623291015625" lon="113.88448731042444705963134765625">
        <ele>16</ele>
        <time>2026-08-30T23:30:41.000Z</time>
        <extensions>
          <ns3:TrackPointExtension>
            <ns3:hr>145</ns3:hr>
            <ns3:cad>94</ns3:cad>
          </ns3:TrackPointExtension>
        </extensions>
      </trkpt>
      <trkpt lat="22.60151130147278308868408203125" lon="113.884513378143310546875">
        <ele>16</ele>
        <time>2026-08-30T23:30:42.000Z</time>
        <extensions>
          <ns3:TrackPointExtension>
            <ns3:hr>146</ns3:hr>
            <ns3:cad>92</ns3:cad>
          </ns3:TrackPointExtension>
        </extensions>
      </trkpt>
      <trkpt lat="22.601514570415019989013671875" lon="113.88455101288855075836181640625">
        <ele>16</ele>
        <time>2026-08-30T23:30:43.000Z</time>
        <extensions>
          <ns3:TrackPointExtension>
            <ns3:hr>146</ns3:hr>
            <ns3:cad>92</ns3:cad>
          </ns3:TrackPointExtension>
        </extensions>
      </trkpt>
      <trkpt lat="22.6015224494040012359619140625" lon="113.88457599096000194549560546875">
        <ele>16</ele>
        <time>2026-08-30T23:30:44.000Z</time>
        <extensions>
          <ns3:TrackPointExtension>
            <ns3:hr>146</ns3:hr>
            <ns3:cad>92</ns3:cad>
          </ns3:TrackPointExtension>
        </extensions>
      </trkpt>
      <trkpt lat="22.60152990929782390594482421875" lon="113.88461002148687839508056640625">
        <ele>16</ele>
        <time>2026-08-30T23:30:45.000Z</time>
        <extensions>
          <ns3:TrackPointExtension>
            <ns3:hr>146</ns3:hr>
            <ns3:cad>92</ns3:cad>
          </ns3:TrackPointExtension>
        </extensions>
      </trkpt>
      <trkpt lat="22.6015402190387248992919921875" lon="113.88464036397635936737060546875">
        <ele>16</ele>
        <time>2026-08-30T23:30:46.000Z</time>
        <extensions>
          <ns3:TrackPointExtension>
            <ns3:hr>146</ns3:hr>
            <ns3:cad>92</ns3:cad>
          </ns3:TrackPointExtension>
        </extensions>
      </trkpt>
      <trkpt lat="22.60154885239899158477783203125" lon="113.8846738077700138092041015625">
        <ele>16</ele>
        <time>2026-08-30T23:30:47.000Z</time>
        <extensions>
          <ns3:TrackPointExtension>
            <ns3:hr>145</ns3:hr>
            <ns3:cad>93</ns3:cad>
          </ns3:TrackPointExtension>
        </extensions>
      </trkpt>
      <trkpt lat="22.601562850177288055419921875" lon="113.88469987548887729644775390625">
        <ele>16</ele>
        <time>2026-08-30T23:30:48.000Z</time>
        <extensions>
          <ns3:TrackPointExtension>
            <ns3:hr>146</ns3:hr>
            <ns3:cad>93</ns3:cad>
          </ns3:TrackPointExtension>
        </extensions>
      </trkpt>
      <trkpt lat="22.60158154182136058807373046875" lon="113.88471965678036212921142578125">
        <ele>16</ele>
        <time>2026-08-30T23:30:49.000Z</time>
        <extensions>
          <ns3:TrackPointExtension>
            <ns3:hr>146</ns3:hr>
            <ns3:cad>93</ns3:cad>
          </ns3:TrackPointExtension>
        </extensions>
      </trkpt>
      <trkpt lat="22.60160149075090885162353515625" lon="113.88474480248987674713134765625">
        <ele>16</ele>
        <time>2026-08-30T23:30:50.000Z</time>
        <extensions>
          <ns3:TrackPointExtension>
            <ns3:hr>147</ns3:hr>
            <ns3:cad>93</ns3:cad>
          </ns3:TrackPointExtension>
        </extensions>
      </trkpt>
      <trkpt lat="22.60160903446376323699951171875" lon="113.8847663439810276031494140625">
        <ele>16</ele>
        <time>2026-08-30T23:30:51.000Z</time>
        <extensions>
          <ns3:TrackPointExtension>
            <ns3:hr>147</ns3:hr>
            <ns3:cad>93</ns3:cad>
          </ns3:TrackPointExtension>
        </extensions>
      </trkpt>
      <trkpt lat="22.6016257144510746002197265625" lon="113.88480129651725292205810546875">
        <ele>16</ele>
        <time>2026-08-30T23:30:52.000Z</time>
        <extensions>
          <ns3:TrackPointExtension>
            <ns3:hr>147</ns3:hr>
            <ns3:cad>94</ns3:cad>
          </ns3:TrackPointExtension>
        </extensions>
      </trkpt>
      <trkpt lat="22.60163493454456329345703125" lon="113.8848290406167507171630859375">
        <ele>16</ele>
        <time>2026-08-30T23:30:53.000Z</time>
        <extensions>
          <ns3:TrackPointExtension>
            <ns3:hr>147</ns3:hr>
            <ns3:cad>94</ns3:cad>
          </ns3:TrackPointExtension>
        </extensions>
      </trkpt>
      <trkpt lat="22.60164189152419567108154296875" lon="113.8848687708377838134765625">
        <ele>16</ele>
        <time>2026-08-30T23:30:54.000Z</time>
        <extensions>
          <ns3:TrackPointExtension>
            <ns3:hr>147</ns3:hr>
            <ns3:cad>92</ns3:cad>
          </ns3:TrackPointExtension>
        </extensions>
      </trkpt>
      <trkpt lat="22.601653039455413818359375" lon="113.88489450328052043914794921875">
        <ele>15.80000019073486328125</ele>
        <time>2026-08-30T23:30:55.000Z</time>
        <extensions>
          <ns3:TrackPointExtension>
            <ns3:hr>146</ns3:hr>
            <ns3:cad>92</ns3:cad>
          </ns3:TrackPointExtension>
        </extensions>
      </trkpt>
      <trkpt lat="22.60165664367377758026123046875" lon="113.8849269412457942962646484375">
        <ele>15.80000019073486328125</ele>
        <time>2026-08-30T23:30:56.000Z</time>
        <extensions>
          <ns3:TrackPointExtension>
            <ns3:hr>146</ns3:hr>
            <ns3:cad>92</ns3:cad>
          </ns3:TrackPointExtension>
        </extensions>
      </trkpt>
      <trkpt lat="22.60166712105274200439453125" lon="113.88495502062141895294189453125">
        <ele>15.80000019073486328125</ele>
        <time>2026-08-30T23:30:57.000Z</time>
        <extensions>
          <ns3:TrackPointExtension>
            <ns3:hr>146</ns3:hr>
            <ns3:cad>92</ns3:cad>
          </ns3:TrackPointExtension>
        </extensions>
      </trkpt>
      <trkpt lat="22.60167122818529605865478515625" lon="113.88498402200639247894287109375">
        <ele>15.80000019073486328125</ele>
        <time>2026-08-30T23:30:58.000Z</time>
        <extensions>
          <ns3:TrackPointExtension>
            <ns3:hr>146</ns3:hr>
            <ns3:cad>93</ns3:cad>
          </ns3:TrackPointExtension>
        </extensions>
      </trkpt>
      <trkpt lat="22.6016785204410552978515625" lon="113.88501620851457118988037109375">
        <ele>15.80000019073486328125</ele>
        <time>2026-08-30T23:30:59.000Z</time>
        <extensions>
          <ns3:TrackPointExtension>
            <ns3:hr>146</ns3:hr>
            <ns3:cad>94</ns3:cad>
          </ns3:TrackPointExtension>
        </extensions>
      </trkpt>
      <trkpt lat="22.60168329812586307525634765625" lon="113.8850429467856884002685546875">
        <ele>15.80000019073486328125</ele>
        <time>2026-08-30T23:31:00.000Z</time>
        <extensions>
          <ns3:TrackPointExtension>
            <ns3:hr>145</ns3:hr>
            <ns3:cad>94</ns3:cad>
          </ns3:TrackPointExtension>
        </extensions>
      </trkpt>
      <trkpt lat="22.6016900874674320220947265625" lon="113.88507924042642116546630859375">
        <ele>15.80000019073486328125</ele>
        <time>2026-08-30T23:31:01.000Z</time>
        <extensions>
          <ns3:TrackPointExtension>
            <ns3:hr>145</ns3:hr>
            <ns3:cad>94</ns3:cad>
          </ns3:TrackPointExtension>
        </extensions>
      </trkpt>
      <trkpt lat="22.60169989429414272308349609375" lon="113.88510572724044322967529296875">
        <ele>15.80000019073486328125</ele>
        <time>2026-08-30T23:31:02.000Z</time>
        <extensions>
          <ns3:TrackPointExtension>
            <ns3:hr>144</ns3:hr>
            <ns3:cad>92</ns3:cad>
          </ns3:TrackPointExtension>
        </extensions>
      </trkpt>
      <trkpt lat="22.6017107069492340087890625" lon="113.88514176942408084869384765625">
        <ele>15.80000019073486328125</ele>
        <time>2026-08-30T23:31:03.000Z</time>
        <extensions>
          <ns3:TrackPointExtension>
            <ns3:hr>143</ns3:hr>
            <ns3:cad>92</ns3:cad>
          </ns3:TrackPointExtension>
        </extensions>
      </trkpt>
      <trkpt lat="22.60172286070883274078369140625" lon="113.885170854628086090087890625">
        <ele>15.80000019073486328125</ele>
        <time>2026-08-30T23:31:04.000Z</time>
        <extensions>
          <ns3:TrackPointExtension>
            <ns3:hr>142</ns3:hr>
            <ns3:cad>92</ns3:cad>
          </ns3:TrackPointExtension>
        </extensions>
      </trkpt>
      <trkpt lat="22.601729817688465118408203125" lon="113.88520094566047191619873046875">
        <ele>15.80000019073486328125</ele>
        <time>2026-08-30T23:31:05.000Z</time>
        <extensions>
          <ns3:TrackPointExtension>
            <ns3:hr>143</ns3:hr>
            <ns3:cad>92</ns3:cad>
          </ns3:TrackPointExtension>
        </extensions>
      </trkpt>
      <trkpt lat="22.6017383672297000885009765625" lon="113.88523329980671405792236328125">
        <ele>15.80000019073486328125</ele>
        <time>2026-08-30T23:31:06.000Z</time>
        <extensions>
          <ns3:TrackPointExtension>
            <ns3:hr>143</ns3:hr>
            <ns3:cad>92</ns3:cad>
          </ns3:TrackPointExtension>
        </extensions>
      </trkpt>
      <trkpt lat="22.60174264200031757354736328125" lon="113.885256685316562652587890625">
        <ele>15.80000019073486328125</ele>
        <time>2026-08-30T23:31:07.000Z</time>
        <extensions>
          <ns3:TrackPointExtension>
            <ns3:hr>143</ns3:hr>
            <ns3:cad>94</ns3:cad>
          </ns3:TrackPointExtension>
        </extensions>
      </trkpt>
      <trkpt lat="22.60175161063671112060546875" lon="113.88529499061405658721923828125">
        <ele>15.80000019073486328125</ele>
        <time>2026-08-30T23:31:08.000Z</time>
        <extensions>
          <ns3:TrackPointExtension>
            <ns3:hr>142</ns3:hr>
            <ns3:cad>94</ns3:cad>
          </ns3:TrackPointExtension>
        </extensions>
      </trkpt>
      <trkpt lat="22.60175353847444057464599609375" lon="113.88532047159969806671142578125">
        <ele>15.80000019073486328125</ele>
        <time>2026-08-30T23:31:09.000Z</time>
        <extensions>
          <ns3:TrackPointExtension>
            <ns3:hr>143</ns3:hr>
            <ns3:cad>93</ns3:cad>
          </ns3:TrackPointExtension>
        </extensions>
      </trkpt>
      <trkpt lat="22.6017604954540729522705078125" lon="113.88535802252590656280517578125">
        <ele>15.80000019073486328125</ele>
        <time>2026-08-30T23:31:10.000Z</time>
        <extensions>
          <ns3:TrackPointExtension>
            <ns3:hr>143</ns3:hr>
            <ns3:cad>93</ns3:cad>
          </ns3:TrackPointExtension>
        </extensions>
      </trkpt>
      <trkpt lat="22.601770050823688507080078125" lon="113.88538182713091373443603515625">
        <ele>15.80000019073486328125</ele>
        <time>2026-08-30T23:31:11.000Z</time>
        <extensions>
          <ns3:TrackPointExtension>
            <ns3:hr>143</ns3:hr>
            <ns3:cad>93</ns3:cad>
          </ns3:TrackPointExtension>
        </extensions>
      </trkpt>
      <trkpt lat="22.60177600197494029998779296875" lon="113.88541485182940959930419921875">
        <ele>15.80000019073486328125</ele>
        <time>2026-08-30T23:31:12.000Z</time>
        <extensions>
          <ns3:TrackPointExtension>
            <ns3:hr>143</ns3:hr>
            <ns3:cad>94</ns3:cad>
          </ns3:TrackPointExtension>
        </extensions>
      </trkpt>
      <trkpt lat="22.6017846353352069854736328125" lon="113.88544217683374881744384765625">
        <ele>15.80000019073486328125</ele>
        <time>2026-08-30T23:31:13.000Z</time>
        <extensions>
          <ns3:TrackPointExtension>
            <ns3:hr>143</ns3:hr>
            <ns3:cad>94</ns3:cad>
          </ns3:TrackPointExtension>
        </extensions>
      </trkpt>
      <trkpt lat="22.60178572498261928558349609375" lon="113.8854741118848323822021484375">
        <ele>16</ele>
        <time>2026-08-30T23:31:14.000Z</time>
        <extensions>
          <ns3:TrackPointExtension>
            <ns3:hr>142</ns3:hr>
            <ns3:cad>92</ns3:cad>
          </ns3:TrackPointExtension>
        </extensions>
      </trkpt>
      <trkpt lat="22.6017876528203487396240234375" lon="113.88550512492656707763671875">
        <ele>16</ele>
        <time>2026-08-30T23:31:15.000Z</time>
        <extensions>
          <ns3:TrackPointExtension>
            <ns3:hr>143</ns3:hr>
            <ns3:cad>92</ns3:cad>
          </ns3:TrackPointExtension>
        </extensions>
      </trkpt>
      <trkpt lat="22.60178782045841217041015625" lon="113.8855307735502719879150390625">
        <ele>16</ele>
        <time>2026-08-30T23:31:16.000Z</time>
        <extensions>
          <ns3:TrackPointExtension>
            <ns3:hr>144</ns3:hr>
            <ns3:cad>92</ns3:cad>
          </ns3:TrackPointExtension>
        </extensions>
      </trkpt>
      <trkpt lat="22.6017967052757740020751953125" lon="113.8855683244764804840087890625">
        <ele>16</ele>
        <time>2026-08-30T23:31:17.000Z</time>
        <extensions>
          <ns3:TrackPointExtension>
            <ns3:hr>144</ns3:hr>
            <ns3:cad>92</ns3:cad>
          </ns3:TrackPointExtension>
        </extensions>
      </trkpt>
      <trkpt lat="22.6018054224550724029541015625" lon="113.8855924643576145172119140625">
        <ele>16</ele>
        <time>2026-08-30T23:31:18.000Z</time>
        <extensions>
          <ns3:TrackPointExtension>
            <ns3:hr>144</ns3:hr>
            <ns3:cad>94</ns3:cad>
          </ns3:TrackPointExtension>
        </extensions>
      </trkpt>
      <trkpt lat="22.6018134690821170806884765625" lon="113.88563009910285472869873046875">
        <ele>16</ele>
        <time>2026-08-30T23:31:19.000Z</time>
        <extensions>
          <ns3:TrackPointExtension>
            <ns3:hr>145</ns3:hr>
            <ns3:cad>94</ns3:cad>
          </ns3:TrackPointExtension>
        </extensions>
      </trkpt>
      <trkpt lat="22.60182662867009639739990234375" lon="113.88565558008849620819091796875">
        <ele>16</ele>
        <time>2026-08-30T23:31:20.000Z</time>
        <extensions>
          <ns3:TrackPointExtension>
            <ns3:hr>145</ns3:hr>
            <ns3:cad>94</ns3:cad>
          </ns3:TrackPointExtension>
        </extensions>
      </trkpt>
      <trkpt lat="22.6018366031348705291748046875" lon="113.88568407855927944183349609375">
        <ele>15.80000019073486328125</ele>
        <time>2026-08-30T23:31:21.000Z</time>
        <extensions>
          <ns3:TrackPointExtension>
            <ns3:hr>144</ns3:hr>
            <ns3:cad>94</ns3:cad>
          </ns3:TrackPointExtension>
        </extensions>
      </trkpt>
      <trkpt lat="22.60184825398027896881103515625" lon="113.88571693561971187591552734375">
        <ele>16</ele>
        <time>2026-08-30T23:31:22.000Z</time>
        <extensions>
          <ns3:TrackPointExtension>
            <ns3:hr>144</ns3:hr>
            <ns3:cad>94</ns3:cad>
          </ns3:TrackPointExtension>
        </extensions>
      </trkpt>
      <trkpt lat="22.60185219347476959228515625" lon="113.88574291951954364776611328125">
        <ele>15.80000019073486328125</ele>
        <time>2026-08-30T23:31:23.000Z</time>
        <extensions>
          <ns3:TrackPointExtension>
            <ns3:hr>144</ns3:hr>
            <ns3:cad>93</ns3:cad>
          </ns3:TrackPointExtension>
        </extensions>
      </trkpt>
      <trkpt lat="22.60186049155890941619873046875" lon="113.8857725076377391815185546875">
        <ele>16</ele>
        <time>2026-08-30T23:31:24.000Z</time>
        <extensions>
          <ns3:TrackPointExtension>
            <ns3:hr>144</ns3:hr>
            <ns3:cad>93</ns3:cad>
          </ns3:TrackPointExtension>
        </extensions>
      </trkpt>
      <trkpt lat="22.601870633661746978759765625" lon="113.885797150433063507080078125">
        <ele>15.80000019073486328125</ele>
        <time>2026-08-30T23:31:25.000Z</time>
        <extensions>
          <ns3:TrackPointExtension>
            <ns3:hr>144</ns3:hr>
            <ns3:cad>94</ns3:cad>
          </ns3:TrackPointExtension>
        </extensions>
      </trkpt>
      <trkpt lat="22.6018842123448848724365234375" lon="113.88582640327513217926025390625">
        <ele>16</ele>
        <time>2026-08-30T23:31:26.000Z</time>
        <extensions>
          <ns3:TrackPointExtension>
            <ns3:hr>144</ns3:hr>
            <ns3:cad>94</ns3:cad>
          </ns3:TrackPointExtension>
        </extensions>
      </trkpt>
      <trkpt lat="22.6018952764570713043212890625" lon="113.88584769330918788909912109375">
        <ele>16</ele>
        <time>2026-08-30T23:31:27.000Z</time>
        <extensions>
          <ns3:TrackPointExtension>
            <ns3:hr>143</ns3:hr>
            <ns3:cad>94</ns3:cad>
          </ns3:TrackPointExtension>
        </extensions>
      </trkpt>
      <trkpt lat="22.60191162116825580596923828125" lon="113.885878622531890869140625">
        <ele>16</ele>
        <time>2026-08-30T23:31:28.000Z</time>
        <extensions>
          <ns3:TrackPointExtension>
            <ns3:hr>143</ns3:hr>
            <ns3:cad>93</ns3:cad>
          </ns3:TrackPointExtension>
        </extensions>
      </trkpt>
      <trkpt lat="22.6019254513084888458251953125" lon="113.88589999638497829437255859375">
        <ele>16</ele>
        <time>2026-08-30T23:31:29.000Z</time>
        <extensions>
          <ns3:TrackPointExtension>
            <ns3:hr>143</ns3:hr>
            <ns3:cad>93</ns3:cad>
          </ns3:TrackPointExtension>
        </extensions>
      </trkpt>
      <trkpt lat="22.6019413769245147705078125" lon="113.88593017123639583587646484375">
        <ele>16</ele>
        <time>2026-08-30T23:31:30.000Z</time>
        <extensions>
          <ns3:TrackPointExtension>
            <ns3:hr>142</ns3:hr>
            <ns3:cad>93</ns3:cad>
          </ns3:TrackPointExtension>
        </extensions>
      </trkpt>
      <trkpt lat="22.60195587761700153350830078125" lon="113.88595531694591045379638671875">
        <ele>16</ele>
        <time>2026-08-30T23:31:31.000Z</time>
        <extensions>
          <ns3:TrackPointExtension>
            <ns3:hr>142</ns3:hr>
            <ns3:cad>93</ns3:cad>
          </ns3:TrackPointExtension>
        </extensions>
      </trkpt>
      <trkpt lat="22.601966522634029388427734375" lon="113.885980211198329925537109375">
        <ele>16</ele>
        <time>2026-08-30T23:31:32.000Z</time>
        <extensions>
          <ns3:TrackPointExtension>
            <ns3:hr>142</ns3:hr>
            <ns3:cad>93</ns3:cad>
          </ns3:TrackPointExtension>
        </extensions>
      </trkpt>
      <trkpt lat="22.6019787602126598358154296875" lon="113.88600577600300312042236328125">
        <ele>16</ele>
        <time>2026-08-30T23:31:33.000Z</time>
        <extensions>
          <ns3:TrackPointExtension>
            <ns3:hr>142</ns3:hr>
            <ns3:cad>92</ns3:cad>
          </ns3:TrackPointExtension>
        </extensions>
      </trkpt>
      <trkpt lat="22.60199191980063915252685546875" lon="113.88603343628346920013427734375">
        <ele>16</ele>
        <time>2026-08-30T23:31:34.000Z</time>
        <extensions>
          <ns3:TrackPointExtension>
            <ns3:hr>142</ns3:hr>
            <ns3:cad>92</ns3:cad>
          </ns3:TrackPointExtension>
        </extensions>
      </trkpt>
      <trkpt lat="22.60201538912951946258544921875" lon="113.8860596716403961181640625">
        <ele>16</ele>
        <time>2026-08-30T23:31:35.000Z</time>
        <extensions>
          <ns3:TrackPointExtension>
            <ns3:hr>143</ns3:hr>
            <ns3:cad>92</ns3:cad>
          </ns3:TrackPointExtension>
        </extensions>
      </trkpt>
      <trkpt lat="22.602034918963909149169921875" lon="113.8860799558460712432861328125">
        <ele>16</ele>
        <time>2026-08-30T23:31:36.000Z</time>
        <extensions>
          <ns3:TrackPointExtension>
            <ns3:hr>143</ns3:hr>
            <ns3:cad>92</ns3:cad>
          </ns3:TrackPointExtension>
        </extensions>
      </trkpt>
      <trkpt lat="22.602055035531520843505859375" lon="113.8861128129065036773681640625">
        <ele>16</ele>
        <time>2026-08-30T23:31:37.000Z</time>
        <extensions>
          <ns3:TrackPointExtension>
            <ns3:hr>142</ns3:hr>
            <ns3:cad>93</ns3:cad>
          </ns3:TrackPointExtension>
        </extensions>
      </trkpt>
      <trkpt lat="22.6020754873752593994140625" lon="113.8861339353024959564208984375">
        <ele>16</ele>
        <time>2026-08-30T23:31:38.000Z</time>
        <extensions>
          <ns3:TrackPointExtension>
            <ns3:hr>142</ns3:hr>
            <ns3:cad>94</ns3:cad>
          </ns3:TrackPointExtension>
        </extensions>
      </trkpt>
      <trkpt lat="22.60209686122834682464599609375" lon="113.8861631043255329132080078125">
        <ele>16</ele>
        <time>2026-08-30T23:31:39.000Z</time>
        <extensions>
          <ns3:TrackPointExtension>
            <ns3:hr>142</ns3:hr>
            <ns3:cad>94</ns3:cad>
          </ns3:TrackPointExtension>
        </extensions>
      </trkpt>
      <trkpt lat="22.60211907327175140380859375" lon="113.886192105710506439208984375">
        <ele>16</ele>
        <time>2026-08-30T23:31:40.000Z</time>
        <extensions>
          <ns3:TrackPointExtension>
            <ns3:hr>142</ns3:hr>
            <ns3:cad>94</ns3:cad>
          </ns3:TrackPointExtension>
        </extensions>
      </trkpt>
      <trkpt lat="22.60213592089712619781494140625" lon="113.88621465303003787994384765625">
        <ele>16</ele>
        <time>2026-08-30T23:31:41.000Z</time>
        <extensions>
          <ns3:TrackPointExtension>
            <ns3:hr>142</ns3:hr>
            <ns3:cad>93</ns3:cad>
          </ns3:TrackPointExtension>
        </extensions>
      </trkpt>
      <trkpt lat="22.6021551154553890228271484375" lon="113.88624432496726512908935546875">
        <ele>16</ele>
        <time>2026-08-30T23:31:42.000Z</time>
        <extensions>
          <ns3:TrackPointExtension>
            <ns3:hr>143</ns3:hr>
            <ns3:cad>93</ns3:cad>
          </ns3:TrackPointExtension>
        </extensions>
      </trkpt>
      <trkpt lat="22.6021720468997955322265625" lon="113.88627089560031890869140625">
        <ele>16</ele>
        <time>2026-08-30T23:31:43.000Z</time>
        <extensions>
          <ns3:TrackPointExtension>
            <ns3:hr>142</ns3:hr>
            <ns3:cad>93</ns3:cad>
          </ns3:TrackPointExtension>
        </extensions>
      </trkpt>
      <trkpt lat="22.6021725498139858245849609375" lon="113.88630668632686138153076171875">
        <ele>16.200000762939453125</ele>
        <time>2026-08-30T23:31:44.000Z</time>
        <extensions>
          <ns3:TrackPointExtension>
            <ns3:hr>142</ns3:hr>
            <ns3:cad>94</ns3:cad>
          </ns3:TrackPointExtension>
        </extensions>
      </trkpt>
      <trkpt lat="22.60217095725238323211669921875" lon="113.88633116148412227630615234375">
        <ele>16.200000762939453125</ele>
        <time>2026-08-30T23:31:45.000Z</time>
        <extensions>
          <ns3:TrackPointExtension>
            <ns3:hr>143</ns3:hr>
            <ns3:cad>94</ns3:cad>
          </ns3:TrackPointExtension>
        </extensions>
      </trkpt>
      <trkpt lat="22.60215017013251781463623046875" lon="113.88633929193019866943359375">
        <ele>16.200000762939453125</ele>
        <time>2026-08-30T23:31:46.000Z</time>
        <extensions>
          <ns3:TrackPointExtension>
            <ns3:hr>143</ns3:hr>
            <ns3:cad>94</ns3:cad>
          </ns3:TrackPointExtension>
        </extensions>
      </trkpt>
      <trkpt lat="22.60213315486907958984375" lon="113.88633216731250286102294921875">
        <ele>16.200000762939453125</ele>
        <time>2026-08-30T23:31:47.000Z</time>
        <extensions>
          <ns3:TrackPointExtension>
            <ns3:hr>143</ns3:hr>
            <ns3:cad>94</ns3:cad>
          </ns3:TrackPointExtension>
        </extensions>
      </trkpt>
      <trkpt lat="22.60210960172116756439208984375" lon="113.8863139785826206207275390625">
        <ele>16.200000762939453125</ele>
        <time>2026-08-30T23:31:48.000Z</time>
        <extensions>
          <ns3:TrackPointExtension>
            <ns3:hr>143</ns3:hr>
            <ns3:cad>92</ns3:cad>
          </ns3:TrackPointExtension>
        </extensions>
      </trkpt>
      <trkpt lat="22.60209166444838047027587890625" lon="113.88629511930048465728759765625">
        <ele>16</ele>
        <time>2026-08-30T23:31:49.000Z</time>
        <extensions>
          <ns3:TrackPointExtension>
            <ns3:hr>142</ns3:hr>
            <ns3:cad>92</ns3:cad>
          </ns3:TrackPointExtension>
        </extensions>
      </trkpt>
      <trkpt lat="22.60206702165305614471435546875" lon="113.886265195906162261962890625">
        <ele>16</ele>
        <time>2026-08-30T23:31:50.000Z</time>
        <extensions>
          <ns3:TrackPointExtension>
            <ns3:hr>142</ns3:hr>
            <ns3:cad>92</ns3:cad>
          </ns3:TrackPointExtension>
        </extensions>
      </trkpt>
      <trkpt lat="22.6020448096096515655517578125" lon="113.88623828999698162078857421875">
        <ele>15.80000019073486328125</ele>
        <time>2026-08-30T23:31:51.000Z</time>
        <extensions>
          <ns3:TrackPointExtension>
            <ns3:hr>142</ns3:hr>
            <ns3:cad>92</ns3:cad>
          </ns3:TrackPointExtension>
        </extensions>
      </trkpt>
      <trkpt lat="22.6020246930420398712158203125" lon="113.88621130026876926422119140625">
        <ele>15.80000019073486328125</ele>
        <time>2026-08-30T23:31:52.000Z</time>
        <extensions>
          <ns3:TrackPointExtension>
            <ns3:hr>142</ns3:hr>
            <ns3:cad>92</ns3:cad>
          </ns3:TrackPointExtension>
        </extensions>
      </trkpt>
      <trkpt lat="22.60200197808444499969482421875" lon="113.8861862383782863616943359375">
        <ele>16</ele>
        <time>2026-08-30T23:31:53.000Z</time>
        <extensions>
          <ns3:TrackPointExtension>
            <ns3:hr>143</ns3:hr>
            <ns3:cad>92</ns3:cad>
          </ns3:TrackPointExtension>
        </extensions>
      </trkpt>
      <trkpt lat="22.60197850875556468963623046875" lon="113.88616067357361316680908203125">
        <ele>16</ele>
        <time>2026-08-30T23:31:54.000Z</time>
        <extensions>
          <ns3:TrackPointExtension>
            <ns3:hr>142</ns3:hr>
            <ns3:cad>91</ns3:cad>
          </ns3:TrackPointExtension>
        </extensions>
      </trkpt>
      <trkpt lat="22.60195520706474781036376953125" lon="113.88613301329314708709716796875">
        <ele>16</ele>
        <time>2026-08-30T23:31:55.000Z</time>
        <extensions>
          <ns3:TrackPointExtension>
            <ns3:hr>142</ns3:hr>
            <ns3:cad>92</ns3:cad>
          </ns3:TrackPointExtension>
        </extensions>
      </trkpt>
      <trkpt lat="22.60193257592618465423583984375" lon="113.88610686175525188446044921875">
        <ele>16</ele>
        <time>2026-08-30T23:31:56.000Z</time>
        <extensions>
          <ns3:TrackPointExtension>
            <ns3:hr>143</ns3:hr>
            <ns3:cad>93</ns3:cad>
          </ns3:TrackPointExtension>
        </extensions>
      </trkpt>
      <trkpt lat="22.601907514035701751708984375" lon="113.88606813736259937286376953125">
        <ele>16</ele>
        <time>2026-08-30T23:31:57.000Z</time>
        <extensions>
          <ns3:TrackPointExtension>
            <ns3:hr>142</ns3:hr>
            <ns3:cad>93</ns3:cad>
          </ns3:TrackPointExtension>
        </extensions>
      </trkpt>
      <trkpt lat="22.60188463144004344940185546875" lon="113.886035196483135223388671875">
        <ele>16</ele>
        <time>2026-08-30T23:31:58.000Z</time>
        <extensions>
          <ns3:TrackPointExtension>
            <ns3:hr>142</ns3:hr>
            <ns3:cad>93</ns3:cad>
          </ns3:TrackPointExtension>
        </extensions>
      </trkpt>
      <trkpt lat="22.6018637605011463165283203125" lon="113.88600124977529048919677734375">
        <ele>16</ele>
        <time>2026-08-30T23:31:59.000Z</time>
        <extensions>
          <ns3:TrackPointExtension>
            <ns3:hr>143</ns3:hr>
            <ns3:cad>96</ns3:cad>
          </ns3:TrackPointExtension>
        </extensions>
      </trkpt>
      <trkpt lat="22.6018359325826168060302734375" lon="113.8859525509178638458251953125">
        <ele>16</ele>
        <time>2026-08-30T23:32:00.000Z</time>
        <extensions>
          <ns3:TrackPointExtension>
            <ns3:hr>143</ns3:hr>
            <ns3:cad>96</ns3:cad>
          </ns3:TrackPointExtension>
        </extensions>
      </trkpt>
      <trkpt lat="22.60181732475757598876953125" lon="113.88591860421001911163330078125">
        <ele>15.80000019073486328125</ele>
        <time>2026-08-30T23:32:01.000Z</time>
        <extensions>
          <ns3:TrackPointExtension>
            <ns3:hr>143</ns3:hr>
            <ns3:cad>96</ns3:cad>
          </ns3:TrackPointExtension>
        </extensions>
      </trkpt>
      <trkpt lat="22.60179930366575717926025390625" lon="113.88587418012320995330810546875">
        <ele>15.80000019073486328125</ele>
        <time>2026-08-30T23:32:02.000Z</time>
        <extensions>
          <ns3:TrackPointExtension>
            <ns3:hr>143</ns3:hr>
            <ns3:cad>96</ns3:cad>
          </ns3:TrackPointExtension>
        </extensions>
      </trkpt>
      <trkpt lat="22.601779438555240631103515625" lon="113.8858358748257160186767578125">
        <ele>15.80000019073486328125</ele>
        <time>2026-08-30T23:32:03.000Z</time>
        <extensions>
          <ns3:TrackPointExtension>
            <ns3:hr>143</ns3:hr>
            <ns3:cad>96</ns3:cad>
          </ns3:TrackPointExtension>
        </extensions>
      </trkpt>
      <trkpt lat="22.60176644660532474517822265625" lon="113.88579706661403179168701171875">
        <ele>15.80000019073486328125</ele>
        <time>2026-08-30T23:32:04.000Z</time>
        <extensions>
          <ns3:TrackPointExtension>
            <ns3:hr>144</ns3:hr>
            <ns3:cad>96</ns3:cad>
          </ns3:TrackPointExtension>
        </extensions>
      </trkpt>
      <trkpt lat="22.60175504721701145172119140625" lon="113.8857538998126983642578125">
        <ele>15.80000019073486328125</ele>
        <time>2026-08-30T23:32:05.000Z</time>
        <extensions>
          <ns3:TrackPointExtension>
            <ns3:hr>144</ns3:hr>
            <ns3:cad>96</ns3:cad>
          </ns3:TrackPointExtension>
        </extensions>
      </trkpt>
      <trkpt lat="22.60174364782869815826416015625" lon="113.885717689990997314453125">
        <ele>15.80000019073486328125</ele>
        <time>2026-08-30T23:32:06.000Z</time>
        <extensions>
          <ns3:TrackPointExtension>
            <ns3:hr>144</ns3:hr>
            <ns3:cad>96</ns3:cad>
          </ns3:TrackPointExtension>
        </extensions>
      </trkpt>
      <trkpt lat="22.60173358954489231109619140625" lon="113.88567142188549041748046875">
        <ele>15.80000019073486328125</ele>
        <time>2026-08-30T23:32:07.000Z</time>
        <extensions>
          <ns3:TrackPointExtension>
            <ns3:hr>145</ns3:hr>
            <ns3:cad>96</ns3:cad>
          </ns3:TrackPointExtension>
        </extensions>
      </trkpt>
      <trkpt lat="22.60172219015657901763916015625" lon="113.88563294894993305206298828125">
        <ele>15.80000019073486328125</ele>
        <time>2026-08-30T23:32:08.000Z</time>
        <extensions>
          <ns3:TrackPointExtension>
            <ns3:hr>145</ns3:hr>
            <ns3:cad>96</ns3:cad>
          </ns3:TrackPointExtension>
        </extensions>
      </trkpt>
      <trkpt lat="22.6017187535762786865234375" lon="113.88559673912823200225830078125">
        <ele>15.80000019073486328125</ele>
        <time>2026-08-30T23:32:09.000Z</time>
        <extensions>
          <ns3:TrackPointExtension>
            <ns3:hr>146</ns3:hr>
            <ns3:cad>95</ns3:cad>
          </ns3:TrackPointExtension>
        </extensions>
      </trkpt>
      <trkpt lat="22.6017091982066631317138671875" lon="113.8855518959462642669677734375">
        <ele>15.80000019073486328125</ele>
        <time>2026-08-30T23:32:10.000Z</time>
        <extensions>
          <ns3:TrackPointExtension>
            <ns3:hr>146</ns3:hr>
            <ns3:cad>95</ns3:cad>
          </ns3:TrackPointExtension>
        </extensions>
      </trkpt>
      <trkpt lat="22.6016988046467304229736328125" lon="113.88551208190619945526123046875">
        <ele>15.80000019073486328125</ele>
        <time>2026-08-30T23:32:11.000Z</time>
        <extensions>
          <ns3:TrackPointExtension>
            <ns3:hr>147</ns3:hr>
            <ns3:cad>97</ns3:cad>
          </ns3:TrackPointExtension>
        </extensions>
      </trkpt>
      <trkpt lat="22.60169520042836666107177734375" lon="113.885472603142261505126953125">
        <ele>15.80000019073486328125</ele>
        <time>2026-08-30T23:32:12.000Z</time>
        <extensions>
          <ns3:TrackPointExtension>
            <ns3:hr>147</ns3:hr>
            <ns3:cad>97</ns3:cad>
          </ns3:TrackPointExtension>
        </extensions>
      </trkpt>
      <trkpt lat="22.60168815962970256805419921875" lon="113.8854218088090419769287109375">
        <ele>15.80000019073486328125</ele>
        <time>2026-08-30T23:32:13.000Z</time>
        <extensions>
          <ns3:TrackPointExtension>
            <ns3:hr>147</ns3:hr>
            <ns3:cad>97</ns3:cad>
          </ns3:TrackPointExtension>
        </extensions>
      </trkpt>
      <trkpt lat="22.6016773469746112823486328125" lon="113.88538735918700695037841796875">
        <ele>15.80000019073486328125</ele>
        <time>2026-08-30T23:32:14.000Z</time>
        <extensions>
          <ns3:TrackPointExtension>
            <ns3:hr>148</ns3:hr>
            <ns3:cad>97</ns3:cad>
          </ns3:TrackPointExtension>
        </extensions>
      </trkpt>
      <trkpt lat="22.601666115224361419677734375" lon="113.8853480480611324310302734375">
        <ele>15.80000019073486328125</ele>
        <time>2026-08-30T23:32:15.000Z</time>
        <extensions>
          <ns3:TrackPointExtension>
            <ns3:hr>150</ns3:hr>
            <ns3:cad>97</ns3:cad>
          </ns3:TrackPointExtension>
        </extensions>
      </trkpt>
      <trkpt lat="22.601652033627033233642578125" lon="113.88530337251722812652587890625">
        <ele>15.80000019073486328125</ele>
        <time>2026-08-30T23:32:16.000Z</time>
        <extensions>
          <ns3:TrackPointExtension>
            <ns3:hr>150</ns3:hr>
            <ns3:cad>97</ns3:cad>
          </ns3:TrackPointExtension>
        </extensions>
      </trkpt>
      <trkpt lat="22.6016481779515743255615234375" lon="113.88526665978133678436279296875">
        <ele>15.80000019073486328125</ele>
        <time>2026-08-30T23:32:17.000Z</time>
        <extensions>
          <ns3:TrackPointExtension>
            <ns3:hr>151</ns3:hr>
            <ns3:cad>98</ns3:cad>
          </ns3:TrackPointExtension>
        </extensions>
      </trkpt>
      <trkpt lat="22.60163820348680019378662109375" lon="113.88521620072424411773681640625">
        <ele>16</ele>
        <time>2026-08-30T23:32:18.000Z</time>
        <extensions>
          <ns3:TrackPointExtension>
            <ns3:hr>151</ns3:hr>
            <ns3:cad>98</ns3:cad>
          </ns3:TrackPointExtension>
        </extensions>
      </trkpt>
      <trkpt lat="22.60162780992686748504638671875" lon="113.88517647050321102142333984375">
        <ele>16</ele>
        <time>2026-08-30T23:32:19.000Z</time>
        <extensions>
          <ns3:TrackPointExtension>
            <ns3:hr>152</ns3:hr>
            <ns3:cad>98</ns3:cad>
          </ns3:TrackPointExtension>
        </extensions>
      </trkpt>
      <trkpt lat="22.60161750018596649169921875" lon="113.885136656463146209716796875">
        <ele>16</ele>
        <time>2026-08-30T23:32:20.000Z</time>
        <extensions>
          <ns3:TrackPointExtension>
            <ns3:hr>152</ns3:hr>
            <ns3:cad>98</ns3:cad>
          </ns3:TrackPointExtension>
        </extensions>
      </trkpt>
      <trkpt lat="22.60160735808312892913818359375" lon="113.88508804142475128173828125">
        <ele>15.80000019073486328125</ele>
        <time>2026-08-30T23:32:21.000Z</time>
        <extensions>
          <ns3:TrackPointExtension>
            <ns3:hr>153</ns3:hr>
            <ns3:cad>98</ns3:cad>
          </ns3:TrackPointExtension>
        </extensions>
      </trkpt>
      <trkpt lat="22.6015965454280376434326171875" lon="113.8850511610507965087890625">
        <ele>15.80000019073486328125</ele>
        <time>2026-08-30T23:32:22.000Z</time>
        <extensions>
          <ns3:TrackPointExtension>
            <ns3:hr>153</ns3:hr>
            <ns3:cad>99</ns3:cad>
          </ns3:TrackPointExtension>
        </extensions>
      </trkpt>
      <trkpt lat="22.60159076191484928131103515625" lon="113.8850074075162410736083984375">
        <ele>16</ele>
        <time>2026-08-30T23:32:23.000Z</time>
        <extensions>
          <ns3:TrackPointExtension>
            <ns3:hr>154</ns3:hr>
            <ns3:cad>99</ns3:cad>
          </ns3:TrackPointExtension>
        </extensions>
      </trkpt>
      <trkpt lat="22.60158439166843891143798828125" lon="113.88496558181941509246826171875">
        <ele>16</ele>
        <time>2026-08-30T23:32:24.000Z</time>
        <extensions>
          <ns3:TrackPointExtension>
            <ns3:hr>154</ns3:hr>
            <ns3:cad>99</ns3:cad>
          </ns3:TrackPointExtension>
        </extensions>
      </trkpt>
      <trkpt lat="22.60157282464206218719482421875" lon="113.88492769561707973480224609375">
        <ele>16</ele>
        <time>2026-08-30T23:32:25.000Z</time>
        <extensions>
          <ns3:TrackPointExtension>
            <ns3:hr>154</ns3:hr>
            <ns3:cad>98</ns3:cad>
          </ns3:TrackPointExtension>
        </extensions>
      </trkpt>
      <trkpt lat="22.60156343691051006317138671875" lon="113.8848796673119068145751953125">
        <ele>16</ele>
        <time>2026-08-30T23:32:26.000Z</time>
        <extensions>
          <ns3:TrackPointExtension>
            <ns3:hr>154</ns3:hr>
            <ns3:cad>98</ns3:cad>
          </ns3:TrackPointExtension>
        </extensions>
      </trkpt>
      <trkpt lat="22.6015506125986576080322265625" lon="113.88483515940606594085693359375">
        <ele>16</ele>
        <time>2026-08-30T23:32:27.000Z</time>
        <extensions>
          <ns3:TrackPointExtension>
            <ns3:hr>154</ns3:hr>
            <ns3:cad>98</ns3:cad>
          </ns3:TrackPointExtension>
        </extensions>
      </trkpt>
      <trkpt lat="22.6015422306954860687255859375" lon="113.8847992010414600372314453125">
        <ele>16</ele>
        <time>2026-08-30T23:32:28.000Z</time>
        <extensions>
          <ns3:TrackPointExtension>
            <ns3:hr>154</ns3:hr>
            <ns3:cad>98</ns3:cad>
          </ns3:TrackPointExtension>
        </extensions>
      </trkpt>
      <trkpt lat="22.60153024457395076751708984375" lon="113.88474740087985992431640625">
        <ele>16</ele>
        <time>2026-08-30T23:32:29.000Z</time>
        <extensions>
          <ns3:TrackPointExtension>
            <ns3:hr>154</ns3:hr>
            <ns3:cad>98</ns3:cad>
          </ns3:TrackPointExtension>
        </extensions>
      </trkpt>
      <trkpt lat="22.60152161121368408203125" lon="113.8847100175917148590087890625">
        <ele>16</ele>
        <time>2026-08-30T23:32:30.000Z</time>
        <extensions>
          <ns3:TrackPointExtension>
            <ns3:hr>154</ns3:hr>
            <ns3:cad>98</ns3:cad>
          </ns3:TrackPointExtension>
        </extensions>
      </trkpt>
      <trkpt lat="22.60150996036827564239501953125" lon="113.884667940437793731689453125">
        <ele>16</ele>
        <time>2026-08-30T23:32:31.000Z</time>
        <extensions>
          <ns3:TrackPointExtension>
            <ns3:hr>155</ns3:hr>
            <ns3:cad>98</ns3:cad>
          </ns3:TrackPointExtension>
        </extensions>
      </trkpt>
      <trkpt lat="22.60149872861802577972412109375" lon="113.8846245221793651580810546875">
        <ele>16</ele>
        <time>2026-08-30T23:32:32.000Z</time>
        <extensions>
          <ns3:TrackPointExtension>
            <ns3:hr>155</ns3:hr>
            <ns3:cad>98</ns3:cad>
          </ns3:TrackPointExtension>
        </extensions>
      </trkpt>
      <trkpt lat="22.60148883797228336334228515625" lon="113.88458806090056896209716796875">
        <ele>16</ele>
        <time>2026-08-30T23:32:33.000Z</time>
        <extensions>
          <ns3:TrackPointExtension>
            <ns3:hr>155</ns3:hr>
            <ns3:cad>98</ns3:cad>
          </ns3:TrackPointExtension>
        </extensions>
      </trkpt>
      <trkpt lat="22.601479701697826385498046875" lon="113.88454355299472808837890625">
        <ele>16</ele>
        <time>2026-08-30T23:32:34.000Z</time>
        <extensions>
          <ns3:TrackPointExtension>
            <ns3:hr>155</ns3:hr>
            <ns3:cad>98</ns3:cad>
          </ns3:TrackPointExtension>
        </extensions>
      </trkpt>
      <trkpt lat="22.60146939195692539215087890625" lon="113.88450331985950469970703125">
        <ele>16.200000762939453125</ele>
        <time>2026-08-30T23:32:35.000Z</time>
        <extensions>
          <ns3:TrackPointExtension>
            <ns3:hr>155</ns3:hr>
            <ns3:cad>98</ns3:cad>
          </ns3:TrackPointExtension>
        </extensions>
      </trkpt>
      <trkpt lat="22.6014587469398975372314453125" lon="113.88446417637169361114501953125">
        <ele>16.200000762939453125</ele>
        <time>2026-08-30T23:32:36.000Z</time>
        <extensions>
          <ns3:TrackPointExtension>
            <ns3:hr>155</ns3:hr>
            <ns3:cad>98</ns3:cad>
          </ns3:TrackPointExtension>
        </extensions>
      </trkpt>
      <trkpt lat="22.60144894011318683624267578125" lon="113.8844220153987407684326171875">
        <ele>16.200000762939453125</ele>
        <time>2026-08-30T23:32:37.000Z</time>
        <extensions>
          <ns3:TrackPointExtension>
            <ns3:hr>155</ns3:hr>
            <ns3:cad>98</ns3:cad>
          </ns3:TrackPointExtension>
        </extensions>
      </trkpt>
      <trkpt lat="22.6014393009245395660400390625" lon="113.884391002357006072998046875">
        <ele>16.200000762939453125</ele>
        <time>2026-08-30T23:32:38.000Z</time>
        <extensions>
          <ns3:TrackPointExtension>
            <ns3:hr>156</ns3:hr>
            <ns3:cad>98</ns3:cad>
          </ns3:TrackPointExtension>
        </extensions>
      </trkpt>
      <trkpt lat="22.601424716413021087646484375" lon="113.8843576423823833465576171875">
        <ele>16.3999996185302734375</ele>
        <time>2026-08-30T23:32:39.000Z</time>
        <extensions>
          <ns3:TrackPointExtension>
            <ns3:hr>156</ns3:hr>
            <ns3:cad>98</ns3:cad>
          </ns3:TrackPointExtension>
        </extensions>
      </trkpt>
      <trkpt lat="22.60141004808247089385986328125" lon="113.8843147270381450653076171875">
        <ele>16.3999996185302734375</ele>
        <time>2026-08-30T23:32:40.000Z</time>
        <extensions>
          <ns3:TrackPointExtension>
            <ns3:hr>156</ns3:hr>
            <ns3:cad>98</ns3:cad>
          </ns3:TrackPointExtension>
        </extensions>
      </trkpt>
      <trkpt lat="22.6013963855803012847900390625" lon="113.88427843339741230010986328125">
        <ele>16.3999996185302734375</ele>
        <time>2026-08-30T23:32:41.000Z</time>
        <extensions>
          <ns3:TrackPointExtension>
            <ns3:hr>156</ns3:hr>
            <ns3:cad>99</ns3:cad>
          </ns3:TrackPointExtension>
        </extensions>
      </trkpt>
      <trkpt lat="22.601387836039066314697265625" lon="113.88423451222479343414306640625">
        <ele>16.3999996185302734375</ele>
        <time>2026-08-30T23:32:42.000Z</time>
        <extensions>
          <ns3:TrackPointExtension>
            <ns3:hr>156</ns3:hr>
            <ns3:cad>99</ns3:cad>
          </ns3:TrackPointExtension>
        </extensions>
      </trkpt>
      <trkpt lat="22.6013809628784656524658203125" lon="113.8841906748712062835693359375">
        <ele>16.6000003814697265625</ele>
        <time>2026-08-30T23:32:43.000Z</time>
        <extensions>
          <ns3:TrackPointExtension>
            <ns3:hr>156</ns3:hr>
            <ns3:cad>99</ns3:cad>
          </ns3:TrackPointExtension>
        </extensions>
      </trkpt>
      <trkpt lat="22.6013712398707866668701171875" lon="113.8841558061540126800537109375">
        <ele>16.6000003814697265625</ele>
        <time>2026-08-30T23:32:44.000Z</time>
        <extensions>
          <ns3:TrackPointExtension>
            <ns3:hr>156</ns3:hr>
            <ns3:cad>99</ns3:cad>
          </ns3:TrackPointExtension>
        </extensions>
      </trkpt>
      <trkpt lat="22.60136160068213939666748046875" lon="113.884112723171710968017578125">
        <ele>16.6000003814697265625</ele>
        <time>2026-08-30T23:32:45.000Z</time>
        <extensions>
          <ns3:TrackPointExtension>
            <ns3:hr>156</ns3:hr>
            <ns3:cad>99</ns3:cad>
          </ns3:TrackPointExtension>
        </extensions>
      </trkpt>
      <trkpt lat="22.60134886018931865692138671875" lon="113.884069137275218963623046875">
        <ele>16.6000003814697265625</ele>
        <time>2026-08-30T23:32:46.000Z</time>
        <extensions>
          <ns3:TrackPointExtension>
            <ns3:hr>156</ns3:hr>
            <ns3:cad>98</ns3:cad>
          </ns3:TrackPointExtension>
        </extensions>
      </trkpt>
      <trkpt lat="22.601334191858768463134765625" lon="113.88403418473899364471435546875">
        <ele>16.3999996185302734375</ele>
        <time>2026-08-30T23:32:47.000Z</time>
        <extensions>
          <ns3:TrackPointExtension>
            <ns3:hr>157</ns3:hr>
            <ns3:cad>98</ns3:cad>
          </ns3:TrackPointExtension>
        </extensions>
      </trkpt>
      <trkpt lat="22.6013192720711231231689453125" lon="113.88398691080510616302490234375">
        <ele>16.3999996185302734375</ele>
        <time>2026-08-30T23:32:48.000Z</time>
        <extensions>
          <ns3:TrackPointExtension>
            <ns3:hr>157</ns3:hr>
            <ns3:cad>98</ns3:cad>
          </ns3:TrackPointExtension>
        </extensions>
      </trkpt>
      <trkpt lat="22.60130058042705059051513671875" lon="113.8839486055076122283935546875">
        <ele>16.3999996185302734375</ele>
        <time>2026-08-30T23:32:49.000Z</time>
        <extensions>
          <ns3:TrackPointExtension>
            <ns3:hr>158</ns3:hr>
            <ns3:cad>98</ns3:cad>
          </ns3:TrackPointExtension>
        </extensions>
      </trkpt>
      <trkpt lat="22.60128934867680072784423828125" lon="113.88391398824751377105712890625">
        <ele>16.3999996185302734375</ele>
        <time>2026-08-30T23:32:50.000Z</time>
        <extensions>
          <ns3:TrackPointExtension>
            <ns3:hr>158</ns3:hr>
            <ns3:cad>98</ns3:cad>
          </ns3:TrackPointExtension>
        </extensions>
      </trkpt>
      <trkpt lat="22.6012709923088550567626953125" lon="113.88386788778007030487060546875">
        <ele>16.3999996185302734375</ele>
        <time>2026-08-30T23:32:51.000Z</time>
        <extensions>
          <ns3:TrackPointExtension>
            <ns3:hr>158</ns3:hr>
            <ns3:cad>98</ns3:cad>
          </ns3:TrackPointExtension>
        </extensions>
      </trkpt>
      <trkpt lat="22.60125699453055858612060546875" lon="113.8838319294154644012451171875">
        <ele>16.3999996185302734375</ele>
        <time>2026-08-30T23:32:52.000Z</time>
        <extensions>
          <ns3:TrackPointExtension>
            <ns3:hr>158</ns3:hr>
            <ns3:cad>98</ns3:cad>
          </ns3:TrackPointExtension>
        </extensions>
      </trkpt>
      <trkpt lat="22.6012466847896575927734375" lon="113.88379328884184360504150390625">
        <ele>16.200000762939453125</ele>
        <time>2026-08-30T23:32:53.000Z</time>
        <extensions>
          <ns3:TrackPointExtension>
            <ns3:hr>158</ns3:hr>
            <ns3:cad>98</ns3:cad>
          </ns3:TrackPointExtension>
        </extensions>
      </trkpt>
      <trkpt lat="22.6012354530394077301025390625" lon="113.88374785892665386199951171875">
        <ele>16.200000762939453125</ele>
        <time>2026-08-30T23:32:54.000Z</time>
        <extensions>
          <ns3:TrackPointExtension>
            <ns3:hr>159</ns3:hr>
            <ns3:cad>97</ns3:cad>
          </ns3:TrackPointExtension>
        </extensions>
      </trkpt>
      <trkpt lat="22.60122061707079410552978515625" lon="113.88371768407523632049560546875">
        <ele>16.200000762939453125</ele>
        <time>2026-08-30T23:32:55.000Z</time>
        <extensions>
          <ns3:TrackPointExtension>
            <ns3:hr>159</ns3:hr>
            <ns3:cad>97</ns3:cad>
          </ns3:TrackPointExtension>
        </extensions>
      </trkpt>
      <trkpt lat="22.6012066192924976348876953125" lon="113.8836817257106304168701171875">
        <ele>16.200000762939453125</ele>
        <time>2026-08-30T23:32:56.000Z</time>
        <extensions>
          <ns3:TrackPointExtension>
            <ns3:hr>159</ns3:hr>
            <ns3:cad>97</ns3:cad>
          </ns3:TrackPointExtension>
        </extensions>
      </trkpt>
      <trkpt lat="22.60118876583874225616455078125" lon="113.88363973237574100494384765625">
        <ele>16.200000762939453125</ele>
        <time>2026-08-30T23:32:57.000Z</time>
        <extensions>
          <ns3:TrackPointExtension>
            <ns3:hr>160</ns3:hr>
            <ns3:cad>98</ns3:cad>
          </ns3:TrackPointExtension>
        </extensions>
      </trkpt>
      <trkpt lat="22.601174600422382354736328125" lon="113.883611150085926055908203125">
        <ele>16.200000762939453125</ele>
        <time>2026-08-30T23:32:58.000Z</time>
        <extensions>
          <ns3:TrackPointExtension>
            <ns3:hr>160</ns3:hr>
            <ns3:cad>98</ns3:cad>
          </ns3:TrackPointExtension>
        </extensions>
      </trkpt>
      <trkpt lat="22.601157166063785552978515625" lon="113.88357066549360752105712890625">
        <ele>16.200000762939453125</ele>
        <time>2026-08-30T23:32:59.000Z</time>
        <extensions>
          <ns3:TrackPointExtension>
            <ns3:hr>160</ns3:hr>
            <ns3:cad>98</ns3:cad>
          </ns3:TrackPointExtension>
        </extensions>
      </trkpt>
      <trkpt lat="22.6011420786380767822265625" lon="113.88354015536606311798095703125">
        <ele>16.200000762939453125</ele>
        <time>2026-08-30T23:33:00.000Z</time>
        <extensions>
          <ns3:TrackPointExtension>
            <ns3:hr>161</ns3:hr>
            <ns3:cad>98</ns3:cad>
          </ns3:TrackPointExtension>
        </extensions>
      </trkpt>
      <trkpt lat="22.6011254824697971343994140625" lon="113.88350511901080608367919921875">
        <ele>16.200000762939453125</ele>
        <time>2026-08-30T23:33:01.000Z</time>
        <extensions>
          <ns3:TrackPointExtension>
            <ns3:hr>161</ns3:hr>
            <ns3:cad>98</ns3:cad>
          </ns3:TrackPointExtension>
        </extensions>
      </trkpt>
      <trkpt lat="22.6011063717305660247802734375" lon="113.8834614492952823638916015625">
        <ele>16.200000762939453125</ele>
        <time>2026-08-30T23:33:02.000Z</time>
        <extensions>
          <ns3:TrackPointExtension>
            <ns3:hr>161</ns3:hr>
            <ns3:cad>97</ns3:cad>
          </ns3:TrackPointExtension>
        </extensions>
      </trkpt>
      <trkpt lat="22.60108566842973232269287109375" lon="113.8834269158542156219482421875">
        <ele>16.200000762939453125</ele>
        <time>2026-08-30T23:33:03.000Z</time>
        <extensions>
          <ns3:TrackPointExtension>
            <ns3:hr>161</ns3:hr>
            <ns3:cad>97</ns3:cad>
          </ns3:TrackPointExtension>
        </extensions>
      </trkpt>
      <trkpt lat="22.60107091628015041351318359375" lon="113.88338894583284854888916015625">
        <ele>16</ele>
        <time>2026-08-30T23:33:04.000Z</time>
        <extensions>
          <ns3:TrackPointExtension>
            <ns3:hr>162</ns3:hr>
            <ns3:cad>99</ns3:cad>
          </ns3:TrackPointExtension>
        </extensions>
      </trkpt>
      <trkpt lat="22.60104660876095294952392578125" lon="113.8833447732031345367431640625">
        <ele>16</ele>
        <time>2026-08-30T23:33:05.000Z</time>
        <extensions>
          <ns3:TrackPointExtension>
            <ns3:hr>162</ns3:hr>
            <ns3:cad>99</ns3:cad>
          </ns3:TrackPointExtension>
        </extensions>
      </trkpt>
      <trkpt lat="22.60102665983140468597412109375" lon="113.88330663554370403289794921875">
        <ele>16</ele>
        <time>2026-08-30T23:33:06.000Z</time>
        <extensions>
          <ns3:TrackPointExtension>
            <ns3:hr>162</ns3:hr>
            <ns3:cad>99</ns3:cad>
          </ns3:TrackPointExtension>
        </extensions>
      </trkpt>
      <trkpt lat="22.601007632911205291748046875" lon="113.8832663185894489288330078125">
        <ele>16</ele>
        <time>2026-08-30T23:33:07.000Z</time>
        <extensions>
          <ns3:TrackPointExtension>
            <ns3:hr>162</ns3:hr>
            <ns3:cad>99</ns3:cad>
          </ns3:TrackPointExtension>
        </extensions>
      </trkpt>
      <trkpt lat="22.6009860076010227203369140625" lon="113.883224241435527801513671875">
        <ele>16</ele>
        <time>2026-08-30T23:33:08.000Z</time>
        <extensions>
          <ns3:TrackPointExtension>
            <ns3:hr>161</ns3:hr>
            <ns3:cad>98</ns3:cad>
          </ns3:TrackPointExtension>
        </extensions>
      </trkpt>
      <trkpt lat="22.60096899233758449554443359375" lon="113.88318593613803386688232421875">
        <ele>16</ele>
        <time>2026-08-30T23:33:09.000Z</time>
        <extensions>
          <ns3:TrackPointExtension>
            <ns3:hr>161</ns3:hr>
            <ns3:cad>98</ns3:cad>
          </ns3:TrackPointExtension>
        </extensions>
      </trkpt>
      <trkpt lat="22.60095843113958835601806640625" lon="113.8831483013927936553955078125">
        <ele>16</ele>
        <time>2026-08-30T23:33:10.000Z</time>
        <extensions>
          <ns3:TrackPointExtension>
            <ns3:hr>161</ns3:hr>
            <ns3:cad>98</ns3:cad>
          </ns3:TrackPointExtension>
        </extensions>
      </trkpt>
      <trkpt lat="22.6009409129619598388671875" lon="113.8831050507724285125732421875">
        <ele>16</ele>
        <time>2026-08-30T23:33:11.000Z</time>
        <extensions>
          <ns3:TrackPointExtension>
            <ns3:hr>162</ns3:hr>
            <ns3:cad>98</ns3:cad>
          </ns3:TrackPointExtension>
        </extensions>
      </trkpt>
      <trkpt lat="22.60091618634760379791259765625" lon="113.8830778934061527252197265625">
        <ele>16</ele>
        <time>2026-08-30T23:33:12.000Z</time>
        <extensions>
          <ns3:TrackPointExtension>
            <ns3:hr>162</ns3:hr>
            <ns3:cad>98</ns3:cad>
          </ns3:TrackPointExtension>
        </extensions>
      </trkpt>
      <trkpt lat="22.6008953154087066650390625" lon="113.88304042629897594451904296875">
        <ele>16</ele>
        <time>2026-08-30T23:33:13.000Z</time>
        <extensions>
          <ns3:TrackPointExtension>
            <ns3:hr>162</ns3:hr>
            <ns3:cad>98</ns3:cad>
          </ns3:TrackPointExtension>
        </extensions>
      </trkpt>
      <trkpt lat="22.6008706726133823394775390625" lon="113.88300991617143154144287109375">
        <ele>16</ele>
        <time>2026-08-30T23:33:14.000Z</time>
        <extensions>
          <ns3:TrackPointExtension>
            <ns3:hr>161</ns3:hr>
            <ns3:cad>99</ns3:cad>
          </ns3:TrackPointExtension>
        </extensions>
      </trkpt>
      <trkpt lat="22.60085281915962696075439453125" lon="113.88298644684255123138427734375">
        <ele>16</ele>
        <time>2026-08-30T23:33:15.000Z</time>
        <extensions>
          <ns3:TrackPointExtension>
            <ns3:hr>161</ns3:hr>
            <ns3:cad>99</ns3:cad>
          </ns3:TrackPointExtension>
        </extensions>
      </trkpt>
      <trkpt lat="22.600839994847774505615234375" lon="113.88294101692736148834228515625">
        <ele>16</ele>
        <time>2026-08-30T23:33:16.000Z</time>
        <extensions>
          <ns3:TrackPointExtension>
            <ns3:hr>161</ns3:hr>
            <ns3:cad>99</ns3:cad>
          </ns3:TrackPointExtension>
        </extensions>
      </trkpt>
      <trkpt lat="22.600821219384670257568359375" lon="113.8829032145440578460693359375">
        <ele>16</ele>
        <time>2026-08-30T23:33:17.000Z</time>
        <extensions>
          <ns3:TrackPointExtension>
            <ns3:hr>161</ns3:hr>
            <ns3:cad>99</ns3:cad>
          </ns3:TrackPointExtension>
        </extensions>
      </trkpt>
      <trkpt lat="22.60081057436764240264892578125" lon="113.8828683458268642425537109375">
        <ele>16</ele>
        <time>2026-08-30T23:33:18.000Z</time>
        <extensions>
          <ns3:TrackPointExtension>
            <ns3:hr>162</ns3:hr>
            <ns3:cad>98</ns3:cad>
          </ns3:TrackPointExtension>
        </extensions>
      </trkpt>
      <trkpt lat="22.60078961960971355438232421875" lon="113.882825933396816253662109375">
        <ele>16</ele>
        <time>2026-08-30T23:33:19.000Z</time>
        <extensions>
          <ns3:TrackPointExtension>
            <ns3:hr>161</ns3:hr>
            <ns3:cad>98</ns3:cad>
          </ns3:TrackPointExtension>
        </extensions>
      </trkpt>
      <trkpt lat="22.60076589882373809814453125" lon="113.8827929086983203887939453125">
        <ele>16</ele>
        <time>2026-08-30T23:33:20.000Z</time>
        <extensions>
          <ns3:TrackPointExtension>
            <ns3:hr>161</ns3:hr>
            <ns3:cad>98</ns3:cad>
          </ns3:TrackPointExtension>
        </extensions>
      </trkpt>
      <trkpt lat="22.60075139813125133514404296875" lon="113.8827498257160186767578125">
        <ele>16</ele>
        <time>2026-08-30T23:33:21.000Z</time>
        <extensions>
          <ns3:TrackPointExtension>
            <ns3:hr>162</ns3:hr>
            <ns3:cad>98</ns3:cad>
          </ns3:TrackPointExtension>
        </extensions>
      </trkpt>
      <trkpt lat="22.60073195211589336395263671875" lon="113.882710598409175872802734375">
        <ele>16</ele>
        <time>2026-08-30T23:33:22.000Z</time>
        <extensions>
          <ns3:TrackPointExtension>
            <ns3:hr>161</ns3:hr>
            <ns3:cad>98</ns3:cad>
          </ns3:TrackPointExtension>
        </extensions>
      </trkpt>
      <trkpt lat="22.6007114164531230926513671875" lon="113.88267598114907741546630859375">
        <ele>16</ele>
        <time>2026-08-30T23:33:23.000Z</time>
        <extensions>
          <ns3:TrackPointExtension>
            <ns3:hr>162</ns3:hr>
            <ns3:cad>98</ns3:cad>
          </ns3:TrackPointExtension>
        </extensions>
      </trkpt>
      <trkpt lat="22.60069423355162143707275390625" lon="113.88263323344290256500244140625">
        <ele>16</ele>
        <time>2026-08-30T23:33:24.000Z</time>
        <extensions>
          <ns3:TrackPointExtension>
            <ns3:hr>162</ns3:hr>
            <ns3:cad>98</ns3:cad>
          </ns3:TrackPointExtension>
        </extensions>
      </trkpt>
      <trkpt lat="22.60067378170788288116455078125" lon="113.88259719125926494598388671875">
        <ele>15.80000019073486328125</ele>
        <time>2026-08-30T23:33:25.000Z</time>
        <extensions>
          <ns3:TrackPointExtension>
            <ns3:hr>162</ns3:hr>
            <ns3:cad>98</ns3:cad>
          </ns3:TrackPointExtension>
        </extensions>
      </trkpt>
      <trkpt lat="22.6006601192057132720947265625" lon="113.88256349600851535797119140625">
        <ele>16</ele>
        <time>2026-08-30T23:33:26.000Z</time>
        <extensions>
          <ns3:TrackPointExtension>
            <ns3:hr>162</ns3:hr>
            <ns3:cad>98</ns3:cad>
          </ns3:TrackPointExtension>
        </extensions>
      </trkpt>
      <trkpt lat="22.600644864141941070556640625" lon="113.8825203292071819305419921875">
        <ele>16</ele>
        <time>2026-08-30T23:33:27.000Z</time>
        <extensions>
          <ns3:TrackPointExtension>
            <ns3:hr>161</ns3:hr>
            <ns3:cad>98</ns3:cad>
          </ns3:TrackPointExtension>
        </extensions>
      </trkpt>
      <trkpt lat="22.60062969289720058441162109375" lon="113.8824851252138614654541015625">
        <ele>16</ele>
        <time>2026-08-30T23:33:28.000Z</time>
        <extensions>
          <ns3:TrackPointExtension>
            <ns3:hr>162</ns3:hr>
            <ns3:cad>97</ns3:cad>
          </ns3:TrackPointExtension>
        </extensions>
      </trkpt>
      <trkpt lat="22.60061443783342838287353515625" lon="113.88244874775409698486328125">
        <ele>16</ele>
        <time>2026-08-30T23:33:29.000Z</time>
        <extensions>
          <ns3:TrackPointExtension>
            <ns3:hr>162</ns3:hr>
            <ns3:cad>98</ns3:cad>
          </ns3:TrackPointExtension>
        </extensions>
      </trkpt>
      <trkpt lat="22.60059247724711894989013671875" lon="113.8824080117046833038330078125">
        <ele>16</ele>
        <time>2026-08-30T23:33:30.000Z</time>
        <extensions>
          <ns3:TrackPointExtension>
            <ns3:hr>162</ns3:hr>
            <ns3:cad>99</ns3:cad>
          </ns3:TrackPointExtension>
        </extensions>
      </trkpt>
      <trkpt lat="22.60057571344077587127685546875" lon="113.8823744840919971466064453125">
        <ele>16</ele>
        <time>2026-08-30T23:33:31.000Z</time>
        <extensions>
          <ns3:TrackPointExtension>
            <ns3:hr>162</ns3:hr>
            <ns3:cad>99</ns3:cad>
          </ns3:TrackPointExtension>
        </extensions>
      </trkpt>
      <trkpt lat="22.60056070983409881591796875" lon="113.88233584351837635040283203125">
        <ele>16</ele>
        <time>2026-08-30T23:33:32.000Z</time>
        <extensions>
          <ns3:TrackPointExtension>
            <ns3:hr>162</ns3:hr>
            <ns3:cad>99</ns3:cad>
          </ns3:TrackPointExtension>
        </extensions>
      </trkpt>
      <trkpt lat="22.60053925216197967529296875" lon="113.8822916708886623382568359375">
        <ele>16</ele>
        <time>2026-08-30T23:33:33.000Z</time>
        <extensions>
          <ns3:TrackPointExtension>
            <ns3:hr>162</ns3:hr>
            <ns3:cad>99</ns3:cad>
          </ns3:TrackPointExtension>
        </extensions>
      </trkpt>
      <trkpt lat="22.60052005760371685028076171875" lon="113.882260657846927642822265625">
        <ele>16</ele>
        <time>2026-08-30T23:33:34.000Z</time>
        <extensions>
          <ns3:TrackPointExtension>
            <ns3:hr>163</ns3:hr>
            <ns3:cad>99</ns3:cad>
          </ns3:TrackPointExtension>
        </extensions>
      </trkpt>
      <trkpt lat="22.6005032099783420562744140625" lon="113.88222117908298969268798828125">
        <ele>16</ele>
        <time>2026-08-30T23:33:35.000Z</time>
        <extensions>
          <ns3:TrackPointExtension>
            <ns3:hr>163</ns3:hr>
            <ns3:cad>98</ns3:cad>
          </ns3:TrackPointExtension>
        </extensions>
      </trkpt>
      <trkpt lat="22.60048585943877696990966796875" lon="113.88218379579484462738037109375">
        <ele>16</ele>
        <time>2026-08-30T23:33:36.000Z</time>
        <extensions>
          <ns3:TrackPointExtension>
            <ns3:hr>163</ns3:hr>
            <ns3:cad>98</ns3:cad>
          </ns3:TrackPointExtension>
        </extensions>
      </trkpt>
      <trkpt lat="22.6004733704030513763427734375" lon="113.88215278275310993194580078125">
        <ele>16</ele>
        <time>2026-08-30T23:33:37.000Z</time>
        <extensions>
          <ns3:TrackPointExtension>
            <ns3:hr>163</ns3:hr>
            <ns3:cad>98</ns3:cad>
          </ns3:TrackPointExtension>
        </extensions>
      </trkpt>
      <trkpt lat="22.60045744478702545166015625" lon="113.88211120851337909698486328125">
        <ele>16</ele>
        <time>2026-08-30T23:33:38.000Z</time>
        <extensions>
          <ns3:TrackPointExtension>
            <ns3:hr>163</ns3:hr>
            <ns3:cad>98</ns3:cad>
          </ns3:TrackPointExtension>
        </extensions>
      </trkpt>
      <trkpt lat="22.6004421897232532501220703125" lon="113.882074914872646331787109375">
        <ele>15.80000019073486328125</ele>
        <time>2026-08-30T23:33:39.000Z</time>
        <extensions>
          <ns3:TrackPointExtension>
            <ns3:hr>163</ns3:hr>
            <ns3:cad>98</ns3:cad>
          </ns3:TrackPointExtension>
        </extensions>
      </trkpt>
      <trkpt lat="22.60042701847851276397705078125" lon="113.88203895650804042816162109375">
        <ele>15.80000019073486328125</ele>
        <time>2026-08-30T23:33:40.000Z</time>
        <extensions>
          <ns3:TrackPointExtension>
            <ns3:hr>163</ns3:hr>
            <ns3:cad>98</ns3:cad>
          </ns3:TrackPointExtension>
        </extensions>
      </trkpt>
      <trkpt lat="22.60041343979537487030029296875" lon="113.8820013217628002166748046875">
        <ele>15.80000019073486328125</ele>
        <time>2026-08-30T23:33:41.000Z</time>
        <extensions>
          <ns3:TrackPointExtension>
            <ns3:hr>164</ns3:hr>
            <ns3:cad>98</ns3:cad>
          </ns3:TrackPointExtension>
        </extensions>
      </trkpt>
      <trkpt lat="22.60039575397968292236328125" lon="113.88196460902690887451171875">
        <ele>15.80000019073486328125</ele>
        <time>2026-08-30T23:33:42.000Z</time>
        <extensions>
          <ns3:TrackPointExtension>
            <ns3:hr>164</ns3:hr>
            <ns3:cad>98</ns3:cad>
          </ns3:TrackPointExtension>
        </extensions>
      </trkpt>
      <trkpt lat="22.600382007658481597900390625" lon="113.8819265551865100860595703125">
        <ele>15.80000019073486328125</ele>
        <time>2026-08-30T23:33:43.000Z</time>
        <extensions>
          <ns3:TrackPointExtension>
            <ns3:hr>164</ns3:hr>
            <ns3:cad>98</ns3:cad>
          </ns3:TrackPointExtension>
        </extensions>
      </trkpt>
      <trkpt lat="22.600363902747631072998046875" lon="113.8818839751183986663818359375">
        <ele>15.80000019073486328125</ele>
        <time>2026-08-30T23:33:44.000Z</time>
        <extensions>
          <ns3:TrackPointExtension>
            <ns3:hr>164</ns3:hr>
            <ns3:cad>99</ns3:cad>
          </ns3:TrackPointExtension>
        </extensions>
      </trkpt>
      <trkpt lat="22.6003426127135753631591796875" lon="113.88185505755245685577392578125">
        <ele>16</ele>
        <time>2026-08-30T23:33:45.000Z</time>
        <extensions>
          <ns3:TrackPointExtension>
            <ns3:hr>164</ns3:hr>
            <ns3:cad>99</ns3:cad>
          </ns3:TrackPointExtension>
        </extensions>
      </trkpt>
      <trkpt lat="22.600327692925930023193359375" lon="113.8818179257214069366455078125">
        <ele>16</ele>
        <time>2026-08-30T23:33:46.000Z</time>
        <extensions>
          <ns3:TrackPointExtension>
            <ns3:hr>163</ns3:hr>
            <ns3:cad>99</ns3:cad>
          </ns3:TrackPointExtension>
        </extensions>
      </trkpt>
      <trkpt lat="22.60031201876699924468994140625" lon="113.8817740045487880706787109375">
        <ele>16.200000762939453125</ele>
        <time>2026-08-30T23:33:47.000Z</time>
        <extensions>
          <ns3:TrackPointExtension>
            <ns3:hr>164</ns3:hr>
            <ns3:cad>99</ns3:cad>
          </ns3:TrackPointExtension>
        </extensions>
      </trkpt>
      <trkpt lat="22.600296176970005035400390625" lon="113.8817431591451168060302734375">
        <ele>16.3999996185302734375</ele>
        <time>2026-08-30T23:33:48.000Z</time>
        <extensions>
          <ns3:TrackPointExtension>
            <ns3:hr>164</ns3:hr>
            <ns3:cad>99</ns3:cad>
          </ns3:TrackPointExtension>
        </extensions>
      </trkpt>
      <trkpt lat="22.60028016753494739532470703125" lon="113.8817019201815128326416015625">
        <ele>16.3999996185302734375</ele>
        <time>2026-08-30T23:33:49.000Z</time>
        <extensions>
          <ns3:TrackPointExtension>
            <ns3:hr>164</ns3:hr>
            <ns3:cad>99</ns3:cad>
          </ns3:TrackPointExtension>
        </extensions>
      </trkpt>
      <trkpt lat="22.600263655185699462890625" lon="113.8816623575985431671142578125">
        <ele>16.3999996185302734375</ele>
        <time>2026-08-30T23:33:50.000Z</time>
        <extensions>
          <ns3:TrackPointExtension>
            <ns3:hr>164</ns3:hr>
            <ns3:cad>99</ns3:cad>
          </ns3:TrackPointExtension>
        </extensions>
      </trkpt>
      <trkpt lat="22.60024798102676868438720703125" lon="113.8816284947097301483154296875">
        <ele>16.3999996185302734375</ele>
        <time>2026-08-30T23:33:51.000Z</time>
        <extensions>
          <ns3:TrackPointExtension>
            <ns3:hr>163</ns3:hr>
            <ns3:cad>99</ns3:cad>
          </ns3:TrackPointExtension>
        </extensions>
      </trkpt>
      <trkpt lat="22.60023004375398159027099609375" lon="113.88158398680388927459716796875">
        <ele>16.200000762939453125</ele>
        <time>2026-08-30T23:33:52.000Z</time>
        <extensions>
          <ns3:TrackPointExtension>
            <ns3:hr>164</ns3:hr>
            <ns3:cad>99</ns3:cad>
          </ns3:TrackPointExtension>
        </extensions>
      </trkpt>
      <trkpt lat="22.6002138666808605194091796875" lon="113.8815456815063953399658203125">
        <ele>16.200000762939453125</ele>
        <time>2026-08-30T23:33:53.000Z</time>
        <extensions>
          <ns3:TrackPointExtension>
            <ns3:hr>164</ns3:hr>
            <ns3:cad>99</ns3:cad>
          </ns3:TrackPointExtension>
        </extensions>
      </trkpt>
      <trkpt lat="22.600196935236454010009765625" lon="113.8815168477594852447509765625">
        <ele>16.200000762939453125</ele>
        <time>2026-08-30T23:33:54.000Z</time>
        <extensions>
          <ns3:TrackPointExtension>
            <ns3:hr>163</ns3:hr>
            <ns3:cad>99</ns3:cad>
          </ns3:TrackPointExtension>
        </extensions>
      </trkpt>
      <trkpt lat="22.6001789979636669158935546875" lon="113.8814784586429595947265625">
        <ele>16.200000762939453125</ele>
        <time>2026-08-30T23:33:55.000Z</time>
        <extensions>
          <ns3:TrackPointExtension>
            <ns3:hr>163</ns3:hr>
            <ns3:cad>100</ns3:cad>
          </ns3:TrackPointExtension>
        </extensions>
      </trkpt>
      <trkpt lat="22.60016349144279956817626953125" lon="113.88143948279321193695068359375">
        <ele>16.3999996185302734375</ele>
        <time>2026-08-30T23:33:56.000Z</time>
        <extensions>
          <ns3:TrackPointExtension>
            <ns3:hr>163</ns3:hr>
            <ns3:cad>100</ns3:cad>
          </ns3:TrackPointExtension>
        </extensions>
      </trkpt>
      <trkpt lat="22.6001468114554882049560546875" lon="113.88140712864696979522705078125">
        <ele>16.3999996185302734375</ele>
        <time>2026-08-30T23:33:57.000Z</time>
        <extensions>
          <ns3:TrackPointExtension>
            <ns3:hr>164</ns3:hr>
            <ns3:cad>100</ns3:cad>
          </ns3:TrackPointExtension>
        </extensions>
      </trkpt>
      <trkpt lat="22.60012811981141567230224609375" lon="113.88136588968336582183837890625">
        <ele>16.3999996185302734375</ele>
        <time>2026-08-30T23:33:58.000Z</time>
        <extensions>
          <ns3:TrackPointExtension>
            <ns3:hr>163</ns3:hr>
            <ns3:cad>99</ns3:cad>
          </ns3:TrackPointExtension>
        </extensions>
      </trkpt>
      <trkpt lat="22.60011353529989719390869140625" lon="113.88132951222360134124755859375">
        <ele>16.3999996185302734375</ele>
        <time>2026-08-30T23:33:59.000Z</time>
        <extensions>
          <ns3:TrackPointExtension>
            <ns3:hr>163</ns3:hr>
            <ns3:cad>99</ns3:cad>
          </ns3:TrackPointExtension>
        </extensions>
      </trkpt>
      <trkpt lat="22.60010330937802791595458984375" lon="113.881288357079029083251953125">
        <ele>16.3999996185302734375</ele>
        <time>2026-08-30T23:34:00.000Z</time>
        <extensions>
          <ns3:TrackPointExtension>
            <ns3:hr>163</ns3:hr>
            <ns3:cad>99</ns3:cad>
          </ns3:TrackPointExtension>
        </extensions>
      </trkpt>
      <trkpt lat="22.6000804267823696136474609375" lon="113.8812412507832050323486328125">
        <ele>16.3999996185302734375</ele>
        <time>2026-08-30T23:34:01.000Z</time>
        <extensions>
          <ns3:TrackPointExtension>
            <ns3:hr>163</ns3:hr>
            <ns3:cad>99</ns3:cad>
          </ns3:TrackPointExtension>
        </extensions>
      </trkpt>
      <trkpt lat="22.60006374679505825042724609375" lon="113.88120110146701335906982421875">
        <ele>16.3999996185302734375</ele>
        <time>2026-08-30T23:34:02.000Z</time>
        <extensions>
          <ns3:TrackPointExtension>
            <ns3:hr>164</ns3:hr>
            <ns3:cad>99</ns3:cad>
          </ns3:TrackPointExtension>
        </extensions>
      </trkpt>
      <trkpt lat="22.600048743188381195068359375" lon="113.881168663501739501953125">
        <ele>16.3999996185302734375</ele>
        <time>2026-08-30T23:34:03.000Z</time>
        <extensions>
          <ns3:TrackPointExtension>
            <ns3:hr>163</ns3:hr>
            <ns3:cad>99</ns3:cad>
          </ns3:TrackPointExtension>
        </extensions>
      </trkpt>
      <trkpt lat="22.6000254414975643157958984375" lon="113.8811232335865497589111328125">
        <ele>16.3999996185302734375</ele>
        <time>2026-08-30T23:34:04.000Z</time>
        <extensions>
          <ns3:TrackPointExtension>
            <ns3:hr>163</ns3:hr>
            <ns3:cad>100</ns3:cad>
          </ns3:TrackPointExtension>
        </extensions>
      </trkpt>
      <trkpt lat="22.6000090129673480987548828125" lon="113.88108693994581699371337890625">
        <ele>16.3999996185302734375</ele>
        <time>2026-08-30T23:34:05.000Z</time>
        <extensions>
          <ns3:TrackPointExtension>
            <ns3:hr>163</ns3:hr>
            <ns3:cad>100</ns3:cad>
          </ns3:TrackPointExtension>
        </extensions>
      </trkpt>
      <trkpt lat="22.59999266825616359710693359375" lon="113.88105140067636966705322265625">
        <ele>16.3999996185302734375</ele>
        <time>2026-08-30T23:34:06.000Z</time>
        <extensions>
          <ns3:TrackPointExtension>
            <ns3:hr>163</ns3:hr>
            <ns3:cad>100</ns3:cad>
          </ns3:TrackPointExtension>
        </extensions>
      </trkpt>
      <trkpt lat="22.5999694503843784332275390625" lon="113.88100563548505306243896484375">
        <ele>16.3999996185302734375</ele>
        <time>2026-08-30T23:34:07.000Z</time>
        <extensions>
          <ns3:TrackPointExtension>
            <ns3:hr>163</ns3:hr>
            <ns3:cad>99</ns3:cad>
          </ns3:TrackPointExtension>
        </extensions>
      </trkpt>
      <trkpt lat="22.5999511778354644775390625" lon="113.8809710182249546051025390625">
        <ele>16.3999996185302734375</ele>
        <time>2026-08-30T23:34:08.000Z</time>
        <extensions>
          <ns3:TrackPointExtension>
            <ns3:hr>162</ns3:hr>
            <ns3:cad>99</ns3:cad>
          </ns3:TrackPointExtension>
        </extensions>
      </trkpt>
      <trkpt lat="22.599943466484546661376953125" lon="113.8809324614703655242919921875">
        <ele>16.3999996185302734375</ele>
        <time>2026-08-30T23:34:09.000Z</time>
        <extensions>
          <ns3:TrackPointExtension>
            <ns3:hr>162</ns3:hr>
            <ns3:cad>99</ns3:cad>
          </ns3:TrackPointExtension>
        </extensions>
      </trkpt>
      <trkpt lat="22.599925361573696136474609375" lon="113.880883343517780303955078125">
        <ele>16.3999996185302734375</ele>
        <time>2026-08-30T23:34:10.000Z</time>
        <extensions>
          <ns3:TrackPointExtension>
            <ns3:hr>162</ns3:hr>
            <ns3:cad>92</ns3:cad>
          </ns3:TrackPointExtension>
        </extensions>
      </trkpt>
      <trkpt lat="22.59990490972995758056640625" lon="113.8808513246476650238037109375">
        <ele>16.6000003814697265625</ele>
        <time>2026-08-30T23:34:11.000Z</time>
        <extensions>
          <ns3:TrackPointExtension>
            <ns3:hr>162</ns3:hr>
            <ns3:cad>92</ns3:cad>
          </ns3:TrackPointExtension>
        </extensions>
      </trkpt>
      <trkpt lat="22.5998883135616779327392578125" lon="113.8808090798556804656982421875">
        <ele>16.6000003814697265625</ele>
        <time>2026-08-30T23:34:12.000Z</time>
        <extensions>
          <ns3:TrackPointExtension>
            <ns3:hr>161</ns3:hr>
            <ns3:cad>92</ns3:cad>
          </ns3:TrackPointExtension>
        </extensions>
      </trkpt>
      <trkpt lat="22.59987196885049343109130859375" lon="113.880762644112110137939453125">
        <ele>16.6000003814697265625</ele>
        <time>2026-08-30T23:34:13.000Z</time>
        <extensions>
          <ns3:TrackPointExtension>
            <ns3:hr>162</ns3:hr>
            <ns3:cad>92</ns3:cad>
          </ns3:TrackPointExtension>
        </extensions>
      </trkpt>
      <trkpt lat="22.599857635796070098876953125" lon="113.88073121197521686553955078125">
        <ele>16.6000003814697265625</ele>
        <time>2026-08-30T23:34:14.000Z</time>
        <extensions>
          <ns3:TrackPointExtension>
            <ns3:hr>162</ns3:hr>
            <ns3:cad>92</ns3:cad>
          </ns3:TrackPointExtension>
        </extensions>
      </trkpt>
      <trkpt lat="22.59984212927520275115966796875" lon="113.88069416396319866180419921875">
        <ele>16.6000003814697265625</ele>
        <time>2026-08-30T23:34:15.000Z</time>
        <extensions>
          <ns3:TrackPointExtension>
            <ns3:hr>162</ns3:hr>
            <ns3:cad>99</ns3:cad>
          </ns3:TrackPointExtension>
        </extensions>
      </trkpt>
      <trkpt lat="22.59982201270759105682373046875" lon="113.88065024279057979583740234375">
        <ele>16.6000003814697265625</ele>
        <time>2026-08-30T23:34:16.000Z</time>
        <extensions>
          <ns3:TrackPointExtension>
            <ns3:hr>161</ns3:hr>
            <ns3:cad>99</ns3:cad>
          </ns3:TrackPointExtension>
        </extensions>
      </trkpt>
      <trkpt lat="22.59980474598705768585205078125" lon="113.88061755336821079254150390625">
        <ele>16.6000003814697265625</ele>
        <time>2026-08-30T23:34:17.000Z</time>
        <extensions>
          <ns3:TrackPointExtension>
            <ns3:hr>162</ns3:hr>
            <ns3:cad>99</ns3:cad>
          </ns3:TrackPointExtension>
        </extensions>
      </trkpt>
      <trkpt lat="22.59979200549423694610595703125" lon="113.88057698495686054229736328125">
        <ele>16.3999996185302734375</ele>
        <time>2026-08-30T23:34:18.000Z</time>
        <extensions>
          <ns3:TrackPointExtension>
            <ns3:hr>162</ns3:hr>
            <ns3:cad>99</ns3:cad>
          </ns3:TrackPointExtension>
        </extensions>
      </trkpt>
      <trkpt lat="22.599773146212100982666015625" lon="113.88053658418357372283935546875">
        <ele>16.6000003814697265625</ele>
        <time>2026-08-30T23:34:19.000Z</time>
        <extensions>
          <ns3:TrackPointExtension>
            <ns3:hr>162</ns3:hr>
            <ns3:cad>99</ns3:cad>
          </ns3:TrackPointExtension>
        </extensions>
      </trkpt>
      <trkpt lat="22.599756382405757904052734375" lon="113.880510516464710235595703125">
        <ele>16.6000003814697265625</ele>
        <time>2026-08-30T23:34:20.000Z</time>
        <extensions>
          <ns3:TrackPointExtension>
            <ns3:hr>162</ns3:hr>
            <ns3:cad>99</ns3:cad>
          </ns3:TrackPointExtension>
        </extensions>
      </trkpt>
      <trkpt lat="22.599737942218780517578125" lon="113.8804721273481845855712890625">
        <ele>16.6000003814697265625</ele>
        <time>2026-08-30T23:34:21.000Z</time>
        <extensions>
          <ns3:TrackPointExtension>
            <ns3:hr>163</ns3:hr>
            <ns3:cad>99</ns3:cad>
          </ns3:TrackPointExtension>
        </extensions>
      </trkpt>
      <trkpt lat="22.59971321560442447662353515625" lon="113.8804322294890880584716796875">
        <ele>16.6000003814697265625</ele>
        <time>2026-08-30T23:34:22.000Z</time>
        <extensions>
          <ns3:TrackPointExtension>
            <ns3:hr>163</ns3:hr>
            <ns3:cad>99</ns3:cad>
          </ns3:TrackPointExtension>
        </extensions>
      </trkpt>
      <trkpt lat="22.5996898300945758819580078125" lon="113.88040599413216114044189453125">
        <ele>16.6000003814697265625</ele>
        <time>2026-08-30T23:34:23.000Z</time>
        <extensions>
          <ns3:TrackPointExtension>
            <ns3:hr>163</ns3:hr>
            <ns3:cad>99</ns3:cad>
          </ns3:TrackPointExtension>
        </extensions>
      </trkpt>
      <trkpt lat="22.59966728277504444122314453125" lon="113.88036592863500118255615234375">
        <ele>16.6000003814697265625</ele>
        <time>2026-08-30T23:34:24.000Z</time>
        <extensions>
          <ns3:TrackPointExtension>
            <ns3:hr>163</ns3:hr>
            <ns3:cad>99</ns3:cad>
          </ns3:TrackPointExtension>
        </extensions>
      </trkpt>
      <trkpt lat="22.5996445678174495697021484375" lon="113.88032468967139720916748046875">
        <ele>16.3999996185302734375</ele>
        <time>2026-08-30T23:34:25.000Z</time>
        <extensions>
          <ns3:TrackPointExtension>
            <ns3:hr>162</ns3:hr>
            <ns3:cad>99</ns3:cad>
          </ns3:TrackPointExtension>
        </extensions>
      </trkpt>
      <trkpt lat="22.5996247865259647369384765625" lon="113.8802900724112987518310546875">
        <ele>16.3999996185302734375</ele>
        <time>2026-08-30T23:34:26.000Z</time>
        <extensions>
          <ns3:TrackPointExtension>
            <ns3:hr>163</ns3:hr>
            <ns3:cad>99</ns3:cad>
          </ns3:TrackPointExtension>
        </extensions>
      </trkpt>
      <trkpt lat="22.5996024906635284423828125" lon="113.88025025837123394012451171875">
        <ele>16.3999996185302734375</ele>
        <time>2026-08-30T23:34:27.000Z</time>
        <extensions>
          <ns3:TrackPointExtension>
            <ns3:hr>163</ns3:hr>
            <ns3:cad>99</ns3:cad>
          </ns3:TrackPointExtension>
        </extensions>
      </trkpt>
      <trkpt lat="22.599578015506267547607421875" lon="113.8802092708647251129150390625">
        <ele>16.3999996185302734375</ele>
        <time>2026-08-30T23:34:28.000Z</time>
        <extensions>
          <ns3:TrackPointExtension>
            <ns3:hr>163</ns3:hr>
            <ns3:cad>99</ns3:cad>
          </ns3:TrackPointExtension>
        </extensions>
      </trkpt>
      <trkpt lat="22.5995595753192901611328125" lon="113.88017733581364154815673828125">
        <ele>16.3999996185302734375</ele>
        <time>2026-08-30T23:34:29.000Z</time>
        <extensions>
          <ns3:TrackPointExtension>
            <ns3:hr>163</ns3:hr>
            <ns3:cad>99</ns3:cad>
          </ns3:TrackPointExtension>
        </extensions>
      </trkpt>
      <trkpt lat="22.5995402969419956207275390625" lon="113.8801400363445281982421875">
        <ele>16.3999996185302734375</ele>
        <time>2026-08-30T23:34:30.000Z</time>
        <extensions>
          <ns3:TrackPointExtension>
            <ns3:hr>163</ns3:hr>
            <ns3:cad>99</ns3:cad>
          </ns3:TrackPointExtension>
        </extensions>
      </trkpt>
      <trkpt lat="22.59951506741344928741455078125" lon="113.88010407797992229461669921875">
        <ele>16.3999996185302734375</ele>
        <time>2026-08-30T23:34:31.000Z</time>
        <extensions>
          <ns3:TrackPointExtension>
            <ns3:hr>164</ns3:hr>
            <ns3:cad>101</ns3:cad>
          </ns3:TrackPointExtension>
        </extensions>
      </trkpt>
      <trkpt lat="22.5994923524558544158935546875" lon="113.88007096946239471435546875">
        <ele>16.6000003814697265625</ele>
        <time>2026-08-30T23:34:32.000Z</time>
        <extensions>
          <ns3:TrackPointExtension>
            <ns3:hr>163</ns3:hr>
            <ns3:cad>101</ns3:cad>
          </ns3:TrackPointExtension>
        </extensions>
      </trkpt>
      <trkpt lat="22.59946846403181552886962890625" lon="113.880031071603298187255859375">
        <ele>16.3999996185302734375</ele>
        <time>2026-08-30T23:34:33.000Z</time>
        <extensions>
          <ns3:TrackPointExtension>
            <ns3:hr>164</ns3:hr>
            <ns3:cad>101</ns3:cad>
          </ns3:TrackPointExtension>
        </extensions>
      </trkpt>
      <trkpt lat="22.59944164194166660308837890625" lon="113.87999159283936023712158203125">
        <ele>16.3999996185302734375</ele>
        <time>2026-08-30T23:34:34.000Z</time>
        <extensions>
          <ns3:TrackPointExtension>
            <ns3:hr>164</ns3:hr>
            <ns3:cad>101</ns3:cad>
          </ns3:TrackPointExtension>
        </extensions>
      </trkpt>
      <trkpt lat="22.5994256325066089630126953125" lon="113.87996368110179901123046875">
        <ele>16.200000762939453125</ele>
        <time>2026-08-30T23:34:35.000Z</time>
        <extensions>
          <ns3:TrackPointExtension>
            <ns3:hr>164</ns3:hr>
            <ns3:cad>101</ns3:cad>
          </ns3:TrackPointExtension>
        </extensions>
      </trkpt>
      <trkpt lat="22.599405683577060699462890625" lon="113.87992487289011478424072265625">
        <ele>16.200000762939453125</ele>
        <time>2026-08-30T23:34:36.000Z</time>
        <extensions>
          <ns3:TrackPointExtension>
            <ns3:hr>164</ns3:hr>
            <ns3:cad>101</ns3:cad>
          </ns3:TrackPointExtension>
        </extensions>
      </trkpt>
      <trkpt lat="22.59937793947756290435791015625" lon="113.87988329865038394927978515625">
        <ele>16</ele>
        <time>2026-08-30T23:34:37.000Z</time>
        <extensions>
          <ns3:TrackPointExtension>
            <ns3:hr>163</ns3:hr>
            <ns3:cad>101</ns3:cad>
          </ns3:TrackPointExtension>
        </extensions>
      </trkpt>
      <trkpt lat="22.59935530833899974822998046875" lon="113.87985027395188808441162109375">
        <ele>16</ele>
        <time>2026-08-30T23:34:38.000Z</time>
        <extensions>
          <ns3:TrackPointExtension>
            <ns3:hr>164</ns3:hr>
            <ns3:cad>101</ns3:cad>
          </ns3:TrackPointExtension>
        </extensions>
      </trkpt>
      <trkpt lat="22.599330246448516845703125" lon="113.87981875799596309661865234375">
        <ele>16.200000762939453125</ele>
        <time>2026-08-30T23:34:39.000Z</time>
        <extensions>
          <ns3:TrackPointExtension>
            <ns3:hr>164</ns3:hr>
            <ns3:cad>101</ns3:cad>
          </ns3:TrackPointExtension>
        </extensions>
      </trkpt>
      <trkpt lat="22.59930669330060482025146484375" lon="113.87977668084204196929931640625">
        <ele>16.200000762939453125</ele>
        <time>2026-08-30T23:34:40.000Z</time>
        <extensions>
          <ns3:TrackPointExtension>
            <ns3:hr>164</ns3:hr>
            <ns3:cad>101</ns3:cad>
          </ns3:TrackPointExtension>
        </extensions>
      </trkpt>
      <trkpt lat="22.5992881692945957183837890625" lon="113.8797425664961338043212890625">
        <ele>16.200000762939453125</ele>
        <time>2026-08-30T23:34:41.000Z</time>
        <extensions>
          <ns3:TrackPointExtension>
            <ns3:hr>164</ns3:hr>
            <ns3:cad>100</ns3:cad>
          </ns3:TrackPointExtension>
        </extensions>
      </trkpt>
      <trkpt lat="22.59926646016538143157958984375" lon="113.87971381656825542449951171875">
        <ele>16.200000762939453125</ele>
        <time>2026-08-30T23:34:42.000Z</time>
        <extensions>
          <ns3:TrackPointExtension>
            <ns3:hr>164</ns3:hr>
            <ns3:cad>100</ns3:cad>
          </ns3:TrackPointExtension>
        </extensions>
      </trkpt>
      <trkpt lat="22.59924232028424739837646484375" lon="113.879677690565586090087890625">
        <ele>16.200000762939453125</ele>
        <time>2026-08-30T23:34:43.000Z</time>
        <extensions>
          <ns3:TrackPointExtension>
            <ns3:hr>163</ns3:hr>
            <ns3:cad>100</ns3:cad>
          </ns3:TrackPointExtension>
        </extensions>
      </trkpt>
      <trkpt lat="22.5992184318602085113525390625" lon="113.87964458204805850982666015625">
        <ele>16</ele>
        <time>2026-08-30T23:34:44.000Z</time>
        <extensions>
          <ns3:TrackPointExtension>
            <ns3:hr>164</ns3:hr>
            <ns3:cad>100</ns3:cad>
          </ns3:TrackPointExtension>
        </extensions>
      </trkpt>
      <trkpt lat="22.599199824035167694091796875" lon="113.8796101324260234832763671875">
        <ele>16</ele>
        <time>2026-08-30T23:34:45.000Z</time>
        <extensions>
          <ns3:TrackPointExtension>
            <ns3:hr>164</ns3:hr>
            <ns3:cad>100</ns3:cad>
          </ns3:TrackPointExtension>
        </extensions>
      </trkpt>
      <trkpt lat="22.59917400777339935302734375" lon="113.87957367114722728729248046875">
        <ele>16</ele>
        <time>2026-08-30T23:34:46.000Z</time>
        <extensions>
          <ns3:TrackPointExtension>
            <ns3:hr>164</ns3:hr>
            <ns3:cad>100</ns3:cad>
          </ns3:TrackPointExtension>
        </extensions>
      </trkpt>
      <trkpt lat="22.59914861060678958892822265625" lon="113.87954383157193660736083984375">
        <ele>16</ele>
        <time>2026-08-30T23:34:47.000Z</time>
        <extensions>
          <ns3:TrackPointExtension>
            <ns3:hr>164</ns3:hr>
            <ns3:cad>100</ns3:cad>
          </ns3:TrackPointExtension>
        </extensions>
      </trkpt>
      <trkpt lat="22.59912715293467044830322265625" lon="113.87951843440532684326171875">
        <ele>16</ele>
        <time>2026-08-30T23:34:48.000Z</time>
        <extensions>
          <ns3:TrackPointExtension>
            <ns3:hr>164</ns3:hr>
            <ns3:cad>100</ns3:cad>
          </ns3:TrackPointExtension>
        </extensions>
      </trkpt>
      <trkpt lat="22.59909630753099918365478515625" lon="113.8794874213635921478271484375">
        <ele>16</ele>
        <time>2026-08-30T23:34:49.000Z</time>
        <extensions>
          <ns3:TrackPointExtension>
            <ns3:hr>164</ns3:hr>
            <ns3:cad>100</ns3:cad>
          </ns3:TrackPointExtension>
        </extensions>
      </trkpt>
      <trkpt lat="22.59906881488859653472900390625" lon="113.87945473194122314453125">
        <ele>16</ele>
        <time>2026-08-30T23:34:50.000Z</time>
        <extensions>
          <ns3:TrackPointExtension>
            <ns3:hr>164</ns3:hr>
            <ns3:cad>100</ns3:cad>
          </ns3:TrackPointExtension>
        </extensions>
      </trkpt>
      <trkpt lat="22.59904886595904827117919921875" lon="113.8794247247278690338134765625">
        <ele>16</ele>
        <time>2026-08-30T23:34:51.000Z</time>
        <extensions>
          <ns3:TrackPointExtension>
            <ns3:hr>164</ns3:hr>
            <ns3:cad>100</ns3:cad>
          </ns3:TrackPointExtension>
        </extensions>
      </trkpt>
      <trkpt lat="22.59901843965053558349609375" lon="113.8793888501822948455810546875">
        <ele>16</ele>
        <time>2026-08-30T23:34:52.000Z</time>
        <extensions>
          <ns3:TrackPointExtension>
            <ns3:hr>164</ns3:hr>
            <ns3:cad>100</ns3:cad>
          </ns3:TrackPointExtension>
        </extensions>
      </trkpt>
      <trkpt lat="22.59898365475237369537353515625" lon="113.87935674749314785003662109375">
        <ele>16</ele>
        <time>2026-08-30T23:34:53.000Z</time>
        <extensions>
          <ns3:TrackPointExtension>
            <ns3:hr>163</ns3:hr>
            <ns3:cad>100</ns3:cad>
          </ns3:TrackPointExtension>
        </extensions>
      </trkpt>
      <trkpt lat="22.598956413567066192626953125" lon="113.87933671474456787109375">
        <ele>16.200000762939453125</ele>
        <time>2026-08-30T23:34:54.000Z</time>
        <extensions>
          <ns3:TrackPointExtension>
            <ns3:hr>163</ns3:hr>
            <ns3:cad>100</ns3:cad>
          </ns3:TrackPointExtension>
        </extensions>
      </trkpt>
      <trkpt lat="22.59892213158309459686279296875" lon="113.879305534064769744873046875">
        <ele>16</ele>
        <time>2026-08-30T23:34:55.000Z</time>
        <extensions>
          <ns3:TrackPointExtension>
            <ns3:hr>162</ns3:hr>
            <ns3:cad>98</ns3:cad>
          </ns3:TrackPointExtension>
        </extensions>
      </trkpt>
      <trkpt lat="22.59888491593301296234130859375" lon="113.87927494011819362640380859375">
        <ele>16</ele>
        <time>2026-08-30T23:34:56.000Z</time>
        <extensions>
          <ns3:TrackPointExtension>
            <ns3:hr>161</ns3:hr>
            <ns3:cad>98</ns3:cad>
          </ns3:TrackPointExtension>
        </extensions>
      </trkpt>
      <trkpt lat="22.59885071776807308197021484375" lon="113.87925750575959682464599609375">
        <ele>16</ele>
        <time>2026-08-30T23:34:57.000Z</time>
        <extensions>
          <ns3:TrackPointExtension>
            <ns3:hr>160</ns3:hr>
            <ns3:cad>98</ns3:cad>
          </ns3:TrackPointExtension>
        </extensions>
      </trkpt>
      <trkpt lat="22.5988157652318477630615234375" lon="113.879235126078128814697265625">
        <ele>16</ele>
        <time>2026-08-30T23:34:58.000Z</time>
        <extensions>
          <ns3:TrackPointExtension>
            <ns3:hr>160</ns3:hr>
            <ns3:cad>98</ns3:cad>
          </ns3:TrackPointExtension>
        </extensions>
      </trkpt>
      <trkpt lat="22.59877947159111499786376953125" lon="113.879210650920867919921875">
        <ele>16</ele>
        <time>2026-08-30T23:34:59.000Z</time>
        <extensions>
          <ns3:TrackPointExtension>
            <ns3:hr>160</ns3:hr>
            <ns3:cad>98</ns3:cad>
          </ns3:TrackPointExtension>
        </extensions>
      </trkpt>
      <trkpt lat="22.5987510569393634796142578125" lon="113.8791910372674465179443359375">
        <ele>16.200000762939453125</ele>
        <time>2026-08-30T23:35:00.000Z</time>
        <extensions>
          <ns3:TrackPointExtension>
            <ns3:hr>160</ns3:hr>
            <ns3:cad>98</ns3:cad>
          </ns3:TrackPointExtension>
        </extensions>
      </trkpt>
      <trkpt lat="22.598723731935024261474609375" lon="113.87916983105242252349853515625">
        <ele>16.200000762939453125</ele>
        <time>2026-08-30T23:35:01.000Z</time>
        <extensions>
          <ns3:TrackPointExtension>
            <ns3:hr>159</ns3:hr>
            <ns3:cad>98</ns3:cad>
          </ns3:TrackPointExtension>
        </extensions>
      </trkpt>
      <trkpt lat="22.5986860133707523345947265625" lon="113.87914988212287425994873046875">
        <ele>16.200000762939453125</ele>
        <time>2026-08-30T23:35:02.000Z</time>
        <extensions>
          <ns3:TrackPointExtension>
            <ns3:hr>159</ns3:hr>
            <ns3:cad>98</ns3:cad>
          </ns3:TrackPointExtension>
        </extensions>
      </trkpt>
      <trkpt lat="22.598650641739368438720703125" lon="113.87913093902170658111572265625">
        <ele>16</ele>
        <time>2026-08-30T23:35:03.000Z</time>
        <extensions>
          <ns3:TrackPointExtension>
            <ns3:hr>159</ns3:hr>
            <ns3:cad>102</ns3:cad>
          </ns3:TrackPointExtension>
        </extensions>
      </trkpt>
      <trkpt lat="22.5986179523169994354248046875" lon="113.879107721149921417236328125">
        <ele>16</ele>
        <time>2026-08-30T23:35:04.000Z</time>
        <extensions>
          <ns3:TrackPointExtension>
            <ns3:hr>159</ns3:hr>
            <ns3:cad>101</ns3:cad>
          </ns3:TrackPointExtension>
        </extensions>
      </trkpt>
      <trkpt lat="22.598576880991458892822265625" lon="113.87909355573356151580810546875">
        <ele>16</ele>
        <time>2026-08-30T23:35:05.000Z</time>
        <extensions>
          <ns3:TrackPointExtension>
            <ns3:hr>159</ns3:hr>
            <ns3:cad>101</ns3:cad>
          </ns3:TrackPointExtension>
        </extensions>
      </trkpt>
      <trkpt lat="22.5985430181026458740234375" lon="113.87908131815493106842041015625">
        <ele>16</ele>
        <time>2026-08-30T23:35:06.000Z</time>
        <extensions>
          <ns3:TrackPointExtension>
            <ns3:hr>159</ns3:hr>
            <ns3:cad>101</ns3:cad>
          </ns3:TrackPointExtension>
        </extensions>
      </trkpt>
      <trkpt lat="22.598506473004817962646484375" lon="113.87906648218631744384765625">
        <ele>15.80000019073486328125</ele>
        <time>2026-08-30T23:35:07.000Z</time>
        <extensions>
          <ns3:TrackPointExtension>
            <ns3:hr>158</ns3:hr>
            <ns3:cad>101</ns3:cad>
          </ns3:TrackPointExtension>
        </extensions>
      </trkpt>
      <trkpt lat="22.5984573550522327423095703125" lon="113.879044353961944580078125">
        <ele>16</ele>
        <time>2026-08-30T23:35:08.000Z</time>
        <extensions>
          <ns3:TrackPointExtension>
            <ns3:hr>158</ns3:hr>
            <ns3:cad>101</ns3:cad>
          </ns3:TrackPointExtension>
        </extensions>
      </trkpt>
      <trkpt lat="22.5984255038201808929443359375" lon="113.87903429567813873291015625">
        <ele>16</ele>
        <time>2026-08-30T23:35:09.000Z</time>
        <extensions>
          <ns3:TrackPointExtension>
            <ns3:hr>157</ns3:hr>
            <ns3:cad>100</ns3:cad>
          </ns3:TrackPointExtension>
        </extensions>
      </trkpt>
      <trkpt lat="22.5983866117894649505615234375" lon="113.87901862151920795440673828125">
        <ele>16</ele>
        <time>2026-08-30T23:35:10.000Z</time>
        <extensions>
          <ns3:TrackPointExtension>
            <ns3:hr>157</ns3:hr>
            <ns3:cad>100</ns3:cad>
          </ns3:TrackPointExtension>
        </extensions>
      </trkpt>
      <trkpt lat="22.59834830649197101593017578125" lon="113.8790063001215457916259765625">
        <ele>16</ele>
        <time>2026-08-30T23:35:11.000Z</time>
        <extensions>
          <ns3:TrackPointExtension>
            <ns3:hr>157</ns3:hr>
            <ns3:cad>99</ns3:cad>
          </ns3:TrackPointExtension>
        </extensions>
      </trkpt>
      <trkpt lat="22.59831368923187255859375" lon="113.8789962418377399444580078125">
        <ele>15.80000019073486328125</ele>
        <time>2026-08-30T23:35:12.000Z</time>
        <extensions>
          <ns3:TrackPointExtension>
            <ns3:hr>157</ns3:hr>
            <ns3:cad>99</ns3:cad>
          </ns3:TrackPointExtension>
        </extensions>
      </trkpt>
      <trkpt lat="22.59827337227761745452880859375" lon="113.87898065149784088134765625">
        <ele>15.80000019073486328125</ele>
        <time>2026-08-30T23:35:13.000Z</time>
        <extensions>
          <ns3:TrackPointExtension>
            <ns3:hr>157</ns3:hr>
            <ns3:cad>99</ns3:cad>
          </ns3:TrackPointExtension>
        </extensions>
      </trkpt>
      <trkpt lat="22.5982333905994892120361328125" lon="113.8789627142250537872314453125">
        <ele>15.80000019073486328125</ele>
        <time>2026-08-30T23:35:14.000Z</time>
        <extensions>
          <ns3:TrackPointExtension>
            <ns3:hr>157</ns3:hr>
            <ns3:cad>99</ns3:cad>
          </ns3:TrackPointExtension>
        </extensions>
      </trkpt>
      <trkpt lat="22.5981968455016613006591796875" lon="113.87894553132355213165283203125">
        <ele>15.80000019073486328125</ele>
        <time>2026-08-30T23:35:15.000Z</time>
        <extensions>
          <ns3:TrackPointExtension>
            <ns3:hr>157</ns3:hr>
            <ns3:cad>99</ns3:cad>
          </ns3:TrackPointExtension>
        </extensions>
      </trkpt>
      <trkpt lat="22.5981546007096767425537109375" lon="113.87892994098365306854248046875">
        <ele>15.80000019073486328125</ele>
        <time>2026-08-30T23:35:16.000Z</time>
        <extensions>
          <ns3:TrackPointExtension>
            <ns3:hr>156</ns3:hr>
            <ns3:cad>100</ns3:cad>
          </ns3:TrackPointExtension>
        </extensions>
      </trkpt>
      <trkpt lat="22.59811294265091419219970703125" lon="113.87891837395727634429931640625">
        <ele>15.80000019073486328125</ele>
        <time>2026-08-30T23:35:17.000Z</time>
        <extensions>
          <ns3:TrackPointExtension>
            <ns3:hr>157</ns3:hr>
            <ns3:cad>100</ns3:cad>
          </ns3:TrackPointExtension>
        </extensions>
      </trkpt>
      <trkpt lat="22.59807740338146686553955078125" lon="113.87890831567347049713134765625">
        <ele>15.80000019073486328125</ele>
        <time>2026-08-30T23:35:18.000Z</time>
        <extensions>
          <ns3:TrackPointExtension>
            <ns3:hr>157</ns3:hr>
            <ns3:cad>100</ns3:cad>
          </ns3:TrackPointExtension>
        </extensions>
      </trkpt>
      <trkpt lat="22.59804337285459041595458984375" lon="113.8788963295519351959228515625">
        <ele>15.80000019073486328125</ele>
        <time>2026-08-30T23:35:19.000Z</time>
        <extensions>
          <ns3:TrackPointExtension>
            <ns3:hr>156</ns3:hr>
            <ns3:cad>100</ns3:cad>
          </ns3:TrackPointExtension>
        </extensions>
      </trkpt>
      <trkpt lat="22.5980114378035068511962890625" lon="113.8788708485662937164306640625">
        <ele>16</ele>
        <time>2026-08-30T23:35:20.000Z</time>
        <extensions>
          <ns3:TrackPointExtension>
            <ns3:hr>156</ns3:hr>
            <ns3:cad>100</ns3:cad>
          </ns3:TrackPointExtension>
        </extensions>
      </trkpt>
      <trkpt lat="22.5979815982282161712646484375" lon="113.8788550905883312225341796875">
        <ele>16</ele>
        <time>2026-08-30T23:35:21.000Z</time>
        <extensions>
          <ns3:TrackPointExtension>
            <ns3:hr>156</ns3:hr>
            <ns3:cad>101</ns3:cad>
          </ns3:TrackPointExtension>
        </extensions>
      </trkpt>
      <trkpt lat="22.59794999845325946807861328125" lon="113.87883673422038555145263671875">
        <ele>16</ele>
        <time>2026-08-30T23:35:22.000Z</time>
        <extensions>
          <ns3:TrackPointExtension>
            <ns3:hr>156</ns3:hr>
            <ns3:cad>101</ns3:cad>
          </ns3:TrackPointExtension>
        </extensions>
      </trkpt>
      <trkpt lat="22.5979162193834781646728515625" lon="113.878812007606029510498046875">
        <ele>16.200000762939453125</ele>
        <time>2026-08-30T23:35:23.000Z</time>
        <extensions>
          <ns3:TrackPointExtension>
            <ns3:hr>156</ns3:hr>
            <ns3:cad>101</ns3:cad>
          </ns3:TrackPointExtension>
        </extensions>
      </trkpt>
      <trkpt lat="22.5978887267410755157470703125" lon="113.8787908852100372314453125">
        <ele>16.200000762939453125</ele>
        <time>2026-08-30T23:35:24.000Z</time>
        <extensions>
          <ns3:TrackPointExtension>
            <ns3:hr>156</ns3:hr>
            <ns3:cad>101</ns3:cad>
          </ns3:TrackPointExtension>
        </extensions>
      </trkpt>
      <trkpt lat="22.5978572107851505279541015625" lon="113.87876397930085659027099609375">
        <ele>16.200000762939453125</ele>
        <time>2026-08-30T23:35:25.000Z</time>
        <extensions>
          <ns3:TrackPointExtension>
            <ns3:hr>156</ns3:hr>
            <ns3:cad>100</ns3:cad>
          </ns3:TrackPointExtension>
        </extensions>
      </trkpt>
      <trkpt lat="22.5978186540305614471435546875" lon="113.87874503619968891143798828125">
        <ele>16.200000762939453125</ele>
        <time>2026-08-30T23:35:26.000Z</time>
        <extensions>
          <ns3:TrackPointExtension>
            <ns3:hr>156</ns3:hr>
            <ns3:cad>100</ns3:cad>
          </ns3:TrackPointExtension>
        </extensions>
      </trkpt>
      <trkpt lat="22.59778236038982868194580078125" lon="113.87873179279267787933349609375">
        <ele>16.3999996185302734375</ele>
        <time>2026-08-30T23:35:27.000Z</time>
        <extensions>
          <ns3:TrackPointExtension>
            <ns3:hr>156</ns3:hr>
            <ns3:cad>100</ns3:cad>
          </ns3:TrackPointExtension>
        </extensions>
      </trkpt>
      <trkpt lat="22.597743384540081024169921875" lon="113.87870647944509983062744140625">
        <ele>16.3999996185302734375</ele>
        <time>2026-08-30T23:35:28.000Z</time>
        <extensions>
          <ns3:TrackPointExtension>
            <ns3:hr>156</ns3:hr>
            <ns3:cad>100</ns3:cad>
          </ns3:TrackPointExtension>
        </extensions>
      </trkpt>
      <trkpt lat="22.5977096892893314361572265625" lon="113.87869306840002536773681640625">
        <ele>16.200000762939453125</ele>
        <time>2026-08-30T23:35:29.000Z</time>
        <extensions>
          <ns3:TrackPointExtension>
            <ns3:hr>156</ns3:hr>
            <ns3:cad>99</ns3:cad>
          </ns3:TrackPointExtension>
        </extensions>
      </trkpt>
      <trkpt lat="22.59767272509634494781494140625" lon="113.87867613695561885833740234375">
        <ele>16.3999996185302734375</ele>
        <time>2026-08-30T23:35:30.000Z</time>
        <extensions>
          <ns3:TrackPointExtension>
            <ns3:hr>156</ns3:hr>
            <ns3:cad>99</ns3:cad>
          </ns3:TrackPointExtension>
        </extensions>
      </trkpt>
      <trkpt lat="22.5976355932652950286865234375" lon="113.8786529190838336944580078125">
        <ele>16.3999996185302734375</ele>
        <time>2026-08-30T23:35:31.000Z</time>
        <extensions>
          <ns3:TrackPointExtension>
            <ns3:hr>156</ns3:hr>
            <ns3:cad>99</ns3:cad>
          </ns3:TrackPointExtension>
        </extensions>
      </trkpt>
      <trkpt lat="22.5976101122796535491943359375" lon="113.87863975949585437774658203125">
        <ele>16.3999996185302734375</ele>
        <time>2026-08-30T23:35:32.000Z</time>
        <extensions>
          <ns3:TrackPointExtension>
            <ns3:hr>156</ns3:hr>
            <ns3:cad>98</ns3:cad>
          </ns3:TrackPointExtension>
        </extensions>
      </trkpt>
      <trkpt lat="22.59758052416145801544189453125" lon="113.87862651608884334564208984375">
        <ele>16.200000762939453125</ele>
        <time>2026-08-30T23:35:33.000Z</time>
        <extensions>
          <ns3:TrackPointExtension>
            <ns3:hr>156</ns3:hr>
            <ns3:cad>98</ns3:cad>
          </ns3:TrackPointExtension>
        </extensions>
      </trkpt>
      <trkpt lat="22.59756091050803661346435546875" lon="113.87861763127148151397705078125">
        <ele>16.200000762939453125</ele>
        <time>2026-08-30T23:35:34.000Z</time>
        <extensions>
          <ns3:TrackPointExtension>
            <ns3:hr>156</ns3:hr>
            <ns3:cad>98</ns3:cad>
          </ns3:TrackPointExtension>
        </extensions>
      </trkpt>
      <trkpt lat="22.59753107093274593353271484375" lon="113.87860648334026336669921875">
        <ele>16</ele>
        <time>2026-08-30T23:35:35.000Z</time>
        <extensions>
          <ns3:TrackPointExtension>
            <ns3:hr>156</ns3:hr>
            <ns3:cad>98</ns3:cad>
          </ns3:TrackPointExtension>
        </extensions>
      </trkpt>
      <trkpt lat="22.5975065119564533233642578125" lon="113.8786017894744873046875">
        <ele>15.80000019073486328125</ele>
        <time>2026-08-30T23:35:36.000Z</time>
        <extensions>
          <ns3:TrackPointExtension>
            <ns3:hr>156</ns3:hr>
            <ns3:cad>98</ns3:cad>
          </ns3:TrackPointExtension>
        </extensions>
      </trkpt>
      <trkpt lat="22.59747692383825778961181640625" lon="113.8785885460674762725830078125">
        <ele>15.6000003814697265625</ele>
        <time>2026-08-30T23:35:37.000Z</time>
        <extensions>
          <ns3:TrackPointExtension>
            <ns3:hr>156</ns3:hr>
            <ns3:cad>98</ns3:cad>
          </ns3:TrackPointExtension>
        </extensions>
      </trkpt>
      <trkpt lat="22.5974568910896778106689453125" lon="113.87857655994594097137451171875">
        <ele>15.6000003814697265625</ele>
        <time>2026-08-30T23:35:38.000Z</time>
        <extensions>
          <ns3:TrackPointExtension>
            <ns3:hr>156</ns3:hr>
            <ns3:cad>98</ns3:cad>
          </ns3:TrackPointExtension>
        </extensions>
      </trkpt>
      <trkpt lat="22.59743132628500461578369140625" lon="113.87856365181505680084228515625">
        <ele>15.3999996185302734375</ele>
        <time>2026-08-30T23:35:39.000Z</time>
        <extensions>
          <ns3:TrackPointExtension>
            <ns3:hr>157</ns3:hr>
            <ns3:cad>98</ns3:cad>
          </ns3:TrackPointExtension>
        </extensions>
      </trkpt>
      <trkpt lat="22.59741305373609066009521484375" lon="113.87856046669185161590576171875">
        <ele>15.3999996185302734375</ele>
        <time>2026-08-30T23:35:40.000Z</time>
        <extensions>
          <ns3:TrackPointExtension>
            <ns3:hr>157</ns3:hr>
            <ns3:cad>98</ns3:cad>
          </ns3:TrackPointExtension>
        </extensions>
      </trkpt>
      <trkpt lat="22.59738908149302005767822265625" lon="113.8785493187606334686279296875">
        <ele>15.3999996185302734375</ele>
        <time>2026-08-30T23:35:41.000Z</time>
        <extensions>
          <ns3:TrackPointExtension>
            <ns3:hr>157</ns3:hr>
            <ns3:cad>98</ns3:cad>
          </ns3:TrackPointExtension>
        </extensions>
      </trkpt>
      <trkpt lat="22.5973680429160594940185546875" lon="113.878547810018062591552734375">
        <ele>15.19999980926513671875</ele>
        <time>2026-08-30T23:35:42.000Z</time>
        <extensions>
          <ns3:TrackPointExtension>
            <ns3:hr>157</ns3:hr>
            <ns3:cad>98</ns3:cad>
          </ns3:TrackPointExtension>
        </extensions>
      </trkpt>
      <trkpt lat="22.59734415449202060699462890625" lon="113.87854211032390594482421875">
        <ele>15.19999980926513671875</ele>
        <time>2026-08-30T23:35:43.000Z</time>
        <extensions>
          <ns3:TrackPointExtension>
            <ns3:hr>157</ns3:hr>
            <ns3:cad>93</ns3:cad>
          </ns3:TrackPointExtension>
        </extensions>
      </trkpt>
      <trkpt lat="22.5973244570195674896240234375" lon="113.87853674590587615966796875">
        <ele>15.19999980926513671875</ele>
        <time>2026-08-30T23:35:44.000Z</time>
        <extensions>
          <ns3:TrackPointExtension>
            <ns3:hr>156</ns3:hr>
            <ns3:cad>93</ns3:cad>
          </ns3:TrackPointExtension>
        </extensions>
      </trkpt>
      <trkpt lat="22.59730660356581211090087890625" lon="113.8785281963646411895751953125">
        <ele>15.19999980926513671875</ele>
        <time>2026-08-30T23:35:45.000Z</time>
        <extensions>
          <ns3:TrackPointExtension>
            <ns3:hr>156</ns3:hr>
            <ns3:cad>93</ns3:cad>
          </ns3:TrackPointExtension>
        </extensions>
      </trkpt>
      <trkpt lat="22.5972850620746612548828125" lon="113.878518305718898773193359375">
        <ele>15.19999980926513671875</ele>
        <time>2026-08-30T23:35:46.000Z</time>
        <extensions>
          <ns3:TrackPointExtension>
            <ns3:hr>156</ns3:hr>
            <ns3:cad>93</ns3:cad>
          </ns3:TrackPointExtension>
        </extensions>
      </trkpt>
      <trkpt lat="22.59727139957249164581298828125" lon="113.878499530255794525146484375">
        <ele>15.19999980926513671875</ele>
        <time>2026-08-30T23:35:47.000Z</time>
        <extensions>
          <ns3:TrackPointExtension>
            <ns3:hr>156</ns3:hr>
            <ns3:cad>92</ns3:cad>
          </ns3:TrackPointExtension>
        </extensions>
      </trkpt>
      <trkpt lat="22.5972501933574676513671875" lon="113.8784851133823394775390625">
        <ele>15.3999996185302734375</ele>
        <time>2026-08-30T23:35:48.000Z</time>
        <extensions>
          <ns3:TrackPointExtension>
            <ns3:hr>156</ns3:hr>
            <ns3:cad>92</ns3:cad>
          </ns3:TrackPointExtension>
        </extensions>
      </trkpt>
      <trkpt lat="22.5972341001033782958984375" lon="113.87846927158534526824951171875">
        <ele>15.19999980926513671875</ele>
        <time>2026-08-30T23:35:49.000Z</time>
        <extensions>
          <ns3:TrackPointExtension>
            <ns3:hr>156</ns3:hr>
            <ns3:cad>92</ns3:cad>
          </ns3:TrackPointExtension>
        </extensions>
      </trkpt>
      <trkpt lat="22.59721473790705204010009765625" lon="113.87845250777900218963623046875">
        <ele>15.19999980926513671875</ele>
        <time>2026-08-30T23:35:50.000Z</time>
        <extensions>
          <ns3:TrackPointExtension>
            <ns3:hr>156</ns3:hr>
            <ns3:cad>92</ns3:cad>
          </ns3:TrackPointExtension>
        </extensions>
      </trkpt>
      <trkpt lat="22.5972010754048824310302734375" lon="113.8784333132207393646240234375">
        <ele>15.19999980926513671875</ele>
        <time>2026-08-30T23:35:51.000Z</time>
        <extensions>
          <ns3:TrackPointExtension>
            <ns3:hr>155</ns3:hr>
            <ns3:cad>91</ns3:cad>
          </ns3:TrackPointExtension>
        </extensions>
      </trkpt>
      <trkpt lat="22.59718288667500019073486328125" lon="113.87841914780437946319580078125">
        <ele>15.19999980926513671875</ele>
        <time>2026-08-30T23:35:52.000Z</time>
        <extensions>
          <ns3:TrackPointExtension>
            <ns3:hr>154</ns3:hr>
            <ns3:cad>91</ns3:cad>
          </ns3:TrackPointExtension>
        </extensions>
      </trkpt>
      <trkpt lat="22.59716897271573543548583984375" lon="113.8784054853022098541259765625">
        <ele>15</ele>
        <time>2026-08-30T23:35:53.000Z</time>
        <extensions>
          <ns3:TrackPointExtension>
            <ns3:hr>154</ns3:hr>
            <ns3:cad>89</ns3:cad>
          </ns3:TrackPointExtension>
        </extensions>
      </trkpt>
      <trkpt lat="22.5971467606723308563232421875" lon="113.878391571342945098876953125">
        <ele>15</ele>
        <time>2026-08-30T23:35:54.000Z</time>
        <extensions>
          <ns3:TrackPointExtension>
            <ns3:hr>153</ns3:hr>
            <ns3:cad>89</ns3:cad>
          </ns3:TrackPointExtension>
        </extensions>
      </trkpt>
      <trkpt lat="22.59713418781757354736328125" lon="113.878375478088855743408203125">
        <ele>14.80000019073486328125</ele>
        <time>2026-08-30T23:35:55.000Z</time>
        <extensions>
          <ns3:TrackPointExtension>
            <ns3:hr>153</ns3:hr>
            <ns3:cad>89</ns3:cad>
          </ns3:TrackPointExtension>
        </extensions>
      </trkpt>
      <trkpt lat="22.5971122272312641143798828125" lon="113.8783582113683223724365234375">
        <ele>14.80000019073486328125</ele>
        <time>2026-08-30T23:35:56.000Z</time>
        <extensions>
          <ns3:TrackPointExtension>
            <ns3:hr>152</ns3:hr>
            <ns3:cad>89</ns3:cad>
          </ns3:TrackPointExtension>
        </extensions>
      </trkpt>
      <trkpt lat="22.59709890000522136688232421875" lon="113.8783441297709941864013671875">
        <ele>14.80000019073486328125</ele>
        <time>2026-08-30T23:35:57.000Z</time>
        <extensions>
          <ns3:TrackPointExtension>
            <ns3:hr>151</ns3:hr>
            <ns3:cad>90</ns3:cad>
          </ns3:TrackPointExtension>
        </extensions>
      </trkpt>
      <trkpt lat="22.5970838963985443115234375" lon="113.87832007370889186859130859375">
        <ele>15</ele>
        <time>2026-08-30T23:35:58.000Z</time>
        <extensions>
          <ns3:TrackPointExtension>
            <ns3:hr>151</ns3:hr>
            <ns3:cad>90</ns3:cad>
          </ns3:TrackPointExtension>
        </extensions>
      </trkpt>
      <trkpt lat="22.5970750115811824798583984375" lon="113.87830071151256561279296875">
        <ele>15</ele>
        <time>2026-08-30T23:35:59.000Z</time>
        <extensions>
          <ns3:TrackPointExtension>
            <ns3:hr>151</ns3:hr>
            <ns3:cad>90</ns3:cad>
          </ns3:TrackPointExtension>
        </extensions>
      </trkpt>
      <trkpt lat="22.59705103933811187744140625" lon="113.8782790862023830413818359375">
        <ele>15</ele>
        <time>2026-08-30T23:36:00.000Z</time>
        <extensions>
          <ns3:TrackPointExtension>
            <ns3:hr>150</ns3:hr>
            <ns3:cad>90</ns3:cad>
          </ns3:TrackPointExtension>
        </extensions>
      </trkpt>
      <trkpt lat="22.59703268297016620635986328125" lon="113.87826844118535518646240234375">
        <ele>15</ele>
        <time>2026-08-30T23:36:01.000Z</time>
        <extensions>
          <ns3:TrackPointExtension>
            <ns3:hr>150</ns3:hr>
            <ns3:cad>91</ns3:cad>
          </ns3:TrackPointExtension>
        </extensions>
      </trkpt>
      <trkpt lat="22.5970062799751758575439453125" lon="113.87825670652091503143310546875">
        <ele>15</ele>
        <time>2026-08-30T23:36:02.000Z</time>
        <extensions>
          <ns3:TrackPointExtension>
            <ns3:hr>150</ns3:hr>
            <ns3:cad>92</ns3:cad>
          </ns3:TrackPointExtension>
        </extensions>
      </trkpt>
      <trkpt lat="22.5969861634075641632080078125" lon="113.878250084817409515380859375">
        <ele>15</ele>
        <time>2026-08-30T23:36:03.000Z</time>
        <extensions>
          <ns3:TrackPointExtension>
            <ns3:hr>151</ns3:hr>
            <ns3:cad>92</ns3:cad>
          </ns3:TrackPointExtension>
        </extensions>
      </trkpt>
      <trkpt lat="22.59696311317384243011474609375" lon="113.87824111618101596832275390625">
        <ele>15.19999980926513671875</ele>
        <time>2026-08-30T23:36:04.000Z</time>
        <extensions>
          <ns3:TrackPointExtension>
            <ns3:hr>151</ns3:hr>
            <ns3:cad>92</ns3:cad>
          </ns3:TrackPointExtension>
        </extensions>
      </trkpt>
      <trkpt lat="22.596941404044628143310546875" lon="113.8782361708581447601318359375">
        <ele>15.19999980926513671875</ele>
        <time>2026-08-30T23:36:05.000Z</time>
        <extensions>
          <ns3:TrackPointExtension>
            <ns3:hr>153</ns3:hr>
            <ns3:cad>92</ns3:cad>
          </ns3:TrackPointExtension>
        </extensions>
      </trkpt>
      <trkpt lat="22.59691868908703327178955078125" lon="113.87822158634662628173828125">
        <ele>15.19999980926513671875</ele>
        <time>2026-08-30T23:36:06.000Z</time>
        <extensions>
          <ns3:TrackPointExtension>
            <ns3:hr>158</ns3:hr>
            <ns3:cad>91</ns3:cad>
          </ns3:TrackPointExtension>
        </extensions>
      </trkpt>
      <trkpt lat="22.5968986563384532928466796875" lon="113.87820976786315441131591796875">
        <ele>15.19999980926513671875</ele>
        <time>2026-08-30T23:36:07.000Z</time>
        <extensions>
          <ns3:TrackPointExtension>
            <ns3:hr>160</ns3:hr>
            <ns3:cad>91</ns3:cad>
          </ns3:TrackPointExtension>
        </extensions>
      </trkpt>
      <trkpt lat="22.596873678267002105712890625" lon="113.87819535098969936370849609375">
        <ele>15.19999980926513671875</ele>
        <time>2026-08-30T23:36:08.000Z</time>
        <extensions>
          <ns3:TrackPointExtension>
            <ns3:hr>160</ns3:hr>
            <ns3:cad>91</ns3:cad>
          </ns3:TrackPointExtension>
        </extensions>
      </trkpt>
      <trkpt lat="22.5968520529568195343017578125" lon="113.878193087875843048095703125">
        <ele>15.19999980926513671875</ele>
        <time>2026-08-30T23:36:09.000Z</time>
        <extensions>
          <ns3:TrackPointExtension>
            <ns3:hr>160</ns3:hr>
            <ns3:cad>92</ns3:cad>
          </ns3:TrackPointExtension>
        </extensions>
      </trkpt>
      <trkpt lat="22.5968252308666706085205078125" lon="113.87817992828786373138427734375">
        <ele>15.19999980926513671875</ele>
        <time>2026-08-30T23:36:10.000Z</time>
        <extensions>
          <ns3:TrackPointExtension>
            <ns3:hr>160</ns3:hr>
            <ns3:cad>92</ns3:cad>
          </ns3:TrackPointExtension>
        </extensions>
      </trkpt>
      <trkpt lat="22.5968024320900440216064453125" lon="113.87817204929888248443603515625">
        <ele>15.19999980926513671875</ele>
        <time>2026-08-30T23:36:11.000Z</time>
        <extensions>
          <ns3:TrackPointExtension>
            <ns3:hr>159</ns3:hr>
            <ns3:cad>92</ns3:cad>
          </ns3:TrackPointExtension>
        </extensions>
      </trkpt>
      <trkpt lat="22.59678415954113006591796875" lon="113.87815847061574459075927734375">
        <ele>15.3999996185302734375</ele>
        <time>2026-08-30T23:36:12.000Z</time>
        <extensions>
          <ns3:TrackPointExtension>
            <ns3:hr>159</ns3:hr>
            <ns3:cad>92</ns3:cad>
          </ns3:TrackPointExtension>
        </extensions>
      </trkpt>
      <trkpt lat="22.59676001965999603271484375" lon="113.87814573012292385101318359375">
        <ele>15.3999996185302734375</ele>
        <time>2026-08-30T23:36:13.000Z</time>
        <extensions>
          <ns3:TrackPointExtension>
            <ns3:hr>159</ns3:hr>
            <ns3:cad>92</ns3:cad>
          </ns3:TrackPointExtension>
        </extensions>
      </trkpt>
      <trkpt lat="22.596734873950481414794921875" lon="113.87813508510589599609375">
        <ele>15.3999996185302734375</ele>
        <time>2026-08-30T23:36:14.000Z</time>
        <extensions>
          <ns3:TrackPointExtension>
            <ns3:hr>159</ns3:hr>
            <ns3:cad>92</ns3:cad>
          </ns3:TrackPointExtension>
        </extensions>
      </trkpt>
      <trkpt lat="22.59670645929872989654541015625" lon="113.87811404652893543243408203125">
        <ele>15.3999996185302734375</ele>
        <time>2026-08-30T23:36:15.000Z</time>
        <extensions>
          <ns3:TrackPointExtension>
            <ns3:hr>160</ns3:hr>
            <ns3:cad>92</ns3:cad>
          </ns3:TrackPointExtension>
        </extensions>
      </trkpt>
      <trkpt lat="22.59667779318988323211669921875" lon="113.87810331769287586212158203125">
        <ele>15.3999996185302734375</ele>
        <time>2026-08-30T23:36:16.000Z</time>
        <extensions>
          <ns3:TrackPointExtension>
            <ns3:hr>159</ns3:hr>
            <ns3:cad>92</ns3:cad>
          </ns3:TrackPointExtension>
        </extensions>
      </trkpt>
      <trkpt lat="22.59664468467235565185546875" lon="113.878083787858486175537109375">
        <ele>15.3999996185302734375</ele>
        <time>2026-08-30T23:36:17.000Z</time>
        <extensions>
          <ns3:TrackPointExtension>
            <ns3:hr>159</ns3:hr>
            <ns3:cad>93</ns3:cad>
          </ns3:TrackPointExtension>
        </extensions>
      </trkpt>
      <trkpt lat="22.596617527306079864501953125" lon="113.8780775852501392364501953125">
        <ele>15.3999996185302734375</ele>
        <time>2026-08-30T23:36:18.000Z</time>
        <extensions>
          <ns3:TrackPointExtension>
            <ns3:hr>158</ns3:hr>
            <ns3:cad>92</ns3:cad>
          </ns3:TrackPointExtension>
        </extensions>
      </trkpt>
      <trkpt lat="22.5965876877307891845703125" lon="113.87807146646082401275634765625">
        <ele>15.3999996185302734375</ele>
        <time>2026-08-30T23:36:19.000Z</time>
        <extensions>
          <ns3:TrackPointExtension>
            <ns3:hr>158</ns3:hr>
            <ns3:cad>92</ns3:cad>
          </ns3:TrackPointExtension>
        </extensions>
      </trkpt>
      <trkpt lat="22.59656597860157489776611328125" lon="113.878056295216083526611328125">
        <ele>15.19999980926513671875</ele>
        <time>2026-08-30T23:36:20.000Z</time>
        <extensions>
          <ns3:TrackPointExtension>
            <ns3:hr>158</ns3:hr>
            <ns3:cad>92</ns3:cad>
          </ns3:TrackPointExtension>
        </extensions>
      </trkpt>
      <trkpt lat="22.596542425453662872314453125" lon="113.8780339993536472320556640625">
        <ele>15.19999980926513671875</ele>
        <time>2026-08-30T23:36:21.000Z</time>
        <extensions>
          <ns3:TrackPointExtension>
            <ns3:hr>158</ns3:hr>
            <ns3:cad>92</ns3:cad>
          </ns3:TrackPointExtension>
        </extensions>
      </trkpt>
      <trkpt lat="22.5965167768299579620361328125" lon="113.87801514007151126861572265625">
        <ele>15.19999980926513671875</ele>
        <time>2026-08-30T23:36:22.000Z</time>
        <extensions>
          <ns3:TrackPointExtension>
            <ns3:hr>158</ns3:hr>
            <ns3:cad>92</ns3:cad>
          </ns3:TrackPointExtension>
        </extensions>
      </trkpt>
      <trkpt lat="22.5964943133294582366943359375" lon="113.87800089083611965179443359375">
        <ele>15.19999980926513671875</ele>
        <time>2026-08-30T23:36:23.000Z</time>
        <extensions>
          <ns3:TrackPointExtension>
            <ns3:hr>158</ns3:hr>
            <ns3:cad>92</ns3:cad>
          </ns3:TrackPointExtension>
        </extensions>
      </trkpt>
      <trkpt lat="22.5964631326496601104736328125" lon="113.87799066491425037384033203125">
        <ele>15.19999980926513671875</ele>
        <time>2026-08-30T23:36:24.000Z</time>
        <extensions>
          <ns3:TrackPointExtension>
            <ns3:hr>158</ns3:hr>
            <ns3:cad>93</ns3:cad>
          </ns3:TrackPointExtension>
        </extensions>
      </trkpt>
      <trkpt lat="22.5964436866343021392822265625" lon="113.877985887229442596435546875">
        <ele>15.19999980926513671875</ele>
        <time>2026-08-30T23:36:25.000Z</time>
        <extensions>
          <ns3:TrackPointExtension>
            <ns3:hr>157</ns3:hr>
            <ns3:cad>93</ns3:cad>
          </ns3:TrackPointExtension>
        </extensions>
      </trkpt>
      <trkpt lat="22.5964131765067577362060546875" lon="113.87797658331692218780517578125">
        <ele>15.19999980926513671875</ele>
        <time>2026-08-30T23:36:26.000Z</time>
        <extensions>
          <ns3:TrackPointExtension>
            <ns3:hr>157</ns3:hr>
            <ns3:cad>93</ns3:cad>
          </ns3:TrackPointExtension>
        </extensions>
      </trkpt>
      <trkpt lat="22.5963918864727020263671875" lon="113.87796568684279918670654296875">
        <ele>15.19999980926513671875</ele>
        <time>2026-08-30T23:36:27.000Z</time>
        <extensions>
          <ns3:TrackPointExtension>
            <ns3:hr>157</ns3:hr>
            <ns3:cad>93</ns3:cad>
          </ns3:TrackPointExtension>
        </extensions>
      </trkpt>
      <trkpt lat="22.59636615402996540069580078125" lon="113.87794942595064640045166015625">
        <ele>15.19999980926513671875</ele>
        <time>2026-08-30T23:36:28.000Z</time>
        <extensions>
          <ns3:TrackPointExtension>
            <ns3:hr>157</ns3:hr>
            <ns3:cad>93</ns3:cad>
          </ns3:TrackPointExtension>
        </extensions>
      </trkpt>
      <trkpt lat="22.59634151123464107513427734375" lon="113.87793458998203277587890625">
        <ele>15.19999980926513671875</ele>
        <time>2026-08-30T23:36:29.000Z</time>
        <extensions>
          <ns3:TrackPointExtension>
            <ns3:hr>155</ns3:hr>
            <ns3:cad>94</ns3:cad>
          </ns3:TrackPointExtension>
        </extensions>
      </trkpt>
      <trkpt lat="22.5963192991912364959716796875" lon="113.87791841290891170501708984375">
        <ele>15.19999980926513671875</ele>
        <time>2026-08-30T23:36:30.000Z</time>
        <extensions>
          <ns3:TrackPointExtension>
            <ns3:hr>155</ns3:hr>
            <ns3:cad>94</ns3:cad>
          </ns3:TrackPointExtension>
        </extensions>
      </trkpt>
      <trkpt lat="22.5962908007204532623291015625" lon="113.87790240347385406494140625">
        <ele>15.19999980926513671875</ele>
        <time>2026-08-30T23:36:31.000Z</time>
        <extensions>
          <ns3:TrackPointExtension>
            <ns3:hr>155</ns3:hr>
            <ns3:cad>94</ns3:cad>
          </ns3:TrackPointExtension>
        </extensions>
      </trkpt>
      <trkpt lat="22.59627060033380985260009765625" lon="113.8778931833803653717041015625">
        <ele>15.19999980926513671875</ele>
        <time>2026-08-30T23:36:32.000Z</time>
        <extensions>
          <ns3:TrackPointExtension>
            <ns3:hr>154</ns3:hr>
            <ns3:cad>94</ns3:cad>
          </ns3:TrackPointExtension>
        </extensions>
      </trkpt>
      <trkpt lat="22.59624310769140720367431640625" lon="113.8778791017830371856689453125">
        <ele>15.19999980926513671875</ele>
        <time>2026-08-30T23:36:33.000Z</time>
        <extensions>
          <ns3:TrackPointExtension>
            <ns3:hr>154</ns3:hr>
            <ns3:cad>93</ns3:cad>
          </ns3:TrackPointExtension>
        </extensions>
      </trkpt>
      <trkpt lat="22.59622097946703433990478515625" lon="113.8778740726411342620849609375">
        <ele>15.19999980926513671875</ele>
        <time>2026-08-30T23:36:34.000Z</time>
        <extensions>
          <ns3:TrackPointExtension>
            <ns3:hr>154</ns3:hr>
            <ns3:cad>93</ns3:cad>
          </ns3:TrackPointExtension>
        </extensions>
      </trkpt>
      <trkpt lat="22.59619147516787052154541015625" lon="113.87786191888153553009033203125">
        <ele>15.19999980926513671875</ele>
        <time>2026-08-30T23:36:35.000Z</time>
        <extensions>
          <ns3:TrackPointExtension>
            <ns3:hr>154</ns3:hr>
            <ns3:cad>93</ns3:cad>
          </ns3:TrackPointExtension>
        </extensions>
      </trkpt>
      <trkpt lat="22.59616767056286334991455078125" lon="113.877853788435459136962890625">
        <ele>15.19999980926513671875</ele>
        <time>2026-08-30T23:36:36.000Z</time>
        <extensions>
          <ns3:TrackPointExtension>
            <ns3:hr>153</ns3:hr>
            <ns3:cad>93</ns3:cad>
          </ns3:TrackPointExtension>
        </extensions>
      </trkpt>
      <trkpt lat="22.596141435205936431884765625" lon="113.8778462447226047515869140625">
        <ele>15.19999980926513671875</ele>
        <time>2026-08-30T23:36:37.000Z</time>
        <extensions>
          <ns3:TrackPointExtension>
            <ns3:hr>153</ns3:hr>
            <ns3:cad>93</ns3:cad>
          </ns3:TrackPointExtension>
        </extensions>
      </trkpt>
      <trkpt lat="22.59611570276319980621337890625" lon="113.8778395392000675201416015625">
        <ele>15.3999996185302734375</ele>
        <time>2026-08-30T23:36:38.000Z</time>
        <extensions>
          <ns3:TrackPointExtension>
            <ns3:hr>153</ns3:hr>
            <ns3:cad>94</ns3:cad>
          </ns3:TrackPointExtension>
        </extensions>
      </trkpt>
      <trkpt lat="22.5960929878056049346923828125" lon="113.87782939709722995758056640625">
        <ele>15.3999996185302734375</ele>
        <time>2026-08-30T23:36:39.000Z</time>
        <extensions>
          <ns3:TrackPointExtension>
            <ns3:hr>154</ns3:hr>
            <ns3:cad>94</ns3:cad>
          </ns3:TrackPointExtension>
        </extensions>
      </trkpt>
      <trkpt lat="22.5960748828947544097900390625" lon="113.87781523168087005615234375">
        <ele>15.19999980926513671875</ele>
        <time>2026-08-30T23:36:40.000Z</time>
        <extensions>
          <ns3:TrackPointExtension>
            <ns3:hr>154</ns3:hr>
            <ns3:cad>93</ns3:cad>
          </ns3:TrackPointExtension>
        </extensions>
      </trkpt>
      <trkpt lat="22.59605501778423786163330078125" lon="113.87781129218637943267822265625">
        <ele>15.19999980926513671875</ele>
        <time>2026-08-30T23:36:41.000Z</time>
        <extensions>
          <ns3:TrackPointExtension>
            <ns3:hr>154</ns3:hr>
            <ns3:cad>93</ns3:cad>
          </ns3:TrackPointExtension>
        </extensions>
      </trkpt>
      <trkpt lat="22.5960255973041057586669921875" lon="113.87780441902577877044677734375">
        <ele>15.19999980926513671875</ele>
        <time>2026-08-30T23:36:42.000Z</time>
        <extensions>
          <ns3:TrackPointExtension>
            <ns3:hr>153</ns3:hr>
            <ns3:cad>93</ns3:cad>
          </ns3:TrackPointExtension>
        </extensions>
      </trkpt>
      <trkpt lat="22.59600363671779632568359375" lon="113.8778013177216053009033203125">
        <ele>15</ele>
        <time>2026-08-30T23:36:43.000Z</time>
        <extensions>
          <ns3:TrackPointExtension>
            <ns3:hr>153</ns3:hr>
            <ns3:cad>93</ns3:cad>
          </ns3:TrackPointExtension>
        </extensions>
      </trkpt>
      <trkpt lat="22.5959706120193004608154296875" lon="113.8777976296842098236083984375">
        <ele>15</ele>
        <time>2026-08-30T23:36:44.000Z</time>
        <extensions>
          <ns3:TrackPointExtension>
            <ns3:hr>153</ns3:hr>
            <ns3:cad>93</ns3:cad>
          </ns3:TrackPointExtension>
        </extensions>
      </trkpt>
      <trkpt lat="22.5959421135485172271728515625" lon="113.8778006471693515777587890625">
        <ele>15.19999980926513671875</ele>
        <time>2026-08-30T23:36:45.000Z</time>
        <extensions>
          <ns3:TrackPointExtension>
            <ns3:hr>154</ns3:hr>
            <ns3:cad>93</ns3:cad>
          </ns3:TrackPointExtension>
        </extensions>
      </trkpt>
      <trkpt lat="22.5959090888500213623046875" lon="113.877798132598400115966796875">
        <ele>15.19999980926513671875</ele>
        <time>2026-08-30T23:36:46.000Z</time>
        <extensions>
          <ns3:TrackPointExtension>
            <ns3:hr>153</ns3:hr>
            <ns3:cad>93</ns3:cad>
          </ns3:TrackPointExtension>
        </extensions>
      </trkpt>
      <trkpt lat="22.59587162174284458160400390625" lon="113.877799808979034423828125">
        <ele>15.3999996185302734375</ele>
        <time>2026-08-30T23:36:47.000Z</time>
        <extensions>
          <ns3:TrackPointExtension>
            <ns3:hr>153</ns3:hr>
            <ns3:cad>93</ns3:cad>
          </ns3:TrackPointExtension>
        </extensions>
      </trkpt>
      <trkpt lat="22.59584446437656879425048828125" lon="113.87780894525349140167236328125">
        <ele>15.3999996185302734375</ele>
        <time>2026-08-30T23:36:48.000Z</time>
        <extensions>
          <ns3:TrackPointExtension>
            <ns3:hr>153</ns3:hr>
            <ns3:cad>93</ns3:cad>
          </ns3:TrackPointExtension>
        </extensions>
      </trkpt>
      <trkpt lat="22.59581345133483409881591796875" lon="113.877819590270519256591796875">
        <ele>15.3999996185302734375</ele>
        <time>2026-08-30T23:36:49.000Z</time>
        <extensions>
          <ns3:TrackPointExtension>
            <ns3:hr>153</ns3:hr>
            <ns3:cad>93</ns3:cad>
          </ns3:TrackPointExtension>
        </extensions>
      </trkpt>
      <trkpt lat="22.59578176774084568023681640625" lon="113.8778348453342914581298828125">
        <ele>15.3999996185302734375</ele>
        <time>2026-08-30T23:36:50.000Z</time>
        <extensions>
          <ns3:TrackPointExtension>
            <ns3:hr>153</ns3:hr>
            <ns3:cad>95</ns3:cad>
          </ns3:TrackPointExtension>
        </extensions>
      </trkpt>
      <trkpt lat="22.595751173794269561767578125" lon="113.87783375568687915802001953125">
        <ele>15.19999980926513671875</ele>
        <time>2026-08-30T23:36:51.000Z</time>
        <extensions>
          <ns3:TrackPointExtension>
            <ns3:hr>153</ns3:hr>
            <ns3:cad>94</ns3:cad>
          </ns3:TrackPointExtension>
        </extensions>
      </trkpt>
      <trkpt lat="22.5957132875919342041015625" lon="113.87784481979906558990478515625">
        <ele>15.19999980926513671875</ele>
        <time>2026-08-30T23:36:52.000Z</time>
        <extensions>
          <ns3:TrackPointExtension>
            <ns3:hr>152</ns3:hr>
            <ns3:cad>94</ns3:cad>
          </ns3:TrackPointExtension>
        </extensions>
      </trkpt>
      <trkpt lat="22.59568311274051666259765625" lon="113.87785605154931545257568359375">
        <ele>15.19999980926513671875</ele>
        <time>2026-08-30T23:36:53.000Z</time>
        <extensions>
          <ns3:TrackPointExtension>
            <ns3:hr>152</ns3:hr>
            <ns3:cad>94</ns3:cad>
          </ns3:TrackPointExtension>
        </extensions>
      </trkpt>
      <trkpt lat="22.59565603919327259063720703125" lon="113.87786761857569217681884765625">
        <ele>15.3999996185302734375</ele>
        <time>2026-08-30T23:36:54.000Z</time>
        <extensions>
          <ns3:TrackPointExtension>
            <ns3:hr>152</ns3:hr>
            <ns3:cad>94</ns3:cad>
          </ns3:TrackPointExtension>
        </extensions>
      </trkpt>
      <trkpt lat="22.5956266187131404876708984375" lon="113.8778791017830371856689453125">
        <ele>15.3999996185302734375</ele>
        <time>2026-08-30T23:36:55.000Z</time>
        <extensions>
          <ns3:TrackPointExtension>
            <ns3:hr>152</ns3:hr>
            <ns3:cad>93</ns3:cad>
          </ns3:TrackPointExtension>
        </extensions>
      </trkpt>
      <trkpt lat="22.5955957733094692230224609375" lon="113.87788739986717700958251953125">
        <ele>15.6000003814697265625</ele>
        <time>2026-08-30T23:36:56.000Z</time>
        <extensions>
          <ns3:TrackPointExtension>
            <ns3:hr>153</ns3:hr>
            <ns3:cad>94</ns3:cad>
          </ns3:TrackPointExtension>
        </extensions>
      </trkpt>
      <trkpt lat="22.59556509554386138916015625" lon="113.877892680466175079345703125">
        <ele>15.80000019073486328125</ele>
        <time>2026-08-30T23:36:57.000Z</time>
        <extensions>
          <ns3:TrackPointExtension>
            <ns3:hr>153</ns3:hr>
            <ns3:cad>94</ns3:cad>
          </ns3:TrackPointExtension>
        </extensions>
      </trkpt>
      <trkpt lat="22.59553156793117523193359375" lon="113.877901397645473480224609375">
        <ele>15.80000019073486328125</ele>
        <time>2026-08-30T23:36:58.000Z</time>
        <extensions>
          <ns3:TrackPointExtension>
            <ns3:hr>153</ns3:hr>
            <ns3:cad>90</ns3:cad>
          </ns3:TrackPointExtension>
        </extensions>
      </trkpt>
      <trkpt lat="22.59550885297358036041259765625" lon="113.8779055885970592498779296875">
        <ele>16</ele>
        <time>2026-08-30T23:36:59.000Z</time>
        <extensions>
          <ns3:TrackPointExtension>
            <ns3:hr>153</ns3:hr>
            <ns3:cad>90</ns3:cad>
          </ns3:TrackPointExtension>
        </extensions>
      </trkpt>
      <trkpt lat="22.59547716937959194183349609375" lon="113.87791422195732593536376953125">
        <ele>15.80000019073486328125</ele>
        <time>2026-08-30T23:37:00.000Z</time>
        <extensions>
          <ns3:TrackPointExtension>
            <ns3:hr>152</ns3:hr>
            <ns3:cad>89</ns3:cad>
          </ns3:TrackPointExtension>
        </extensions>
      </trkpt>
      <trkpt lat="22.59546057321131229400634765625" lon="113.87791556306183338165283203125">
        <ele>15.80000019073486328125</ele>
        <time>2026-08-30T23:37:01.000Z</time>
        <extensions>
          <ns3:TrackPointExtension>
            <ns3:hr>153</ns3:hr>
            <ns3:cad>92</ns3:cad>
          </ns3:TrackPointExtension>
        </extensions>
      </trkpt>
      <trkpt lat="22.59542888961732387542724609375" lon="113.8779186643660068511962890625">
        <ele>15.80000019073486328125</ele>
        <time>2026-08-30T23:37:02.000Z</time>
        <extensions>
          <ns3:TrackPointExtension>
            <ns3:hr>153</ns3:hr>
            <ns3:cad>92</ns3:cad>
          </ns3:TrackPointExtension>
        </extensions>
      </trkpt>
      <trkpt lat="22.5953982956707477569580078125" lon="113.8779189996421337127685546875">
        <ele>15.80000019073486328125</ele>
        <time>2026-08-30T23:37:03.000Z</time>
        <extensions>
          <ns3:TrackPointExtension>
            <ns3:hr>152</ns3:hr>
            <ns3:cad>92</ns3:cad>
          </ns3:TrackPointExtension>
        </extensions>
      </trkpt>
      <trkpt lat="22.59536258876323699951171875" lon="113.877924196422100067138671875">
        <ele>15.6000003814697265625</ele>
        <time>2026-08-30T23:37:04.000Z</time>
        <extensions>
          <ns3:TrackPointExtension>
            <ns3:hr>153</ns3:hr>
            <ns3:cad>92</ns3:cad>
          </ns3:TrackPointExtension>
        </extensions>
      </trkpt>
      <trkpt lat="22.59533635340631008148193359375" lon="113.877932913601398468017578125">
        <ele>15.3999996185302734375</ele>
        <time>2026-08-30T23:37:05.000Z</time>
        <extensions>
          <ns3:TrackPointExtension>
            <ns3:hr>152</ns3:hr>
            <ns3:cad>92</ns3:cad>
          </ns3:TrackPointExtension>
        </extensions>
      </trkpt>
      <trkpt lat="22.59530064649879932403564453125" lon="113.87794263660907745361328125">
        <ele>15.19999980926513671875</ele>
        <time>2026-08-30T23:37:06.000Z</time>
        <extensions>
          <ns3:TrackPointExtension>
            <ns3:hr>152</ns3:hr>
            <ns3:cad>89</ns3:cad>
          </ns3:TrackPointExtension>
        </extensions>
      </trkpt>
      <trkpt lat="22.5952806137502193450927734375" lon="113.8779491744935512542724609375">
        <ele>15.19999980926513671875</ele>
        <time>2026-08-30T23:37:07.000Z</time>
        <extensions>
          <ns3:TrackPointExtension>
            <ns3:hr>152</ns3:hr>
            <ns3:cad>89</ns3:cad>
          </ns3:TrackPointExtension>
        </extensions>
      </trkpt>
      <trkpt lat="22.5952584855258464813232421875" lon="113.87794934213161468505859375">
        <ele>15.19999980926513671875</ele>
        <time>2026-08-30T23:37:08.000Z</time>
        <extensions>
          <ns3:TrackPointExtension>
            <ns3:hr>152</ns3:hr>
            <ns3:cad>92</ns3:cad>
          </ns3:TrackPointExtension>
        </extensions>
      </trkpt>
      <trkpt lat="22.59523409418761730194091796875" lon="113.87795847840607166290283203125">
        <ele>15.3999996185302734375</ele>
        <time>2026-08-30T23:37:09.000Z</time>
        <extensions>
          <ns3:TrackPointExtension>
            <ns3:hr>152</ns3:hr>
            <ns3:cad>92</ns3:cad>
          </ns3:TrackPointExtension>
        </extensions>
      </trkpt>
      <trkpt lat="22.595212720334529876708984375" lon="113.8779649324715137481689453125">
        <ele>15.3999996185302734375</ele>
        <time>2026-08-30T23:37:10.000Z</time>
        <extensions>
          <ns3:TrackPointExtension>
            <ns3:hr>152</ns3:hr>
            <ns3:cad>93</ns3:cad>
          </ns3:TrackPointExtension>
        </extensions>
      </trkpt>
      <trkpt lat="22.5951904244720935821533203125" lon="113.87797373346984386444091796875">
        <ele>15.3999996185302734375</ele>
        <time>2026-08-30T23:37:11.000Z</time>
        <extensions>
          <ns3:TrackPointExtension>
            <ns3:hr>151</ns3:hr>
            <ns3:cad>93</ns3:cad>
          </ns3:TrackPointExtension>
        </extensions>
      </trkpt>
      <trkpt lat="22.5951726548373699188232421875" lon="113.877977840602397918701171875">
        <ele>15.3999996185302734375</ele>
        <time>2026-08-30T23:37:12.000Z</time>
        <extensions>
          <ns3:TrackPointExtension>
            <ns3:hr>151</ns3:hr>
            <ns3:cad>93</ns3:cad>
          </ns3:TrackPointExtension>
        </extensions>
      </trkpt>
      <trkpt lat="22.59514625184237957000732421875" lon="113.87798563577234745025634765625">
        <ele>15.3999996185302734375</ele>
        <time>2026-08-30T23:37:13.000Z</time>
        <extensions>
          <ns3:TrackPointExtension>
            <ns3:hr>151</ns3:hr>
            <ns3:cad>93</ns3:cad>
          </ns3:TrackPointExtension>
        </extensions>
      </trkpt>
      <trkpt lat="22.5951233692467212677001953125" lon="113.87798915617167949676513671875">
        <ele>15.19999980926513671875</ele>
        <time>2026-08-30T23:37:14.000Z</time>
        <extensions>
          <ns3:TrackPointExtension>
            <ns3:hr>151</ns3:hr>
            <ns3:cad>93</ns3:cad>
          </ns3:TrackPointExtension>
        </extensions>
      </trkpt>
      <trkpt lat="22.5950995646417140960693359375" lon="113.8779964484274387359619140625">
        <ele>15.19999980926513671875</ele>
        <time>2026-08-30T23:37:15.000Z</time>
        <extensions>
          <ns3:TrackPointExtension>
            <ns3:hr>151</ns3:hr>
            <ns3:cad>92</ns3:cad>
          </ns3:TrackPointExtension>
        </extensions>
      </trkpt>
      <trkpt lat="22.59507550857961177825927734375" lon="113.87800223194062709808349609375">
        <ele>15.19999980926513671875</ele>
        <time>2026-08-30T23:37:16.000Z</time>
        <extensions>
          <ns3:TrackPointExtension>
            <ns3:hr>151</ns3:hr>
            <ns3:cad>92</ns3:cad>
          </ns3:TrackPointExtension>
        </extensions>
      </trkpt>
      <trkpt lat="22.5950475968420505523681640625" lon="113.87801245786249637603759765625">
        <ele>15.19999980926513671875</ele>
        <time>2026-08-30T23:37:17.000Z</time>
        <extensions>
          <ns3:TrackPointExtension>
            <ns3:hr>151</ns3:hr>
            <ns3:cad>92</ns3:cad>
          </ns3:TrackPointExtension>
        </extensions>
      </trkpt>
      <trkpt lat="22.59502731263637542724609375" lon="113.878018744289875030517578125">
        <ele>15.19999980926513671875</ele>
        <time>2026-08-30T23:37:18.000Z</time>
        <extensions>
          <ns3:TrackPointExtension>
            <ns3:hr>151</ns3:hr>
            <ns3:cad>92</ns3:cad>
          </ns3:TrackPointExtension>
        </extensions>
      </trkpt>
      <trkpt lat="22.59499453939497470855712890625" lon="113.8780266232788562774658203125">
        <ele>15.19999980926513671875</ele>
        <time>2026-08-30T23:37:19.000Z</time>
        <extensions>
          <ns3:TrackPointExtension>
            <ns3:hr>151</ns3:hr>
            <ns3:cad>93</ns3:cad>
          </ns3:TrackPointExtension>
        </extensions>
      </trkpt>
      <trkpt lat="22.5949751771986484527587890625" lon="113.87803274206817150115966796875">
        <ele>15.19999980926513671875</ele>
        <time>2026-08-30T23:37:20.000Z</time>
        <extensions>
          <ns3:TrackPointExtension>
            <ns3:hr>151</ns3:hr>
            <ns3:cad>93</ns3:cad>
          </ns3:TrackPointExtension>
        </extensions>
      </trkpt>
      <trkpt lat="22.5949446670711040496826171875" lon="113.87804699130356311798095703125">
        <ele>15.19999980926513671875</ele>
        <time>2026-08-30T23:37:21.000Z</time>
        <extensions>
          <ns3:TrackPointExtension>
            <ns3:hr>151</ns3:hr>
            <ns3:cad>93</ns3:cad>
          </ns3:TrackPointExtension>
        </extensions>
      </trkpt>
      <trkpt lat="22.59491960518062114715576171875" lon="113.87805663049221038818359375">
        <ele>15.19999980926513671875</ele>
        <time>2026-08-30T23:37:22.000Z</time>
        <extensions>
          <ns3:TrackPointExtension>
            <ns3:hr>151</ns3:hr>
            <ns3:cad>92</ns3:cad>
          </ns3:TrackPointExtension>
        </extensions>
      </trkpt>
      <trkpt lat="22.594885490834712982177734375" lon="113.87806526385247707366943359375">
        <ele>15.19999980926513671875</ele>
        <time>2026-08-30T23:37:23.000Z</time>
        <extensions>
          <ns3:TrackPointExtension>
            <ns3:hr>150</ns3:hr>
            <ns3:cad>92</ns3:cad>
          </ns3:TrackPointExtension>
        </extensions>
      </trkpt>
      <trkpt lat="22.59485707618296146392822265625" lon="113.878071717917919158935546875">
        <ele>15.19999980926513671875</ele>
        <time>2026-08-30T23:37:24.000Z</time>
        <extensions>
          <ns3:TrackPointExtension>
            <ns3:hr>150</ns3:hr>
            <ns3:cad>93</ns3:cad>
          </ns3:TrackPointExtension>
        </extensions>
      </trkpt>
      <trkpt lat="22.59482455439865589141845703125" lon="113.87806459330022335052490234375">
        <ele>15.19999980926513671875</ele>
        <time>2026-08-30T23:37:25.000Z</time>
        <extensions>
          <ns3:TrackPointExtension>
            <ns3:hr>150</ns3:hr>
            <ns3:cad>93</ns3:cad>
          </ns3:TrackPointExtension>
        </extensions>
      </trkpt>
      <trkpt lat="22.59479890577495098114013671875" lon="113.87806291691958904266357421875">
        <ele>15.19999980926513671875</ele>
        <time>2026-08-30T23:37:26.000Z</time>
        <extensions>
          <ns3:TrackPointExtension>
            <ns3:hr>150</ns3:hr>
            <ns3:cad>93</ns3:cad>
          </ns3:TrackPointExtension>
        </extensions>
      </trkpt>
      <trkpt lat="22.59476906619966030120849609375" lon="113.87806610204279422760009765625">
        <ele>15.19999980926513671875</ele>
        <time>2026-08-30T23:37:27.000Z</time>
        <extensions>
          <ns3:TrackPointExtension>
            <ns3:hr>150</ns3:hr>
            <ns3:cad>91</ns3:cad>
          </ns3:TrackPointExtension>
        </extensions>
      </trkpt>
      <trkpt lat="22.594740651547908782958984375" lon="113.878071047365665435791015625">
        <ele>15.19999980926513671875</ele>
        <time>2026-08-30T23:37:28.000Z</time>
        <extensions>
          <ns3:TrackPointExtension>
            <ns3:hr>150</ns3:hr>
            <ns3:cad>91</ns3:cad>
          </ns3:TrackPointExtension>
        </extensions>
      </trkpt>
      <trkpt lat="22.59471491910517215728759765625" lon="113.87807196937501430511474609375">
        <ele>15</ele>
        <time>2026-08-30T23:37:29.000Z</time>
        <extensions>
          <ns3:TrackPointExtension>
            <ns3:hr>150</ns3:hr>
            <ns3:cad>91</ns3:cad>
          </ns3:TrackPointExtension>
        </extensions>
      </trkpt>
      <trkpt lat="22.5946811400353908538818359375" lon="113.87807230465114116668701171875">
        <ele>15</ele>
        <time>2026-08-30T23:37:30.000Z</time>
        <extensions>
          <ns3:TrackPointExtension>
            <ns3:hr>150</ns3:hr>
            <ns3:cad>91</ns3:cad>
          </ns3:TrackPointExtension>
        </extensions>
      </trkpt>
      <trkpt lat="22.59465859271585941314697265625" lon="113.8780772499740123748779296875">
        <ele>15</ele>
        <time>2026-08-30T23:37:31.000Z</time>
        <extensions>
          <ns3:TrackPointExtension>
            <ns3:hr>150</ns3:hr>
            <ns3:cad>91</ns3:cad>
          </ns3:TrackPointExtension>
        </extensions>
      </trkpt>
      <trkpt lat="22.594634033739566802978515625" lon="113.8780935108661651611328125">
        <ele>14.80000019073486328125</ele>
        <time>2026-08-30T23:37:32.000Z</time>
        <extensions>
          <ns3:TrackPointExtension>
            <ns3:hr>149</ns3:hr>
            <ns3:cad>91</ns3:cad>
          </ns3:TrackPointExtension>
        </extensions>
      </trkpt>
      <trkpt lat="22.594611905515193939208984375" lon="113.87809929437935352325439453125">
        <ele>14.80000019073486328125</ele>
        <time>2026-08-30T23:37:33.000Z</time>
        <extensions>
          <ns3:TrackPointExtension>
            <ns3:hr>149</ns3:hr>
            <ns3:cad>92</ns3:cad>
          </ns3:TrackPointExtension>
        </extensions>
      </trkpt>
      <trkpt lat="22.59458164684474468231201171875" lon="113.87810784392058849334716796875">
        <ele>14.6000003814697265625</ele>
        <time>2026-08-30T23:37:34.000Z</time>
        <extensions>
          <ns3:TrackPointExtension>
            <ns3:hr>149</ns3:hr>
            <ns3:cad>92</ns3:cad>
          </ns3:TrackPointExtension>
        </extensions>
      </trkpt>
      <trkpt lat="22.5945532321929931640625" lon="113.8781176507472991943359375">
        <ele>14.3999996185302734375</ele>
        <time>2026-08-30T23:37:35.000Z</time>
        <extensions>
          <ns3:TrackPointExtension>
            <ns3:hr>149</ns3:hr>
            <ns3:cad>92</ns3:cad>
          </ns3:TrackPointExtension>
        </extensions>
      </trkpt>
      <trkpt lat="22.59451878257095813751220703125" lon="113.87812368571758270263671875">
        <ele>14.3999996185302734375</ele>
        <time>2026-08-30T23:37:36.000Z</time>
        <extensions>
          <ns3:TrackPointExtension>
            <ns3:hr>149</ns3:hr>
            <ns3:cad>92</ns3:cad>
          </ns3:TrackPointExtension>
        </extensions>
      </trkpt>
      <trkpt lat="22.5944903679192066192626953125" lon="113.87812896631658077239990234375">
        <ele>14.3999996185302734375</ele>
        <time>2026-08-30T23:37:37.000Z</time>
        <extensions>
          <ns3:TrackPointExtension>
            <ns3:hr>148</ns3:hr>
            <ns3:cad>93</ns3:cad>
          </ns3:TrackPointExtension>
        </extensions>
      </trkpt>
      <trkpt lat="22.59446430020034313201904296875" lon="113.878131397068500518798828125">
        <ele>14.3999996185302734375</ele>
        <time>2026-08-30T23:37:38.000Z</time>
        <extensions>
          <ns3:TrackPointExtension>
            <ns3:hr>148</ns3:hr>
            <ns3:cad>92</ns3:cad>
          </ns3:TrackPointExtension>
        </extensions>
      </trkpt>
      <trkpt lat="22.5944397412240505218505859375" lon="113.8781305588781833648681640625">
        <ele>14.3999996185302734375</ele>
        <time>2026-08-30T23:37:39.000Z</time>
        <extensions>
          <ns3:TrackPointExtension>
            <ns3:hr>149</ns3:hr>
            <ns3:cad>92</ns3:cad>
          </ns3:TrackPointExtension>
        </extensions>
      </trkpt>
      <trkpt lat="22.59440646506845951080322265625" lon="113.87813282199203968048095703125">
        <ele>14.3999996185302734375</ele>
        <time>2026-08-30T23:37:40.000Z</time>
        <extensions>
          <ns3:TrackPointExtension>
            <ns3:hr>149</ns3:hr>
            <ns3:cad>93</ns3:cad>
          </ns3:TrackPointExtension>
        </extensions>
      </trkpt>
      <trkpt lat="22.59437662549316883087158203125" lon="113.878134079277515411376953125">
        <ele>14.3999996185302734375</ele>
        <time>2026-08-30T23:37:41.000Z</time>
        <extensions>
          <ns3:TrackPointExtension>
            <ns3:hr>149</ns3:hr>
            <ns3:cad>93</ns3:cad>
          </ns3:TrackPointExtension>
        </extensions>
      </trkpt>
      <trkpt lat="22.59434460662305355072021484375" lon="113.87813575565814971923828125">
        <ele>14.3999996185302734375</ele>
        <time>2026-08-30T23:37:42.000Z</time>
        <extensions>
          <ns3:TrackPointExtension>
            <ns3:hr>149</ns3:hr>
            <ns3:cad>93</ns3:cad>
          </ns3:TrackPointExtension>
        </extensions>
      </trkpt>
      <trkpt lat="22.594310157001018524169921875" lon="113.87813399545848369598388671875">
        <ele>14.19999980926513671875</ele>
        <time>2026-08-30T23:37:43.000Z</time>
        <extensions>
          <ns3:TrackPointExtension>
            <ns3:hr>148</ns3:hr>
            <ns3:cad>93</ns3:cad>
          </ns3:TrackPointExtension>
        </extensions>
      </trkpt>
      <trkpt lat="22.5942809879779815673828125" lon="113.8781322352588176727294921875">
        <ele>14.19999980926513671875</ele>
        <time>2026-08-30T23:37:44.000Z</time>
        <extensions>
          <ns3:TrackPointExtension>
            <ns3:hr>148</ns3:hr>
            <ns3:cad>93</ns3:cad>
          </ns3:TrackPointExtension>
        </extensions>
      </trkpt>
      <trkpt lat="22.59425207041203975677490234375" lon="113.87813416309654712677001953125">
        <ele>14.19999980926513671875</ele>
        <time>2026-08-30T23:37:45.000Z</time>
        <extensions>
          <ns3:TrackPointExtension>
            <ns3:hr>147</ns3:hr>
            <ns3:cad>92</ns3:cad>
          </ns3:TrackPointExtension>
        </extensions>
      </trkpt>
      <trkpt lat="22.59422457776963710784912109375" lon="113.8781312294304370880126953125">
        <ele>14.19999980926513671875</ele>
        <time>2026-08-30T23:37:46.000Z</time>
        <extensions>
          <ns3:TrackPointExtension>
            <ns3:hr>147</ns3:hr>
            <ns3:cad>92</ns3:cad>
          </ns3:TrackPointExtension>
        </extensions>
      </trkpt>
      <trkpt lat="22.59419314563274383544921875" lon="113.87813248671591281890869140625">
        <ele>14.19999980926513671875</ele>
        <time>2026-08-30T23:37:47.000Z</time>
        <extensions>
          <ns3:TrackPointExtension>
            <ns3:hr>146</ns3:hr>
            <ns3:cad>92</ns3:cad>
          </ns3:TrackPointExtension>
        </extensions>
      </trkpt>
      <trkpt lat="22.59417126886546611785888671875" lon="113.87812611646950244903564453125">
        <ele>14.19999980926513671875</ele>
        <time>2026-08-30T23:37:48.000Z</time>
        <extensions>
          <ns3:TrackPointExtension>
            <ns3:hr>145</ns3:hr>
            <ns3:cad>92</ns3:cad>
          </ns3:TrackPointExtension>
        </extensions>
      </trkpt>
      <trkpt lat="22.59413824416697025299072265625" lon="113.87812846340239048004150390625">
        <ele>14.19999980926513671875</ele>
        <time>2026-08-30T23:37:49.000Z</time>
        <extensions>
          <ns3:TrackPointExtension>
            <ns3:hr>145</ns3:hr>
            <ns3:cad>92</ns3:cad>
          </ns3:TrackPointExtension>
        </extensions>
      </trkpt>
      <trkpt lat="22.59411259554326534271240234375" lon="113.878128044307231903076171875">
        <ele>14.3999996185302734375</ele>
        <time>2026-08-30T23:37:50.000Z</time>
        <extensions>
          <ns3:TrackPointExtension>
            <ns3:hr>145</ns3:hr>
            <ns3:cad>93</ns3:cad>
          </ns3:TrackPointExtension>
        </extensions>
      </trkpt>
      <trkpt lat="22.59408342652022838592529296875" lon="113.87813282199203968048095703125">
        <ele>14.3999996185302734375</ele>
        <time>2026-08-30T23:37:51.000Z</time>
        <extensions>
          <ns3:TrackPointExtension>
            <ns3:hr>145</ns3:hr>
            <ns3:cad>93</ns3:cad>
          </ns3:TrackPointExtension>
        </extensions>
      </trkpt>
      <trkpt lat="22.594058029353618621826171875" lon="113.8781369291245937347412109375">
        <ele>14.3999996185302734375</ele>
        <time>2026-08-30T23:37:52.000Z</time>
        <extensions>
          <ns3:TrackPointExtension>
            <ns3:hr>145</ns3:hr>
            <ns3:cad>93</ns3:cad>
          </ns3:TrackPointExtension>
        </extensions>
      </trkpt>
      <trkpt lat="22.5940313749015331268310546875" lon="113.8781429640948772430419921875">
        <ele>14.6000003814697265625</ele>
        <time>2026-08-30T23:37:53.000Z</time>
        <extensions>
          <ns3:TrackPointExtension>
            <ns3:hr>145</ns3:hr>
            <ns3:cad>93</ns3:cad>
          </ns3:TrackPointExtension>
        </extensions>
      </trkpt>
      <trkpt lat="22.59400161914527416229248046875" lon="113.87814355082809925079345703125">
        <ele>14.6000003814697265625</ele>
        <time>2026-08-30T23:37:54.000Z</time>
        <extensions>
          <ns3:TrackPointExtension>
            <ns3:hr>144</ns3:hr>
            <ns3:cad>92</ns3:cad>
          </ns3:TrackPointExtension>
        </extensions>
      </trkpt>
      <trkpt lat="22.5939716957509517669677734375" lon="113.87813868932425975799560546875">
        <ele>14.3999996185302734375</ele>
        <time>2026-08-30T23:37:55.000Z</time>
        <extensions>
          <ns3:TrackPointExtension>
            <ns3:hr>144</ns3:hr>
            <ns3:cad>92</ns3:cad>
          </ns3:TrackPointExtension>
        </extensions>
      </trkpt>
      <trkpt lat="22.59394931606948375701904296875" lon="113.8781268708407878875732421875">
        <ele>14.3999996185302734375</ele>
        <time>2026-08-30T23:37:56.000Z</time>
        <extensions>
          <ns3:TrackPointExtension>
            <ns3:hr>144</ns3:hr>
            <ns3:cad>92</ns3:cad>
          </ns3:TrackPointExtension>
        </extensions>
      </trkpt>
      <trkpt lat="22.5939120166003704071044921875" lon="113.87810851447284221649169921875">
        <ele>14.3999996185302734375</ele>
        <time>2026-08-30T23:37:57.000Z</time>
        <extensions>
          <ns3:TrackPointExtension>
            <ns3:hr>144</ns3:hr>
            <ns3:cad>92</ns3:cad>
          </ns3:TrackPointExtension>
        </extensions>
      </trkpt>
      <trkpt lat="22.593879997730255126953125" lon="113.87809594161808490753173828125">
        <ele>14.6000003814697265625</ele>
        <time>2026-08-30T23:37:58.000Z</time>
        <extensions>
          <ns3:TrackPointExtension>
            <ns3:hr>144</ns3:hr>
            <ns3:cad>92</ns3:cad>
          </ns3:TrackPointExtension>
        </extensions>
      </trkpt>
      <trkpt lat="22.5938563607633113861083984375" lon="113.8780812732875347137451171875">
        <ele>14.6000003814697265625</ele>
        <time>2026-08-30T23:37:59.000Z</time>
        <extensions>
          <ns3:TrackPointExtension>
            <ns3:hr>144</ns3:hr>
            <ns3:cad>93</ns3:cad>
          </ns3:TrackPointExtension>
        </extensions>
      </trkpt>
      <trkpt lat="22.59382207877933979034423828125" lon="113.878068365156650543212890625">
        <ele>14.6000003814697265625</ele>
        <time>2026-08-30T23:38:00.000Z</time>
        <extensions>
          <ns3:TrackPointExtension>
            <ns3:hr>144</ns3:hr>
            <ns3:cad>92</ns3:cad>
          </ns3:TrackPointExtension>
        </extensions>
      </trkpt>
      <trkpt lat="22.5938047282397747039794921875" lon="113.87805889360606670379638671875">
        <ele>14.3999996185302734375</ele>
        <time>2026-08-30T23:38:01.000Z</time>
        <extensions>
          <ns3:TrackPointExtension>
            <ns3:hr>143</ns3:hr>
            <ns3:cad>91</ns3:cad>
          </ns3:TrackPointExtension>
        </extensions>
      </trkpt>
      <trkpt lat="22.59377497248351573944091796875" lon="113.87804766185581684112548828125">
        <ele>14.3999996185302734375</ele>
        <time>2026-08-30T23:38:02.000Z</time>
        <extensions>
          <ns3:TrackPointExtension>
            <ns3:hr>144</ns3:hr>
            <ns3:cad>91</ns3:cad>
          </ns3:TrackPointExtension>
        </extensions>
      </trkpt>
      <trkpt lat="22.5937552750110626220703125" lon="113.8780390284955501556396484375">
        <ele>14.3999996185302734375</ele>
        <time>2026-08-30T23:38:03.000Z</time>
        <extensions>
          <ns3:TrackPointExtension>
            <ns3:hr>144</ns3:hr>
            <ns3:cad>91</ns3:cad>
          </ns3:TrackPointExtension>
        </extensions>
      </trkpt>
      <trkpt lat="22.59373172186315059661865234375" lon="113.87802151031792163848876953125">
        <ele>14.3999996185302734375</ele>
        <time>2026-08-30T23:38:04.000Z</time>
        <extensions>
          <ns3:TrackPointExtension>
            <ns3:hr>143</ns3:hr>
            <ns3:cad>91</ns3:cad>
          </ns3:TrackPointExtension>
        </extensions>
      </trkpt>
      <trkpt lat="22.59371839463710784912109375" lon="113.878013379871845245361328125">
        <ele>14.3999996185302734375</ele>
        <time>2026-08-30T23:38:05.000Z</time>
        <extensions>
          <ns3:TrackPointExtension>
            <ns3:hr>144</ns3:hr>
            <ns3:cad>91</ns3:cad>
          </ns3:TrackPointExtension>
        </extensions>
      </trkpt>
      <trkpt lat="22.5936877168715000152587890625" lon="113.8779924251139163970947265625">
        <ele>14.3999996185302734375</ele>
        <time>2026-08-30T23:38:06.000Z</time>
        <extensions>
          <ns3:TrackPointExtension>
            <ns3:hr>143</ns3:hr>
            <ns3:cad>93</ns3:cad>
          </ns3:TrackPointExtension>
        </extensions>
      </trkpt>
      <trkpt lat="22.59366466663777828216552734375" lon="113.87797289527952671051025390625">
        <ele>14.3999996185302734375</ele>
        <time>2026-08-30T23:38:07.000Z</time>
        <extensions>
          <ns3:TrackPointExtension>
            <ns3:hr>143</ns3:hr>
            <ns3:cad>93</ns3:cad>
          </ns3:TrackPointExtension>
        </extensions>
      </trkpt>
      <trkpt lat="22.59364002384245395660400390625" lon="113.87795872986316680908203125">
        <ele>14.3999996185302734375</ele>
        <time>2026-08-30T23:38:08.000Z</time>
        <extensions>
          <ns3:TrackPointExtension>
            <ns3:hr>143</ns3:hr>
            <ns3:cad>93</ns3:cad>
          </ns3:TrackPointExtension>
        </extensions>
      </trkpt>
      <trkpt lat="22.5936211645603179931640625" lon="113.87796233408153057098388671875">
        <ele>14.19999980926513671875</ele>
        <time>2026-08-30T23:38:09.000Z</time>
        <extensions>
          <ns3:TrackPointExtension>
            <ns3:hr>144</ns3:hr>
            <ns3:cad>93</ns3:cad>
          </ns3:TrackPointExtension>
        </extensions>
      </trkpt>
      <trkpt lat="22.5936018861830234527587890625" lon="113.87797188945114612579345703125">
        <ele>14.19999980926513671875</ele>
        <time>2026-08-30T23:38:10.000Z</time>
        <extensions>
          <ns3:TrackPointExtension>
            <ns3:hr>144</ns3:hr>
            <ns3:cad>93</ns3:cad>
          </ns3:TrackPointExtension>
        </extensions>
      </trkpt>
      <trkpt lat="22.59357917122542858123779296875" lon="113.8779873959720134735107421875">
        <ele>14.19999980926513671875</ele>
        <time>2026-08-30T23:38:11.000Z</time>
        <extensions>
          <ns3:TrackPointExtension>
            <ns3:hr>144</ns3:hr>
            <ns3:cad>93</ns3:cad>
          </ns3:TrackPointExtension>
        </extensions>
      </trkpt>
      <trkpt lat="22.59356291033327579498291015625" lon="113.87800072319805622100830078125">
        <ele>14.19999980926513671875</ele>
        <time>2026-08-30T23:38:12.000Z</time>
        <extensions>
          <ns3:TrackPointExtension>
            <ns3:hr>144</ns3:hr>
            <ns3:cad>91</ns3:cad>
          </ns3:TrackPointExtension>
        </extensions>
      </trkpt>
      <trkpt lat="22.59354430250823497772216796875" lon="113.878019414842128753662109375">
        <ele>14.19999980926513671875</ele>
        <time>2026-08-30T23:38:13.000Z</time>
        <extensions>
          <ns3:TrackPointExtension>
            <ns3:hr>144</ns3:hr>
            <ns3:cad>91</ns3:cad>
          </ns3:TrackPointExtension>
        </extensions>
      </trkpt>
      <trkpt lat="22.59352820925414562225341796875" lon="113.878038190305233001708984375">
        <ele>14.19999980926513671875</ele>
        <time>2026-08-30T23:38:14.000Z</time>
        <extensions>
          <ns3:TrackPointExtension>
            <ns3:hr>144</ns3:hr>
            <ns3:cad>91</ns3:cad>
          </ns3:TrackPointExtension>
        </extensions>
      </trkpt>
      <trkpt lat="22.59350423701107501983642578125" lon="113.87806258164346218109130859375">
        <ele>14.19999980926513671875</ele>
        <time>2026-08-30T23:38:15.000Z</time>
        <extensions>
          <ns3:TrackPointExtension>
            <ns3:hr>143</ns3:hr>
            <ns3:cad>92</ns3:cad>
          </ns3:TrackPointExtension>
        </extensions>
      </trkpt>
      <trkpt lat="22.593490742146968841552734375" lon="113.87808169238269329071044921875">
        <ele>14.19999980926513671875</ele>
        <time>2026-08-30T23:38:16.000Z</time>
        <extensions>
          <ns3:TrackPointExtension>
            <ns3:hr>144</ns3:hr>
            <ns3:cad>93</ns3:cad>
          </ns3:TrackPointExtension>
        </extensions>
      </trkpt>
      <trkpt lat="22.59346417151391506195068359375" lon="113.87810491025447845458984375">
        <ele>14.19999980926513671875</ele>
        <time>2026-08-30T23:38:17.000Z</time>
        <extensions>
          <ns3:TrackPointExtension>
            <ns3:hr>144</ns3:hr>
            <ns3:cad>93</ns3:cad>
          </ns3:TrackPointExtension>
        </extensions>
      </trkpt>
      <trkpt lat="22.593446485698223114013671875" lon="113.878128044307231903076171875">
        <ele>14.19999980926513671875</ele>
        <time>2026-08-30T23:38:18.000Z</time>
        <extensions>
          <ns3:TrackPointExtension>
            <ns3:hr>144</ns3:hr>
            <ns3:cad>93</ns3:cad>
          </ns3:TrackPointExtension>
        </extensions>
      </trkpt>
      <trkpt lat="22.59341530501842498779296875" lon="113.87814824469387531280517578125">
        <ele>14.19999980926513671875</ele>
        <time>2026-08-30T23:38:19.000Z</time>
        <extensions>
          <ns3:TrackPointExtension>
            <ns3:hr>143</ns3:hr>
            <ns3:cad>93</ns3:cad>
          </ns3:TrackPointExtension>
        </extensions>
      </trkpt>
      <trkpt lat="22.59339443407952785491943359375" lon="113.87817037291824817657470703125">
        <ele>14.19999980926513671875</ele>
        <time>2026-08-30T23:38:20.000Z</time>
        <extensions>
          <ns3:TrackPointExtension>
            <ns3:hr>144</ns3:hr>
            <ns3:cad>91</ns3:cad>
          </ns3:TrackPointExtension>
        </extensions>
      </trkpt>
      <trkpt lat="22.5933685339987277984619140625" lon="113.87818914838135242462158203125">
        <ele>14.19999980926513671875</ele>
        <time>2026-08-30T23:38:21.000Z</time>
        <extensions>
          <ns3:TrackPointExtension>
            <ns3:hr>144</ns3:hr>
            <ns3:cad>91</ns3:cad>
          </ns3:TrackPointExtension>
        </extensions>
      </trkpt>
      <trkpt lat="22.5933460704982280731201171875" lon="113.878208510577678680419921875">
        <ele>14</ele>
        <time>2026-08-30T23:38:22.000Z</time>
        <extensions>
          <ns3:TrackPointExtension>
            <ns3:hr>144</ns3:hr>
            <ns3:cad>92</ns3:cad>
          </ns3:TrackPointExtension>
        </extensions>
      </trkpt>
      <trkpt lat="22.59332201443612575531005859375" lon="113.87822083197534084320068359375">
        <ele>14.19999980926513671875</ele>
        <time>2026-08-30T23:38:23.000Z</time>
        <extensions>
          <ns3:TrackPointExtension>
            <ns3:hr>144</ns3:hr>
            <ns3:cad>92</ns3:cad>
          </ns3:TrackPointExtension>
        </extensions>
      </trkpt>
      <trkpt lat="22.59329200722277164459228515625" lon="113.87823608703911304473876953125">
        <ele>14.19999980926513671875</ele>
        <time>2026-08-30T23:38:24.000Z</time>
        <extensions>
          <ns3:TrackPointExtension>
            <ns3:hr>144</ns3:hr>
            <ns3:cad>92</ns3:cad>
          </ns3:TrackPointExtension>
        </extensions>
      </trkpt>
      <trkpt lat="22.59326937608420848846435546875" lon="113.8782442174851894378662109375">
        <ele>14.19999980926513671875</ele>
        <time>2026-08-30T23:38:25.000Z</time>
        <extensions>
          <ns3:TrackPointExtension>
            <ns3:hr>144</ns3:hr>
            <ns3:cad>92</ns3:cad>
          </ns3:TrackPointExtension>
        </extensions>
      </trkpt>
      <trkpt lat="22.5932417996227741241455078125" lon="113.87826542370021343231201171875">
        <ele>14.19999980926513671875</ele>
        <time>2026-08-30T23:38:26.000Z</time>
        <extensions>
          <ns3:TrackPointExtension>
            <ns3:hr>144</ns3:hr>
            <ns3:cad>92</ns3:cad>
          </ns3:TrackPointExtension>
        </extensions>
      </trkpt>
      <trkpt lat="22.5932280533015727996826171875" lon="113.87828470207750797271728515625">
        <ele>14.19999980926513671875</ele>
        <time>2026-08-30T23:38:27.000Z</time>
        <extensions>
          <ns3:TrackPointExtension>
            <ns3:hr>144</ns3:hr>
            <ns3:cad>93</ns3:cad>
          </ns3:TrackPointExtension>
        </extensions>
      </trkpt>
      <trkpt lat="22.59320399723947048187255859375" lon="113.8783095963299274444580078125">
        <ele>14.19999980926513671875</ele>
        <time>2026-08-30T23:38:28.000Z</time>
        <extensions>
          <ns3:TrackPointExtension>
            <ns3:hr>144</ns3:hr>
            <ns3:cad>93</ns3:cad>
          </ns3:TrackPointExtension>
        </extensions>
      </trkpt>
      <trkpt lat="22.5931921787559986114501953125" lon="113.87833046726882457733154296875">
        <ele>14.19999980926513671875</ele>
        <time>2026-08-30T23:38:29.000Z</time>
        <extensions>
          <ns3:TrackPointExtension>
            <ns3:hr>144</ns3:hr>
            <ns3:cad>93</ns3:cad>
          </ns3:TrackPointExtension>
        </extensions>
      </trkpt>
      <trkpt lat="22.59316862560808658599853515625" lon="113.87834706343710422515869140625">
        <ele>14.19999980926513671875</ele>
        <time>2026-08-30T23:38:30.000Z</time>
        <extensions>
          <ns3:TrackPointExtension>
            <ns3:hr>143</ns3:hr>
            <ns3:cad>93</ns3:cad>
          </ns3:TrackPointExtension>
        </extensions>
      </trkpt>
      <trkpt lat="22.59314800612628459930419921875" lon="113.87836718000471591949462890625">
        <ele>14.3999996185302734375</ele>
        <time>2026-08-30T23:38:31.000Z</time>
        <extensions>
          <ns3:TrackPointExtension>
            <ns3:hr>144</ns3:hr>
            <ns3:cad>92</ns3:cad>
          </ns3:TrackPointExtension>
        </extensions>
      </trkpt>
      <trkpt lat="22.59312319569289684295654296875" lon="113.87838528491556644439697265625">
        <ele>14.3999996185302734375</ele>
        <time>2026-08-30T23:38:32.000Z</time>
        <extensions>
          <ns3:TrackPointExtension>
            <ns3:hr>144</ns3:hr>
            <ns3:cad>92</ns3:cad>
          </ns3:TrackPointExtension>
        </extensions>
      </trkpt>
      <trkpt lat="22.59309285320341587066650390625" lon="113.878411687910556793212890625">
        <ele>14.3999996185302734375</ele>
        <time>2026-08-30T23:38:33.000Z</time>
        <extensions>
          <ns3:TrackPointExtension>
            <ns3:hr>144</ns3:hr>
            <ns3:cad>92</ns3:cad>
          </ns3:TrackPointExtension>
        </extensions>
      </trkpt>
      <trkpt lat="22.59307608939707279205322265625" lon="113.87843490578234195709228515625">
        <ele>14.3999996185302734375</ele>
        <time>2026-08-30T23:38:34.000Z</time>
        <extensions>
          <ns3:TrackPointExtension>
            <ns3:hr>144</ns3:hr>
            <ns3:cad>92</ns3:cad>
          </ns3:TrackPointExtension>
        </extensions>
      </trkpt>
      <trkpt lat="22.5930456630885601043701171875" lon="113.87846223078668117523193359375">
        <ele>14.3999996185302734375</ele>
        <time>2026-08-30T23:38:35.000Z</time>
        <extensions>
          <ns3:TrackPointExtension>
            <ns3:hr>144</ns3:hr>
            <ns3:cad>93</ns3:cad>
          </ns3:TrackPointExtension>
        </extensions>
      </trkpt>
      <trkpt lat="22.5930265523493289947509765625" lon="113.87848603539168834686279296875">
        <ele>14.3999996185302734375</ele>
        <time>2026-08-30T23:38:36.000Z</time>
        <extensions>
          <ns3:TrackPointExtension>
            <ns3:hr>144</ns3:hr>
            <ns3:cad>95</ns3:cad>
          </ns3:TrackPointExtension>
        </extensions>
      </trkpt>
      <trkpt lat="22.5929977186024188995361328125" lon="113.87850464321672916412353515625">
        <ele>14.3999996185302734375</ele>
        <time>2026-08-30T23:38:37.000Z</time>
        <extensions>
          <ns3:TrackPointExtension>
            <ns3:hr>145</ns3:hr>
            <ns3:cad>95</ns3:cad>
          </ns3:TrackPointExtension>
        </extensions>
      </trkpt>
      <trkpt lat="22.59296477772295475006103515625" lon="113.878529705107212066650390625">
        <ele>14.6000003814697265625</ele>
        <time>2026-08-30T23:38:38.000Z</time>
        <extensions>
          <ns3:TrackPointExtension>
            <ns3:hr>145</ns3:hr>
            <ns3:cad>95</ns3:cad>
          </ns3:TrackPointExtension>
        </extensions>
      </trkpt>
      <trkpt lat="22.5929437391459941864013671875" lon="113.87855426408350467681884765625">
        <ele>14.6000003814697265625</ele>
        <time>2026-08-30T23:38:39.000Z</time>
        <extensions>
          <ns3:TrackPointExtension>
            <ns3:hr>145</ns3:hr>
            <ns3:cad>95</ns3:cad>
          </ns3:TrackPointExtension>
        </extensions>
      </trkpt>
      <trkpt lat="22.592909373342990875244140625" lon="113.8785815052688121795654296875">
        <ele>14.6000003814697265625</ele>
        <time>2026-08-30T23:38:40.000Z</time>
        <extensions>
          <ns3:TrackPointExtension>
            <ns3:hr>145</ns3:hr>
            <ns3:cad>96</ns3:cad>
          </ns3:TrackPointExtension>
        </extensions>
      </trkpt>
      <trkpt lat="22.5928911007940769195556640625" lon="113.87861176393926143646240234375">
        <ele>14.6000003814697265625</ele>
        <time>2026-08-30T23:38:41.000Z</time>
        <extensions>
          <ns3:TrackPointExtension>
            <ns3:hr>145</ns3:hr>
            <ns3:cad>96</ns3:cad>
          </ns3:TrackPointExtension>
        </extensions>
      </trkpt>
      <trkpt lat="22.592869140207767486572265625" lon="113.87864160351455211639404296875">
        <ele>14.6000003814697265625</ele>
        <time>2026-08-30T23:38:42.000Z</time>
        <extensions>
          <ns3:TrackPointExtension>
            <ns3:hr>145</ns3:hr>
            <ns3:cad>97</ns3:cad>
          </ns3:TrackPointExtension>
        </extensions>
      </trkpt>
      <trkpt lat="22.5928468443453311920166015625" lon="113.87867647223174571990966796875">
        <ele>14.6000003814697265625</ele>
        <time>2026-08-30T23:38:43.000Z</time>
        <extensions>
          <ns3:TrackPointExtension>
            <ns3:hr>146</ns3:hr>
            <ns3:cad>97</ns3:cad>
          </ns3:TrackPointExtension>
        </extensions>
      </trkpt>
      <trkpt lat="22.5928320921957492828369140625" lon="113.87870371341705322265625">
        <ele>14.6000003814697265625</ele>
        <time>2026-08-30T23:38:44.000Z</time>
        <extensions>
          <ns3:TrackPointExtension>
            <ns3:hr>146</ns3:hr>
            <ns3:cad>97</ns3:cad>
          </ns3:TrackPointExtension>
        </extensions>
      </trkpt>
      <trkpt lat="22.5928153283894062042236328125" lon="113.87873967178165912628173828125">
        <ele>14.6000003814697265625</ele>
        <time>2026-08-30T23:38:45.000Z</time>
        <extensions>
          <ns3:TrackPointExtension>
            <ns3:hr>147</ns3:hr>
            <ns3:cad>97</ns3:cad>
          </ns3:TrackPointExtension>
        </extensions>
      </trkpt>
      <trkpt lat="22.59280384518206119537353515625" lon="113.87876967899501323699951171875">
        <ele>14.6000003814697265625</ele>
        <time>2026-08-30T23:38:46.000Z</time>
        <extensions>
          <ns3:TrackPointExtension>
            <ns3:hr>148</ns3:hr>
            <ns3:cad>96</ns3:cad>
          </ns3:TrackPointExtension>
        </extensions>
      </trkpt>
      <trkpt lat="22.5927851535379886627197265625" lon="113.878792226314544677734375">
        <ele>14.6000003814697265625</ele>
        <time>2026-08-30T23:38:47.000Z</time>
        <extensions>
          <ns3:TrackPointExtension>
            <ns3:hr>151</ns3:hr>
            <ns3:cad>96</ns3:cad>
          </ns3:TrackPointExtension>
        </extensions>
      </trkpt>
      <trkpt lat="22.5927566550672054290771484375" lon="113.87881477363407611846923828125">
        <ele>14.6000003814697265625</ele>
        <time>2026-08-30T23:38:48.000Z</time>
        <extensions>
          <ns3:TrackPointExtension>
            <ns3:hr>151</ns3:hr>
            <ns3:cad>96</ns3:cad>
          </ns3:TrackPointExtension>
        </extensions>
      </trkpt>
      <trkpt lat="22.5927333533763885498046875" lon="113.8788311183452606201171875">
        <ele>14.80000019073486328125</ele>
        <time>2026-08-30T23:38:49.000Z</time>
        <extensions>
          <ns3:TrackPointExtension>
            <ns3:hr>150</ns3:hr>
            <ns3:cad>96</ns3:cad>
          </ns3:TrackPointExtension>
        </extensions>
      </trkpt>
      <trkpt lat="22.5926984846591949462890625" lon="113.8788530789315700531005859375">
        <ele>14.80000019073486328125</ele>
        <time>2026-08-30T23:38:50.000Z</time>
        <extensions>
          <ns3:TrackPointExtension>
            <ns3:hr>150</ns3:hr>
            <ns3:cad>96</ns3:cad>
          </ns3:TrackPointExtension>
        </extensions>
      </trkpt>
      <trkpt lat="22.59267426095902919769287109375" lon="113.8788755424320697784423828125">
        <ele>14.80000019073486328125</ele>
        <time>2026-08-30T23:38:51.000Z</time>
        <extensions>
          <ns3:TrackPointExtension>
            <ns3:hr>149</ns3:hr>
            <ns3:cad>96</ns3:cad>
          </ns3:TrackPointExtension>
        </extensions>
      </trkpt>
      <trkpt lat="22.59264425374567508697509765625" lon="113.878896497189998626708984375">
        <ele>14.80000019073486328125</ele>
        <time>2026-08-30T23:38:52.000Z</time>
        <extensions>
          <ns3:TrackPointExtension>
            <ns3:hr>149</ns3:hr>
            <ns3:cad>95</ns3:cad>
          </ns3:TrackPointExtension>
        </extensions>
      </trkpt>
      <trkpt lat="22.592611648142337799072265625" lon="113.87892323546111583709716796875">
        <ele>14.80000019073486328125</ele>
        <time>2026-08-30T23:38:53.000Z</time>
        <extensions>
          <ns3:TrackPointExtension>
            <ns3:hr>150</ns3:hr>
            <ns3:cad>95</ns3:cad>
          </ns3:TrackPointExtension>
        </extensions>
      </trkpt>
      <trkpt lat="22.59259027428925037384033203125" lon="113.878945447504520416259765625">
        <ele>14.80000019073486328125</ele>
        <time>2026-08-30T23:38:54.000Z</time>
        <extensions>
          <ns3:TrackPointExtension>
            <ns3:hr>150</ns3:hr>
            <ns3:cad>95</ns3:cad>
          </ns3:TrackPointExtension>
        </extensions>
      </trkpt>
      <trkpt lat="22.592561356723308563232421875" lon="113.8789714314043521881103515625">
        <ele>14.6000003814697265625</ele>
        <time>2026-08-30T23:38:55.000Z</time>
        <extensions>
          <ns3:TrackPointExtension>
            <ns3:hr>150</ns3:hr>
            <ns3:cad>95</ns3:cad>
          </ns3:TrackPointExtension>
        </extensions>
      </trkpt>
      <trkpt lat="22.59254501201212406158447265625" lon="113.87899406254291534423828125">
        <ele>14.6000003814697265625</ele>
        <time>2026-08-30T23:38:56.000Z</time>
        <extensions>
          <ns3:TrackPointExtension>
            <ns3:hr>151</ns3:hr>
            <ns3:cad>95</ns3:cad>
          </ns3:TrackPointExtension>
        </extensions>
      </trkpt>
      <trkpt lat="22.59251919575035572052001953125" lon="113.87901627458631992340087890625">
        <ele>14.80000019073486328125</ele>
        <time>2026-08-30T23:38:57.000Z</time>
        <extensions>
          <ns3:TrackPointExtension>
            <ns3:hr>152</ns3:hr>
            <ns3:cad>96</ns3:cad>
          </ns3:TrackPointExtension>
        </extensions>
      </trkpt>
      <trkpt lat="22.59250494651496410369873046875" lon="113.879037983715534210205078125">
        <ele>14.80000019073486328125</ele>
        <time>2026-08-30T23:38:58.000Z</time>
        <extensions>
          <ns3:TrackPointExtension>
            <ns3:hr>152</ns3:hr>
            <ns3:cad>97</ns3:cad>
          </ns3:TrackPointExtension>
        </extensions>
      </trkpt>
      <trkpt lat="22.59248399175703525543212890625" lon="113.8790564239025115966796875">
        <ele>14.80000019073486328125</ele>
        <time>2026-08-30T23:38:59.000Z</time>
        <extensions>
          <ns3:TrackPointExtension>
            <ns3:hr>153</ns3:hr>
            <ns3:cad>97</ns3:cad>
          </ns3:TrackPointExtension>
        </extensions>
      </trkpt>
      <trkpt lat="22.59246152825653553009033203125" lon="113.87907695956528186798095703125">
        <ele>14.80000019073486328125</ele>
        <time>2026-08-30T23:39:00.000Z</time>
        <extensions>
          <ns3:TrackPointExtension>
            <ns3:hr>153</ns3:hr>
            <ns3:cad>97</ns3:cad>
          </ns3:TrackPointExtension>
        </extensions>
      </trkpt>
      <trkpt lat="22.5924391485750675201416015625" lon="113.8790911249816417694091796875">
        <ele>14.80000019073486328125</ele>
        <time>2026-08-30T23:39:01.000Z</time>
        <extensions>
          <ns3:TrackPointExtension>
            <ns3:hr>153</ns3:hr>
            <ns3:cad>95</ns3:cad>
          </ns3:TrackPointExtension>
        </extensions>
      </trkpt>
      <trkpt lat="22.59241408668458461761474609375" lon="113.87911316938698291778564453125">
        <ele>14.80000019073486328125</ele>
        <time>2026-08-30T23:39:02.000Z</time>
        <extensions>
          <ns3:TrackPointExtension>
            <ns3:hr>153</ns3:hr>
            <ns3:cad>93</ns3:cad>
          </ns3:TrackPointExtension>
        </extensions>
      </trkpt>
      <trkpt lat="22.5923982448875904083251953125" lon="113.8791326992213726043701171875">
        <ele>14.80000019073486328125</ele>
        <time>2026-08-30T23:39:03.000Z</time>
        <extensions>
          <ns3:TrackPointExtension>
            <ns3:hr>153</ns3:hr>
            <ns3:cad>93</ns3:cad>
          </ns3:TrackPointExtension>
        </extensions>
      </trkpt>
      <trkpt lat="22.5923739373683929443359375" lon="113.8791610300540924072265625">
        <ele>14.80000019073486328125</ele>
        <time>2026-08-30T23:39:04.000Z</time>
        <extensions>
          <ns3:TrackPointExtension>
            <ns3:hr>153</ns3:hr>
            <ns3:cad>93</ns3:cad>
          </ns3:TrackPointExtension>
        </extensions>
      </trkpt>
      <trkpt lat="22.5923673994839191436767578125" lon="113.87918374501168727874755859375">
        <ele>14.6000003814697265625</ele>
        <time>2026-08-30T23:39:05.000Z</time>
        <extensions>
          <ns3:TrackPointExtension>
            <ns3:hr>153</ns3:hr>
            <ns3:cad>93</ns3:cad>
          </ns3:TrackPointExtension>
        </extensions>
      </trkpt>
      <trkpt lat="22.5923489592969417572021484375" lon="113.8792155124247074127197265625">
        <ele>14.80000019073486328125</ele>
        <time>2026-08-30T23:39:06.000Z</time>
        <extensions>
          <ns3:TrackPointExtension>
            <ns3:hr>153</ns3:hr>
            <ns3:cad>93</ns3:cad>
          </ns3:TrackPointExtension>
        </extensions>
      </trkpt>
      <trkpt lat="22.59234082885086536407470703125" lon="113.87924577109515666961669921875">
        <ele>14.80000019073486328125</ele>
        <time>2026-08-30T23:39:07.000Z</time>
        <extensions>
          <ns3:TrackPointExtension>
            <ns3:hr>153</ns3:hr>
            <ns3:cad>93</ns3:cad>
          </ns3:TrackPointExtension>
        </extensions>
      </trkpt>
      <trkpt lat="22.59233060292899608612060546875" lon="113.87926991097629070281982421875">
        <ele>14.80000019073486328125</ele>
        <time>2026-08-30T23:39:08.000Z</time>
        <extensions>
          <ns3:TrackPointExtension>
            <ns3:hr>154</ns3:hr>
            <ns3:cad>93</ns3:cad>
          </ns3:TrackPointExtension>
        </extensions>
      </trkpt>
      <trkpt lat="22.5923202931880950927734375" lon="113.8793031871318817138671875">
        <ele>14.80000019073486328125</ele>
        <time>2026-08-30T23:39:09.000Z</time>
        <extensions>
          <ns3:TrackPointExtension>
            <ns3:hr>153</ns3:hr>
            <ns3:cad>93</ns3:cad>
          </ns3:TrackPointExtension>
        </extensions>
      </trkpt>
      <trkpt lat="22.592315264046192169189453125" lon="113.87932640500366687774658203125">
        <ele>14.80000019073486328125</ele>
        <time>2026-08-30T23:39:10.000Z</time>
        <extensions>
          <ns3:TrackPointExtension>
            <ns3:hr>153</ns3:hr>
            <ns3:cad>93</ns3:cad>
          </ns3:TrackPointExtension>
        </extensions>
      </trkpt>
      <trkpt lat="22.59230411611497402191162109375" lon="113.87935959734022617340087890625">
        <ele>14.80000019073486328125</ele>
        <time>2026-08-30T23:39:11.000Z</time>
        <extensions>
          <ns3:TrackPointExtension>
            <ns3:hr>154</ns3:hr>
            <ns3:cad>94</ns3:cad>
          </ns3:TrackPointExtension>
        </extensions>
      </trkpt>
      <trkpt lat="22.5922976620495319366455078125" lon="113.87938373722136020660400390625">
        <ele>14.6000003814697265625</ele>
        <time>2026-08-30T23:39:12.000Z</time>
        <extensions>
          <ns3:TrackPointExtension>
            <ns3:hr>153</ns3:hr>
            <ns3:cad>94</ns3:cad>
          </ns3:TrackPointExtension>
        </extensions>
      </trkpt>
      <trkpt lat="22.5922839157283306121826171875" lon="113.87941609136760234832763671875">
        <ele>14.6000003814697265625</ele>
        <time>2026-08-30T23:39:13.000Z</time>
        <extensions>
          <ns3:TrackPointExtension>
            <ns3:hr>153</ns3:hr>
            <ns3:cad>94</ns3:cad>
          </ns3:TrackPointExtension>
        </extensions>
      </trkpt>
      <trkpt lat="22.59227561764419078826904296875" lon="113.879440315067768096923828125">
        <ele>14.6000003814697265625</ele>
        <time>2026-08-30T23:39:14.000Z</time>
        <extensions>
          <ns3:TrackPointExtension>
            <ns3:hr>153</ns3:hr>
            <ns3:cad>94</ns3:cad>
          </ns3:TrackPointExtension>
        </extensions>
      </trkpt>
      <trkpt lat="22.5922572612762451171875" lon="113.8794733397662639617919921875">
        <ele>14.80000019073486328125</ele>
        <time>2026-08-30T23:39:15.000Z</time>
        <extensions>
          <ns3:TrackPointExtension>
            <ns3:hr>153</ns3:hr>
            <ns3:cad>94</ns3:cad>
          </ns3:TrackPointExtension>
        </extensions>
      </trkpt>
      <trkpt lat="22.5922460295259952545166015625" lon="113.879497982561588287353515625">
        <ele>14.80000019073486328125</ele>
        <time>2026-08-30T23:39:16.000Z</time>
        <extensions>
          <ns3:TrackPointExtension>
            <ns3:hr>153</ns3:hr>
            <ns3:cad>94</ns3:cad>
          </ns3:TrackPointExtension>
        </extensions>
      </trkpt>
      <trkpt lat="22.5922242365777492523193359375" lon="113.87951164506375789642333984375">
        <ele>14.80000019073486328125</ele>
        <time>2026-08-30T23:39:17.000Z</time>
        <extensions>
          <ns3:TrackPointExtension>
            <ns3:hr>152</ns3:hr>
            <ns3:cad>94</ns3:cad>
          </ns3:TrackPointExtension>
        </extensions>
      </trkpt>
      <trkpt lat="22.59220789186656475067138671875" lon="113.8795139081776142120361328125">
        <ele>14.80000019073486328125</ele>
        <time>2026-08-30T23:39:18.000Z</time>
        <extensions>
          <ns3:TrackPointExtension>
            <ns3:hr>153</ns3:hr>
            <ns3:cad>93</ns3:cad>
          </ns3:TrackPointExtension>
        </extensions>
      </trkpt>
      <trkpt lat="22.59218819439411163330078125" lon="113.87952513992786407470703125">
        <ele>14.80000019073486328125</ele>
        <time>2026-08-30T23:39:19.000Z</time>
        <extensions>
          <ns3:TrackPointExtension>
            <ns3:hr>153</ns3:hr>
            <ns3:cad>93</ns3:cad>
          </ns3:TrackPointExtension>
        </extensions>
      </trkpt>
      <trkpt lat="22.59217017330229282379150390625" lon="113.87953125871717929840087890625">
        <ele>14.6000003814697265625</ele>
        <time>2026-08-30T23:39:20.000Z</time>
        <extensions>
          <ns3:TrackPointExtension>
            <ns3:hr>153</ns3:hr>
            <ns3:cad>91</ns3:cad>
          </ns3:TrackPointExtension>
        </extensions>
      </trkpt>
      <trkpt lat="22.59214100427925586700439453125" lon="113.87954902835190296173095703125">
        <ele>14.6000003814697265625</ele>
        <time>2026-08-30T23:39:21.000Z</time>
        <extensions>
          <ns3:TrackPointExtension>
            <ns3:hr>153</ns3:hr>
            <ns3:cad>91</ns3:cad>
          </ns3:TrackPointExtension>
        </extensions>
      </trkpt>
      <trkpt lat="22.5921249948441982269287109375" lon="113.8795611821115016937255859375">
        <ele>14.6000003814697265625</ele>
        <time>2026-08-30T23:39:22.000Z</time>
        <extensions>
          <ns3:TrackPointExtension>
            <ns3:hr>153</ns3:hr>
            <ns3:cad>90</ns3:cad>
          </ns3:TrackPointExtension>
        </extensions>
      </trkpt>
      <trkpt lat="22.59209138341248035430908203125" lon="113.879579119384288787841796875">
        <ele>14.3999996185302734375</ele>
        <time>2026-08-30T23:39:23.000Z</time>
        <extensions>
          <ns3:TrackPointExtension>
            <ns3:hr>153</ns3:hr>
            <ns3:cad>90</ns3:cad>
          </ns3:TrackPointExtension>
        </extensions>
      </trkpt>
      <trkpt lat="22.59207160212099552154541015625" lon="113.879591189324855804443359375">
        <ele>14.3999996185302734375</ele>
        <time>2026-08-30T23:39:24.000Z</time>
        <extensions>
          <ns3:TrackPointExtension>
            <ns3:hr>153</ns3:hr>
            <ns3:cad>90</ns3:cad>
          </ns3:TrackPointExtension>
        </extensions>
      </trkpt>
      <trkpt lat="22.5920488871634006500244140625" lon="113.87960853986442089080810546875">
        <ele>14.3999996185302734375</ele>
        <time>2026-08-30T23:39:25.000Z</time>
        <extensions>
          <ns3:TrackPointExtension>
            <ns3:hr>152</ns3:hr>
            <ns3:cad>91</ns3:cad>
          </ns3:TrackPointExtension>
        </extensions>
      </trkpt>
      <trkpt lat="22.59203606285154819488525390625" lon="113.87961256317794322967529296875">
        <ele>14.6000003814697265625</ele>
        <time>2026-08-30T23:39:26.000Z</time>
        <extensions>
          <ns3:TrackPointExtension>
            <ns3:hr>151</ns3:hr>
            <ns3:cad>91</ns3:cad>
          </ns3:TrackPointExtension>
        </extensions>
      </trkpt>
      <trkpt lat="22.5920146889984607696533203125" lon="113.87962094508111476898193359375">
        <ele>14.80000019073486328125</ele>
        <time>2026-08-30T23:39:27.000Z</time>
        <extensions>
          <ns3:TrackPointExtension>
            <ns3:hr>151</ns3:hr>
            <ns3:cad>91</ns3:cad>
          </ns3:TrackPointExtension>
        </extensions>
      </trkpt>
      <trkpt lat="22.59199515916407108306884765625" lon="113.8796285726130008697509765625">
        <ele>15</ele>
        <time>2026-08-30T23:39:28.000Z</time>
        <extensions>
          <ns3:TrackPointExtension>
            <ns3:hr>151</ns3:hr>
            <ns3:cad>91</ns3:cad>
          </ns3:TrackPointExtension>
        </extensions>
      </trkpt>
      <trkpt lat="22.59186339564621448516845703125" lon="113.8796733319759368896484375">
        <ele>13.19999980926513671875</ele>
        <time>2026-08-30T23:41:12.000Z</time>
        <extensions>
          <ns3:TrackPointExtension>
            <ns3:hr>103</ns3:hr>
            <ns3:cad>0</ns3:cad>
          </ns3:TrackPointExtension>
        </extensions>
      </trkpt>
      <trkpt lat="22.5918393395841121673583984375" lon="113.87968330644071102142333984375">
        <ele>13.19999980926513671875</ele>
        <time>2026-08-30T23:41:13.000Z</time>
        <extensions>
          <ns3:TrackPointExtension>
            <ns3:hr>103</ns3:hr>
            <ns3:cad>0</ns3:cad>
          </ns3:TrackPointExtension>
        </extensions>
      </trkpt>
      <trkpt lat="22.5917732901871204376220703125" lon="113.87977081350982189178466796875">
        <ele>13</ele>
        <time>2026-08-30T23:41:17.000Z</time>
        <extensions>
          <ns3:TrackPointExtension>
            <ns3:hr>104</ns3:hr>
            <ns3:cad>88</ns3:cad>
          </ns3:TrackPointExtension>
        </extensions>
      </trkpt>
      <trkpt lat="22.59174764156341552734375" lon="113.87979461811482906341552734375">
        <ele>12.80000019073486328125</ele>
        <time>2026-08-30T23:41:18.000Z</time>
        <extensions>
          <ns3:TrackPointExtension>
            <ns3:hr>105</ns3:hr>
            <ns3:cad>88</ns3:cad>
          </ns3:TrackPointExtension>
        </extensions>
      </trkpt>
      <trkpt lat="22.59172375313937664031982421875" lon="113.87981775216758251190185546875">
        <ele>12.80000019073486328125</ele>
        <time>2026-08-30T23:41:19.000Z</time>
        <extensions>
          <ns3:TrackPointExtension>
            <ns3:hr>106</ns3:hr>
            <ns3:cad>91</ns3:cad>
          </ns3:TrackPointExtension>
        </extensions>
      </trkpt>
      <trkpt lat="22.59169458411633968353271484375" lon="113.87984273023903369903564453125">
        <ele>12.80000019073486328125</ele>
        <time>2026-08-30T23:41:20.000Z</time>
        <extensions>
          <ns3:TrackPointExtension>
            <ns3:hr>107</ns3:hr>
            <ns3:cad>91</ns3:cad>
          </ns3:TrackPointExtension>
        </extensions>
      </trkpt>
      <trkpt lat="22.5916711986064910888671875" lon="113.87986443936824798583984375">
        <ele>12.80000019073486328125</ele>
        <time>2026-08-30T23:41:21.000Z</time>
        <extensions>
          <ns3:TrackPointExtension>
            <ns3:hr>108</ns3:hr>
            <ns3:cad>94</ns3:cad>
          </ns3:TrackPointExtension>
        </extensions>
      </trkpt>
      <trkpt lat="22.591641359031200408935546875" lon="113.8798974640667438507080078125">
        <ele>12.80000019073486328125</ele>
        <time>2026-08-30T23:41:22.000Z</time>
        <extensions>
          <ns3:TrackPointExtension>
            <ns3:hr>109</ns3:hr>
            <ns3:cad>95</ns3:cad>
          </ns3:TrackPointExtension>
        </extensions>
      </trkpt>
      <trkpt lat="22.59162249974906444549560546875" lon="113.87992604635655879974365234375">
        <ele>12.80000019073486328125</ele>
        <time>2026-08-30T23:41:23.000Z</time>
        <extensions>
          <ns3:TrackPointExtension>
            <ns3:hr>110</ns3:hr>
            <ns3:cad>94</ns3:cad>
          </ns3:TrackPointExtension>
        </extensions>
      </trkpt>
      <trkpt lat="22.591600120067596435546875" lon="113.8799514435231685638427734375">
        <ele>12.80000019073486328125</ele>
        <time>2026-08-30T23:41:24.000Z</time>
        <extensions>
          <ns3:TrackPointExtension>
            <ns3:hr>111</ns3:hr>
            <ns3:cad>94</ns3:cad>
          </ns3:TrackPointExtension>
        </extensions>
      </trkpt>
      <trkpt lat="22.591576986014842987060546875" lon="113.8799812830984592437744140625">
        <ele>12.80000019073486328125</ele>
        <time>2026-08-30T23:41:25.000Z</time>
        <extensions>
          <ns3:TrackPointExtension>
            <ns3:hr>112</ns3:hr>
            <ns3:cad>94</ns3:cad>
          </ns3:TrackPointExtension>
        </extensions>
      </trkpt>
      <trkpt lat="22.59155812673270702362060546875" lon="113.88000257313251495361328125">
        <ele>12.80000019073486328125</ele>
        <time>2026-08-30T23:41:26.000Z</time>
        <extensions>
          <ns3:TrackPointExtension>
            <ns3:hr>113</ns3:hr>
            <ns3:cad>95</ns3:cad>
          </ns3:TrackPointExtension>
        </extensions>
      </trkpt>
      <trkpt lat="22.591528035700321197509765625" lon="113.88002864085137844085693359375">
        <ele>12.80000019073486328125</ele>
        <time>2026-08-30T23:41:27.000Z</time>
        <extensions>
          <ns3:TrackPointExtension>
            <ns3:hr>113</ns3:hr>
            <ns3:cad>95</ns3:cad>
          </ns3:TrackPointExtension>
        </extensions>
      </trkpt>
      <trkpt lat="22.5915080867707729339599609375" lon="113.88005563057959079742431640625">
        <ele>13</ele>
        <time>2026-08-30T23:41:28.000Z</time>
        <extensions>
          <ns3:TrackPointExtension>
            <ns3:hr>113</ns3:hr>
            <ns3:cad>95</ns3:cad>
          </ns3:TrackPointExtension>
        </extensions>
      </trkpt>
      <trkpt lat="22.59147816337645053863525390625" lon="113.88008077628910541534423828125">
        <ele>12.80000019073486328125</ele>
        <time>2026-08-30T23:41:29.000Z</time>
        <extensions>
          <ns3:TrackPointExtension>
            <ns3:hr>113</ns3:hr>
            <ns3:cad>94</ns3:cad>
          </ns3:TrackPointExtension>
        </extensions>
      </trkpt>
      <trkpt lat="22.5914507545530796051025390625" lon="113.8801080174744129180908203125">
        <ele>12.80000019073486328125</ele>
        <time>2026-08-30T23:41:30.000Z</time>
        <extensions>
          <ns3:TrackPointExtension>
            <ns3:hr>114</ns3:hr>
            <ns3:cad>94</ns3:cad>
          </ns3:TrackPointExtension>
        </extensions>
      </trkpt>
      <trkpt lat="22.59142736904323101043701171875" lon="113.8801301456987857818603515625">
        <ele>12.6000003814697265625</ele>
        <time>2026-08-30T23:41:31.000Z</time>
        <extensions>
          <ns3:TrackPointExtension>
            <ns3:hr>114</ns3:hr>
            <ns3:cad>94</ns3:cad>
          </ns3:TrackPointExtension>
        </extensions>
      </trkpt>
      <trkpt lat="22.5913914106786251068115234375" lon="113.88015336357057094573974609375">
        <ele>12.6000003814697265625</ele>
        <time>2026-08-30T23:41:32.000Z</time>
        <extensions>
          <ns3:TrackPointExtension>
            <ns3:hr>116</ns3:hr>
            <ns3:cad>95</ns3:cad>
          </ns3:TrackPointExtension>
        </extensions>
      </trkpt>
      <trkpt lat="22.591379173099994659423828125" lon="113.8801730610430240631103515625">
        <ele>12.6000003814697265625</ele>
        <time>2026-08-30T23:41:33.000Z</time>
        <extensions>
          <ns3:TrackPointExtension>
            <ns3:hr>119</ns3:hr>
            <ns3:cad>95</ns3:cad>
          </ns3:TrackPointExtension>
        </extensions>
      </trkpt>
      <trkpt lat="22.59134975261986255645751953125" lon="113.880194015800952911376953125">
        <ele>12.6000003814697265625</ele>
        <time>2026-08-30T23:41:34.000Z</time>
        <extensions>
          <ns3:TrackPointExtension>
            <ns3:hr>121</ns3:hr>
            <ns3:cad>95</ns3:cad>
          </ns3:TrackPointExtension>
        </extensions>
      </trkpt>
      <trkpt lat="22.59132293052971363067626953125" lon="113.880209438502788543701171875">
        <ele>12.6000003814697265625</ele>
        <time>2026-08-30T23:41:35.000Z</time>
        <extensions>
          <ns3:TrackPointExtension>
            <ns3:hr>124</ns3:hr>
            <ns3:cad>95</ns3:cad>
          </ns3:TrackPointExtension>
        </extensions>
      </trkpt>
      <trkpt lat="22.5912951864302158355712890625" lon="113.8802203349769115447998046875">
        <ele>12.6000003814697265625</ele>
        <time>2026-08-30T23:41:36.000Z</time>
        <extensions>
          <ns3:TrackPointExtension>
            <ns3:hr>125</ns3:hr>
            <ns3:cad>95</ns3:cad>
          </ns3:TrackPointExtension>
        </extensions>
      </trkpt>
      <trkpt lat="22.59126819670200347900390625" lon="113.88023986481130123138427734375">
        <ele>12.6000003814697265625</ele>
        <time>2026-08-30T23:41:37.000Z</time>
        <extensions>
          <ns3:TrackPointExtension>
            <ns3:hr>127</ns3:hr>
            <ns3:cad>95</ns3:cad>
          </ns3:TrackPointExtension>
        </extensions>
      </trkpt>
      <trkpt lat="22.5912546180188655853271484375" lon="113.88026274740695953369140625">
        <ele>12.3999996185302734375</ele>
        <time>2026-08-30T23:41:38.000Z</time>
        <extensions>
          <ns3:TrackPointExtension>
            <ns3:hr>128</ns3:hr>
            <ns3:cad>95</ns3:cad>
          </ns3:TrackPointExtension>
        </extensions>
      </trkpt>
      <trkpt lat="22.59123056195676326751708984375" lon="113.8802875578403472900390625">
        <ele>12.3999996185302734375</ele>
        <time>2026-08-30T23:41:39.000Z</time>
        <extensions>
          <ns3:TrackPointExtension>
            <ns3:hr>129</ns3:hr>
            <ns3:cad>95</ns3:cad>
          </ns3:TrackPointExtension>
        </extensions>
      </trkpt>
      <trkpt lat="22.5912123732268810272216796875" lon="113.88031261973083019256591796875">
        <ele>12.3999996185302734375</ele>
        <time>2026-08-30T23:41:40.000Z</time>
        <extensions>
          <ns3:TrackPointExtension>
            <ns3:hr>130</ns3:hr>
            <ns3:cad>95</ns3:cad>
          </ns3:TrackPointExtension>
        </extensions>
      </trkpt>
      <trkpt lat="22.59119351394474506378173828125" lon="113.880334831774234771728515625">
        <ele>12.3999996185302734375</ele>
        <time>2026-08-30T23:41:41.000Z</time>
        <extensions>
          <ns3:TrackPointExtension>
            <ns3:hr>131</ns3:hr>
            <ns3:cad>95</ns3:cad>
          </ns3:TrackPointExtension>
        </extensions>
      </trkpt>
      <trkpt lat="22.5911691226065158843994140625" lon="113.8803591392934322357177734375">
        <ele>12.6000003814697265625</ele>
        <time>2026-08-30T23:41:42.000Z</time>
        <extensions>
          <ns3:TrackPointExtension>
            <ns3:hr>132</ns3:hr>
            <ns3:cad>96</ns3:cad>
          </ns3:TrackPointExtension>
        </extensions>
      </trkpt>
      <trkpt lat="22.59114841930568218231201171875" lon="113.88037808239459991455078125">
        <ele>12.6000003814697265625</ele>
        <time>2026-08-30T23:41:43.000Z</time>
        <extensions>
          <ns3:TrackPointExtension>
            <ns3:hr>133</ns3:hr>
            <ns3:cad>96</ns3:cad>
          </ns3:TrackPointExtension>
        </extensions>
      </trkpt>
      <trkpt lat="22.59112126193940639495849609375" lon="113.8804050721228122711181640625">
        <ele>12.6000003814697265625</ele>
        <time>2026-08-30T23:41:44.000Z</time>
        <extensions>
          <ns3:TrackPointExtension>
            <ns3:hr>134</ns3:hr>
            <ns3:cad>95</ns3:cad>
          </ns3:TrackPointExtension>
        </extensions>
      </trkpt>
      <trkpt lat="22.59110718034207820892333984375" lon="113.8804323971271514892578125">
        <ele>12.6000003814697265625</ele>
        <time>2026-08-30T23:41:45.000Z</time>
        <extensions>
          <ns3:TrackPointExtension>
            <ns3:hr>135</ns3:hr>
            <ns3:cad>95</ns3:cad>
          </ns3:TrackPointExtension>
        </extensions>
      </trkpt>
      <trkpt lat="22.59108974598348140716552734375" lon="113.88045494444668292999267578125">
        <ele>12.6000003814697265625</ele>
        <time>2026-08-30T23:41:46.000Z</time>
        <extensions>
          <ns3:TrackPointExtension>
            <ns3:hr>135</ns3:hr>
            <ns3:cad>95</ns3:cad>
          </ns3:TrackPointExtension>
        </extensions>
      </trkpt>
      <trkpt lat="22.59106644429266452789306640625" lon="113.88047724030911922454833984375">
        <ele>12.80000019073486328125</ele>
        <time>2026-08-30T23:41:47.000Z</time>
        <extensions>
          <ns3:TrackPointExtension>
            <ns3:hr>136</ns3:hr>
            <ns3:cad>95</ns3:cad>
          </ns3:TrackPointExtension>
        </extensions>
      </trkpt>
      <trkpt lat="22.5910467468202114105224609375" lon="113.88049551285803318023681640625">
        <ele>12.80000019073486328125</ele>
        <time>2026-08-30T23:41:48.000Z</time>
        <extensions>
          <ns3:TrackPointExtension>
            <ns3:hr>136</ns3:hr>
            <ns3:cad>94</ns3:cad>
          </ns3:TrackPointExtension>
        </extensions>
      </trkpt>
      <trkpt lat="22.59101967327296733856201171875" lon="113.8805200718343257904052734375">
        <ele>12.80000019073486328125</ele>
        <time>2026-08-30T23:41:49.000Z</time>
        <extensions>
          <ns3:TrackPointExtension>
            <ns3:hr>136</ns3:hr>
            <ns3:cad>94</ns3:cad>
          </ns3:TrackPointExtension>
        </extensions>
      </trkpt>
      <trkpt lat="22.59099821560084819793701171875" lon="113.88054597191512584686279296875">
        <ele>12.80000019073486328125</ele>
        <time>2026-08-30T23:41:50.000Z</time>
        <extensions>
          <ns3:TrackPointExtension>
            <ns3:hr>137</ns3:hr>
            <ns3:cad>94</ns3:cad>
          </ns3:TrackPointExtension>
        </extensions>
      </trkpt>
      <trkpt lat="22.59096988476812839508056640625" lon="113.8805680163204669952392578125">
        <ele>12.80000019073486328125</ele>
        <time>2026-08-30T23:41:51.000Z</time>
        <extensions>
          <ns3:TrackPointExtension>
            <ns3:hr>137</ns3:hr>
            <ns3:cad>96</ns3:cad>
          </ns3:TrackPointExtension>
        </extensions>
      </trkpt>
      <trkpt lat="22.59094540961086750030517578125" lon="113.8805928267538547515869140625">
        <ele>12.80000019073486328125</ele>
        <time>2026-08-30T23:41:52.000Z</time>
        <extensions>
          <ns3:TrackPointExtension>
            <ns3:hr>137</ns3:hr>
            <ns3:cad>96</ns3:cad>
          </ns3:TrackPointExtension>
        </extensions>
      </trkpt>
      <trkpt lat="22.59092713706195354461669921875" lon="113.880612440407276153564453125">
        <ele>12.80000019073486328125</ele>
        <time>2026-08-30T23:41:53.000Z</time>
        <extensions>
          <ns3:TrackPointExtension>
            <ns3:hr>137</ns3:hr>
            <ns3:cad>96</ns3:cad>
          </ns3:TrackPointExtension>
        </extensions>
      </trkpt>
      <trkpt lat="22.5908998958766460418701171875" lon="113.880637250840663909912109375">
        <ele>12.80000019073486328125</ele>
        <time>2026-08-30T23:41:54.000Z</time>
        <extensions>
          <ns3:TrackPointExtension>
            <ns3:hr>138</ns3:hr>
            <ns3:cad>96</ns3:cad>
          </ns3:TrackPointExtension>
        </extensions>
      </trkpt>
      <trkpt lat="22.590877600014209747314453125" lon="113.880658037960529327392578125">
        <ele>12.6000003814697265625</ele>
        <time>2026-08-30T23:41:55.000Z</time>
        <extensions>
          <ns3:TrackPointExtension>
            <ns3:hr>139</ns3:hr>
            <ns3:cad>96</ns3:cad>
          </ns3:TrackPointExtension>
        </extensions>
      </trkpt>
      <trkpt lat="22.59083929471671581268310546875" lon="113.88067186810076236724853515625">
        <ele>12.6000003814697265625</ele>
        <time>2026-08-30T23:41:56.000Z</time>
        <extensions>
          <ns3:TrackPointExtension>
            <ns3:hr>139</ns3:hr>
            <ns3:cad>96</ns3:cad>
          </ns3:TrackPointExtension>
        </extensions>
      </trkpt>
      <trkpt lat="22.5908127240836620330810546875" lon="113.8806925714015960693359375">
        <ele>12.3999996185302734375</ele>
        <time>2026-08-30T23:41:57.000Z</time>
        <extensions>
          <ns3:TrackPointExtension>
            <ns3:hr>140</ns3:hr>
            <ns3:cad>95</ns3:cad>
          </ns3:TrackPointExtension>
        </extensions>
      </trkpt>
      <trkpt lat="22.59078380651772022247314453125" lon="113.88071394525468349456787109375">
        <ele>12.19999980926513671875</ele>
        <time>2026-08-30T23:41:58.000Z</time>
        <extensions>
          <ns3:TrackPointExtension>
            <ns3:hr>141</ns3:hr>
            <ns3:cad>95</ns3:cad>
          </ns3:TrackPointExtension>
        </extensions>
      </trkpt>
      <trkpt lat="22.590750865638256072998046875" lon="113.88073875568807125091552734375">
        <ele>12.19999980926513671875</ele>
        <time>2026-08-30T23:41:59.000Z</time>
        <extensions>
          <ns3:TrackPointExtension>
            <ns3:hr>141</ns3:hr>
            <ns3:cad>95</ns3:cad>
          </ns3:TrackPointExtension>
        </extensions>
      </trkpt>
      <trkpt lat="22.59072504937648773193359375" lon="113.8807524181902408599853515625">
        <ele>12.3999996185302734375</ele>
        <time>2026-08-30T23:42:00.000Z</time>
        <extensions>
          <ns3:TrackPointExtension>
            <ns3:hr>141</ns3:hr>
            <ns3:cad>95</ns3:cad>
          </ns3:TrackPointExtension>
        </extensions>
      </trkpt>
      <trkpt lat="22.59069822728633880615234375" lon="113.88076909817755222320556640625">
        <ele>12.3999996185302734375</ele>
        <time>2026-08-30T23:42:01.000Z</time>
        <extensions>
          <ns3:TrackPointExtension>
            <ns3:hr>141</ns3:hr>
            <ns3:cad>95</ns3:cad>
          </ns3:TrackPointExtension>
        </extensions>
      </trkpt>
      <trkpt lat="22.59057610295712947845458984375" lon="113.8806255161762237548828125">
        <ele>12.19999980926513671875</ele>
        <time>2026-08-30T23:43:33.000Z</time>
        <extensions>
          <ns3:TrackPointExtension>
            <ns3:hr>106</ns3:hr>
            <ns3:cad>0</ns3:cad>
          </ns3:TrackPointExtension>
        </extensions>
      </trkpt>
      <trkpt lat="22.59054777212440967559814453125" lon="113.88061302714049816131591796875">
        <ele>12.19999980926513671875</ele>
        <time>2026-08-30T23:43:34.000Z</time>
        <extensions>
          <ns3:TrackPointExtension>
            <ns3:hr>106</ns3:hr>
            <ns3:cad>0</ns3:cad>
          </ns3:TrackPointExtension>
        </extensions>
      </trkpt>
      <trkpt lat="22.59052463807165622711181640625" lon="113.88058218173682689666748046875">
        <ele>12.19999980926513671875</ele>
        <time>2026-08-30T23:43:36.000Z</time>
        <extensions>
          <ns3:TrackPointExtension>
            <ns3:hr>106</ns3:hr>
            <ns3:cad>0</ns3:cad>
          </ns3:TrackPointExtension>
        </extensions>
      </trkpt>
      <trkpt lat="22.5904978998005390167236328125" lon="113.8805572874844074249267578125">
        <ele>12.19999980926513671875</ele>
        <time>2026-08-30T23:43:37.000Z</time>
        <extensions>
          <ns3:TrackPointExtension>
            <ns3:hr>106</ns3:hr>
            <ns3:cad>0</ns3:cad>
          </ns3:TrackPointExtension>
        </extensions>
      </trkpt>
      <trkpt lat="22.5904781185090541839599609375" lon="113.88053826056420803070068359375">
        <ele>12.19999980926513671875</ele>
        <time>2026-08-30T23:43:38.000Z</time>
        <extensions>
          <ns3:TrackPointExtension>
            <ns3:hr>107</ns3:hr>
            <ns3:cad>93</ns3:cad>
          </ns3:TrackPointExtension>
        </extensions>
      </trkpt>
      <trkpt lat="22.5904590077698230743408203125" lon="113.88050925917923450469970703125">
        <ele>12</ele>
        <time>2026-08-30T23:43:39.000Z</time>
        <extensions>
          <ns3:TrackPointExtension>
            <ns3:hr>107</ns3:hr>
            <ns3:cad>93</ns3:cad>
          </ns3:TrackPointExtension>
        </extensions>
      </trkpt>
      <trkpt lat="22.5904409028589725494384765625" lon="113.88048562221229076385498046875">
        <ele>12</ele>
        <time>2026-08-30T23:43:40.000Z</time>
        <extensions>
          <ns3:TrackPointExtension>
            <ns3:hr>108</ns3:hr>
            <ns3:cad>93</ns3:cad>
          </ns3:TrackPointExtension>
        </extensions>
      </trkpt>
      <trkpt lat="22.590420283377170562744140625" lon="113.88046123087406158447265625">
        <ele>12</ele>
        <time>2026-08-30T23:43:41.000Z</time>
        <extensions>
          <ns3:TrackPointExtension>
            <ns3:hr>109</ns3:hr>
            <ns3:cad>93</ns3:cad>
          </ns3:TrackPointExtension>
        </extensions>
      </trkpt>
      <trkpt lat="22.59036856703460216522216796875" lon="113.8804674334824085235595703125">
        <ele>11.80000019073486328125</ele>
        <time>2026-08-30T23:43:42.000Z</time>
        <extensions>
          <ns3:TrackPointExtension>
            <ns3:hr>109</ns3:hr>
            <ns3:cad>93</ns3:cad>
          </ns3:TrackPointExtension>
        </extensions>
      </trkpt>
      <trkpt lat="22.59033839218318462371826171875" lon="113.8804637454450130462646484375">
        <ele>11.80000019073486328125</ele>
        <time>2026-08-30T23:43:43.000Z</time>
        <extensions>
          <ns3:TrackPointExtension>
            <ns3:hr>109</ns3:hr>
            <ns3:cad>96</ns3:cad>
          </ns3:TrackPointExtension>
        </extensions>
      </trkpt>
      <trkpt lat="22.5903088040649890899658203125" lon="113.88044513761997222900390625">
        <ele>12</ele>
        <time>2026-08-30T23:43:44.000Z</time>
        <extensions>
          <ns3:TrackPointExtension>
            <ns3:hr>108</ns3:hr>
            <ns3:cad>96</ns3:cad>
          </ns3:TrackPointExtension>
        </extensions>
      </trkpt>
      <trkpt lat="22.59027452208101749420166015625" lon="113.8804275356233119964599609375">
        <ele>12</ele>
        <time>2026-08-30T23:43:45.000Z</time>
        <extensions>
          <ns3:TrackPointExtension>
            <ns3:hr>106</ns3:hr>
            <ns3:cad>96</ns3:cad>
          </ns3:TrackPointExtension>
        </extensions>
      </trkpt>
      <trkpt lat="22.5902538187801837921142578125" lon="113.88040733523666858673095703125">
        <ele>12</ele>
        <time>2026-08-30T23:43:46.000Z</time>
        <extensions>
          <ns3:TrackPointExtension>
            <ns3:hr>103</ns3:hr>
            <ns3:cad>96</ns3:cad>
          </ns3:TrackPointExtension>
        </extensions>
      </trkpt>
      <trkpt lat="22.590223141014575958251953125" lon="113.88037481345236301422119140625">
        <ele>12</ele>
        <time>2026-08-30T23:43:47.000Z</time>
        <extensions>
          <ns3:TrackPointExtension>
            <ns3:hr>102</ns3:hr>
            <ns3:cad>96</ns3:cad>
          </ns3:TrackPointExtension>
        </extensions>
      </trkpt>
      <trkpt lat="22.5902018509805202484130859375" lon="113.88035234995186328887939453125">
        <ele>12</ele>
        <time>2026-08-30T23:43:48.000Z</time>
        <extensions>
          <ns3:TrackPointExtension>
            <ns3:hr>103</ns3:hr>
            <ns3:cad>96</ns3:cad>
          </ns3:TrackPointExtension>
        </extensions>
      </trkpt>
      <trkpt lat="22.59017997421324253082275390625" lon="113.88032603077590465545654296875">
        <ele>11.80000019073486328125</ele>
        <time>2026-08-30T23:43:49.000Z</time>
        <extensions>
          <ns3:TrackPointExtension>
            <ns3:hr>103</ns3:hr>
            <ns3:cad>96</ns3:cad>
          </ns3:TrackPointExtension>
        </extensions>
      </trkpt>
      <trkpt lat="22.59015466086566448211669921875" lon="113.88029350899159908294677734375">
        <ele>11.80000019073486328125</ele>
        <time>2026-08-30T23:43:50.000Z</time>
        <extensions>
          <ns3:TrackPointExtension>
            <ns3:hr>104</ns3:hr>
            <ns3:cad>97</ns3:cad>
          </ns3:TrackPointExtension>
        </extensions>
      </trkpt>
      <trkpt lat="22.590131945908069610595703125" lon="113.88027171604335308074951171875">
        <ele>11.80000019073486328125</ele>
        <time>2026-08-30T23:43:51.000Z</time>
        <extensions>
          <ns3:TrackPointExtension>
            <ns3:hr>105</ns3:hr>
            <ns3:cad>97</ns3:cad>
          </ns3:TrackPointExtension>
        </extensions>
      </trkpt>
      <trkpt lat="22.59010973386466503143310546875" lon="113.8802394457161426544189453125">
        <ele>11.80000019073486328125</ele>
        <time>2026-08-30T23:43:52.000Z</time>
        <extensions>
          <ns3:TrackPointExtension>
            <ns3:hr>107</ns3:hr>
            <ns3:cad>97</ns3:cad>
          </ns3:TrackPointExtension>
        </extensions>
      </trkpt>
      <trkpt lat="22.5900855101644992828369140625" lon="113.88021136634051799774169921875">
        <ele>11.6000003814697265625</ele>
        <time>2026-08-30T23:43:53.000Z</time>
        <extensions>
          <ns3:TrackPointExtension>
            <ns3:hr>109</ns3:hr>
            <ns3:cad>98</ns3:cad>
          </ns3:TrackPointExtension>
        </extensions>
      </trkpt>
      <trkpt lat="22.59006346575915813446044921875" lon="113.8801909983158111572265625">
        <ele>11.6000003814697265625</ele>
        <time>2026-08-30T23:43:54.000Z</time>
        <extensions>
          <ns3:TrackPointExtension>
            <ns3:hr>109</ns3:hr>
            <ns3:cad>98</ns3:cad>
          </ns3:TrackPointExtension>
        </extensions>
      </trkpt>
      <trkpt lat="22.59003295563161373138427734375" lon="113.88016241602599620819091796875">
        <ele>11.6000003814697265625</ele>
        <time>2026-08-30T23:43:55.000Z</time>
        <extensions>
          <ns3:TrackPointExtension>
            <ns3:hr>110</ns3:hr>
            <ns3:cad>98</ns3:cad>
          </ns3:TrackPointExtension>
        </extensions>
      </trkpt>
      <trkpt lat="22.590012587606906890869140625" lon="113.88013710267841815948486328125">
        <ele>11.6000003814697265625</ele>
        <time>2026-08-30T23:43:56.000Z</time>
        <extensions>
          <ns3:TrackPointExtension>
            <ns3:hr>112</ns3:hr>
            <ns3:cad>98</ns3:cad>
          </ns3:TrackPointExtension>
        </extensions>
      </trkpt>
      <trkpt lat="22.58999724872410297393798828125" lon="113.88010759837925434112548828125">
        <ele>11.6000003814697265625</ele>
        <time>2026-08-30T23:43:57.000Z</time>
        <extensions>
          <ns3:TrackPointExtension>
            <ns3:hr>115</ns3:hr>
            <ns3:cad>98</ns3:cad>
          </ns3:TrackPointExtension>
        </extensions>
      </trkpt>
      <trkpt lat="22.58997528813779354095458984375" lon="113.88007826171815395355224609375">
        <ele>11.6000003814697265625</ele>
        <time>2026-08-30T23:43:58.000Z</time>
        <extensions>
          <ns3:TrackPointExtension>
            <ns3:hr>117</ns3:hr>
            <ns3:cad>98</ns3:cad>
          </ns3:TrackPointExtension>
        </extensions>
      </trkpt>
      <trkpt lat="22.589957602322101593017578125" lon="113.88006300665438175201416015625">
        <ele>11.80000019073486328125</ele>
        <time>2026-08-30T23:43:59.000Z</time>
        <extensions>
          <ns3:TrackPointExtension>
            <ns3:hr>120</ns3:hr>
            <ns3:cad>98</ns3:cad>
          </ns3:TrackPointExtension>
        </extensions>
      </trkpt>
      <trkpt lat="22.58993337862193584442138671875" lon="113.88003450818359851837158203125">
        <ele>11.80000019073486328125</ele>
        <time>2026-08-30T23:44:00.000Z</time>
        <extensions>
          <ns3:TrackPointExtension>
            <ns3:hr>122</ns3:hr>
            <ns3:cad>98</ns3:cad>
          </ns3:TrackPointExtension>
        </extensions>
      </trkpt>
      <trkpt lat="22.58991007693111896514892578125" lon="113.8800121285021305084228515625">
        <ele>11.80000019073486328125</ele>
        <time>2026-08-30T23:44:01.000Z</time>
        <extensions>
          <ns3:TrackPointExtension>
            <ns3:hr>124</ns3:hr>
            <ns3:cad>98</ns3:cad>
          </ns3:TrackPointExtension>
        </extensions>
      </trkpt>
      <trkpt lat="22.58989197202026844024658203125" lon="113.87999176047742366790771484375">
        <ele>11.80000019073486328125</ele>
        <time>2026-08-30T23:44:02.000Z</time>
        <extensions>
          <ns3:TrackPointExtension>
            <ns3:hr>128</ns3:hr>
            <ns3:cad>98</ns3:cad>
          </ns3:TrackPointExtension>
        </extensions>
      </trkpt>
      <trkpt lat="22.58986464701592922210693359375" lon="113.879958651959896087646484375">
        <ele>11.80000019073486328125</ele>
        <time>2026-08-30T23:44:03.000Z</time>
        <extensions>
          <ns3:TrackPointExtension>
            <ns3:hr>129</ns3:hr>
            <ns3:cad>98</ns3:cad>
          </ns3:TrackPointExtension>
        </extensions>
      </trkpt>
      <trkpt lat="22.58984855376183986663818359375" lon="113.8799373619258403778076171875">
        <ele>11.80000019073486328125</ele>
        <time>2026-08-30T23:44:04.000Z</time>
        <extensions>
          <ns3:TrackPointExtension>
            <ns3:hr>130</ns3:hr>
            <ns3:cad>96</ns3:cad>
          </ns3:TrackPointExtension>
        </extensions>
      </trkpt>
      <trkpt lat="22.589829862117767333984375" lon="113.87990827672183513641357421875">
        <ele>11.80000019073486328125</ele>
        <time>2026-08-30T23:44:05.000Z</time>
        <extensions>
          <ns3:TrackPointExtension>
            <ns3:hr>131</ns3:hr>
            <ns3:cad>96</ns3:cad>
          </ns3:TrackPointExtension>
        </extensions>
      </trkpt>
      <trkpt lat="22.589809410274028778076171875" lon="113.8798803649842739105224609375">
        <ele>11.80000019073486328125</ele>
        <time>2026-08-30T23:44:06.000Z</time>
        <extensions>
          <ns3:TrackPointExtension>
            <ns3:hr>132</ns3:hr>
            <ns3:cad>96</ns3:cad>
          </ns3:TrackPointExtension>
        </extensions>
      </trkpt>
      <trkpt lat="22.58979541249573230743408203125" lon="113.8798619247972965240478515625">
        <ele>11.80000019073486328125</ele>
        <time>2026-08-30T23:44:07.000Z</time>
        <extensions>
          <ns3:TrackPointExtension>
            <ns3:hr>134</ns3:hr>
            <ns3:cad>96</ns3:cad>
          </ns3:TrackPointExtension>
        </extensions>
      </trkpt>
      <trkpt lat="22.58977781049907207489013671875" lon="113.8798289000988006591796875">
        <ele>12</ele>
        <time>2026-08-30T23:44:08.000Z</time>
        <extensions>
          <ns3:TrackPointExtension>
            <ns3:hr>134</ns3:hr>
            <ns3:cad>96</ns3:cad>
          </ns3:TrackPointExtension>
        </extensions>
      </trkpt>
      <trkpt lat="22.5897592864930629730224609375" lon="113.8798072747886180877685546875">
        <ele>12</ele>
        <time>2026-08-30T23:44:09.000Z</time>
        <extensions>
          <ns3:TrackPointExtension>
            <ns3:hr>135</ns3:hr>
            <ns3:cad>96</ns3:cad>
          </ns3:TrackPointExtension>
        </extensions>
      </trkpt>
      <trkpt lat="22.58973958902060985565185546875" lon="113.8797827996313571929931640625">
        <ele>11.80000019073486328125</ele>
        <time>2026-08-30T23:44:10.000Z</time>
        <extensions>
          <ns3:TrackPointExtension>
            <ns3:hr>136</ns3:hr>
            <ns3:cad>96</ns3:cad>
          </ns3:TrackPointExtension>
        </extensions>
      </trkpt>
      <trkpt lat="22.58971385657787322998046875" lon="113.879750780761241912841796875">
        <ele>11.80000019073486328125</ele>
        <time>2026-08-30T23:44:11.000Z</time>
        <extensions>
          <ns3:TrackPointExtension>
            <ns3:hr>137</ns3:hr>
            <ns3:cad>96</ns3:cad>
          </ns3:TrackPointExtension>
        </extensions>
      </trkpt>
      <trkpt lat="22.589690051972866058349609375" lon="113.87972823344171047210693359375">
        <ele>11.80000019073486328125</ele>
        <time>2026-08-30T23:44:12.000Z</time>
        <extensions>
          <ns3:TrackPointExtension>
            <ns3:hr>137</ns3:hr>
            <ns3:cad>96</ns3:cad>
          </ns3:TrackPointExtension>
        </extensions>
      </trkpt>
      <trkpt lat="22.58966499008238315582275390625" lon="113.879698477685451507568359375">
        <ele>11.6000003814697265625</ele>
        <time>2026-08-30T23:44:13.000Z</time>
        <extensions>
          <ns3:TrackPointExtension>
            <ns3:hr>137</ns3:hr>
            <ns3:cad>97</ns3:cad>
          </ns3:TrackPointExtension>
        </extensions>
      </trkpt>
      <trkpt lat="22.58964370004832744598388671875" lon="113.87967995367944240570068359375">
        <ele>11.6000003814697265625</ele>
        <time>2026-08-30T23:44:14.000Z</time>
        <extensions>
          <ns3:TrackPointExtension>
            <ns3:hr>138</ns3:hr>
            <ns3:cad>97</ns3:cad>
          </ns3:TrackPointExtension>
        </extensions>
      </trkpt>
      <trkpt lat="22.58962442167103290557861328125" lon="113.8796599209308624267578125">
        <ele>11.6000003814697265625</ele>
        <time>2026-08-30T23:44:15.000Z</time>
        <extensions>
          <ns3:TrackPointExtension>
            <ns3:hr>138</ns3:hr>
            <ns3:cad>97</ns3:cad>
          </ns3:TrackPointExtension>
        </extensions>
      </trkpt>
      <trkpt lat="22.58960254490375518798828125" lon="113.8796312548220157623291015625">
        <ele>11.6000003814697265625</ele>
        <time>2026-08-30T23:44:16.000Z</time>
        <extensions>
          <ns3:TrackPointExtension>
            <ns3:hr>139</ns3:hr>
            <ns3:cad>97</ns3:cad>
          </ns3:TrackPointExtension>
        </extensions>
      </trkpt>
      <trkpt lat="22.5895852781832218170166015625" lon="113.8796094618737697601318359375">
        <ele>11.6000003814697265625</ele>
        <time>2026-08-30T23:44:17.000Z</time>
        <extensions>
          <ns3:TrackPointExtension>
            <ns3:hr>139</ns3:hr>
            <ns3:cad>97</ns3:cad>
          </ns3:TrackPointExtension>
        </extensions>
      </trkpt>
      <trkpt lat="22.58956356905400753021240234375" lon="113.8795848190784454345703125">
        <ele>11.6000003814697265625</ele>
        <time>2026-08-30T23:44:18.000Z</time>
        <extensions>
          <ns3:TrackPointExtension>
            <ns3:hr>140</ns3:hr>
            <ns3:cad>97</ns3:cad>
          </ns3:TrackPointExtension>
        </extensions>
      </trkpt>
      <trkpt lat="22.5895413570106029510498046875" lon="113.8795621879398822784423828125">
        <ele>11.6000003814697265625</ele>
        <time>2026-08-30T23:44:19.000Z</time>
        <extensions>
          <ns3:TrackPointExtension>
            <ns3:hr>141</ns3:hr>
            <ns3:cad>97</ns3:cad>
          </ns3:TrackPointExtension>
        </extensions>
      </trkpt>
      <trkpt lat="22.58952132426202297210693359375" lon="113.87953863479197025299072265625">
        <ele>11.6000003814697265625</ele>
        <time>2026-08-30T23:44:20.000Z</time>
        <extensions>
          <ns3:TrackPointExtension>
            <ns3:hr>141</ns3:hr>
            <ns3:cad>97</ns3:cad>
          </ns3:TrackPointExtension>
        </extensions>
      </trkpt>
      <trkpt lat="22.58949458599090576171875" lon="113.879514746367931365966796875">
        <ele>11.6000003814697265625</ele>
        <time>2026-08-30T23:44:21.000Z</time>
        <extensions>
          <ns3:TrackPointExtension>
            <ns3:hr>142</ns3:hr>
            <ns3:cad>97</ns3:cad>
          </ns3:TrackPointExtension>
        </extensions>
      </trkpt>
      <trkpt lat="22.58947505615651607513427734375" lon="113.87949219904839992523193359375">
        <ele>11.6000003814697265625</ele>
        <time>2026-08-30T23:44:22.000Z</time>
        <extensions>
          <ns3:TrackPointExtension>
            <ns3:hr>142</ns3:hr>
            <ns3:cad>95</ns3:cad>
          </ns3:TrackPointExtension>
        </extensions>
      </trkpt>
      <trkpt lat="22.5894511677324771881103515625" lon="113.8794696517288684844970703125">
        <ele>11.6000003814697265625</ele>
        <time>2026-08-30T23:44:23.000Z</time>
        <extensions>
          <ns3:TrackPointExtension>
            <ns3:hr>143</ns3:hr>
            <ns3:cad>95</ns3:cad>
          </ns3:TrackPointExtension>
        </extensions>
      </trkpt>
      <trkpt lat="22.58943021297454833984375" lon="113.879441656172275543212890625">
        <ele>11.6000003814697265625</ele>
        <time>2026-08-30T23:44:24.000Z</time>
        <extensions>
          <ns3:TrackPointExtension>
            <ns3:hr>143</ns3:hr>
            <ns3:cad>95</ns3:cad>
          </ns3:TrackPointExtension>
        </extensions>
      </trkpt>
      <trkpt lat="22.5894075818359851837158203125" lon="113.8794180192053318023681640625">
        <ele>11.6000003814697265625</ele>
        <time>2026-08-30T23:44:25.000Z</time>
        <extensions>
          <ns3:TrackPointExtension>
            <ns3:hr>144</ns3:hr>
            <ns3:cad>95</ns3:cad>
          </ns3:TrackPointExtension>
        </extensions>
      </trkpt>
      <trkpt lat="22.58938419632613658905029296875" lon="113.8793818093836307525634765625">
        <ele>11.6000003814697265625</ele>
        <time>2026-08-30T23:44:26.000Z</time>
        <extensions>
          <ns3:TrackPointExtension>
            <ns3:hr>144</ns3:hr>
            <ns3:cad>97</ns3:cad>
          </ns3:TrackPointExtension>
        </extensions>
      </trkpt>
      <trkpt lat="22.5893633253872394561767578125" lon="113.8793533109128475189208984375">
        <ele>11.6000003814697265625</ele>
        <time>2026-08-30T23:44:27.000Z</time>
        <extensions>
          <ns3:TrackPointExtension>
            <ns3:hr>145</ns3:hr>
            <ns3:cad>97</ns3:cad>
          </ns3:TrackPointExtension>
        </extensions>
      </trkpt>
      <trkpt lat="22.58933910168707370758056640625" lon="113.87932137586176395416259765625">
        <ele>11.6000003814697265625</ele>
        <time>2026-08-30T23:44:28.000Z</time>
        <extensions>
          <ns3:TrackPointExtension>
            <ns3:hr>145</ns3:hr>
            <ns3:cad>97</ns3:cad>
          </ns3:TrackPointExtension>
        </extensions>
      </trkpt>
      <trkpt lat="22.58931714110076427459716796875" lon="113.879289440810680389404296875">
        <ele>11.80000019073486328125</ele>
        <time>2026-08-30T23:44:29.000Z</time>
        <extensions>
          <ns3:TrackPointExtension>
            <ns3:hr>145</ns3:hr>
            <ns3:cad>96</ns3:cad>
          </ns3:TrackPointExtension>
        </extensions>
      </trkpt>
      <trkpt lat="22.5893019698560237884521484375" lon="113.8792644627392292022705078125">
        <ele>11.80000019073486328125</ele>
        <time>2026-08-30T23:44:30.000Z</time>
        <extensions>
          <ns3:TrackPointExtension>
            <ns3:hr>146</ns3:hr>
            <ns3:cad>96</ns3:cad>
          </ns3:TrackPointExtension>
        </extensions>
      </trkpt>
      <trkpt lat="22.589281685650348663330078125" lon="113.879230432212352752685546875">
        <ele>11.80000019073486328125</ele>
        <time>2026-08-30T23:44:31.000Z</time>
        <extensions>
          <ns3:TrackPointExtension>
            <ns3:hr>146</ns3:hr>
            <ns3:cad>96</ns3:cad>
          </ns3:TrackPointExtension>
        </extensions>
      </trkpt>
      <trkpt lat="22.58926349692046642303466796875" lon="113.8792000897228717803955078125">
        <ele>11.80000019073486328125</ele>
        <time>2026-08-30T23:44:32.000Z</time>
        <extensions>
          <ns3:TrackPointExtension>
            <ns3:hr>146</ns3:hr>
            <ns3:cad>98</ns3:cad>
          </ns3:TrackPointExtension>
        </extensions>
      </trkpt>
      <trkpt lat="22.5892466492950916290283203125" lon="113.879178464412689208984375">
        <ele>11.80000019073486328125</ele>
        <time>2026-08-30T23:44:33.000Z</time>
        <extensions>
          <ns3:TrackPointExtension>
            <ns3:hr>146</ns3:hr>
            <ns3:cad>98</ns3:cad>
          </ns3:TrackPointExtension>
        </extensions>
      </trkpt>
      <trkpt lat="22.58922435343265533447265625" lon="113.879151977598667144775390625">
        <ele>11.80000019073486328125</ele>
        <time>2026-08-30T23:44:34.000Z</time>
        <extensions>
          <ns3:TrackPointExtension>
            <ns3:hr>147</ns3:hr>
            <ns3:cad>98</ns3:cad>
          </ns3:TrackPointExtension>
        </extensions>
      </trkpt>
      <trkpt lat="22.58920398540794849395751953125" lon="113.87912959791719913482666015625">
        <ele>11.80000019073486328125</ele>
        <time>2026-08-30T23:44:35.000Z</time>
        <extensions>
          <ns3:TrackPointExtension>
            <ns3:hr>147</ns3:hr>
            <ns3:cad>98</ns3:cad>
          </ns3:TrackPointExtension>
        </extensions>
      </trkpt>
      <trkpt lat="22.5891816057264804840087890625" lon="113.87910076417028903961181640625">
        <ele>11.80000019073486328125</ele>
        <time>2026-08-30T23:44:36.000Z</time>
        <extensions>
          <ns3:TrackPointExtension>
            <ns3:hr>147</ns3:hr>
            <ns3:cad>98</ns3:cad>
          </ns3:TrackPointExtension>
        </extensions>
      </trkpt>
      <trkpt lat="22.589156292378902435302734375" lon="113.87907058931887149810791015625">
        <ele>11.80000019073486328125</ele>
        <time>2026-08-30T23:44:37.000Z</time>
        <extensions>
          <ns3:TrackPointExtension>
            <ns3:hr>147</ns3:hr>
            <ns3:cad>98</ns3:cad>
          </ns3:TrackPointExtension>
        </extensions>
      </trkpt>
      <trkpt lat="22.5891313143074512481689453125" lon="113.87904770672321319580078125">
        <ele>11.80000019073486328125</ele>
        <time>2026-08-30T23:44:38.000Z</time>
        <extensions>
          <ns3:TrackPointExtension>
            <ns3:hr>148</ns3:hr>
            <ns3:cad>98</ns3:cad>
          </ns3:TrackPointExtension>
        </extensions>
      </trkpt>
      <trkpt lat="22.58911077864468097686767578125" lon="113.8790200464427471160888671875">
        <ele>11.80000019073486328125</ele>
        <time>2026-08-30T23:44:39.000Z</time>
        <extensions>
          <ns3:TrackPointExtension>
            <ns3:hr>148</ns3:hr>
            <ns3:cad>98</ns3:cad>
          </ns3:TrackPointExtension>
        </extensions>
      </trkpt>
      <trkpt lat="22.58908529765903949737548828125" lon="113.87899599038064479827880859375">
        <ele>11.80000019073486328125</ele>
        <time>2026-08-30T23:44:40.000Z</time>
        <extensions>
          <ns3:TrackPointExtension>
            <ns3:hr>149</ns3:hr>
            <ns3:cad>98</ns3:cad>
          </ns3:TrackPointExtension>
        </extensions>
      </trkpt>
      <trkpt lat="22.58906585164368152618408203125" lon="113.8789771310985088348388671875">
        <ele>11.80000019073486328125</ele>
        <time>2026-08-30T23:44:41.000Z</time>
        <extensions>
          <ns3:TrackPointExtension>
            <ns3:hr>149</ns3:hr>
            <ns3:cad>98</ns3:cad>
          </ns3:TrackPointExtension>
        </extensions>
      </trkpt>
      <trkpt lat="22.58904288522899150848388671875" lon="113.8789509795606136322021484375">
        <ele>11.80000019073486328125</ele>
        <time>2026-08-30T23:44:42.000Z</time>
        <extensions>
          <ns3:TrackPointExtension>
            <ns3:hr>150</ns3:hr>
            <ns3:cad>97</ns3:cad>
          </ns3:TrackPointExtension>
        </extensions>
      </trkpt>
      <trkpt lat="22.589026205241680145263671875" lon="113.8789285160601139068603515625">
        <ele>11.80000019073486328125</ele>
        <time>2026-08-30T23:44:43.000Z</time>
        <extensions>
          <ns3:TrackPointExtension>
            <ns3:hr>150</ns3:hr>
            <ns3:cad>97</ns3:cad>
          </ns3:TrackPointExtension>
        </extensions>
      </trkpt>
      <trkpt lat="22.58900566957890987396240234375" lon="113.87889624573290348052978515625">
        <ele>11.80000019073486328125</ele>
        <time>2026-08-30T23:44:44.000Z</time>
        <extensions>
          <ns3:TrackPointExtension>
            <ns3:hr>150</ns3:hr>
            <ns3:cad>97</ns3:cad>
          </ns3:TrackPointExtension>
        </extensions>
      </trkpt>
      <trkpt lat="22.5889821164309978485107421875" lon="113.87886556796729564666748046875">
        <ele>11.80000019073486328125</ele>
        <time>2026-08-30T23:44:45.000Z</time>
        <extensions>
          <ns3:TrackPointExtension>
            <ns3:hr>151</ns3:hr>
            <ns3:cad>97</ns3:cad>
          </ns3:TrackPointExtension>
        </extensions>
      </trkpt>
      <trkpt lat="22.58895956911146640777587890625" lon="113.878842853009700775146484375">
        <ele>11.80000019073486328125</ele>
        <time>2026-08-30T23:44:46.000Z</time>
        <extensions>
          <ns3:TrackPointExtension>
            <ns3:hr>151</ns3:hr>
            <ns3:cad>97</ns3:cad>
          </ns3:TrackPointExtension>
        </extensions>
      </trkpt>
      <trkpt lat="22.58893643505871295928955078125" lon="113.8788155280053615570068359375">
        <ele>11.80000019073486328125</ele>
        <time>2026-08-30T23:44:47.000Z</time>
        <extensions>
          <ns3:TrackPointExtension>
            <ns3:hr>151</ns3:hr>
            <ns3:cad>96</ns3:cad>
          </ns3:TrackPointExtension>
        </extensions>
      </trkpt>
      <trkpt lat="22.5889153964817523956298828125" lon="113.87879021465778350830078125">
        <ele>11.80000019073486328125</ele>
        <time>2026-08-30T23:44:48.000Z</time>
        <extensions>
          <ns3:TrackPointExtension>
            <ns3:hr>150</ns3:hr>
            <ns3:cad>96</ns3:cad>
          </ns3:TrackPointExtension>
        </extensions>
      </trkpt>
      <trkpt lat="22.588892765343189239501953125" lon="113.87876045890152454376220703125">
        <ele>12</ele>
        <time>2026-08-30T23:44:49.000Z</time>
        <extensions>
          <ns3:TrackPointExtension>
            <ns3:hr>151</ns3:hr>
            <ns3:cad>96</ns3:cad>
          </ns3:TrackPointExtension>
        </extensions>
      </trkpt>
      <trkpt lat="22.58886971510946750640869140625" lon="113.87873254716396331787109375">
        <ele>12.19999980926513671875</ele>
        <time>2026-08-30T23:44:50.000Z</time>
        <extensions>
          <ns3:TrackPointExtension>
            <ns3:hr>151</ns3:hr>
            <ns3:cad>96</ns3:cad>
          </ns3:TrackPointExtension>
        </extensions>
      </trkpt>
      <trkpt lat="22.5888493470847606658935546875" lon="113.8787115924060344696044921875">
        <ele>12</ele>
        <time>2026-08-30T23:44:51.000Z</time>
        <extensions>
          <ns3:TrackPointExtension>
            <ns3:hr>151</ns3:hr>
            <ns3:cad>96</ns3:cad>
          </ns3:TrackPointExtension>
        </extensions>
      </trkpt>
      <trkpt lat="22.588826380670070648193359375" lon="113.878684602677822113037109375">
        <ele>12</ele>
        <time>2026-08-30T23:44:52.000Z</time>
        <extensions>
          <ns3:TrackPointExtension>
            <ns3:hr>151</ns3:hr>
            <ns3:cad>96</ns3:cad>
          </ns3:TrackPointExtension>
        </extensions>
      </trkpt>
      <trkpt lat="22.5888047553598880767822265625" lon="113.87866037897765636444091796875">
        <ele>12.19999980926513671875</ele>
        <time>2026-08-30T23:44:53.000Z</time>
        <extensions>
          <ns3:TrackPointExtension>
            <ns3:hr>152</ns3:hr>
            <ns3:cad>96</ns3:cad>
          </ns3:TrackPointExtension>
        </extensions>
      </trkpt>
      <trkpt lat="22.58878572843968868255615234375" lon="113.87863456271588802337646484375">
        <ele>12</ele>
        <time>2026-08-30T23:44:54.000Z</time>
        <extensions>
          <ns3:TrackPointExtension>
            <ns3:hr>152</ns3:hr>
            <ns3:cad>96</ns3:cad>
          </ns3:TrackPointExtension>
        </extensions>
      </trkpt>
      <trkpt lat="22.58875873871147632598876953125" lon="113.8786056451499462127685546875">
        <ele>12</ele>
        <time>2026-08-30T23:44:55.000Z</time>
        <extensions>
          <ns3:TrackPointExtension>
            <ns3:hr>152</ns3:hr>
            <ns3:cad>96</ns3:cad>
          </ns3:TrackPointExtension>
        </extensions>
      </trkpt>
      <trkpt lat="22.58873392827808856964111328125" lon="113.87858829461038112640380859375">
        <ele>12.19999980926513671875</ele>
        <time>2026-08-30T23:44:56.000Z</time>
        <extensions>
          <ns3:TrackPointExtension>
            <ns3:hr>153</ns3:hr>
            <ns3:cad>96</ns3:cad>
          </ns3:TrackPointExtension>
        </extensions>
      </trkpt>
      <trkpt lat="22.58870911784470081329345703125" lon="113.87855677865445613861083984375">
        <ele>12.19999980926513671875</ele>
        <time>2026-08-30T23:44:57.000Z</time>
        <extensions>
          <ns3:TrackPointExtension>
            <ns3:hr>153</ns3:hr>
            <ns3:cad>96</ns3:cad>
          </ns3:TrackPointExtension>
        </extensions>
      </trkpt>
      <trkpt lat="22.58868430741131305694580078125" lon="113.87853012420237064361572265625">
        <ele>12.19999980926513671875</ele>
        <time>2026-08-30T23:44:58.000Z</time>
        <extensions>
          <ns3:TrackPointExtension>
            <ns3:hr>153</ns3:hr>
            <ns3:cad>97</ns3:cad>
          </ns3:TrackPointExtension>
        </extensions>
      </trkpt>
      <trkpt lat="22.58866134099662303924560546875" lon="113.87851059436798095703125">
        <ele>12.19999980926513671875</ele>
        <time>2026-08-30T23:44:59.000Z</time>
        <extensions>
          <ns3:TrackPointExtension>
            <ns3:hr>154</ns3:hr>
            <ns3:cad>97</ns3:cad>
          </ns3:TrackPointExtension>
        </extensions>
      </trkpt>
      <trkpt lat="22.588633261620998382568359375" lon="113.878480754792690277099609375">
        <ele>12</ele>
        <time>2026-08-30T23:45:00.000Z</time>
        <extensions>
          <ns3:TrackPointExtension>
            <ns3:hr>154</ns3:hr>
            <ns3:cad>97</ns3:cad>
          </ns3:TrackPointExtension>
        </extensions>
      </trkpt>
      <trkpt lat="22.58861239068210124969482421875" lon="113.87846030294895172119140625">
        <ele>12</ele>
        <time>2026-08-30T23:45:01.000Z</time>
        <extensions>
          <ns3:TrackPointExtension>
            <ns3:hr>154</ns3:hr>
            <ns3:cad>97</ns3:cad>
          </ns3:TrackPointExtension>
        </extensions>
      </trkpt>
      <trkpt lat="22.5885871611535549163818359375" lon="113.8784319721162319183349609375">
        <ele>12.19999980926513671875</ele>
        <time>2026-08-30T23:45:02.000Z</time>
        <extensions>
          <ns3:TrackPointExtension>
            <ns3:hr>155</ns3:hr>
            <ns3:cad>98</ns3:cad>
          </ns3:TrackPointExtension>
        </extensions>
      </trkpt>
      <trkpt lat="22.58855958469212055206298828125" lon="113.8784024678170680999755859375">
        <ele>12.19999980926513671875</ele>
        <time>2026-08-30T23:45:03.000Z</time>
        <extensions>
          <ns3:TrackPointExtension>
            <ns3:hr>155</ns3:hr>
            <ns3:cad>98</ns3:cad>
          </ns3:TrackPointExtension>
        </extensions>
      </trkpt>
      <trkpt lat="22.58854215033352375030517578125" lon="113.87837924994528293609619140625">
        <ele>12</ele>
        <time>2026-08-30T23:45:04.000Z</time>
        <extensions>
          <ns3:TrackPointExtension>
            <ns3:hr>155</ns3:hr>
            <ns3:cad>98</ns3:cad>
          </ns3:TrackPointExtension>
        </extensions>
      </trkpt>
      <trkpt lat="22.588523291051387786865234375" lon="113.87834102846682071685791015625">
        <ele>12</ele>
        <time>2026-08-30T23:45:05.000Z</time>
        <extensions>
          <ns3:TrackPointExtension>
            <ns3:hr>155</ns3:hr>
            <ns3:cad>98</ns3:cad>
          </ns3:TrackPointExtension>
        </extensions>
      </trkpt>
      <trkpt lat="22.5885008275508880615234375" lon="113.878319151699542999267578125">
        <ele>12</ele>
        <time>2026-08-30T23:45:06.000Z</time>
        <extensions>
          <ns3:TrackPointExtension>
            <ns3:hr>156</ns3:hr>
            <ns3:cad>98</ns3:cad>
          </ns3:TrackPointExtension>
        </extensions>
      </trkpt>
      <trkpt lat="22.5884807109832763671875" lon="113.87829157523810863494873046875">
        <ele>12</ele>
        <time>2026-08-30T23:45:07.000Z</time>
        <extensions>
          <ns3:TrackPointExtension>
            <ns3:hr>156</ns3:hr>
            <ns3:cad>98</ns3:cad>
          </ns3:TrackPointExtension>
        </extensions>
      </trkpt>
      <trkpt lat="22.58845548145473003387451171875" lon="113.87826156802475452423095703125">
        <ele>11.80000019073486328125</ele>
        <time>2026-08-30T23:45:08.000Z</time>
        <extensions>
          <ns3:TrackPointExtension>
            <ns3:hr>156</ns3:hr>
            <ns3:cad>98</ns3:cad>
          </ns3:TrackPointExtension>
        </extensions>
      </trkpt>
      <trkpt lat="22.5884336046874523162841796875" lon="113.8782371766865253448486328125">
        <ele>11.80000019073486328125</ele>
        <time>2026-08-30T23:45:09.000Z</time>
        <extensions>
          <ns3:TrackPointExtension>
            <ns3:hr>157</ns3:hr>
            <ns3:cad>96</ns3:cad>
          </ns3:TrackPointExtension>
        </extensions>
      </trkpt>
      <trkpt lat="22.588412649929523468017578125" lon="113.878209181129932403564453125">
        <ele>11.80000019073486328125</ele>
        <time>2026-08-30T23:45:10.000Z</time>
        <extensions>
          <ns3:TrackPointExtension>
            <ns3:hr>157</ns3:hr>
            <ns3:cad>96</ns3:cad>
          </ns3:TrackPointExtension>
        </extensions>
      </trkpt>
      <trkpt lat="22.58838951587677001953125" lon="113.878179676830768585205078125">
        <ele>11.80000019073486328125</ele>
        <time>2026-08-30T23:45:11.000Z</time>
        <extensions>
          <ns3:TrackPointExtension>
            <ns3:hr>157</ns3:hr>
            <ns3:cad>96</ns3:cad>
          </ns3:TrackPointExtension>
        </extensions>
      </trkpt>
      <trkpt lat="22.58836747147142887115478515625" lon="113.8781503401696681976318359375">
        <ele>11.80000019073486328125</ele>
        <time>2026-08-30T23:45:12.000Z</time>
        <extensions>
          <ns3:TrackPointExtension>
            <ns3:hr>156</ns3:hr>
            <ns3:cad>96</ns3:cad>
          </ns3:TrackPointExtension>
        </extensions>
      </trkpt>
      <trkpt lat="22.58834517560899257659912109375" lon="113.87811505235731601715087890625">
        <ele>11.80000019073486328125</ele>
        <time>2026-08-30T23:45:13.000Z</time>
        <extensions>
          <ns3:TrackPointExtension>
            <ns3:hr>156</ns3:hr>
            <ns3:cad>96</ns3:cad>
          </ns3:TrackPointExtension>
        </extensions>
      </trkpt>
      <trkpt lat="22.58832757361233234405517578125" lon="113.87808957137167453765869140625">
        <ele>11.80000019073486328125</ele>
        <time>2026-08-30T23:45:14.000Z</time>
        <extensions>
          <ns3:TrackPointExtension>
            <ns3:hr>156</ns3:hr>
            <ns3:cad>97</ns3:cad>
          </ns3:TrackPointExtension>
        </extensions>
      </trkpt>
      <trkpt lat="22.5883098877966403961181640625" lon="113.8780574686825275421142578125">
        <ele>12</ele>
        <time>2026-08-30T23:45:15.000Z</time>
        <extensions>
          <ns3:TrackPointExtension>
            <ns3:hr>156</ns3:hr>
            <ns3:cad>97</ns3:cad>
          </ns3:TrackPointExtension>
        </extensions>
      </trkpt>
      <trkpt lat="22.5882844068109989166259765625" lon="113.878027461469173431396484375">
        <ele>12</ele>
        <time>2026-08-30T23:45:16.000Z</time>
        <extensions>
          <ns3:TrackPointExtension>
            <ns3:hr>156</ns3:hr>
            <ns3:cad>97</ns3:cad>
          </ns3:TrackPointExtension>
        </extensions>
      </trkpt>
      <trkpt lat="22.58826504461467266082763671875" lon="113.87799988500773906707763671875">
        <ele>12</ele>
        <time>2026-08-30T23:45:17.000Z</time>
        <extensions>
          <ns3:TrackPointExtension>
            <ns3:hr>157</ns3:hr>
            <ns3:cad>97</ns3:cad>
          </ns3:TrackPointExtension>
        </extensions>
      </trkpt>
      <trkpt lat="22.5882446765899658203125" lon="113.87796803377568721771240234375">
        <ele>11.80000019073486328125</ele>
        <time>2026-08-30T23:45:18.000Z</time>
        <extensions>
          <ns3:TrackPointExtension>
            <ns3:hr>156</ns3:hr>
            <ns3:cad>96</ns3:cad>
          </ns3:TrackPointExtension>
        </extensions>
      </trkpt>
      <trkpt lat="22.588218860328197479248046875" lon="113.87794473208487033843994140625">
        <ele>11.80000019073486328125</ele>
        <time>2026-08-30T23:45:19.000Z</time>
        <extensions>
          <ns3:TrackPointExtension>
            <ns3:hr>157</ns3:hr>
            <ns3:cad>96</ns3:cad>
          </ns3:TrackPointExtension>
        </extensions>
      </trkpt>
      <trkpt lat="22.58819363079965114593505859375" lon="113.877909444272518157958984375">
        <ele>11.80000019073486328125</ele>
        <time>2026-08-30T23:45:20.000Z</time>
        <extensions>
          <ns3:TrackPointExtension>
            <ns3:hr>157</ns3:hr>
            <ns3:cad>96</ns3:cad>
          </ns3:TrackPointExtension>
        </extensions>
      </trkpt>
      <trkpt lat="22.5881633721292018890380859375" lon="113.87787868268787860870361328125">
        <ele>11.80000019073486328125</ele>
        <time>2026-08-30T23:45:21.000Z</time>
        <extensions>
          <ns3:TrackPointExtension>
            <ns3:hr>157</ns3:hr>
            <ns3:cad>96</ns3:cad>
          </ns3:TrackPointExtension>
        </extensions>
      </trkpt>
      <trkpt lat="22.5881445966660976409912109375" lon="113.877852447330951690673828125">
        <ele>11.80000019073486328125</ele>
        <time>2026-08-30T23:45:22.000Z</time>
        <extensions>
          <ns3:TrackPointExtension>
            <ns3:hr>156</ns3:hr>
            <ns3:cad>96</ns3:cad>
          </ns3:TrackPointExtension>
        </extensions>
      </trkpt>
      <trkpt lat="22.5881207920610904693603515625" lon="113.877815902233123779296875">
        <ele>11.80000019073486328125</ele>
        <time>2026-08-30T23:45:23.000Z</time>
        <extensions>
          <ns3:TrackPointExtension>
            <ns3:hr>157</ns3:hr>
            <ns3:cad>96</ns3:cad>
          </ns3:TrackPointExtension>
        </extensions>
      </trkpt>
      <trkpt lat="22.5881036929786205291748046875" lon="113.8777919299900531768798828125">
        <ele>11.80000019073486328125</ele>
        <time>2026-08-30T23:45:24.000Z</time>
        <extensions>
          <ns3:TrackPointExtension>
            <ns3:hr>157</ns3:hr>
            <ns3:cad>96</ns3:cad>
          </ns3:TrackPointExtension>
        </extensions>
      </trkpt>
      <trkpt lat="22.58808030746877193450927734375" lon="113.8777637667953968048095703125">
        <ele>11.80000019073486328125</ele>
        <time>2026-08-30T23:45:25.000Z</time>
        <extensions>
          <ns3:TrackPointExtension>
            <ns3:hr>157</ns3:hr>
            <ns3:cad>96</ns3:cad>
          </ns3:TrackPointExtension>
        </extensions>
      </trkpt>
      <trkpt lat="22.588053904473781585693359375" lon="113.87773468159139156341552734375">
        <ele>12</ele>
        <time>2026-08-30T23:45:26.000Z</time>
        <extensions>
          <ns3:TrackPointExtension>
            <ns3:hr>156</ns3:hr>
            <ns3:cad>95</ns3:cad>
          </ns3:TrackPointExtension>
        </extensions>
      </trkpt>
      <trkpt lat="22.58803286589682102203369140625" lon="113.8777154870331287384033203125">
        <ele>12</ele>
        <time>2026-08-30T23:45:27.000Z</time>
        <extensions>
          <ns3:TrackPointExtension>
            <ns3:hr>157</ns3:hr>
            <ns3:cad>96</ns3:cad>
          </ns3:TrackPointExtension>
        </extensions>
      </trkpt>
      <trkpt lat="22.58800931274890899658203125" lon="113.87768422253429889678955078125">
        <ele>12</ele>
        <time>2026-08-30T23:45:28.000Z</time>
        <extensions>
          <ns3:TrackPointExtension>
            <ns3:hr>157</ns3:hr>
            <ns3:cad>96</ns3:cad>
          </ns3:TrackPointExtension>
        </extensions>
      </trkpt>
      <trkpt lat="22.5879873521625995635986328125" lon="113.87766209430992603302001953125">
        <ele>12</ele>
        <time>2026-08-30T23:45:29.000Z</time>
        <extensions>
          <ns3:TrackPointExtension>
            <ns3:hr>157</ns3:hr>
            <ns3:cad>96</ns3:cad>
          </ns3:TrackPointExtension>
        </extensions>
      </trkpt>
      <trkpt lat="22.58796832524240016937255859375" lon="113.87763082981109619140625">
        <ele>12</ele>
        <time>2026-08-30T23:45:30.000Z</time>
        <extensions>
          <ns3:TrackPointExtension>
            <ns3:hr>157</ns3:hr>
            <ns3:cad>96</ns3:cad>
          </ns3:TrackPointExtension>
        </extensions>
      </trkpt>
      <trkpt lat="22.58794116787612438201904296875" lon="113.87760224752128124237060546875">
        <ele>12</ele>
        <time>2026-08-30T23:45:31.000Z</time>
        <extensions>
          <ns3:TrackPointExtension>
            <ns3:hr>157</ns3:hr>
            <ns3:cad>96</ns3:cad>
          </ns3:TrackPointExtension>
        </extensions>
      </trkpt>
      <trkpt lat="22.587920464575290679931640625" lon="113.87757651507854461669921875">
        <ele>11.80000019073486328125</ele>
        <time>2026-08-30T23:45:32.000Z</time>
        <extensions>
          <ns3:TrackPointExtension>
            <ns3:hr>158</ns3:hr>
            <ns3:cad>96</ns3:cad>
          </ns3:TrackPointExtension>
        </extensions>
      </trkpt>
      <trkpt lat="22.58789925836026668548583984375" lon="113.87754223309457302093505859375">
        <ele>11.80000019073486328125</ele>
        <time>2026-08-30T23:45:33.000Z</time>
        <extensions>
          <ns3:TrackPointExtension>
            <ns3:hr>158</ns3:hr>
            <ns3:cad>95</ns3:cad>
          </ns3:TrackPointExtension>
        </extensions>
      </trkpt>
      <trkpt lat="22.587879560887813568115234375" lon="113.8775195181369781494140625">
        <ele>11.80000019073486328125</ele>
        <time>2026-08-30T23:45:34.000Z</time>
        <extensions>
          <ns3:TrackPointExtension>
            <ns3:hr>158</ns3:hr>
            <ns3:cad>95</ns3:cad>
          </ns3:TrackPointExtension>
        </extensions>
      </trkpt>
      <trkpt lat="22.58785902522504329681396484375" lon="113.87749378569424152374267578125">
        <ele>11.6000003814697265625</ele>
        <time>2026-08-30T23:45:35.000Z</time>
        <extensions>
          <ns3:TrackPointExtension>
            <ns3:hr>157</ns3:hr>
            <ns3:cad>95</ns3:cad>
          </ns3:TrackPointExtension>
        </extensions>
      </trkpt>
      <trkpt lat="22.58783471770584583282470703125" lon="113.87746646068990230560302734375">
        <ele>11.6000003814697265625</ele>
        <time>2026-08-30T23:45:36.000Z</time>
        <extensions>
          <ns3:TrackPointExtension>
            <ns3:hr>158</ns3:hr>
            <ns3:cad>95</ns3:cad>
          </ns3:TrackPointExtension>
        </extensions>
      </trkpt>
      <trkpt lat="22.58781879208981990814208984375" lon="113.8774425722658634185791015625">
        <ele>11.6000003814697265625</ele>
        <time>2026-08-30T23:45:37.000Z</time>
        <extensions>
          <ns3:TrackPointExtension>
            <ns3:hr>158</ns3:hr>
            <ns3:cad>95</ns3:cad>
          </ns3:TrackPointExtension>
        </extensions>
      </trkpt>
      <trkpt lat="22.58779582567512989044189453125" lon="113.8774134032428264617919921875">
        <ele>11.6000003814697265625</ele>
        <time>2026-08-30T23:45:38.000Z</time>
        <extensions>
          <ns3:TrackPointExtension>
            <ns3:hr>158</ns3:hr>
            <ns3:cad>95</ns3:cad>
          </ns3:TrackPointExtension>
        </extensions>
      </trkpt>
      <trkpt lat="22.58777922950685024261474609375" lon="113.8773875869810581207275390625">
        <ele>11.6000003814697265625</ele>
        <time>2026-08-30T23:45:39.000Z</time>
        <extensions>
          <ns3:TrackPointExtension>
            <ns3:hr>158</ns3:hr>
            <ns3:cad>95</ns3:cad>
          </ns3:TrackPointExtension>
        </extensions>
      </trkpt>
      <trkpt lat="22.58776120841503143310546875" lon="113.87735984288156032562255859375">
        <ele>11.6000003814697265625</ele>
        <time>2026-08-30T23:45:40.000Z</time>
        <extensions>
          <ns3:TrackPointExtension>
            <ns3:hr>158</ns3:hr>
            <ns3:cad>95</ns3:cad>
          </ns3:TrackPointExtension>
        </extensions>
      </trkpt>
      <trkpt lat="22.587738074362277984619140625" lon="113.87733352370560169219970703125">
        <ele>11.6000003814697265625</ele>
        <time>2026-08-30T23:45:41.000Z</time>
        <extensions>
          <ns3:TrackPointExtension>
            <ns3:hr>159</ns3:hr>
            <ns3:cad>95</ns3:cad>
          </ns3:TrackPointExtension>
        </extensions>
      </trkpt>
      <trkpt lat="22.58771871216595172882080078125" lon="113.8773129880428314208984375">
        <ele>11.6000003814697265625</ele>
        <time>2026-08-30T23:45:42.000Z</time>
        <extensions>
          <ns3:TrackPointExtension>
            <ns3:hr>159</ns3:hr>
            <ns3:cad>95</ns3:cad>
          </ns3:TrackPointExtension>
        </extensions>
      </trkpt>
      <trkpt lat="22.58769138716161251068115234375" lon="113.877289183437824249267578125">
        <ele>11.6000003814697265625</ele>
        <time>2026-08-30T23:45:43.000Z</time>
        <extensions>
          <ns3:TrackPointExtension>
            <ns3:hr>159</ns3:hr>
            <ns3:cad>95</ns3:cad>
          </ns3:TrackPointExtension>
        </extensions>
      </trkpt>
      <trkpt lat="22.58766733109951019287109375" lon="113.8772658817470073699951171875">
        <ele>11.6000003814697265625</ele>
        <time>2026-08-30T23:45:44.000Z</time>
        <extensions>
          <ns3:TrackPointExtension>
            <ns3:hr>159</ns3:hr>
            <ns3:cad>96</ns3:cad>
          </ns3:TrackPointExtension>
        </extensions>
      </trkpt>
      <trkpt lat="22.5876473821699619293212890625" lon="113.87724459171295166015625">
        <ele>11.6000003814697265625</ele>
        <time>2026-08-30T23:45:45.000Z</time>
        <extensions>
          <ns3:TrackPointExtension>
            <ns3:hr>159</ns3:hr>
            <ns3:cad>96</ns3:cad>
          </ns3:TrackPointExtension>
        </extensions>
      </trkpt>
      <trkpt lat="22.5876205600798130035400390625" lon="113.87721667997539043426513671875">
        <ele>11.6000003814697265625</ele>
        <time>2026-08-30T23:45:46.000Z</time>
        <extensions>
          <ns3:TrackPointExtension>
            <ns3:hr>159</ns3:hr>
            <ns3:cad>97</ns3:cad>
          </ns3:TrackPointExtension>
        </extensions>
      </trkpt>
      <trkpt lat="22.587599940598011016845703125" lon="113.87719740159809589385986328125">
        <ele>11.3999996185302734375</ele>
        <time>2026-08-30T23:45:47.000Z</time>
        <extensions>
          <ns3:TrackPointExtension>
            <ns3:hr>159</ns3:hr>
            <ns3:cad>97</ns3:cad>
          </ns3:TrackPointExtension>
        </extensions>
      </trkpt>
      <trkpt lat="22.58757856674492359161376953125" lon="113.87717158533632755279541015625">
        <ele>11.3999996185302734375</ele>
        <time>2026-08-30T23:45:48.000Z</time>
        <extensions>
          <ns3:TrackPointExtension>
            <ns3:hr>159</ns3:hr>
            <ns3:cad>96</ns3:cad>
          </ns3:TrackPointExtension>
        </extensions>
      </trkpt>
      <trkpt lat="22.58756096474826335906982421875" lon="113.8771466910839080810546875">
        <ele>11.3999996185302734375</ele>
        <time>2026-08-30T23:45:49.000Z</time>
        <extensions>
          <ns3:TrackPointExtension>
            <ns3:hr>159</ns3:hr>
            <ns3:cad>96</ns3:cad>
          </ns3:TrackPointExtension>
        </extensions>
      </trkpt>
      <trkpt lat="22.58754520677030086517333984375" lon="113.87712447904050350189208984375">
        <ele>11.3999996185302734375</ele>
        <time>2026-08-30T23:45:50.000Z</time>
        <extensions>
          <ns3:TrackPointExtension>
            <ns3:hr>159</ns3:hr>
            <ns3:cad>96</ns3:cad>
          </ns3:TrackPointExtension>
        </extensions>
      </trkpt>
      <trkpt lat="22.58752383291721343994140625" lon="113.87709396891295909881591796875">
        <ele>11.3999996185302734375</ele>
        <time>2026-08-30T23:45:51.000Z</time>
        <extensions>
          <ns3:TrackPointExtension>
            <ns3:hr>158</ns3:hr>
            <ns3:cad>96</ns3:cad>
          </ns3:TrackPointExtension>
        </extensions>
      </trkpt>
      <trkpt lat="22.58750011213123798370361328125" lon="113.87707368470728397369384765625">
        <ele>11.3999996185302734375</ele>
        <time>2026-08-30T23:45:52.000Z</time>
        <extensions>
          <ns3:TrackPointExtension>
            <ns3:hr>159</ns3:hr>
            <ns3:cad>97</ns3:cad>
          </ns3:TrackPointExtension>
        </extensions>
      </trkpt>
      <trkpt lat="22.58747966028749942779541015625" lon="113.87704552151262760162353515625">
        <ele>11.3999996185302734375</ele>
        <time>2026-08-30T23:45:53.000Z</time>
        <extensions>
          <ns3:TrackPointExtension>
            <ns3:hr>159</ns3:hr>
            <ns3:cad>97</ns3:cad>
          </ns3:TrackPointExtension>
        </extensions>
      </trkpt>
      <trkpt lat="22.58745568804442882537841796875" lon="113.87701534666121006011962890625">
        <ele>11.3999996185302734375</ele>
        <time>2026-08-30T23:45:54.000Z</time>
        <extensions>
          <ns3:TrackPointExtension>
            <ns3:hr>159</ns3:hr>
            <ns3:cad>96</ns3:cad>
          </ns3:TrackPointExtension>
        </extensions>
      </trkpt>
      <trkpt lat="22.58743573911488056182861328125" lon="113.8769953139126300811767578125">
        <ele>11.3999996185302734375</ele>
        <time>2026-08-30T23:45:55.000Z</time>
        <extensions>
          <ns3:TrackPointExtension>
            <ns3:hr>158</ns3:hr>
            <ns3:cad>96</ns3:cad>
          </ns3:TrackPointExtension>
        </extensions>
      </trkpt>
      <trkpt lat="22.587406150996685028076171875" lon="113.87696572579443454742431640625">
        <ele>11.3999996185302734375</ele>
        <time>2026-08-30T23:45:56.000Z</time>
        <extensions>
          <ns3:TrackPointExtension>
            <ns3:hr>159</ns3:hr>
            <ns3:cad>96</ns3:cad>
          </ns3:TrackPointExtension>
        </extensions>
      </trkpt>
      <trkpt lat="22.58738435804843902587890625" lon="113.876942507922649383544921875">
        <ele>11.3999996185302734375</ele>
        <time>2026-08-30T23:45:57.000Z</time>
        <extensions>
          <ns3:TrackPointExtension>
            <ns3:hr>159</ns3:hr>
            <ns3:cad>98</ns3:cad>
          </ns3:TrackPointExtension>
        </extensions>
      </trkpt>
      <trkpt lat="22.58736616931855678558349609375" lon="113.87691459618508815765380859375">
        <ele>11.3999996185302734375</ele>
        <time>2026-08-30T23:45:58.000Z</time>
        <extensions>
          <ns3:TrackPointExtension>
            <ns3:hr>159</ns3:hr>
            <ns3:cad>98</ns3:cad>
          </ns3:TrackPointExtension>
        </extensions>
      </trkpt>
      <trkpt lat="22.58733808994293212890625" lon="113.876890204846858978271484375">
        <ele>11.3999996185302734375</ele>
        <time>2026-08-30T23:45:59.000Z</time>
        <extensions>
          <ns3:TrackPointExtension>
            <ns3:hr>159</ns3:hr>
            <ns3:cad>97</ns3:cad>
          </ns3:TrackPointExtension>
        </extensions>
      </trkpt>
      <trkpt lat="22.5873198173940181732177734375" lon="113.87686933390796184539794921875">
        <ele>11.3999996185302734375</ele>
        <time>2026-08-30T23:46:00.000Z</time>
        <extensions>
          <ns3:TrackPointExtension>
            <ns3:hr>159</ns3:hr>
            <ns3:cad>97</ns3:cad>
          </ns3:TrackPointExtension>
        </extensions>
      </trkpt>
      <trkpt lat="22.58729341439902782440185546875" lon="113.87684301473200321197509765625">
        <ele>11.3999996185302734375</ele>
        <time>2026-08-30T23:46:01.000Z</time>
        <extensions>
          <ns3:TrackPointExtension>
            <ns3:hr>158</ns3:hr>
            <ns3:cad>96</ns3:cad>
          </ns3:TrackPointExtension>
        </extensions>
      </trkpt>
      <trkpt lat="22.587270028889179229736328125" lon="113.87681921012699604034423828125">
        <ele>11.3999996185302734375</ele>
        <time>2026-08-30T23:46:02.000Z</time>
        <extensions>
          <ns3:TrackPointExtension>
            <ns3:hr>159</ns3:hr>
            <ns3:cad>95</ns3:cad>
          </ns3:TrackPointExtension>
        </extensions>
      </trkpt>
      <trkpt lat="22.58725167252123355865478515625" lon="113.87679222039878368377685546875">
        <ele>11.3999996185302734375</ele>
        <time>2026-08-30T23:46:03.000Z</time>
        <extensions>
          <ns3:TrackPointExtension>
            <ns3:hr>159</ns3:hr>
            <ns3:cad>97</ns3:cad>
          </ns3:TrackPointExtension>
        </extensions>
      </trkpt>
      <trkpt lat="22.5872256048023700714111328125" lon="113.8767599500715732574462890625">
        <ele>11.3999996185302734375</ele>
        <time>2026-08-30T23:46:04.000Z</time>
        <extensions>
          <ns3:TrackPointExtension>
            <ns3:hr>159</ns3:hr>
            <ns3:cad>97</ns3:cad>
          </ns3:TrackPointExtension>
        </extensions>
      </trkpt>
      <trkpt lat="22.5872061587870121002197265625" lon="113.87673689983785152435302734375">
        <ele>11.3999996185302734375</ele>
        <time>2026-08-30T23:46:05.000Z</time>
        <extensions>
          <ns3:TrackPointExtension>
            <ns3:hr>158</ns3:hr>
            <ns3:cad>97</ns3:cad>
          </ns3:TrackPointExtension>
        </extensions>
      </trkpt>
      <trkpt lat="22.58718227036297321319580078125" lon="113.876710832118988037109375">
        <ele>11.19999980926513671875</ele>
        <time>2026-08-30T23:46:06.000Z</time>
        <extensions>
          <ns3:TrackPointExtension>
            <ns3:hr>158</ns3:hr>
            <ns3:cad>97</ns3:cad>
          </ns3:TrackPointExtension>
        </extensions>
      </trkpt>
      <trkpt lat="22.5871622376143932342529296875" lon="113.87668593786656856536865234375">
        <ele>11.19999980926513671875</ele>
        <time>2026-08-30T23:46:07.000Z</time>
        <extensions>
          <ns3:TrackPointExtension>
            <ns3:hr>158</ns3:hr>
            <ns3:cad>97</ns3:cad>
          </ns3:TrackPointExtension>
        </extensions>
      </trkpt>
      <trkpt lat="22.5871401093900203704833984375" lon="113.87666163034737110137939453125">
        <ele>11.19999980926513671875</ele>
        <time>2026-08-30T23:46:08.000Z</time>
        <extensions>
          <ns3:TrackPointExtension>
            <ns3:hr>158</ns3:hr>
            <ns3:cad>97</ns3:cad>
          </ns3:TrackPointExtension>
        </extensions>
      </trkpt>
      <trkpt lat="22.58711588568985462188720703125" lon="113.87663380242884159088134765625">
        <ele>11.19999980926513671875</ele>
        <time>2026-08-30T23:46:09.000Z</time>
        <extensions>
          <ns3:TrackPointExtension>
            <ns3:hr>158</ns3:hr>
            <ns3:cad>97</ns3:cad>
          </ns3:TrackPointExtension>
        </extensions>
      </trkpt>
      <trkpt lat="22.58707380853593349456787109375" lon="113.87658334337174892425537109375">
        <ele>11.19999980926513671875</ele>
        <time>2026-08-30T23:46:10.000Z</time>
        <extensions>
          <ns3:TrackPointExtension>
            <ns3:hr>157</ns3:hr>
            <ns3:cad>97</ns3:cad>
          </ns3:TrackPointExtension>
        </extensions>
      </trkpt>
      <trkpt lat="22.587050758302211761474609375" lon="113.8765540905296802520751953125">
        <ele>11.19999980926513671875</ele>
        <time>2026-08-30T23:46:11.000Z</time>
        <extensions>
          <ns3:TrackPointExtension>
            <ns3:hr>157</ns3:hr>
            <ns3:cad>97</ns3:cad>
          </ns3:TrackPointExtension>
        </extensions>
      </trkpt>
      <trkpt lat="22.58702871389687061309814453125" lon="113.8765272684395313262939453125">
        <ele>11.19999980926513671875</ele>
        <time>2026-08-30T23:46:12.000Z</time>
        <extensions>
          <ns3:TrackPointExtension>
            <ns3:hr>157</ns3:hr>
            <ns3:cad>97</ns3:cad>
          </ns3:TrackPointExtension>
        </extensions>
      </trkpt>
      <trkpt lat="22.58700557984411716461181640625" lon="113.8764974288642406463623046875">
        <ele>11</ele>
        <time>2026-08-30T23:46:13.000Z</time>
        <extensions>
          <ns3:TrackPointExtension>
            <ns3:hr>157</ns3:hr>
            <ns3:cad>97</ns3:cad>
          </ns3:TrackPointExtension>
        </extensions>
      </trkpt>
      <trkpt lat="22.5869872234761714935302734375" lon="113.8764766417443752288818359375">
        <ele>11</ele>
        <time>2026-08-30T23:46:14.000Z</time>
        <extensions>
          <ns3:TrackPointExtension>
            <ns3:hr>157</ns3:hr>
            <ns3:cad>97</ns3:cad>
          </ns3:TrackPointExtension>
        </extensions>
      </trkpt>
      <trkpt lat="22.5869647599756717681884765625" lon="113.87645292095839977264404296875">
        <ele>11.19999980926513671875</ele>
        <time>2026-08-30T23:46:15.000Z</time>
        <extensions>
          <ns3:TrackPointExtension>
            <ns3:hr>157</ns3:hr>
            <ns3:cad>97</ns3:cad>
          </ns3:TrackPointExtension>
        </extensions>
      </trkpt>
      <trkpt lat="22.58694254793226718902587890625" lon="113.87643389403820037841796875">
        <ele>11.19999980926513671875</ele>
        <time>2026-08-30T23:46:16.000Z</time>
        <extensions>
          <ns3:TrackPointExtension>
            <ns3:hr>158</ns3:hr>
            <ns3:cad>95</ns3:cad>
          </ns3:TrackPointExtension>
        </extensions>
      </trkpt>
      <trkpt lat="22.58692880161106586456298828125" lon="113.87641847133636474609375">
        <ele>11.19999980926513671875</ele>
        <time>2026-08-30T23:46:17.000Z</time>
        <extensions>
          <ns3:TrackPointExtension>
            <ns3:hr>158</ns3:hr>
            <ns3:cad>95</ns3:cad>
          </ns3:TrackPointExtension>
        </extensions>
      </trkpt>
    </trkseg>
  </trk>
</gpx>
