<?xml version="1.0" encoding="UTF-8"?>
<gpx creator="Garmin Connect" version="1.1"
  xsi:schemaLocation="http://www.topografix.com/GPX/1/1 http://www.topografix.com/GPX/11.xsd"
  xmlns:ns3="http://www.garmin.com/xmlschemas/TrackPointExtension/v1"
  xmlns="http://www.topografix.com/GPX/1/1"
  xmlns:xsi="http://www.w3.org/2001/XMLSchema-instance" xmlns:ns2="http://www.garmin.com/xmlschemas/GpxExtensions/v3">
  <metadata>
    <link href="connect.garmin.com">
      <text>Garmin Connect</text>
    </link>
    <time>2026-09-14T22:22:41.000Z</time>
  </metadata>
  <trk>
    <name>深圳市 跑步</name>
    <type>running</type>
    <trkseg>
      <trkpt lat="22.5864501111209392547607421875" lon="113.87553057633340358734130859375">
        <ele>4.80000019073486328125</ele>
        <time>2026-09-14T22:23:03.000Z</time>
        <extensions>
          <ns3:TrackPointExtension>
            <ns3:hr>82</ns3:hr>
            <ns3:cad>93</ns3:cad>
          </ns3:TrackPointExtension>
        </extensions>
      </trkpt>
      <trkpt lat="22.58658598177134990692138671875" lon="113.8755526207387447357177734375">
        <ele>4.80000019073486328125</ele>
        <time>2026-09-14T22:23:04.000Z</time>
        <extensions>
          <ns3:TrackPointExtension>
            <ns3:hr>82</ns3:hr>
            <ns3:cad>92</ns3:cad>
          </ns3:TrackPointExtension>
        </extensions>
      </trkpt>
      <trkpt lat="22.58656972087919712066650390625" lon="113.87557148002088069915771484375">
        <ele>4.80000019073486328125</ele>
        <time>2026-09-14T22:23:05.000Z</time>
        <extensions>
          <ns3:TrackPointExtension>
            <ns3:hr>83</ns3:hr>
            <ns3:cad>92</ns3:cad>
          </ns3:TrackPointExtension>
        </extensions>
      </trkpt>
      <trkpt lat="22.58654071949422359466552734375" lon="113.87560232542455196380615234375">
        <ele>4.80000019073486328125</ele>
        <time>2026-09-14T22:23:06.000Z</time>
        <extensions>
          <ns3:TrackPointExtension>
            <ns3:hr>83</ns3:hr>
            <ns3:cad>92</ns3:cad>
          </ns3:TrackPointExtension>
        </extensions>
      </trkpt>
      <trkpt lat="22.5865642726421356201171875" lon="113.8756099529564380645751953125">
        <ele>4.80000019073486328125</ele>
        <time>2026-09-14T22:23:07.000Z</time>
        <extensions>
          <ns3:TrackPointExtension>
            <ns3:hr>84</ns3:hr>
            <ns3:cad>92</ns3:cad>
          </ns3:TrackPointExtension>
        </extensions>
      </trkpt>
      <trkpt lat="22.58654457516968250274658203125" lon="113.875611126422882080078125">
        <ele>4.599999904632568359375</ele>
        <time>2026-09-14T22:23:08.000Z</time>
        <extensions>
          <ns3:TrackPointExtension>
            <ns3:hr>84</ns3:hr>
            <ns3:cad>93</ns3:cad>
          </ns3:TrackPointExtension>
        </extensions>
      </trkpt>
      <trkpt lat="22.58650970645248889923095703125" lon="113.87562763877213001251220703125">
        <ele>4.80000019073486328125</ele>
        <time>2026-09-14T22:23:09.000Z</time>
        <extensions>
          <ns3:TrackPointExtension>
            <ns3:hr>85</ns3:hr>
            <ns3:cad>93</ns3:cad>
          </ns3:TrackPointExtension>
        </extensions>
      </trkpt>
      <trkpt lat="22.5865107960999011993408203125" lon="113.8756595738232135772705078125">
        <ele>4.80000019073486328125</ele>
        <time>2026-09-14T22:23:10.000Z</time>
        <extensions>
          <ns3:TrackPointExtension>
            <ns3:hr>86</ns3:hr>
            <ns3:cad>93</ns3:cad>
          </ns3:TrackPointExtension>
        </extensions>
      </trkpt>
      <trkpt lat="22.5865074433386325836181640625" lon="113.8756813667714595794677734375">
        <ele>4.599999904632568359375</ele>
        <time>2026-09-14T22:23:11.000Z</time>
        <extensions>
          <ns3:TrackPointExtension>
            <ns3:hr>88</ns3:hr>
            <ns3:cad>92</ns3:cad>
          </ns3:TrackPointExtension>
        </extensions>
      </trkpt>
      <trkpt lat="22.5865118019282817840576171875" lon="113.8757081888616085052490234375">
        <ele>4.599999904632568359375</ele>
        <time>2026-09-14T22:23:12.000Z</time>
        <extensions>
          <ns3:TrackPointExtension>
            <ns3:hr>89</ns3:hr>
            <ns3:cad>92</ns3:cad>
          </ns3:TrackPointExtension>
        </extensions>
      </trkpt>
      <trkpt lat="22.58650484494864940643310546875" lon="113.8757229410111904144287109375">
        <ele>4.80000019073486328125</ele>
        <time>2026-09-14T22:23:13.000Z</time>
        <extensions>
          <ns3:TrackPointExtension>
            <ns3:hr>91</ns3:hr>
            <ns3:cad>93</ns3:cad>
          </ns3:TrackPointExtension>
        </extensions>
      </trkpt>
      <trkpt lat="22.5865079462528228759765625" lon="113.87574347667396068572998046875">
        <ele>4.80000019073486328125</ele>
        <time>2026-09-14T22:23:14.000Z</time>
        <extensions>
          <ns3:TrackPointExtension>
            <ns3:hr>92</ns3:hr>
            <ns3:cad>93</ns3:cad>
          </ns3:TrackPointExtension>
        </extensions>
      </trkpt>
      <trkpt lat="22.58651372976601123809814453125" lon="113.87576158158481121063232421875">
        <ele>4.80000019073486328125</ele>
        <time>2026-09-14T22:23:15.000Z</time>
        <extensions>
          <ns3:TrackPointExtension>
            <ns3:hr>93</ns3:hr>
            <ns3:cad>93</ns3:cad>
          </ns3:TrackPointExtension>
        </extensions>
      </trkpt>
      <trkpt lat="22.5865171663463115692138671875" lon="113.87578790076076984405517578125">
        <ele>4.80000019073486328125</ele>
        <time>2026-09-14T22:23:16.000Z</time>
        <extensions>
          <ns3:TrackPointExtension>
            <ns3:hr>93</ns3:hr>
            <ns3:cad>92</ns3:cad>
          </ns3:TrackPointExtension>
        </extensions>
      </trkpt>
      <trkpt lat="22.58652177639305591583251953125" lon="113.8758091069757938385009765625">
        <ele>4.80000019073486328125</ele>
        <time>2026-09-14T22:23:17.000Z</time>
        <extensions>
          <ns3:TrackPointExtension>
            <ns3:hr>94</ns3:hr>
            <ns3:cad>93</ns3:cad>
          </ns3:TrackPointExtension>
        </extensions>
      </trkpt>
      <trkpt lat="22.58653334341943264007568359375" lon="113.87582846917212009429931640625">
        <ele>4.599999904632568359375</ele>
        <time>2026-09-14T22:23:18.000Z</time>
        <extensions>
          <ns3:TrackPointExtension>
            <ns3:hr>94</ns3:hr>
            <ns3:cad>93</ns3:cad>
          </ns3:TrackPointExtension>
        </extensions>
      </trkpt>
      <trkpt lat="22.5865453295409679412841796875" lon="113.87585076503455638885498046875">
        <ele>4.599999904632568359375</ele>
        <time>2026-09-14T22:23:19.000Z</time>
        <extensions>
          <ns3:TrackPointExtension>
            <ns3:hr>95</ns3:hr>
            <ns3:cad>93</ns3:cad>
          </ns3:TrackPointExtension>
        </extensions>
      </trkpt>
      <trkpt lat="22.58655329234898090362548828125" lon="113.87586870230734348297119140625">
        <ele>4.80000019073486328125</ele>
        <time>2026-09-14T22:23:20.000Z</time>
        <extensions>
          <ns3:TrackPointExtension>
            <ns3:hr>95</ns3:hr>
            <ns3:cad>93</ns3:cad>
          </ns3:TrackPointExtension>
        </extensions>
      </trkpt>
      <trkpt lat="22.5865698046982288360595703125" lon="113.875890411436557769775390625">
        <ele>4.80000019073486328125</ele>
        <time>2026-09-14T22:23:21.000Z</time>
        <extensions>
          <ns3:TrackPointExtension>
            <ns3:hr>95</ns3:hr>
            <ns3:cad>94</ns3:cad>
          </ns3:TrackPointExtension>
        </extensions>
      </trkpt>
      <trkpt lat="22.58658413775265216827392578125" lon="113.87590290047228336334228515625">
        <ele>4.80000019073486328125</ele>
        <time>2026-09-14T22:23:22.000Z</time>
        <extensions>
          <ns3:TrackPointExtension>
            <ns3:hr>95</ns3:hr>
            <ns3:cad>94</ns3:cad>
          </ns3:TrackPointExtension>
        </extensions>
      </trkpt>
      <trkpt lat="22.58660115301609039306640625" lon="113.875927291810512542724609375">
        <ele>4.599999904632568359375</ele>
        <time>2026-09-14T22:23:23.000Z</time>
        <extensions>
          <ns3:TrackPointExtension>
            <ns3:hr>96</ns3:hr>
            <ns3:cad>93</ns3:cad>
          </ns3:TrackPointExtension>
        </extensions>
      </trkpt>
      <trkpt lat="22.5866164080798625946044921875" lon="113.8759482465684413909912109375">
        <ele>4.599999904632568359375</ele>
        <time>2026-09-14T22:23:24.000Z</time>
        <extensions>
          <ns3:TrackPointExtension>
            <ns3:hr>96</ns3:hr>
            <ns3:cad>93</ns3:cad>
          </ns3:TrackPointExtension>
        </extensions>
      </trkpt>
      <trkpt lat="22.58663342334330081939697265625" lon="113.87597012333571910858154296875">
        <ele>4.599999904632568359375</ele>
        <time>2026-09-14T22:23:25.000Z</time>
        <extensions>
          <ns3:TrackPointExtension>
            <ns3:hr>96</ns3:hr>
            <ns3:cad>93</ns3:cad>
          </ns3:TrackPointExtension>
        </extensions>
      </trkpt>
      <trkpt lat="22.58665253408253192901611328125" lon="113.87598705478012561798095703125">
        <ele>4.599999904632568359375</ele>
        <time>2026-09-14T22:23:26.000Z</time>
        <extensions>
          <ns3:TrackPointExtension>
            <ns3:hr>97</ns3:hr>
            <ns3:cad>93</ns3:cad>
          </ns3:TrackPointExtension>
        </extensions>
      </trkpt>
      <trkpt lat="22.586668543517589569091796875" lon="113.87601035647094249725341796875">
        <ele>4.599999904632568359375</ele>
        <time>2026-09-14T22:23:27.000Z</time>
        <extensions>
          <ns3:TrackPointExtension>
            <ns3:hr>97</ns3:hr>
            <ns3:cad>93</ns3:cad>
          </ns3:TrackPointExtension>
        </extensions>
      </trkpt>
      <trkpt lat="22.586686648428440093994140625" lon="113.87603156268596649169921875">
        <ele>4.599999904632568359375</ele>
        <time>2026-09-14T22:23:28.000Z</time>
        <extensions>
          <ns3:TrackPointExtension>
            <ns3:hr>98</ns3:hr>
            <ns3:cad>93</ns3:cad>
          </ns3:TrackPointExtension>
        </extensions>
      </trkpt>
      <trkpt lat="22.58669561706483364105224609375" lon="113.8760498352348804473876953125">
        <ele>4.80000019073486328125</ele>
        <time>2026-09-14T22:23:29.000Z</time>
        <extensions>
          <ns3:TrackPointExtension>
            <ns3:hr>98</ns3:hr>
            <ns3:cad>93</ns3:cad>
          </ns3:TrackPointExtension>
        </extensions>
      </trkpt>
      <trkpt lat="22.586713135242462158203125" lon="113.8760739751160144805908203125">
        <ele>4.80000019073486328125</ele>
        <time>2026-09-14T22:23:30.000Z</time>
        <extensions>
          <ns3:TrackPointExtension>
            <ns3:hr>99</ns3:hr>
            <ns3:cad>93</ns3:cad>
          </ns3:TrackPointExtension>
        </extensions>
      </trkpt>
      <trkpt lat="22.5867223553359508514404296875" lon="113.8760952651500701904296875">
        <ele>4.80000019073486328125</ele>
        <time>2026-09-14T22:23:31.000Z</time>
        <extensions>
          <ns3:TrackPointExtension>
            <ns3:hr>99</ns3:hr>
            <ns3:cad>93</ns3:cad>
          </ns3:TrackPointExtension>
        </extensions>
      </trkpt>
      <trkpt lat="22.58673735894262790679931640625" lon="113.8761274516582489013671875">
        <ele>4.599999904632568359375</ele>
        <time>2026-09-14T22:23:32.000Z</time>
        <extensions>
          <ns3:TrackPointExtension>
            <ns3:hr>99</ns3:hr>
            <ns3:cad>93</ns3:cad>
          </ns3:TrackPointExtension>
        </extensions>
      </trkpt>
      <trkpt lat="22.5867505185306072235107421875" lon="113.8761470653116703033447265625">
        <ele>4.599999904632568359375</ele>
        <time>2026-09-14T22:23:33.000Z</time>
        <extensions>
          <ns3:TrackPointExtension>
            <ns3:hr>100</ns3:hr>
            <ns3:cad>92</ns3:cad>
          </ns3:TrackPointExtension>
        </extensions>
      </trkpt>
      <trkpt lat="22.58677155710756778717041015625" lon="113.8761691935360431671142578125">
        <ele>4.599999904632568359375</ele>
        <time>2026-09-14T22:23:34.000Z</time>
        <extensions>
          <ns3:TrackPointExtension>
            <ns3:hr>100</ns3:hr>
            <ns3:cad>92</ns3:cad>
          </ns3:TrackPointExtension>
        </extensions>
      </trkpt>
      <trkpt lat="22.58678211830556392669677734375" lon="113.8761852867901325225830078125">
        <ele>4.599999904632568359375</ele>
        <time>2026-09-14T22:23:35.000Z</time>
        <extensions>
          <ns3:TrackPointExtension>
            <ns3:hr>101</ns3:hr>
            <ns3:cad>92</ns3:cad>
          </ns3:TrackPointExtension>
        </extensions>
      </trkpt>
      <trkpt lat="22.58680391125380992889404296875" lon="113.87620867229998111724853515625">
        <ele>4.599999904632568359375</ele>
        <time>2026-09-14T22:23:36.000Z</time>
        <extensions>
          <ns3:TrackPointExtension>
            <ns3:hr>101</ns3:hr>
            <ns3:cad>93</ns3:cad>
          </ns3:TrackPointExtension>
        </extensions>
      </trkpt>
      <trkpt lat="22.58681732229888439178466796875" lon="113.87622342444956302642822265625">
        <ele>4.599999904632568359375</ele>
        <time>2026-09-14T22:23:37.000Z</time>
        <extensions>
          <ns3:TrackPointExtension>
            <ns3:hr>101</ns3:hr>
            <ns3:cad>93</ns3:cad>
          </ns3:TrackPointExtension>
        </extensions>
      </trkpt>
      <trkpt lat="22.58683593012392520904541015625" lon="113.87624639086425304412841796875">
        <ele>4.599999904632568359375</ele>
        <time>2026-09-14T22:23:38.000Z</time>
        <extensions>
          <ns3:TrackPointExtension>
            <ns3:hr>102</ns3:hr>
            <ns3:cad>93</ns3:cad>
          </ns3:TrackPointExtension>
        </extensions>
      </trkpt>
      <trkpt lat="22.58685319684445858001708984375" lon="113.87626533396542072296142578125">
        <ele>4.80000019073486328125</ele>
        <time>2026-09-14T22:23:39.000Z</time>
        <extensions>
          <ns3:TrackPointExtension>
            <ns3:hr>102</ns3:hr>
            <ns3:cad>93</ns3:cad>
          </ns3:TrackPointExtension>
        </extensions>
      </trkpt>
      <trkpt lat="22.58687297813594341278076171875" lon="113.8762857019901275634765625">
        <ele>4.80000019073486328125</ele>
        <time>2026-09-14T22:23:40.000Z</time>
        <extensions>
          <ns3:TrackPointExtension>
            <ns3:hr>102</ns3:hr>
            <ns3:cad>93</ns3:cad>
          </ns3:TrackPointExtension>
        </extensions>
      </trkpt>
      <trkpt lat="22.58689326234161853790283203125" lon="113.87629978358745574951171875">
        <ele>4.80000019073486328125</ele>
        <time>2026-09-14T22:23:41.000Z</time>
        <extensions>
          <ns3:TrackPointExtension>
            <ns3:hr>103</ns3:hr>
            <ns3:cad>92</ns3:cad>
          </ns3:TrackPointExtension>
        </extensions>
      </trkpt>
      <trkpt lat="22.58691220544278621673583984375" lon="113.8763214088976383209228515625">
        <ele>4.80000019073486328125</ele>
        <time>2026-09-14T22:23:42.000Z</time>
        <extensions>
          <ns3:TrackPointExtension>
            <ns3:hr>103</ns3:hr>
            <ns3:cad>92</ns3:cad>
          </ns3:TrackPointExtension>
        </extensions>
      </trkpt>
      <trkpt lat="22.5869315676391124725341796875" lon="113.87634160928428173065185546875">
        <ele>4.80000019073486328125</ele>
        <time>2026-09-14T22:23:43.000Z</time>
        <extensions>
          <ns3:TrackPointExtension>
            <ns3:hr>103</ns3:hr>
            <ns3:cad>92</ns3:cad>
          </ns3:TrackPointExtension>
        </extensions>
      </trkpt>
      <trkpt lat="22.58694321848452091217041015625" lon="113.8763616420328617095947265625">
        <ele>5</ele>
        <time>2026-09-14T22:23:44.000Z</time>
        <extensions>
          <ns3:TrackPointExtension>
            <ns3:hr>104</ns3:hr>
            <ns3:cad>92</ns3:cad>
          </ns3:TrackPointExtension>
        </extensions>
      </trkpt>
      <trkpt lat="22.58696191012859344482421875" lon="113.8763864524662494659423828125">
        <ele>5</ele>
        <time>2026-09-14T22:23:45.000Z</time>
        <extensions>
          <ns3:TrackPointExtension>
            <ns3:hr>104</ns3:hr>
            <ns3:cad>92</ns3:cad>
          </ns3:TrackPointExtension>
        </extensions>
      </trkpt>
      <trkpt lat="22.58697356097400188446044921875" lon="113.876409418880939483642578125">
        <ele>5</ele>
        <time>2026-09-14T22:23:46.000Z</time>
        <extensions>
          <ns3:TrackPointExtension>
            <ns3:hr>104</ns3:hr>
            <ns3:cad>91</ns3:cad>
          </ns3:TrackPointExtension>
        </extensions>
      </trkpt>
      <trkpt lat="22.5869935937225818634033203125" lon="113.876434229314327239990234375">
        <ele>5</ele>
        <time>2026-09-14T22:23:47.000Z</time>
        <extensions>
          <ns3:TrackPointExtension>
            <ns3:hr>105</ns3:hr>
            <ns3:cad>93</ns3:cad>
          </ns3:TrackPointExtension>
        </extensions>
      </trkpt>
      <trkpt lat="22.5870076753199100494384765625" lon="113.87645266950130462646484375">
        <ele>5</ele>
        <time>2026-09-14T22:23:48.000Z</time>
        <extensions>
          <ns3:TrackPointExtension>
            <ns3:hr>105</ns3:hr>
            <ns3:cad>93</ns3:cad>
          </ns3:TrackPointExtension>
        </extensions>
      </trkpt>
      <trkpt lat="22.5870284624397754669189453125" lon="113.8764769770205020904541015625">
        <ele>5</ele>
        <time>2026-09-14T22:23:49.000Z</time>
        <extensions>
          <ns3:TrackPointExtension>
            <ns3:hr>106</ns3:hr>
            <ns3:cad>93</ns3:cad>
          </ns3:TrackPointExtension>
        </extensions>
      </trkpt>
      <trkpt lat="22.58704505860805511474609375" lon="113.8764900527894496917724609375">
        <ele>5</ele>
        <time>2026-09-14T22:23:50.000Z</time>
        <extensions>
          <ns3:TrackPointExtension>
            <ns3:hr>106</ns3:hr>
            <ns3:cad>94</ns3:cad>
          </ns3:TrackPointExtension>
        </extensions>
      </trkpt>
      <trkpt lat="22.58706458844244480133056640625" lon="113.8765165396034717559814453125">
        <ele>5</ele>
        <time>2026-09-14T22:23:51.000Z</time>
        <extensions>
          <ns3:TrackPointExtension>
            <ns3:hr>106</ns3:hr>
            <ns3:cad>93</ns3:cad>
          </ns3:TrackPointExtension>
        </extensions>
      </trkpt>
      <trkpt lat="22.58708889596164226531982421875" lon="113.876531124114990234375">
        <ele>5</ele>
        <time>2026-09-14T22:23:52.000Z</time>
        <extensions>
          <ns3:TrackPointExtension>
            <ns3:hr>107</ns3:hr>
            <ns3:cad>92</ns3:cad>
          </ns3:TrackPointExtension>
        </extensions>
      </trkpt>
      <trkpt lat="22.587110102176666259765625" lon="113.87655450962483882904052734375">
        <ele>4.80000019073486328125</ele>
        <time>2026-09-14T22:23:53.000Z</time>
        <extensions>
          <ns3:TrackPointExtension>
            <ns3:hr>107</ns3:hr>
            <ns3:cad>92</ns3:cad>
          </ns3:TrackPointExtension>
        </extensions>
      </trkpt>
      <trkpt lat="22.58712762035429477691650390625" lon="113.87657471001148223876953125">
        <ele>5</ele>
        <time>2026-09-14T22:23:54.000Z</time>
        <extensions>
          <ns3:TrackPointExtension>
            <ns3:hr>108</ns3:hr>
            <ns3:cad>92</ns3:cad>
          </ns3:TrackPointExtension>
        </extensions>
      </trkpt>
      <trkpt lat="22.58714689873158931732177734375" lon="113.87659708969295024871826171875">
        <ele>5</ele>
        <time>2026-09-14T22:23:55.000Z</time>
        <extensions>
          <ns3:TrackPointExtension>
            <ns3:hr>108</ns3:hr>
            <ns3:cad>92</ns3:cad>
          </ns3:TrackPointExtension>
        </extensions>
      </trkpt>
      <trkpt lat="22.58716969750821590423583984375" lon="113.87661737389862537384033203125">
        <ele>5</ele>
        <time>2026-09-14T22:23:56.000Z</time>
        <extensions>
          <ns3:TrackPointExtension>
            <ns3:hr>108</ns3:hr>
            <ns3:cad>94</ns3:cad>
          </ns3:TrackPointExtension>
        </extensions>
      </trkpt>
      <trkpt lat="22.5871811807155609130859375" lon="113.87663631699979305267333984375">
        <ele>5</ele>
        <time>2026-09-14T22:23:57.000Z</time>
        <extensions>
          <ns3:TrackPointExtension>
            <ns3:hr>109</ns3:hr>
            <ns3:cad>94</ns3:cad>
          </ns3:TrackPointExtension>
        </extensions>
      </trkpt>
      <trkpt lat="22.58719936944544315338134765625" lon="113.87666464783251285552978515625">
        <ele>5</ele>
        <time>2026-09-14T22:23:58.000Z</time>
        <extensions>
          <ns3:TrackPointExtension>
            <ns3:hr>109</ns3:hr>
            <ns3:cad>92</ns3:cad>
          </ns3:TrackPointExtension>
        </extensions>
      </trkpt>
      <trkpt lat="22.58721076883375644683837890625" lon="113.87668543495237827301025390625">
        <ele>5</ele>
        <time>2026-09-14T22:23:59.000Z</time>
        <extensions>
          <ns3:TrackPointExtension>
            <ns3:hr>109</ns3:hr>
            <ns3:cad>92</ns3:cad>
          </ns3:TrackPointExtension>
        </extensions>
      </trkpt>
      <trkpt lat="22.58723013103008270263671875" lon="113.876713849604129791259765625">
        <ele>5</ele>
        <time>2026-09-14T22:24:00.000Z</time>
        <extensions>
          <ns3:TrackPointExtension>
            <ns3:hr>109</ns3:hr>
            <ns3:cad>92</ns3:cad>
          </ns3:TrackPointExtension>
        </extensions>
      </trkpt>
      <trkpt lat="22.587243877351284027099609375" lon="113.8767311163246631622314453125">
        <ele>5</ele>
        <time>2026-09-14T22:24:01.000Z</time>
        <extensions>
          <ns3:TrackPointExtension>
            <ns3:hr>110</ns3:hr>
            <ns3:cad>93</ns3:cad>
          </ns3:TrackPointExtension>
        </extensions>
      </trkpt>
      <trkpt lat="22.587261982262134552001953125" lon="113.87676439248025417327880859375">
        <ele>5</ele>
        <time>2026-09-14T22:24:02.000Z</time>
        <extensions>
          <ns3:TrackPointExtension>
            <ns3:hr>110</ns3:hr>
            <ns3:cad>93</ns3:cad>
          </ns3:TrackPointExtension>
        </extensions>
      </trkpt>
      <trkpt lat="22.58728000335395336151123046875" lon="113.8767837546765804290771484375">
        <ele>5</ele>
        <time>2026-09-14T22:24:03.000Z</time>
        <extensions>
          <ns3:TrackPointExtension>
            <ns3:hr>111</ns3:hr>
            <ns3:cad>93</ns3:cad>
          </ns3:TrackPointExtension>
        </extensions>
      </trkpt>
      <trkpt lat="22.58730397559702396392822265625" lon="113.87680864892899990081787109375">
        <ele>5.19999980926513671875</ele>
        <time>2026-09-14T22:24:04.000Z</time>
        <extensions>
          <ns3:TrackPointExtension>
            <ns3:hr>111</ns3:hr>
            <ns3:cad>92</ns3:cad>
          </ns3:TrackPointExtension>
        </extensions>
      </trkpt>
      <trkpt lat="22.58732375688850879669189453125" lon="113.8768266700208187103271484375">
        <ele>5.19999980926513671875</ele>
        <time>2026-09-14T22:24:05.000Z</time>
        <extensions>
          <ns3:TrackPointExtension>
            <ns3:hr>111</ns3:hr>
            <ns3:cad>92</ns3:cad>
          </ns3:TrackPointExtension>
        </extensions>
      </trkpt>
      <trkpt lat="22.5873375870287418365478515625" lon="113.8768511451780796051025390625">
        <ele>5.19999980926513671875</ele>
        <time>2026-09-14T22:24:06.000Z</time>
        <extensions>
          <ns3:TrackPointExtension>
            <ns3:hr>112</ns3:hr>
            <ns3:cad>93</ns3:cad>
          </ns3:TrackPointExtension>
        </extensions>
      </trkpt>
      <trkpt lat="22.58735351264476776123046875" lon="113.8768776319921016693115234375">
        <ele>5.19999980926513671875</ele>
        <time>2026-09-14T22:24:07.000Z</time>
        <extensions>
          <ns3:TrackPointExtension>
            <ns3:hr>112</ns3:hr>
            <ns3:cad>93</ns3:cad>
          </ns3:TrackPointExtension>
        </extensions>
      </trkpt>
      <trkpt lat="22.587365247309207916259765625" lon="113.8769027777016162872314453125">
        <ele>5.19999980926513671875</ele>
        <time>2026-09-14T22:24:08.000Z</time>
        <extensions>
          <ns3:TrackPointExtension>
            <ns3:hr>113</ns3:hr>
            <ns3:cad>93</ns3:cad>
          </ns3:TrackPointExtension>
        </extensions>
      </trkpt>
      <trkpt lat="22.587386034429073333740234375" lon="113.8769269175827503204345703125">
        <ele>5.19999980926513671875</ele>
        <time>2026-09-14T22:24:09.000Z</time>
        <extensions>
          <ns3:TrackPointExtension>
            <ns3:hr>113</ns3:hr>
            <ns3:cad>93</ns3:cad>
          </ns3:TrackPointExtension>
        </extensions>
      </trkpt>
      <trkpt lat="22.587399780750274658203125" lon="113.87694217264652252197265625">
        <ele>5.19999980926513671875</ele>
        <time>2026-09-14T22:24:10.000Z</time>
        <extensions>
          <ns3:TrackPointExtension>
            <ns3:hr>114</ns3:hr>
            <ns3:cad>94</ns3:cad>
          </ns3:TrackPointExtension>
        </extensions>
      </trkpt>
      <trkpt lat="22.5874214060604572296142578125" lon="113.87696471996605396270751953125">
        <ele>5.19999980926513671875</ele>
        <time>2026-09-14T22:24:11.000Z</time>
        <extensions>
          <ns3:TrackPointExtension>
            <ns3:hr>114</ns3:hr>
            <ns3:cad>93</ns3:cad>
          </ns3:TrackPointExtension>
        </extensions>
      </trkpt>
      <trkpt lat="22.58743506856262683868408203125" lon="113.87698098085820674896240234375">
        <ele>5.19999980926513671875</ele>
        <time>2026-09-14T22:24:12.000Z</time>
        <extensions>
          <ns3:TrackPointExtension>
            <ns3:hr>114</ns3:hr>
            <ns3:cad>93</ns3:cad>
          </ns3:TrackPointExtension>
        </extensions>
      </trkpt>
      <trkpt lat="22.58745769970118999481201171875" lon="113.8770098984241485595703125">
        <ele>5.19999980926513671875</ele>
        <time>2026-09-14T22:24:13.000Z</time>
        <extensions>
          <ns3:TrackPointExtension>
            <ns3:hr>115</ns3:hr>
            <ns3:cad>93</ns3:cad>
          </ns3:TrackPointExtension>
        </extensions>
      </trkpt>
      <trkpt lat="22.5874790735542774200439453125" lon="113.87702724896371364593505859375">
        <ele>5.19999980926513671875</ele>
        <time>2026-09-14T22:24:14.000Z</time>
        <extensions>
          <ns3:TrackPointExtension>
            <ns3:hr>115</ns3:hr>
            <ns3:cad>93</ns3:cad>
          </ns3:TrackPointExtension>
        </extensions>
      </trkpt>
      <trkpt lat="22.58749558590352535247802734375" lon="113.87704786844551563262939453125">
        <ele>5.19999980926513671875</ele>
        <time>2026-09-14T22:24:15.000Z</time>
        <extensions>
          <ns3:TrackPointExtension>
            <ns3:hr>115</ns3:hr>
            <ns3:cad>93</ns3:cad>
          </ns3:TrackPointExtension>
        </extensions>
      </trkpt>
      <trkpt lat="22.5875122658908367156982421875" lon="113.877066560089588165283203125">
        <ele>5.400000095367431640625</ele>
        <time>2026-09-14T22:24:16.000Z</time>
        <extensions>
          <ns3:TrackPointExtension>
            <ns3:hr>116</ns3:hr>
            <ns3:cad>92</ns3:cad>
          </ns3:TrackPointExtension>
        </extensions>
      </trkpt>
      <trkpt lat="22.587529532611370086669921875" lon="113.87709078378975391387939453125">
        <ele>5.400000095367431640625</ele>
        <time>2026-09-14T22:24:17.000Z</time>
        <extensions>
          <ns3:TrackPointExtension>
            <ns3:hr>116</ns3:hr>
            <ns3:cad>92</ns3:cad>
          </ns3:TrackPointExtension>
        </extensions>
      </trkpt>
      <trkpt lat="22.58754688315093517303466796875" lon="113.87710670940577983856201171875">
        <ele>5.400000095367431640625</ele>
        <time>2026-09-14T22:24:18.000Z</time>
        <extensions>
          <ns3:TrackPointExtension>
            <ns3:hr>116</ns3:hr>
            <ns3:cad>92</ns3:cad>
          </ns3:TrackPointExtension>
        </extensions>
      </trkpt>
      <trkpt lat="22.587565071880817413330078125" lon="113.8771304301917552947998046875">
        <ele>5.400000095367431640625</ele>
        <time>2026-09-14T22:24:19.000Z</time>
        <extensions>
          <ns3:TrackPointExtension>
            <ns3:hr>116</ns3:hr>
            <ns3:cad>92</ns3:cad>
          </ns3:TrackPointExtension>
        </extensions>
      </trkpt>
      <trkpt lat="22.58758493699133396148681640625" lon="113.877155072987079620361328125">
        <ele>5.400000095367431640625</ele>
        <time>2026-09-14T22:24:20.000Z</time>
        <extensions>
          <ns3:TrackPointExtension>
            <ns3:hr>117</ns3:hr>
            <ns3:cad>93</ns3:cad>
          </ns3:TrackPointExtension>
        </extensions>
      </trkpt>
      <trkpt lat="22.5875987671315670013427734375" lon="113.8771790452301502227783203125">
        <ele>5.400000095367431640625</ele>
        <time>2026-09-14T22:24:21.000Z</time>
        <extensions>
          <ns3:TrackPointExtension>
            <ns3:hr>117</ns3:hr>
            <ns3:cad>92</ns3:cad>
          </ns3:TrackPointExtension>
        </extensions>
      </trkpt>
      <trkpt lat="22.58762198500335216522216796875" lon="113.877204693853855133056640625">
        <ele>5.400000095367431640625</ele>
        <time>2026-09-14T22:24:22.000Z</time>
        <extensions>
          <ns3:TrackPointExtension>
            <ns3:hr>117</ns3:hr>
            <ns3:cad>92</ns3:cad>
          </ns3:TrackPointExtension>
        </extensions>
      </trkpt>
      <trkpt lat="22.58763908408582210540771484375" lon="113.8772253133356571197509765625">
        <ele>5.400000095367431640625</ele>
        <time>2026-09-14T22:24:23.000Z</time>
        <extensions>
          <ns3:TrackPointExtension>
            <ns3:hr>118</ns3:hr>
            <ns3:cad>92</ns3:cad>
          </ns3:TrackPointExtension>
        </extensions>
      </trkpt>
      <trkpt lat="22.5876581110060214996337890625" lon="113.8772501237690448760986328125">
        <ele>5.400000095367431640625</ele>
        <time>2026-09-14T22:24:24.000Z</time>
        <extensions>
          <ns3:TrackPointExtension>
            <ns3:hr>118</ns3:hr>
            <ns3:cad>93</ns3:cad>
          </ns3:TrackPointExtension>
        </extensions>
      </trkpt>
      <trkpt lat="22.5876765511929988861083984375" lon="113.87727334164083003997802734375">
        <ele>5.400000095367431640625</ele>
        <time>2026-09-14T22:24:25.000Z</time>
        <extensions>
          <ns3:TrackPointExtension>
            <ns3:hr>119</ns3:hr>
            <ns3:cad>94</ns3:cad>
          </ns3:TrackPointExtension>
        </extensions>
      </trkpt>
      <trkpt lat="22.58769457228481769561767578125" lon="113.87729915790259838104248046875">
        <ele>5.599999904632568359375</ele>
        <time>2026-09-14T22:24:26.000Z</time>
        <extensions>
          <ns3:TrackPointExtension>
            <ns3:hr>119</ns3:hr>
            <ns3:cad>94</ns3:cad>
          </ns3:TrackPointExtension>
        </extensions>
      </trkpt>
      <trkpt lat="22.587712593376636505126953125" lon="113.87731826864182949066162109375">
        <ele>5.599999904632568359375</ele>
        <time>2026-09-14T22:24:27.000Z</time>
        <extensions>
          <ns3:TrackPointExtension>
            <ns3:hr>120</ns3:hr>
            <ns3:cad>94</ns3:cad>
          </ns3:TrackPointExtension>
        </extensions>
      </trkpt>
      <trkpt lat="22.58772994391620159149169921875" lon="113.8773424923419952392578125">
        <ele>5.599999904632568359375</ele>
        <time>2026-09-14T22:24:28.000Z</time>
        <extensions>
          <ns3:TrackPointExtension>
            <ns3:hr>120</ns3:hr>
            <ns3:cad>94</ns3:cad>
          </ns3:TrackPointExtension>
        </extensions>
      </trkpt>
      <trkpt lat="22.58774938993155956268310546875" lon="113.87736721895635128021240234375">
        <ele>5.599999904632568359375</ele>
        <time>2026-09-14T22:24:29.000Z</time>
        <extensions>
          <ns3:TrackPointExtension>
            <ns3:hr>121</ns3:hr>
            <ns3:cad>93</ns3:cad>
          </ns3:TrackPointExtension>
        </extensions>
      </trkpt>
      <trkpt lat="22.587766237556934356689453125" lon="113.87738515622913837432861328125">
        <ele>5.599999904632568359375</ele>
        <time>2026-09-14T22:24:30.000Z</time>
        <extensions>
          <ns3:TrackPointExtension>
            <ns3:hr>121</ns3:hr>
            <ns3:cad>93</ns3:cad>
          </ns3:TrackPointExtension>
        </extensions>
      </trkpt>
      <trkpt lat="22.58778761141002178192138671875" lon="113.8774080388247966766357421875">
        <ele>5.599999904632568359375</ele>
        <time>2026-09-14T22:24:31.000Z</time>
        <extensions>
          <ns3:TrackPointExtension>
            <ns3:hr>122</ns3:hr>
            <ns3:cad>94</ns3:cad>
          </ns3:TrackPointExtension>
        </extensions>
      </trkpt>
      <trkpt lat="22.587805129587650299072265625" lon="113.87742706574499607086181640625">
        <ele>5.599999904632568359375</ele>
        <time>2026-09-14T22:24:32.000Z</time>
        <extensions>
          <ns3:TrackPointExtension>
            <ns3:hr>122</ns3:hr>
            <ns3:cad>94</ns3:cad>
          </ns3:TrackPointExtension>
        </extensions>
      </trkpt>
      <trkpt lat="22.58781795389950275421142578125" lon="113.87745673768222332000732421875">
        <ele>5.599999904632568359375</ele>
        <time>2026-09-14T22:24:33.000Z</time>
        <extensions>
          <ns3:TrackPointExtension>
            <ns3:hr>122</ns3:hr>
            <ns3:cad>94</ns3:cad>
          </ns3:TrackPointExtension>
        </extensions>
      </trkpt>
      <trkpt lat="22.58783270604908466339111328125" lon="113.87747920118272304534912109375">
        <ele>5.599999904632568359375</ele>
        <time>2026-09-14T22:24:34.000Z</time>
        <extensions>
          <ns3:TrackPointExtension>
            <ns3:hr>123</ns3:hr>
            <ns3:cad>94</ns3:cad>
          </ns3:TrackPointExtension>
        </extensions>
      </trkpt>
      <trkpt lat="22.58785349316895008087158203125" lon="113.87750275433063507080078125">
        <ele>5.599999904632568359375</ele>
        <time>2026-09-14T22:24:35.000Z</time>
        <extensions>
          <ns3:TrackPointExtension>
            <ns3:hr>123</ns3:hr>
            <ns3:cad>93</ns3:cad>
          </ns3:TrackPointExtension>
        </extensions>
      </trkpt>
      <trkpt lat="22.58788065053522586822509765625" lon="113.8775196857750415802001953125">
        <ele>5.599999904632568359375</ele>
        <time>2026-09-14T22:24:36.000Z</time>
        <extensions>
          <ns3:TrackPointExtension>
            <ns3:hr>123</ns3:hr>
            <ns3:cad>93</ns3:cad>
          </ns3:TrackPointExtension>
        </extensions>
      </trkpt>
      <trkpt lat="22.5878991745412349700927734375" lon="113.8775398023426532745361328125">
        <ele>5.599999904632568359375</ele>
        <time>2026-09-14T22:24:37.000Z</time>
        <extensions>
          <ns3:TrackPointExtension>
            <ns3:hr>123</ns3:hr>
            <ns3:cad>93</ns3:cad>
          </ns3:TrackPointExtension>
        </extensions>
      </trkpt>
      <trkpt lat="22.58792373351752758026123046875" lon="113.87756570242345333099365234375">
        <ele>5.599999904632568359375</ele>
        <time>2026-09-14T22:24:38.000Z</time>
        <extensions>
          <ns3:TrackPointExtension>
            <ns3:hr>122</ns3:hr>
            <ns3:cad>93</ns3:cad>
          </ns3:TrackPointExtension>
        </extensions>
      </trkpt>
      <trkpt lat="22.58794133551418781280517578125" lon="113.87758632190525531768798828125">
        <ele>5.599999904632568359375</ele>
        <time>2026-09-14T22:24:39.000Z</time>
        <extensions>
          <ns3:TrackPointExtension>
            <ns3:hr>123</ns3:hr>
            <ns3:cad>94</ns3:cad>
          </ns3:TrackPointExtension>
        </extensions>
      </trkpt>
      <trkpt lat="22.58796212263405323028564453125" lon="113.8776122219860553741455078125">
        <ele>5.599999904632568359375</ele>
        <time>2026-09-14T22:24:40.000Z</time>
        <extensions>
          <ns3:TrackPointExtension>
            <ns3:hr>123</ns3:hr>
            <ns3:cad>93</ns3:cad>
          </ns3:TrackPointExtension>
        </extensions>
      </trkpt>
      <trkpt lat="22.58797905407845973968505859375" lon="113.877633512020111083984375">
        <ele>5.80000019073486328125</ele>
        <time>2026-09-14T22:24:41.000Z</time>
        <extensions>
          <ns3:TrackPointExtension>
            <ns3:hr>123</ns3:hr>
            <ns3:cad>92</ns3:cad>
          </ns3:TrackPointExtension>
        </extensions>
      </trkpt>
      <trkpt lat="22.58800403214991092681884765625" lon="113.87766100466251373291015625">
        <ele>5.80000019073486328125</ele>
        <time>2026-09-14T22:24:42.000Z</time>
        <extensions>
          <ns3:TrackPointExtension>
            <ns3:hr>122</ns3:hr>
            <ns3:cad>92</ns3:cad>
          </ns3:TrackPointExtension>
        </extensions>
      </trkpt>
      <trkpt lat="22.58802649565041065216064453125" lon="113.87768137268722057342529296875">
        <ele>5.80000019073486328125</ele>
        <time>2026-09-14T22:24:43.000Z</time>
        <extensions>
          <ns3:TrackPointExtension>
            <ns3:hr>123</ns3:hr>
            <ns3:cad>93</ns3:cad>
          </ns3:TrackPointExtension>
        </extensions>
      </trkpt>
      <trkpt lat="22.58804409764707088470458984375" lon="113.87770752422511577606201171875">
        <ele>5.80000019073486328125</ele>
        <time>2026-09-14T22:24:44.000Z</time>
        <extensions>
          <ns3:TrackPointExtension>
            <ns3:hr>123</ns3:hr>
            <ns3:cad>93</ns3:cad>
          </ns3:TrackPointExtension>
        </extensions>
      </trkpt>
      <trkpt lat="22.5880609452724456787109375" lon="113.8777299039065837860107421875">
        <ele>5.80000019073486328125</ele>
        <time>2026-09-14T22:24:45.000Z</time>
        <extensions>
          <ns3:TrackPointExtension>
            <ns3:hr>123</ns3:hr>
            <ns3:cad>93</ns3:cad>
          </ns3:TrackPointExtension>
        </extensions>
      </trkpt>
      <trkpt lat="22.58807695470750331878662109375" lon="113.8777587376534938812255859375">
        <ele>5.80000019073486328125</ele>
        <time>2026-09-14T22:24:46.000Z</time>
        <extensions>
          <ns3:TrackPointExtension>
            <ns3:hr>124</ns3:hr>
            <ns3:cad>93</ns3:cad>
          </ns3:TrackPointExtension>
        </extensions>
      </trkpt>
      <trkpt lat="22.5880939699709415435791015625" lon="113.87778145261108875274658203125">
        <ele>5.80000019073486328125</ele>
        <time>2026-09-14T22:24:47.000Z</time>
        <extensions>
          <ns3:TrackPointExtension>
            <ns3:hr>124</ns3:hr>
            <ns3:cad>93</ns3:cad>
          </ns3:TrackPointExtension>
        </extensions>
      </trkpt>
      <trkpt lat="22.58811098523437976837158203125" lon="113.87780106626451015472412109375">
        <ele>6</ele>
        <time>2026-09-14T22:24:48.000Z</time>
        <extensions>
          <ns3:TrackPointExtension>
            <ns3:hr>124</ns3:hr>
            <ns3:cad>92</ns3:cad>
          </ns3:TrackPointExtension>
        </extensions>
      </trkpt>
      <trkpt lat="22.58813177235424518585205078125" lon="113.87782453559339046478271484375">
        <ele>6</ele>
        <time>2026-09-14T22:24:49.000Z</time>
        <extensions>
          <ns3:TrackPointExtension>
            <ns3:hr>124</ns3:hr>
            <ns3:cad>93</ns3:cad>
          </ns3:TrackPointExtension>
        </extensions>
      </trkpt>
      <trkpt lat="22.588144429028034210205078125" lon="113.8778489269316196441650390625">
        <ele>6</ele>
        <time>2026-09-14T22:24:50.000Z</time>
        <extensions>
          <ns3:TrackPointExtension>
            <ns3:hr>124</ns3:hr>
            <ns3:cad>93</ns3:cad>
          </ns3:TrackPointExtension>
        </extensions>
      </trkpt>
      <trkpt lat="22.5881663896143436431884765625" lon="113.8778722286224365234375">
        <ele>6</ele>
        <time>2026-09-14T22:24:51.000Z</time>
        <extensions>
          <ns3:TrackPointExtension>
            <ns3:hr>124</ns3:hr>
            <ns3:cad>93</ns3:cad>
          </ns3:TrackPointExtension>
        </extensions>
      </trkpt>
      <trkpt lat="22.588183991611003875732421875" lon="113.87789175845682621002197265625">
        <ele>6</ele>
        <time>2026-09-14T22:24:52.000Z</time>
        <extensions>
          <ns3:TrackPointExtension>
            <ns3:hr>125</ns3:hr>
            <ns3:cad>93</ns3:cad>
          </ns3:TrackPointExtension>
        </extensions>
      </trkpt>
      <trkpt lat="22.5882056169211864471435546875" lon="113.87791019864380359649658203125">
        <ele>5.80000019073486328125</ele>
        <time>2026-09-14T22:24:53.000Z</time>
        <extensions>
          <ns3:TrackPointExtension>
            <ns3:hr>125</ns3:hr>
            <ns3:cad>92</ns3:cad>
          </ns3:TrackPointExtension>
        </extensions>
      </trkpt>
      <trkpt lat="22.5882191956043243408203125" lon="113.87792813591659069061279296875">
        <ele>5.80000019073486328125</ele>
        <time>2026-09-14T22:24:54.000Z</time>
        <extensions>
          <ns3:TrackPointExtension>
            <ns3:hr>125</ns3:hr>
            <ns3:cad>92</ns3:cad>
          </ns3:TrackPointExtension>
        </extensions>
      </trkpt>
      <trkpt lat="22.58823730051517486572265625" lon="113.87794707901775836944580078125">
        <ele>5.80000019073486328125</ele>
        <time>2026-09-14T22:24:55.000Z</time>
        <extensions>
          <ns3:TrackPointExtension>
            <ns3:hr>125</ns3:hr>
            <ns3:cad>93</ns3:cad>
          </ns3:TrackPointExtension>
        </extensions>
      </trkpt>
      <trkpt lat="22.588253729045391082763671875" lon="113.877964429557323455810546875">
        <ele>5.80000019073486328125</ele>
        <time>2026-09-14T22:24:56.000Z</time>
        <extensions>
          <ns3:TrackPointExtension>
            <ns3:hr>125</ns3:hr>
            <ns3:cad>93</ns3:cad>
          </ns3:TrackPointExtension>
        </extensions>
      </trkpt>
      <trkpt lat="22.5882713310420513153076171875" lon="113.87798630632460117340087890625">
        <ele>6</ele>
        <time>2026-09-14T22:24:57.000Z</time>
        <extensions>
          <ns3:TrackPointExtension>
            <ns3:hr>126</ns3:hr>
            <ns3:cad>93</ns3:cad>
          </ns3:TrackPointExtension>
        </extensions>
      </trkpt>
      <trkpt lat="22.58828465826809406280517578125" lon="113.87800273485481739044189453125">
        <ele>6</ele>
        <time>2026-09-14T22:24:58.000Z</time>
        <extensions>
          <ns3:TrackPointExtension>
            <ns3:hr>126</ns3:hr>
            <ns3:cad>93</ns3:cad>
          </ns3:TrackPointExtension>
        </extensions>
      </trkpt>
      <trkpt lat="22.58830611594021320343017578125" lon="113.87802871875464916229248046875">
        <ele>6.19999980926513671875</ele>
        <time>2026-09-14T22:24:59.000Z</time>
        <extensions>
          <ns3:TrackPointExtension>
            <ns3:hr>126</ns3:hr>
            <ns3:cad>92</ns3:cad>
          </ns3:TrackPointExtension>
        </extensions>
      </trkpt>
      <trkpt lat="22.58832438848912715911865234375" lon="113.87804313562810420989990234375">
        <ele>6.19999980926513671875</ele>
        <time>2026-09-14T22:25:00.000Z</time>
        <extensions>
          <ns3:TrackPointExtension>
            <ns3:hr>126</ns3:hr>
            <ns3:cad>92</ns3:cad>
          </ns3:TrackPointExtension>
        </extensions>
      </trkpt>
      <trkpt lat="22.58834324777126312255859375" lon="113.87806191109120845794677734375">
        <ele>6.19999980926513671875</ele>
        <time>2026-09-14T22:25:01.000Z</time>
        <extensions>
          <ns3:TrackPointExtension>
            <ns3:hr>126</ns3:hr>
            <ns3:cad>92</ns3:cad>
          </ns3:TrackPointExtension>
        </extensions>
      </trkpt>
      <trkpt lat="22.58836126886308193206787109375" lon="113.87807750143110752105712890625">
        <ele>6.19999980926513671875</ele>
        <time>2026-09-14T22:25:02.000Z</time>
        <extensions>
          <ns3:TrackPointExtension>
            <ns3:hr>126</ns3:hr>
            <ns3:cad>92</ns3:cad>
          </ns3:TrackPointExtension>
        </extensions>
      </trkpt>
      <trkpt lat="22.58838079869747161865234375" lon="113.87809795327484607696533203125">
        <ele>6.19999980926513671875</ele>
        <time>2026-09-14T22:25:03.000Z</time>
        <extensions>
          <ns3:TrackPointExtension>
            <ns3:hr>126</ns3:hr>
            <ns3:cad>92</ns3:cad>
          </ns3:TrackPointExtension>
        </extensions>
      </trkpt>
      <trkpt lat="22.58839446119964122772216796875" lon="113.87811488471925258636474609375">
        <ele>6.19999980926513671875</ele>
        <time>2026-09-14T22:25:04.000Z</time>
        <extensions>
          <ns3:TrackPointExtension>
            <ns3:hr>126</ns3:hr>
            <ns3:cad>92</ns3:cad>
          </ns3:TrackPointExtension>
        </extensions>
      </trkpt>
      <trkpt lat="22.5884084589779376983642578125" lon="113.87813466601073741912841796875">
        <ele>6.19999980926513671875</ele>
        <time>2026-09-14T22:25:05.000Z</time>
        <extensions>
          <ns3:TrackPointExtension>
            <ns3:hr>125</ns3:hr>
            <ns3:cad>92</ns3:cad>
          </ns3:TrackPointExtension>
        </extensions>
      </trkpt>
      <trkpt lat="22.58842430077493190765380859375" lon="113.878152854740619659423828125">
        <ele>6.19999980926513671875</ele>
        <time>2026-09-14T22:25:06.000Z</time>
        <extensions>
          <ns3:TrackPointExtension>
            <ns3:hr>126</ns3:hr>
            <ns3:cad>92</ns3:cad>
          </ns3:TrackPointExtension>
        </extensions>
      </trkpt>
      <trkpt lat="22.58843653835356235504150390625" lon="113.87817624025046825408935546875">
        <ele>6.19999980926513671875</ele>
        <time>2026-09-14T22:25:07.000Z</time>
        <extensions>
          <ns3:TrackPointExtension>
            <ns3:hr>126</ns3:hr>
            <ns3:cad>92</ns3:cad>
          </ns3:TrackPointExtension>
        </extensions>
      </trkpt>
      <trkpt lat="22.588450871407985687255859375" lon="113.87819937430322170257568359375">
        <ele>6.19999980926513671875</ele>
        <time>2026-09-14T22:25:08.000Z</time>
        <extensions>
          <ns3:TrackPointExtension>
            <ns3:hr>125</ns3:hr>
            <ns3:cad>92</ns3:cad>
          </ns3:TrackPointExtension>
        </extensions>
      </trkpt>
      <trkpt lat="22.58847207762300968170166015625" lon="113.87822284363210201263427734375">
        <ele>6.19999980926513671875</ele>
        <time>2026-09-14T22:25:09.000Z</time>
        <extensions>
          <ns3:TrackPointExtension>
            <ns3:hr>125</ns3:hr>
            <ns3:cad>92</ns3:cad>
          </ns3:TrackPointExtension>
        </extensions>
      </trkpt>
      <trkpt lat="22.58848850615322589874267578125" lon="113.8782445527613162994384765625">
        <ele>6.400000095367431640625</ele>
        <time>2026-09-14T22:25:10.000Z</time>
        <extensions>
          <ns3:TrackPointExtension>
            <ns3:hr>125</ns3:hr>
            <ns3:cad>92</ns3:cad>
          </ns3:TrackPointExtension>
        </extensions>
      </trkpt>
      <trkpt lat="22.58850074373185634613037109375" lon="113.878268189728260040283203125">
        <ele>6.400000095367431640625</ele>
        <time>2026-09-14T22:25:11.000Z</time>
        <extensions>
          <ns3:TrackPointExtension>
            <ns3:hr>126</ns3:hr>
            <ns3:cad>91</ns3:cad>
          </ns3:TrackPointExtension>
        </extensions>
      </trkpt>
      <trkpt lat="22.5885196030139923095703125" lon="113.87829241342842578887939453125">
        <ele>6.400000095367431640625</ele>
        <time>2026-09-14T22:25:12.000Z</time>
        <extensions>
          <ns3:TrackPointExtension>
            <ns3:hr>125</ns3:hr>
            <ns3:cad>91</ns3:cad>
          </ns3:TrackPointExtension>
        </extensions>
      </trkpt>
      <trkpt lat="22.5885341875255107879638671875" lon="113.8783102668821811676025390625">
        <ele>6.19999980926513671875</ele>
        <time>2026-09-14T22:25:13.000Z</time>
        <extensions>
          <ns3:TrackPointExtension>
            <ns3:hr>125</ns3:hr>
            <ns3:cad>91</ns3:cad>
          </ns3:TrackPointExtension>
        </extensions>
      </trkpt>
      <trkpt lat="22.58855137042701244354248046875" lon="113.87833298183977603912353515625">
        <ele>6.19999980926513671875</ele>
        <time>2026-09-14T22:25:14.000Z</time>
        <extensions>
          <ns3:TrackPointExtension>
            <ns3:hr>125</ns3:hr>
            <ns3:cad>91</ns3:cad>
          </ns3:TrackPointExtension>
        </extensions>
      </trkpt>
      <trkpt lat="22.588569559156894683837890625" lon="113.87834991328418254852294921875">
        <ele>6.19999980926513671875</ele>
        <time>2026-09-14T22:25:15.000Z</time>
        <extensions>
          <ns3:TrackPointExtension>
            <ns3:hr>125</ns3:hr>
            <ns3:cad>91</ns3:cad>
          </ns3:TrackPointExtension>
        </extensions>
      </trkpt>
      <trkpt lat="22.5885871611535549163818359375" lon="113.8783697783946990966796875">
        <ele>6.19999980926513671875</ele>
        <time>2026-09-14T22:25:16.000Z</time>
        <extensions>
          <ns3:TrackPointExtension>
            <ns3:hr>125</ns3:hr>
            <ns3:cad>92</ns3:cad>
          </ns3:TrackPointExtension>
        </extensions>
      </trkpt>
      <trkpt lat="22.5886059366166591644287109375" lon="113.87838377617299556732177734375">
        <ele>6.19999980926513671875</ele>
        <time>2026-09-14T22:25:17.000Z</time>
        <extensions>
          <ns3:TrackPointExtension>
            <ns3:hr>125</ns3:hr>
            <ns3:cad>92</ns3:cad>
          </ns3:TrackPointExtension>
        </extensions>
      </trkpt>
      <trkpt lat="22.58862110786139965057373046875" lon="113.87840707786381244659423828125">
        <ele>6.19999980926513671875</ele>
        <time>2026-09-14T22:25:18.000Z</time>
        <extensions>
          <ns3:TrackPointExtension>
            <ns3:hr>125</ns3:hr>
            <ns3:cad>92</ns3:cad>
          </ns3:TrackPointExtension>
        </extensions>
      </trkpt>
      <trkpt lat="22.5886397995054721832275390625" lon="113.87842216528952121734619140625">
        <ele>6.19999980926513671875</ele>
        <time>2026-09-14T22:25:19.000Z</time>
        <extensions>
          <ns3:TrackPointExtension>
            <ns3:hr>124</ns3:hr>
            <ns3:cad>94</ns3:cad>
          </ns3:TrackPointExtension>
        </extensions>
      </trkpt>
      <trkpt lat="22.58865438401699066162109375" lon="113.878439851105213165283203125">
        <ele>6.19999980926513671875</ele>
        <time>2026-09-14T22:25:20.000Z</time>
        <extensions>
          <ns3:TrackPointExtension>
            <ns3:hr>125</ns3:hr>
            <ns3:cad>94</ns3:cad>
          </ns3:TrackPointExtension>
        </extensions>
      </trkpt>
      <trkpt lat="22.5886698067188262939453125" lon="113.87845803983509540557861328125">
        <ele>6.19999980926513671875</ele>
        <time>2026-09-14T22:25:21.000Z</time>
        <extensions>
          <ns3:TrackPointExtension>
            <ns3:hr>125</ns3:hr>
            <ns3:cad>93</ns3:cad>
          </ns3:TrackPointExtension>
        </extensions>
      </trkpt>
      <trkpt lat="22.5886887498199939727783203125" lon="113.87847815640270709991455078125">
        <ele>6.19999980926513671875</ele>
        <time>2026-09-14T22:25:22.000Z</time>
        <extensions>
          <ns3:TrackPointExtension>
            <ns3:hr>124</ns3:hr>
            <ns3:cad>93</ns3:cad>
          </ns3:TrackPointExtension>
        </extensions>
      </trkpt>
      <trkpt lat="22.588707692921161651611328125" lon="113.878500200808048248291015625">
        <ele>6.19999980926513671875</ele>
        <time>2026-09-14T22:25:23.000Z</time>
        <extensions>
          <ns3:TrackPointExtension>
            <ns3:hr>125</ns3:hr>
            <ns3:cad>92</ns3:cad>
          </ns3:TrackPointExtension>
        </extensions>
      </trkpt>
      <trkpt lat="22.58872370235621929168701171875" lon="113.8785199820995330810546875">
        <ele>6.19999980926513671875</ele>
        <time>2026-09-14T22:25:24.000Z</time>
        <extensions>
          <ns3:TrackPointExtension>
            <ns3:hr>125</ns3:hr>
            <ns3:cad>92</ns3:cad>
          </ns3:TrackPointExtension>
        </extensions>
      </trkpt>
      <trkpt lat="22.5887447409331798553466796875" lon="113.87854135595262050628662109375">
        <ele>6.19999980926513671875</ele>
        <time>2026-09-14T22:25:25.000Z</time>
        <extensions>
          <ns3:TrackPointExtension>
            <ns3:hr>124</ns3:hr>
            <ns3:cad>92</ns3:cad>
          </ns3:TrackPointExtension>
        </extensions>
      </trkpt>
      <trkpt lat="22.58875974453985691070556640625" lon="113.87856499291956424713134765625">
        <ele>6.19999980926513671875</ele>
        <time>2026-09-14T22:25:26.000Z</time>
        <extensions>
          <ns3:TrackPointExtension>
            <ns3:hr>125</ns3:hr>
            <ns3:cad>93</ns3:cad>
          </ns3:TrackPointExtension>
        </extensions>
      </trkpt>
      <trkpt lat="22.5887772627174854278564453125" lon="113.87858770787715911865234375">
        <ele>6.19999980926513671875</ele>
        <time>2026-09-14T22:25:27.000Z</time>
        <extensions>
          <ns3:TrackPointExtension>
            <ns3:hr>125</ns3:hr>
            <ns3:cad>93</ns3:cad>
          </ns3:TrackPointExtension>
        </extensions>
      </trkpt>
      <trkpt lat="22.588794529438018798828125" lon="113.87860841117799282073974609375">
        <ele>6.19999980926513671875</ele>
        <time>2026-09-14T22:25:28.000Z</time>
        <extensions>
          <ns3:TrackPointExtension>
            <ns3:hr>124</ns3:hr>
            <ns3:cad>93</ns3:cad>
          </ns3:TrackPointExtension>
        </extensions>
      </trkpt>
      <trkpt lat="22.58881372399628162384033203125" lon="113.878631629049777984619140625">
        <ele>6.19999980926513671875</ele>
        <time>2026-09-14T22:25:29.000Z</time>
        <extensions>
          <ns3:TrackPointExtension>
            <ns3:hr>125</ns3:hr>
            <ns3:cad>93</ns3:cad>
          </ns3:TrackPointExtension>
        </extensions>
      </trkpt>
      <trkpt lat="22.588829062879085540771484375" lon="113.8786492310464382171630859375">
        <ele>6.19999980926513671875</ele>
        <time>2026-09-14T22:25:30.000Z</time>
        <extensions>
          <ns3:TrackPointExtension>
            <ns3:hr>125</ns3:hr>
            <ns3:cad>93</ns3:cad>
          </ns3:TrackPointExtension>
        </extensions>
      </trkpt>
      <trkpt lat="22.58884440176188945770263671875" lon="113.878675214946269989013671875">
        <ele>6.19999980926513671875</ele>
        <time>2026-09-14T22:25:31.000Z</time>
        <extensions>
          <ns3:TrackPointExtension>
            <ns3:hr>124</ns3:hr>
            <ns3:cad>93</ns3:cad>
          </ns3:TrackPointExtension>
        </extensions>
      </trkpt>
      <trkpt lat="22.58886049501597881317138671875" lon="113.8786921463906764984130859375">
        <ele>6.19999980926513671875</ele>
        <time>2026-09-14T22:25:32.000Z</time>
        <extensions>
          <ns3:TrackPointExtension>
            <ns3:hr>125</ns3:hr>
            <ns3:cad>93</ns3:cad>
          </ns3:TrackPointExtension>
        </extensions>
      </trkpt>
      <trkpt lat="22.5888763368129730224609375" lon="113.87871083803474903106689453125">
        <ele>6.19999980926513671875</ele>
        <time>2026-09-14T22:25:33.000Z</time>
        <extensions>
          <ns3:TrackPointExtension>
            <ns3:hr>125</ns3:hr>
            <ns3:cad>93</ns3:cad>
          </ns3:TrackPointExtension>
        </extensions>
      </trkpt>
      <trkpt lat="22.5888939388096332550048828125" lon="113.87872944585978984832763671875">
        <ele>6.19999980926513671875</ele>
        <time>2026-09-14T22:25:34.000Z</time>
        <extensions>
          <ns3:TrackPointExtension>
            <ns3:hr>125</ns3:hr>
            <ns3:cad>93</ns3:cad>
          </ns3:TrackPointExtension>
        </extensions>
      </trkpt>
      <trkpt lat="22.58890860714018344879150390625" lon="113.87875132262706756591796875">
        <ele>6.19999980926513671875</ele>
        <time>2026-09-14T22:25:35.000Z</time>
        <extensions>
          <ns3:TrackPointExtension>
            <ns3:hr>125</ns3:hr>
            <ns3:cad>93</ns3:cad>
          </ns3:TrackPointExtension>
        </extensions>
      </trkpt>
      <trkpt lat="22.58892620913684368133544921875" lon="113.87877755798399448394775390625">
        <ele>6.19999980926513671875</ele>
        <time>2026-09-14T22:25:36.000Z</time>
        <extensions>
          <ns3:TrackPointExtension>
            <ns3:hr>125</ns3:hr>
            <ns3:cad>93</ns3:cad>
          </ns3:TrackPointExtension>
        </extensions>
      </trkpt>
      <trkpt lat="22.58894138038158416748046875" lon="113.878797255456447601318359375">
        <ele>6.19999980926513671875</ele>
        <time>2026-09-14T22:25:37.000Z</time>
        <extensions>
          <ns3:TrackPointExtension>
            <ns3:hr>124</ns3:hr>
            <ns3:cad>93</ns3:cad>
          </ns3:TrackPointExtension>
        </extensions>
      </trkpt>
      <trkpt lat="22.588963173329830169677734375" lon="113.878818713128566741943359375">
        <ele>6.19999980926513671875</ele>
        <time>2026-09-14T22:25:38.000Z</time>
        <extensions>
          <ns3:TrackPointExtension>
            <ns3:hr>125</ns3:hr>
            <ns3:cad>93</ns3:cad>
          </ns3:TrackPointExtension>
        </extensions>
      </trkpt>
      <trkpt lat="22.58898027241230010986328125" lon="113.87883505783975124359130859375">
        <ele>6.19999980926513671875</ele>
        <time>2026-09-14T22:25:39.000Z</time>
        <extensions>
          <ns3:TrackPointExtension>
            <ns3:hr>125</ns3:hr>
            <ns3:cad>93</ns3:cad>
          </ns3:TrackPointExtension>
        </extensions>
      </trkpt>
      <trkpt lat="22.58899896405637264251708984375" lon="113.87885936535894870758056640625">
        <ele>6.19999980926513671875</ele>
        <time>2026-09-14T22:25:40.000Z</time>
        <extensions>
          <ns3:TrackPointExtension>
            <ns3:hr>125</ns3:hr>
            <ns3:cad>92</ns3:cad>
          </ns3:TrackPointExtension>
        </extensions>
      </trkpt>
      <trkpt lat="22.589019834995269775390625" lon="113.87887470424175262451171875">
        <ele>6.19999980926513671875</ele>
        <time>2026-09-14T22:25:41.000Z</time>
        <extensions>
          <ns3:TrackPointExtension>
            <ns3:hr>124</ns3:hr>
            <ns3:cad>92</ns3:cad>
          </ns3:TrackPointExtension>
        </extensions>
      </trkpt>
      <trkpt lat="22.58904053829610347747802734375" lon="113.87889289297163486480712890625">
        <ele>6.19999980926513671875</ele>
        <time>2026-09-14T22:25:42.000Z</time>
        <extensions>
          <ns3:TrackPointExtension>
            <ns3:hr>125</ns3:hr>
            <ns3:cad>92</ns3:cad>
          </ns3:TrackPointExtension>
        </extensions>
      </trkpt>
      <trkpt lat="22.58906207978725433349609375" lon="113.87890982441604137420654296875">
        <ele>6.19999980926513671875</ele>
        <time>2026-09-14T22:25:43.000Z</time>
        <extensions>
          <ns3:TrackPointExtension>
            <ns3:hr>125</ns3:hr>
            <ns3:cad>92</ns3:cad>
          </ns3:TrackPointExtension>
        </extensions>
      </trkpt>
      <trkpt lat="22.5890753231942653656005859375" lon="113.87893681414425373077392578125">
        <ele>6.19999980926513671875</ele>
        <time>2026-09-14T22:25:44.000Z</time>
        <extensions>
          <ns3:TrackPointExtension>
            <ns3:hr>124</ns3:hr>
            <ns3:cad>94</ns3:cad>
          </ns3:TrackPointExtension>
        </extensions>
      </trkpt>
      <trkpt lat="22.58909384720027446746826171875" lon="113.87895626015961170196533203125">
        <ele>6.19999980926513671875</ele>
        <time>2026-09-14T22:25:45.000Z</time>
        <extensions>
          <ns3:TrackPointExtension>
            <ns3:hr>125</ns3:hr>
            <ns3:cad>94</ns3:cad>
          </ns3:TrackPointExtension>
        </extensions>
      </trkpt>
      <trkpt lat="22.58910759352147579193115234375" lon="113.87898190878331661224365234375">
        <ele>6.19999980926513671875</ele>
        <time>2026-09-14T22:25:46.000Z</time>
        <extensions>
          <ns3:TrackPointExtension>
            <ns3:hr>125</ns3:hr>
            <ns3:cad>94</ns3:cad>
          </ns3:TrackPointExtension>
        </extensions>
      </trkpt>
      <trkpt lat="22.58912268094718456268310546875" lon="113.87900336645543575286865234375">
        <ele>6.19999980926513671875</ele>
        <time>2026-09-14T22:25:47.000Z</time>
        <extensions>
          <ns3:TrackPointExtension>
            <ns3:hr>124</ns3:hr>
            <ns3:cad>94</ns3:cad>
          </ns3:TrackPointExtension>
        </extensions>
      </trkpt>
      <trkpt lat="22.589137852191925048828125" lon="113.8790280930697917938232421875">
        <ele>6.19999980926513671875</ele>
        <time>2026-09-14T22:25:48.000Z</time>
        <extensions>
          <ns3:TrackPointExtension>
            <ns3:hr>124</ns3:hr>
            <ns3:cad>93</ns3:cad>
          </ns3:TrackPointExtension>
        </extensions>
      </trkpt>
      <trkpt lat="22.58915729820728302001953125" lon="113.87905449606478214263916015625">
        <ele>6.19999980926513671875</ele>
        <time>2026-09-14T22:25:49.000Z</time>
        <extensions>
          <ns3:TrackPointExtension>
            <ns3:hr>124</ns3:hr>
            <ns3:cad>92</ns3:cad>
          </ns3:TrackPointExtension>
        </extensions>
      </trkpt>
      <trkpt lat="22.58917347528040409088134765625" lon="113.8790736906230449676513671875">
        <ele>6.19999980926513671875</ele>
        <time>2026-09-14T22:25:50.000Z</time>
        <extensions>
          <ns3:TrackPointExtension>
            <ns3:hr>125</ns3:hr>
            <ns3:cad>94</ns3:cad>
          </ns3:TrackPointExtension>
        </extensions>
      </trkpt>
      <trkpt lat="22.5891956873238086700439453125" lon="113.8790966570377349853515625">
        <ele>6.19999980926513671875</ele>
        <time>2026-09-14T22:25:51.000Z</time>
        <extensions>
          <ns3:TrackPointExtension>
            <ns3:hr>124</ns3:hr>
            <ns3:cad>94</ns3:cad>
          </ns3:TrackPointExtension>
        </extensions>
      </trkpt>
      <trkpt lat="22.5892090983688831329345703125" lon="113.87911769561469554901123046875">
        <ele>6.19999980926513671875</ele>
        <time>2026-09-14T22:25:52.000Z</time>
        <extensions>
          <ns3:TrackPointExtension>
            <ns3:hr>124</ns3:hr>
            <ns3:cad>94</ns3:cad>
          </ns3:TrackPointExtension>
        </extensions>
      </trkpt>
      <trkpt lat="22.589226029813289642333984375" lon="113.87914015911519527435302734375">
        <ele>6.19999980926513671875</ele>
        <time>2026-09-14T22:25:53.000Z</time>
        <extensions>
          <ns3:TrackPointExtension>
            <ns3:hr>124</ns3:hr>
            <ns3:cad>94</ns3:cad>
          </ns3:TrackPointExtension>
        </extensions>
      </trkpt>
      <trkpt lat="22.5892409496009349822998046875" lon="113.87915608473122119903564453125">
        <ele>6.19999980926513671875</ele>
        <time>2026-09-14T22:25:54.000Z</time>
        <extensions>
          <ns3:TrackPointExtension>
            <ns3:hr>125</ns3:hr>
            <ns3:cad>93</ns3:cad>
          </ns3:TrackPointExtension>
        </extensions>
      </trkpt>
      <trkpt lat="22.589255534112453460693359375" lon="113.8791803084313869476318359375">
        <ele>6.19999980926513671875</ele>
        <time>2026-09-14T22:25:55.000Z</time>
        <extensions>
          <ns3:TrackPointExtension>
            <ns3:hr>124</ns3:hr>
            <ns3:cad>93</ns3:cad>
          </ns3:TrackPointExtension>
        </extensions>
      </trkpt>
      <trkpt lat="22.58926936425268650054931640625" lon="113.87920000590384006500244140625">
        <ele>6.19999980926513671875</ele>
        <time>2026-09-14T22:25:56.000Z</time>
        <extensions>
          <ns3:TrackPointExtension>
            <ns3:hr>124</ns3:hr>
            <ns3:cad>93</ns3:cad>
          </ns3:TrackPointExtension>
        </extensions>
      </trkpt>
      <trkpt lat="22.58928495459258556365966796875" lon="113.87922146357595920562744140625">
        <ele>6.19999980926513671875</ele>
        <time>2026-09-14T22:25:57.000Z</time>
        <extensions>
          <ns3:TrackPointExtension>
            <ns3:hr>124</ns3:hr>
            <ns3:cad>93</ns3:cad>
          </ns3:TrackPointExtension>
        </extensions>
      </trkpt>
      <trkpt lat="22.58930507116019725799560546875" lon="113.8792426697909832000732421875">
        <ele>6.19999980926513671875</ele>
        <time>2026-09-14T22:25:58.000Z</time>
        <extensions>
          <ns3:TrackPointExtension>
            <ns3:hr>124</ns3:hr>
            <ns3:cad>92</ns3:cad>
          </ns3:TrackPointExtension>
        </extensions>
      </trkpt>
      <trkpt lat="22.58932351134717464447021484375" lon="113.87926387600600719451904296875">
        <ele>6.19999980926513671875</ele>
        <time>2026-09-14T22:25:59.000Z</time>
        <extensions>
          <ns3:TrackPointExtension>
            <ns3:hr>125</ns3:hr>
            <ns3:cad>92</ns3:cad>
          </ns3:TrackPointExtension>
        </extensions>
      </trkpt>
      <trkpt lat="22.58934907615184783935546875" lon="113.8792812265455722808837890625">
        <ele>6.19999980926513671875</ele>
        <time>2026-09-14T22:26:00.000Z</time>
        <extensions>
          <ns3:TrackPointExtension>
            <ns3:hr>124</ns3:hr>
            <ns3:cad>92</ns3:cad>
          </ns3:TrackPointExtension>
        </extensions>
      </trkpt>
      <trkpt lat="22.5893633253872394561767578125" lon="113.87930251657962799072265625">
        <ele>6.19999980926513671875</ele>
        <time>2026-09-14T22:26:01.000Z</time>
        <extensions>
          <ns3:TrackPointExtension>
            <ns3:hr>124</ns3:hr>
            <ns3:cad>92</ns3:cad>
          </ns3:TrackPointExtension>
        </extensions>
      </trkpt>
      <trkpt lat="22.58938528597354888916015625" lon="113.87932690791785717010498046875">
        <ele>6.19999980926513671875</ele>
        <time>2026-09-14T22:26:02.000Z</time>
        <extensions>
          <ns3:TrackPointExtension>
            <ns3:hr>124</ns3:hr>
            <ns3:cad>92</ns3:cad>
          </ns3:TrackPointExtension>
        </extensions>
      </trkpt>
      <trkpt lat="22.5894069112837314605712890625" lon="113.87934652157127857208251953125">
        <ele>6.19999980926513671875</ele>
        <time>2026-09-14T22:26:03.000Z</time>
        <extensions>
          <ns3:TrackPointExtension>
            <ns3:hr>124</ns3:hr>
            <ns3:cad>92</ns3:cad>
          </ns3:TrackPointExtension>
        </extensions>
      </trkpt>
      <trkpt lat="22.589426524937152862548828125" lon="113.8793737627565860748291015625">
        <ele>6.19999980926513671875</ele>
        <time>2026-09-14T22:26:04.000Z</time>
        <extensions>
          <ns3:TrackPointExtension>
            <ns3:hr>124</ns3:hr>
            <ns3:cad>94</ns3:cad>
          </ns3:TrackPointExtension>
        </extensions>
      </trkpt>
      <trkpt lat="22.58944605477154254913330078125" lon="113.87939027510583400726318359375">
        <ele>6.19999980926513671875</ele>
        <time>2026-09-14T22:26:05.000Z</time>
        <extensions>
          <ns3:TrackPointExtension>
            <ns3:hr>124</ns3:hr>
            <ns3:cad>92</ns3:cad>
          </ns3:TrackPointExtension>
        </extensions>
      </trkpt>
      <trkpt lat="22.58946315385401248931884765625" lon="113.87942053377628326416015625">
        <ele>6.19999980926513671875</ele>
        <time>2026-09-14T22:26:06.000Z</time>
        <extensions>
          <ns3:TrackPointExtension>
            <ns3:hr>124</ns3:hr>
            <ns3:cad>92</ns3:cad>
          </ns3:TrackPointExtension>
        </extensions>
      </trkpt>
      <trkpt lat="22.5894810073077678680419921875" lon="113.87944291345775127410888671875">
        <ele>6.19999980926513671875</ele>
        <time>2026-09-14T22:26:07.000Z</time>
        <extensions>
          <ns3:TrackPointExtension>
            <ns3:hr>124</ns3:hr>
            <ns3:cad>92</ns3:cad>
          </ns3:TrackPointExtension>
        </extensions>
      </trkpt>
      <trkpt lat="22.58949081413447856903076171875" lon="113.8794649578630924224853515625">
        <ele>6.19999980926513671875</ele>
        <time>2026-09-14T22:26:08.000Z</time>
        <extensions>
          <ns3:TrackPointExtension>
            <ns3:hr>123</ns3:hr>
            <ns3:cad>92</ns3:cad>
          </ns3:TrackPointExtension>
        </extensions>
      </trkpt>
      <trkpt lat="22.58950531482696533203125" lon="113.87948800809681415557861328125">
        <ele>6.19999980926513671875</ele>
        <time>2026-09-14T22:26:09.000Z</time>
        <extensions>
          <ns3:TrackPointExtension>
            <ns3:hr>122</ns3:hr>
            <ns3:cad>93</ns3:cad>
          </ns3:TrackPointExtension>
        </extensions>
      </trkpt>
      <trkpt lat="22.58951528929173946380615234375" lon="113.87950611300766468048095703125">
        <ele>6.19999980926513671875</ele>
        <time>2026-09-14T22:26:10.000Z</time>
        <extensions>
          <ns3:TrackPointExtension>
            <ns3:hr>122</ns3:hr>
            <ns3:cad>93</ns3:cad>
          </ns3:TrackPointExtension>
        </extensions>
      </trkpt>
      <trkpt lat="22.589538507163524627685546875" lon="113.87953159399330615997314453125">
        <ele>6.19999980926513671875</ele>
        <time>2026-09-14T22:26:11.000Z</time>
        <extensions>
          <ns3:TrackPointExtension>
            <ns3:hr>121</ns3:hr>
            <ns3:cad>92</ns3:cad>
          </ns3:TrackPointExtension>
        </extensions>
      </trkpt>
      <trkpt lat="22.5895535945892333984375" lon="113.879548273980617523193359375">
        <ele>6.19999980926513671875</ele>
        <time>2026-09-14T22:26:12.000Z</time>
        <extensions>
          <ns3:TrackPointExtension>
            <ns3:hr>121</ns3:hr>
            <ns3:cad>92</ns3:cad>
          </ns3:TrackPointExtension>
        </extensions>
      </trkpt>
      <trkpt lat="22.5895725376904010772705078125" lon="113.87957065366208553314208984375">
        <ele>6.400000095367431640625</ele>
        <time>2026-09-14T22:26:13.000Z</time>
        <extensions>
          <ns3:TrackPointExtension>
            <ns3:hr>121</ns3:hr>
            <ns3:cad>92</ns3:cad>
          </ns3:TrackPointExtension>
        </extensions>
      </trkpt>
      <trkpt lat="22.58959240280091762542724609375" lon="113.87958557344973087310791015625">
        <ele>6.400000095367431640625</ele>
        <time>2026-09-14T22:26:14.000Z</time>
        <extensions>
          <ns3:TrackPointExtension>
            <ns3:hr>121</ns3:hr>
            <ns3:cad>92</ns3:cad>
          </ns3:TrackPointExtension>
        </extensions>
      </trkpt>
      <trkpt lat="22.58960916660726070404052734375" lon="113.87960669584572315216064453125">
        <ele>6.400000095367431640625</ele>
        <time>2026-09-14T22:26:15.000Z</time>
        <extensions>
          <ns3:TrackPointExtension>
            <ns3:hr>121</ns3:hr>
            <ns3:cad>93</ns3:cad>
          </ns3:TrackPointExtension>
        </extensions>
      </trkpt>
      <trkpt lat="22.5896318815648555755615234375" lon="113.87962580658495426177978515625">
        <ele>6.400000095367431640625</ele>
        <time>2026-09-14T22:26:16.000Z</time>
        <extensions>
          <ns3:TrackPointExtension>
            <ns3:hr>121</ns3:hr>
            <ns3:cad>93</ns3:cad>
          </ns3:TrackPointExtension>
        </extensions>
      </trkpt>
      <trkpt lat="22.5896486453711986541748046875" lon="113.8796527124941349029541015625">
        <ele>6.400000095367431640625</ele>
        <time>2026-09-14T22:26:17.000Z</time>
        <extensions>
          <ns3:TrackPointExtension>
            <ns3:hr>121</ns3:hr>
            <ns3:cad>93</ns3:cad>
          </ns3:TrackPointExtension>
        </extensions>
      </trkpt>
      <trkpt lat="22.58967018686234951019287109375" lon="113.8796746730804443359375">
        <ele>6.400000095367431640625</ele>
        <time>2026-09-14T22:26:18.000Z</time>
        <extensions>
          <ns3:TrackPointExtension>
            <ns3:hr>121</ns3:hr>
            <ns3:cad>93</ns3:cad>
          </ns3:TrackPointExtension>
        </extensions>
      </trkpt>
      <trkpt lat="22.58968745358288288116455078125" lon="113.87969504110515117645263671875">
        <ele>6.19999980926513671875</ele>
        <time>2026-09-14T22:26:19.000Z</time>
        <extensions>
          <ns3:TrackPointExtension>
            <ns3:hr>120</ns3:hr>
            <ns3:cad>93</ns3:cad>
          </ns3:TrackPointExtension>
        </extensions>
      </trkpt>
      <trkpt lat="22.58970715105533599853515625" lon="113.87971934862434864044189453125">
        <ele>6.19999980926513671875</ele>
        <time>2026-09-14T22:26:20.000Z</time>
        <extensions>
          <ns3:TrackPointExtension>
            <ns3:hr>121</ns3:hr>
            <ns3:cad>91</ns3:cad>
          </ns3:TrackPointExtension>
        </extensions>
      </trkpt>
      <trkpt lat="22.5897220708429813385009765625" lon="113.87973577715456485748291015625">
        <ele>6.19999980926513671875</ele>
        <time>2026-09-14T22:26:21.000Z</time>
        <extensions>
          <ns3:TrackPointExtension>
            <ns3:hr>121</ns3:hr>
            <ns3:cad>91</ns3:cad>
          </ns3:TrackPointExtension>
        </extensions>
      </trkpt>
      <trkpt lat="22.58974579162895679473876953125" lon="113.8797586597502231597900390625">
        <ele>6.19999980926513671875</ele>
        <time>2026-09-14T22:26:22.000Z</time>
        <extensions>
          <ns3:TrackPointExtension>
            <ns3:hr>120</ns3:hr>
            <ns3:cad>91</ns3:cad>
          </ns3:TrackPointExtension>
        </extensions>
      </trkpt>
      <trkpt lat="22.5897587835788726806640625" lon="113.87977835722267627716064453125">
        <ele>6.400000095367431640625</ele>
        <time>2026-09-14T22:26:23.000Z</time>
        <extensions>
          <ns3:TrackPointExtension>
            <ns3:hr>120</ns3:hr>
            <ns3:cad>92</ns3:cad>
          </ns3:TrackPointExtension>
        </extensions>
      </trkpt>
      <trkpt lat="22.58977730758488178253173828125" lon="113.87981079518795013427734375">
        <ele>6.400000095367431640625</ele>
        <time>2026-09-14T22:26:24.000Z</time>
        <extensions>
          <ns3:TrackPointExtension>
            <ns3:hr>120</ns3:hr>
            <ns3:cad>94</ns3:cad>
          </ns3:TrackPointExtension>
        </extensions>
      </trkpt>
      <trkpt lat="22.58979021571576595306396484375" lon="113.87982982210814952850341796875">
        <ele>6.400000095367431640625</ele>
        <time>2026-09-14T22:26:25.000Z</time>
        <extensions>
          <ns3:TrackPointExtension>
            <ns3:hr>120</ns3:hr>
            <ns3:cad>94</ns3:cad>
          </ns3:TrackPointExtension>
        </extensions>
      </trkpt>
      <trkpt lat="22.589806728065013885498046875" lon="113.87985513545572757720947265625">
        <ele>6.400000095367431640625</ele>
        <time>2026-09-14T22:26:26.000Z</time>
        <extensions>
          <ns3:TrackPointExtension>
            <ns3:hr>121</ns3:hr>
            <ns3:cad>94</ns3:cad>
          </ns3:TrackPointExtension>
        </extensions>
      </trkpt>
      <trkpt lat="22.58982709608972072601318359375" lon="113.8798706419765949249267578125">
        <ele>6.400000095367431640625</ele>
        <time>2026-09-14T22:26:27.000Z</time>
        <extensions>
          <ns3:TrackPointExtension>
            <ns3:hr>121</ns3:hr>
            <ns3:cad>93</ns3:cad>
          </ns3:TrackPointExtension>
        </extensions>
      </trkpt>
      <trkpt lat="22.58984662592411041259765625" lon="113.87989235110580921173095703125">
        <ele>6.599999904632568359375</ele>
        <time>2026-09-14T22:26:28.000Z</time>
        <extensions>
          <ns3:TrackPointExtension>
            <ns3:hr>121</ns3:hr>
            <ns3:cad>93</ns3:cad>
          </ns3:TrackPointExtension>
        </extensions>
      </trkpt>
      <trkpt lat="22.58986883796751499176025390625" lon="113.87991095893085002899169921875">
        <ele>6.599999904632568359375</ele>
        <time>2026-09-14T22:26:29.000Z</time>
        <extensions>
          <ns3:TrackPointExtension>
            <ns3:hr>121</ns3:hr>
            <ns3:cad>93</ns3:cad>
          </ns3:TrackPointExtension>
        </extensions>
      </trkpt>
      <trkpt lat="22.58988359011709690093994140625" lon="113.879934847354888916015625">
        <ele>6.599999904632568359375</ele>
        <time>2026-09-14T22:26:30.000Z</time>
        <extensions>
          <ns3:TrackPointExtension>
            <ns3:hr>121</ns3:hr>
            <ns3:cad>94</ns3:cad>
          </ns3:TrackPointExtension>
        </extensions>
      </trkpt>
      <trkpt lat="22.589904628694057464599609375" lon="113.87996057979762554168701171875">
        <ele>6.599999904632568359375</ele>
        <time>2026-09-14T22:26:31.000Z</time>
        <extensions>
          <ns3:TrackPointExtension>
            <ns3:hr>122</ns3:hr>
            <ns3:cad>93</ns3:cad>
          </ns3:TrackPointExtension>
        </extensions>
      </trkpt>
      <trkpt lat="22.58991745300590991973876953125" lon="113.879983462393283843994140625">
        <ele>6.599999904632568359375</ele>
        <time>2026-09-14T22:26:32.000Z</time>
        <extensions>
          <ns3:TrackPointExtension>
            <ns3:hr>122</ns3:hr>
            <ns3:cad>92</ns3:cad>
          </ns3:TrackPointExtension>
        </extensions>
      </trkpt>
      <trkpt lat="22.5899400003254413604736328125" lon="113.8800141401588916778564453125">
        <ele>6.599999904632568359375</ele>
        <time>2026-09-14T22:26:33.000Z</time>
        <extensions>
          <ns3:TrackPointExtension>
            <ns3:hr>122</ns3:hr>
            <ns3:cad>92</ns3:cad>
          </ns3:TrackPointExtension>
        </extensions>
      </trkpt>
      <trkpt lat="22.58995651267468929290771484375" lon="113.8800315745174884796142578125">
        <ele>6.599999904632568359375</ele>
        <time>2026-09-14T22:26:34.000Z</time>
        <extensions>
          <ns3:TrackPointExtension>
            <ns3:hr>122</ns3:hr>
            <ns3:cad>92</ns3:cad>
          </ns3:TrackPointExtension>
        </extensions>
      </trkpt>
      <trkpt lat="22.58998014964163303375244140625" lon="113.88005982153117656707763671875">
        <ele>6.599999904632568359375</ele>
        <time>2026-09-14T22:26:35.000Z</time>
        <extensions>
          <ns3:TrackPointExtension>
            <ns3:hr>122</ns3:hr>
            <ns3:cad>93</ns3:cad>
          </ns3:TrackPointExtension>
        </extensions>
      </trkpt>
      <trkpt lat="22.5900001823902130126953125" lon="113.8800805248320102691650390625">
        <ele>6.599999904632568359375</ele>
        <time>2026-09-14T22:26:36.000Z</time>
        <extensions>
          <ns3:TrackPointExtension>
            <ns3:hr>123</ns3:hr>
            <ns3:cad>92</ns3:cad>
          </ns3:TrackPointExtension>
        </extensions>
      </trkpt>
      <trkpt lat="22.59002189151942729949951171875" lon="113.88010340742766857147216796875">
        <ele>6.80000019073486328125</ele>
        <time>2026-09-14T22:26:37.000Z</time>
        <extensions>
          <ns3:TrackPointExtension>
            <ns3:hr>123</ns3:hr>
            <ns3:cad>92</ns3:cad>
          </ns3:TrackPointExtension>
        </extensions>
      </trkpt>
      <trkpt lat="22.59004686959087848663330078125" lon="113.88012268580496311187744140625">
        <ele>6.80000019073486328125</ele>
        <time>2026-09-14T22:26:38.000Z</time>
        <extensions>
          <ns3:TrackPointExtension>
            <ns3:hr>123</ns3:hr>
            <ns3:cad>92</ns3:cad>
          </ns3:TrackPointExtension>
        </extensions>
      </trkpt>
      <trkpt lat="22.59006396867334842681884765625" lon="113.88014481402933597564697265625">
        <ele>6.80000019073486328125</ele>
        <time>2026-09-14T22:26:39.000Z</time>
        <extensions>
          <ns3:TrackPointExtension>
            <ns3:hr>124</ns3:hr>
            <ns3:cad>92</ns3:cad>
          </ns3:TrackPointExtension>
        </extensions>
      </trkpt>
      <trkpt lat="22.59008324705064296722412109375" lon="113.88016794808208942413330078125">
        <ele>6.80000019073486328125</ele>
        <time>2026-09-14T22:26:40.000Z</time>
        <extensions>
          <ns3:TrackPointExtension>
            <ns3:hr>124</ns3:hr>
            <ns3:cad>93</ns3:cad>
          </ns3:TrackPointExtension>
        </extensions>
      </trkpt>
      <trkpt lat="22.5900985859334468841552734375" lon="113.8801901601254940032958984375">
        <ele>6.80000019073486328125</ele>
        <time>2026-09-14T22:26:41.000Z</time>
        <extensions>
          <ns3:TrackPointExtension>
            <ns3:hr>124</ns3:hr>
            <ns3:cad>93</ns3:cad>
          </ns3:TrackPointExtension>
        </extensions>
      </trkpt>
      <trkpt lat="22.590116523206233978271484375" lon="113.88021321035921573638916015625">
        <ele>6.599999904632568359375</ele>
        <time>2026-09-14T22:26:42.000Z</time>
        <extensions>
          <ns3:TrackPointExtension>
            <ns3:hr>124</ns3:hr>
            <ns3:cad>93</ns3:cad>
          </ns3:TrackPointExtension>
        </extensions>
      </trkpt>
      <trkpt lat="22.59013487957417964935302734375" lon="113.8802327401936054229736328125">
        <ele>6.599999904632568359375</ele>
        <time>2026-09-14T22:26:43.000Z</time>
        <extensions>
          <ns3:TrackPointExtension>
            <ns3:hr>125</ns3:hr>
            <ns3:cad>93</ns3:cad>
          </ns3:TrackPointExtension>
        </extensions>
      </trkpt>
      <trkpt lat="22.5901582650840282440185546875" lon="113.88025746680796146392822265625">
        <ele>6.599999904632568359375</ele>
        <time>2026-09-14T22:26:44.000Z</time>
        <extensions>
          <ns3:TrackPointExtension>
            <ns3:hr>125</ns3:hr>
            <ns3:cad>93</ns3:cad>
          </ns3:TrackPointExtension>
        </extensions>
      </trkpt>
      <trkpt lat="22.59017846547067165374755859375" lon="113.8802766613662242889404296875">
        <ele>6.80000019073486328125</ele>
        <time>2026-09-14T22:26:45.000Z</time>
        <extensions>
          <ns3:TrackPointExtension>
            <ns3:hr>126</ns3:hr>
            <ns3:cad>92</ns3:cad>
          </ns3:TrackPointExtension>
        </extensions>
      </trkpt>
      <trkpt lat="22.59019874967634677886962890625" lon="113.88030272908508777618408203125">
        <ele>6.80000019073486328125</ele>
        <time>2026-09-14T22:26:46.000Z</time>
        <extensions>
          <ns3:TrackPointExtension>
            <ns3:hr>127</ns3:hr>
            <ns3:cad>92</ns3:cad>
          </ns3:TrackPointExtension>
        </extensions>
      </trkpt>
      <trkpt lat="22.59022138081490993499755859375" lon="113.8803184032440185546875">
        <ele>6.80000019073486328125</ele>
        <time>2026-09-14T22:26:47.000Z</time>
        <extensions>
          <ns3:TrackPointExtension>
            <ns3:hr>127</ns3:hr>
            <ns3:cad>92</ns3:cad>
          </ns3:TrackPointExtension>
        </extensions>
      </trkpt>
      <trkpt lat="22.5902353785932064056396484375" lon="113.88034187257289886474609375">
        <ele>6.80000019073486328125</ele>
        <time>2026-09-14T22:26:48.000Z</time>
        <extensions>
          <ns3:TrackPointExtension>
            <ns3:hr>128</ns3:hr>
            <ns3:cad>92</ns3:cad>
          </ns3:TrackPointExtension>
        </extensions>
      </trkpt>
      <trkpt lat="22.5902523100376129150390625" lon="113.88036592863500118255615234375">
        <ele>6.80000019073486328125</ele>
        <time>2026-09-14T22:26:49.000Z</time>
        <extensions>
          <ns3:TrackPointExtension>
            <ns3:hr>128</ns3:hr>
            <ns3:cad>94</ns3:cad>
          </ns3:TrackPointExtension>
        </extensions>
      </trkpt>
      <trkpt lat="22.59025943465530872344970703125" lon="113.88038721866905689239501953125">
        <ele>7</ele>
        <time>2026-09-14T22:26:50.000Z</time>
        <extensions>
          <ns3:TrackPointExtension>
            <ns3:hr>128</ns3:hr>
            <ns3:cad>94</ns3:cad>
          </ns3:TrackPointExtension>
        </extensions>
      </trkpt>
      <trkpt lat="22.59027779102325439453125" lon="113.88040800578892230987548828125">
        <ele>6.80000019073486328125</ele>
        <time>2026-09-14T22:26:51.000Z</time>
        <extensions>
          <ns3:TrackPointExtension>
            <ns3:hr>128</ns3:hr>
            <ns3:cad>94</ns3:cad>
          </ns3:TrackPointExtension>
        </extensions>
      </trkpt>
      <trkpt lat="22.59029212407767772674560546875" lon="113.88042460195720195770263671875">
        <ele>6.80000019073486328125</ele>
        <time>2026-09-14T22:26:52.000Z</time>
        <extensions>
          <ns3:TrackPointExtension>
            <ns3:hr>128</ns3:hr>
            <ns3:cad>93</ns3:cad>
          </ns3:TrackPointExtension>
        </extensions>
      </trkpt>
      <trkpt lat="22.5903155095875263214111328125" lon="113.8804375939071178436279296875">
        <ele>6.80000019073486328125</ele>
        <time>2026-09-14T22:26:53.000Z</time>
        <extensions>
          <ns3:TrackPointExtension>
            <ns3:hr>129</ns3:hr>
            <ns3:cad>93</ns3:cad>
          </ns3:TrackPointExtension>
        </extensions>
      </trkpt>
      <trkpt lat="22.5903373025357723236083984375" lon="113.88043751008808612823486328125">
        <ele>6.80000019073486328125</ele>
        <time>2026-09-14T22:26:54.000Z</time>
        <extensions>
          <ns3:TrackPointExtension>
            <ns3:hr>129</ns3:hr>
            <ns3:cad>94</ns3:cad>
          </ns3:TrackPointExtension>
        </extensions>
      </trkpt>
      <trkpt lat="22.59036571718752384185791015625" lon="113.88044706545770168304443359375">
        <ele>6.80000019073486328125</ele>
        <time>2026-09-14T22:26:55.000Z</time>
        <extensions>
          <ns3:TrackPointExtension>
            <ns3:hr>129</ns3:hr>
            <ns3:cad>93</ns3:cad>
          </ns3:TrackPointExtension>
        </extensions>
      </trkpt>
      <trkpt lat="22.5903906114399433135986328125" lon="113.8804458081722259521484375">
        <ele>6.80000019073486328125</ele>
        <time>2026-09-14T22:26:56.000Z</time>
        <extensions>
          <ns3:TrackPointExtension>
            <ns3:hr>129</ns3:hr>
            <ns3:cad>93</ns3:cad>
          </ns3:TrackPointExtension>
        </extensions>
      </trkpt>
      <trkpt lat="22.59041600860655307769775390625" lon="113.8804469816386699676513671875">
        <ele>7</ele>
        <time>2026-09-14T22:26:57.000Z</time>
        <extensions>
          <ns3:TrackPointExtension>
            <ns3:hr>129</ns3:hr>
            <ns3:cad>93</ns3:cad>
          </ns3:TrackPointExtension>
        </extensions>
      </trkpt>
      <trkpt lat="22.59043729864060878753662109375" lon="113.880444802343845367431640625">
        <ele>7</ele>
        <time>2026-09-14T22:26:58.000Z</time>
        <extensions>
          <ns3:TrackPointExtension>
            <ns3:hr>129</ns3:hr>
            <ns3:cad>93</ns3:cad>
          </ns3:TrackPointExtension>
        </extensions>
      </trkpt>
      <trkpt lat="22.590462528169155120849609375" lon="113.88043868355453014373779296875">
        <ele>7</ele>
        <time>2026-09-14T22:26:59.000Z</time>
        <extensions>
          <ns3:TrackPointExtension>
            <ns3:hr>129</ns3:hr>
            <ns3:cad>93</ns3:cad>
          </ns3:TrackPointExtension>
        </extensions>
      </trkpt>
      <trkpt lat="22.59048289619386196136474609375" lon="113.88042678125202655792236328125">
        <ele>7</ele>
        <time>2026-09-14T22:27:00.000Z</time>
        <extensions>
          <ns3:TrackPointExtension>
            <ns3:hr>128</ns3:hr>
            <ns3:cad>93</ns3:cad>
          </ns3:TrackPointExtension>
        </extensions>
      </trkpt>
      <trkpt lat="22.5905032642185688018798828125" lon="113.88040850870311260223388671875">
        <ele>7</ele>
        <time>2026-09-14T22:27:01.000Z</time>
        <extensions>
          <ns3:TrackPointExtension>
            <ns3:hr>129</ns3:hr>
            <ns3:cad>93</ns3:cad>
          </ns3:TrackPointExtension>
        </extensions>
      </trkpt>
      <trkpt lat="22.59052522480487823486328125" lon="113.88038487173616886138916015625">
        <ele>6.80000019073486328125</ele>
        <time>2026-09-14T22:27:02.000Z</time>
        <extensions>
          <ns3:TrackPointExtension>
            <ns3:hr>129</ns3:hr>
            <ns3:cad>92</ns3:cad>
          </ns3:TrackPointExtension>
        </extensions>
      </trkpt>
      <trkpt lat="22.59054089896380901336669921875" lon="113.88036777265369892120361328125">
        <ele>6.80000019073486328125</ele>
        <time>2026-09-14T22:27:03.000Z</time>
        <extensions>
          <ns3:TrackPointExtension>
            <ns3:hr>128</ns3:hr>
            <ns3:cad>92</ns3:cad>
          </ns3:TrackPointExtension>
        </extensions>
      </trkpt>
      <trkpt lat="22.5905652903020381927490234375" lon="113.88034463860094547271728515625">
        <ele>6.80000019073486328125</ele>
        <time>2026-09-14T22:27:04.000Z</time>
        <extensions>
          <ns3:TrackPointExtension>
            <ns3:hr>128</ns3:hr>
            <ns3:cad>91</ns3:cad>
          </ns3:TrackPointExtension>
        </extensions>
      </trkpt>
      <trkpt lat="22.59058079682290554046630859375" lon="113.88033424504101276397705078125">
        <ele>7</ele>
        <time>2026-09-14T22:27:05.000Z</time>
        <extensions>
          <ns3:TrackPointExtension>
            <ns3:hr>128</ns3:hr>
            <ns3:cad>92</ns3:cad>
          </ns3:TrackPointExtension>
        </extensions>
      </trkpt>
      <trkpt lat="22.590602673590183258056640625" lon="113.88031815178692340850830078125">
        <ele>6.80000019073486328125</ele>
        <time>2026-09-14T22:27:06.000Z</time>
        <extensions>
          <ns3:TrackPointExtension>
            <ns3:hr>128</ns3:hr>
            <ns3:cad>94</ns3:cad>
          </ns3:TrackPointExtension>
        </extensions>
      </trkpt>
      <trkpt lat="22.590620107948780059814453125" lon="113.88030926696956157684326171875">
        <ele>7</ele>
        <time>2026-09-14T22:27:07.000Z</time>
        <extensions>
          <ns3:TrackPointExtension>
            <ns3:hr>129</ns3:hr>
            <ns3:cad>94</ns3:cad>
          </ns3:TrackPointExtension>
        </extensions>
      </trkpt>
      <trkpt lat="22.59064458310604095458984375" lon="113.8802880607545375823974609375">
        <ele>7</ele>
        <time>2026-09-14T22:27:08.000Z</time>
        <extensions>
          <ns3:TrackPointExtension>
            <ns3:hr>128</ns3:hr>
            <ns3:cad>94</ns3:cad>
          </ns3:TrackPointExtension>
        </extensions>
      </trkpt>
      <trkpt lat="22.59066210128366947174072265625" lon="113.8802729733288288116455078125">
        <ele>7</ele>
        <time>2026-09-14T22:27:09.000Z</time>
        <extensions>
          <ns3:TrackPointExtension>
            <ns3:hr>128</ns3:hr>
            <ns3:cad>94</ns3:cad>
          </ns3:TrackPointExtension>
        </extensions>
      </trkpt>
      <trkpt lat="22.59067945182323455810546875" lon="113.8802417926490306854248046875">
        <ele>7</ele>
        <time>2026-09-14T22:27:10.000Z</time>
        <extensions>
          <ns3:TrackPointExtension>
            <ns3:hr>128</ns3:hr>
            <ns3:cad>93</ns3:cad>
          </ns3:TrackPointExtension>
        </extensions>
      </trkpt>
      <trkpt lat="22.59069780819118022918701171875" lon="113.88022092171013355255126953125">
        <ele>7</ele>
        <time>2026-09-14T22:27:11.000Z</time>
        <extensions>
          <ns3:TrackPointExtension>
            <ns3:hr>128</ns3:hr>
            <ns3:cad>93</ns3:cad>
          </ns3:TrackPointExtension>
        </extensions>
      </trkpt>
      <trkpt lat="22.5907201878726482391357421875" lon="113.88019963167607784271240234375">
        <ele>7</ele>
        <time>2026-09-14T22:27:12.000Z</time>
        <extensions>
          <ns3:TrackPointExtension>
            <ns3:hr>128</ns3:hr>
            <ns3:cad>93</ns3:cad>
          </ns3:TrackPointExtension>
        </extensions>
      </trkpt>
      <trkpt lat="22.59074382483959197998046875" lon="113.88017616234719753265380859375">
        <ele>7</ele>
        <time>2026-09-14T22:27:13.000Z</time>
        <extensions>
          <ns3:TrackPointExtension>
            <ns3:hr>127</ns3:hr>
            <ns3:cad>93</ns3:cad>
          </ns3:TrackPointExtension>
        </extensions>
      </trkpt>
      <trkpt lat="22.5907667912542819976806640625" lon="113.88015210628509521484375">
        <ele>7</ele>
        <time>2026-09-14T22:27:14.000Z</time>
        <extensions>
          <ns3:TrackPointExtension>
            <ns3:hr>128</ns3:hr>
            <ns3:cad>92</ns3:cad>
          </ns3:TrackPointExtension>
        </extensions>
      </trkpt>
      <trkpt lat="22.59079478681087493896484375" lon="113.88012285344302654266357421875">
        <ele>7</ele>
        <time>2026-09-14T22:27:15.000Z</time>
        <extensions>
          <ns3:TrackPointExtension>
            <ns3:hr>128</ns3:hr>
            <ns3:cad>92</ns3:cad>
          </ns3:TrackPointExtension>
        </extensions>
      </trkpt>
      <trkpt lat="22.590808868408203125" lon="113.8801026530563831329345703125">
        <ele>7</ele>
        <time>2026-09-14T22:27:16.000Z</time>
        <extensions>
          <ns3:TrackPointExtension>
            <ns3:hr>128</ns3:hr>
            <ns3:cad>93</ns3:cad>
          </ns3:TrackPointExtension>
        </extensions>
      </trkpt>
      <trkpt lat="22.59083409793674945831298828125" lon="113.88007088564336299896240234375">
        <ele>7</ele>
        <time>2026-09-14T22:27:17.000Z</time>
        <extensions>
          <ns3:TrackPointExtension>
            <ns3:hr>128</ns3:hr>
            <ns3:cad>93</ns3:cad>
          </ns3:TrackPointExtension>
        </extensions>
      </trkpt>
      <trkpt lat="22.59084901772439479827880859375" lon="113.8800490088760852813720703125">
        <ele>7</ele>
        <time>2026-09-14T22:27:18.000Z</time>
        <extensions>
          <ns3:TrackPointExtension>
            <ns3:hr>128</ns3:hr>
            <ns3:cad>93</ns3:cad>
          </ns3:TrackPointExtension>
        </extensions>
      </trkpt>
      <trkpt lat="22.5908707268536090850830078125" lon="113.88001774437725543975830078125">
        <ele>7</ele>
        <time>2026-09-14T22:27:19.000Z</time>
        <extensions>
          <ns3:TrackPointExtension>
            <ns3:hr>128</ns3:hr>
            <ns3:cad>93</ns3:cad>
          </ns3:TrackPointExtension>
        </extensions>
      </trkpt>
      <trkpt lat="22.5908888317644596099853515625" lon="113.879993855953216552734375">
        <ele>7</ele>
        <time>2026-09-14T22:27:20.000Z</time>
        <extensions>
          <ns3:TrackPointExtension>
            <ns3:hr>128</ns3:hr>
            <ns3:cad>93</ns3:cad>
          </ns3:TrackPointExtension>
        </extensions>
      </trkpt>
      <trkpt lat="22.59090743958950042724609375" lon="113.8799594901502132415771484375">
        <ele>7</ele>
        <time>2026-09-14T22:27:21.000Z</time>
        <extensions>
          <ns3:TrackPointExtension>
            <ns3:hr>128</ns3:hr>
            <ns3:cad>93</ns3:cad>
          </ns3:TrackPointExtension>
        </extensions>
      </trkpt>
      <trkpt lat="22.59092629887163639068603515625" lon="113.87993761338293552398681640625">
        <ele>7</ele>
        <time>2026-09-14T22:27:22.000Z</time>
        <extensions>
          <ns3:TrackPointExtension>
            <ns3:hr>128</ns3:hr>
            <ns3:cad>93</ns3:cad>
          </ns3:TrackPointExtension>
        </extensions>
      </trkpt>
      <trkpt lat="22.5909431464970111846923828125" lon="113.87991112656891345977783203125">
        <ele>7</ele>
        <time>2026-09-14T22:27:23.000Z</time>
        <extensions>
          <ns3:TrackPointExtension>
            <ns3:hr>129</ns3:hr>
            <ns3:cad>93</ns3:cad>
          </ns3:TrackPointExtension>
        </extensions>
      </trkpt>
      <trkpt lat="22.59096619673073291778564453125" lon="113.87988983653485774993896484375">
        <ele>7</ele>
        <time>2026-09-14T22:27:24.000Z</time>
        <extensions>
          <ns3:TrackPointExtension>
            <ns3:hr>129</ns3:hr>
            <ns3:cad>93</ns3:cad>
          </ns3:TrackPointExtension>
        </extensions>
      </trkpt>
      <trkpt lat="22.590985558927059173583984375" lon="113.879872150719165802001953125">
        <ele>7</ele>
        <time>2026-09-14T22:27:25.000Z</time>
        <extensions>
          <ns3:TrackPointExtension>
            <ns3:hr>129</ns3:hr>
            <ns3:cad>93</ns3:cad>
          </ns3:TrackPointExtension>
        </extensions>
      </trkpt>
      <trkpt lat="22.5910125486552715301513671875" lon="113.87985312379896640777587890625">
        <ele>7</ele>
        <time>2026-09-14T22:27:26.000Z</time>
        <extensions>
          <ns3:TrackPointExtension>
            <ns3:hr>129</ns3:hr>
            <ns3:cad>93</ns3:cad>
          </ns3:TrackPointExtension>
        </extensions>
      </trkpt>
      <trkpt lat="22.59103107266128063201904296875" lon="113.87983770109713077545166015625">
        <ele>7</ele>
        <time>2026-09-14T22:27:27.000Z</time>
        <extensions>
          <ns3:TrackPointExtension>
            <ns3:hr>129</ns3:hr>
            <ns3:cad>92</ns3:cad>
          </ns3:TrackPointExtension>
        </extensions>
      </trkpt>
      <trkpt lat="22.59105772711336612701416015625" lon="113.87981071136891841888427734375">
        <ele>7</ele>
        <time>2026-09-14T22:27:28.000Z</time>
        <extensions>
          <ns3:TrackPointExtension>
            <ns3:hr>129</ns3:hr>
            <ns3:cad>92</ns3:cad>
          </ns3:TrackPointExtension>
        </extensions>
      </trkpt>
      <trkpt lat="22.5910762511193752288818359375" lon="113.879793025553226470947265625">
        <ele>7.19999980926513671875</ele>
        <time>2026-09-14T22:27:29.000Z</time>
        <extensions>
          <ns3:TrackPointExtension>
            <ns3:hr>129</ns3:hr>
            <ns3:cad>92</ns3:cad>
          </ns3:TrackPointExtension>
        </extensions>
      </trkpt>
      <trkpt lat="22.59110131300985813140869140625" lon="113.8797727413475513458251953125">
        <ele>7.19999980926513671875</ele>
        <time>2026-09-14T22:27:30.000Z</time>
        <extensions>
          <ns3:TrackPointExtension>
            <ns3:hr>129</ns3:hr>
            <ns3:cad>92</ns3:cad>
          </ns3:TrackPointExtension>
        </extensions>
      </trkpt>
      <trkpt lat="22.591122686862945556640625" lon="113.8797596655786037445068359375">
        <ele>7.19999980926513671875</ele>
        <time>2026-09-14T22:27:31.000Z</time>
        <extensions>
          <ns3:TrackPointExtension>
            <ns3:hr>129</ns3:hr>
            <ns3:cad>93</ns3:cad>
          </ns3:TrackPointExtension>
        </extensions>
      </trkpt>
      <trkpt lat="22.591145150363445281982421875" lon="113.87974516488611698150634765625">
        <ele>7.19999980926513671875</ele>
        <time>2026-09-14T22:27:32.000Z</time>
        <extensions>
          <ns3:TrackPointExtension>
            <ns3:hr>128</ns3:hr>
            <ns3:cad>93</ns3:cad>
          </ns3:TrackPointExtension>
        </extensions>
      </trkpt>
      <trkpt lat="22.5911637581884860992431640625" lon="113.87972630560398101806640625">
        <ele>7.19999980926513671875</ele>
        <time>2026-09-14T22:27:33.000Z</time>
        <extensions>
          <ns3:TrackPointExtension>
            <ns3:hr>129</ns3:hr>
            <ns3:cad>93</ns3:cad>
          </ns3:TrackPointExtension>
        </extensions>
      </trkpt>
      <trkpt lat="22.59118362329900264739990234375" lon="113.87971230782568454742431640625">
        <ele>7.400000095367431640625</ele>
        <time>2026-09-14T22:27:34.000Z</time>
        <extensions>
          <ns3:TrackPointExtension>
            <ns3:hr>129</ns3:hr>
            <ns3:cad>93</ns3:cad>
          </ns3:TrackPointExtension>
        </extensions>
      </trkpt>
      <trkpt lat="22.5912073440849781036376953125" lon="113.87968732975423336029052734375">
        <ele>7.400000095367431640625</ele>
        <time>2026-09-14T22:27:35.000Z</time>
        <extensions>
          <ns3:TrackPointExtension>
            <ns3:hr>128</ns3:hr>
            <ns3:cad>92</ns3:cad>
          </ns3:TrackPointExtension>
        </extensions>
      </trkpt>
      <trkpt lat="22.59122570045292377471923828125" lon="113.87966922484338283538818359375">
        <ele>7.400000095367431640625</ele>
        <time>2026-09-14T22:27:36.000Z</time>
        <extensions>
          <ns3:TrackPointExtension>
            <ns3:hr>129</ns3:hr>
            <ns3:cad>92</ns3:cad>
          </ns3:TrackPointExtension>
        </extensions>
      </trkpt>
      <trkpt lat="22.591251432895660400390625" lon="113.87965028174221515655517578125">
        <ele>7.400000095367431640625</ele>
        <time>2026-09-14T22:27:37.000Z</time>
        <extensions>
          <ns3:TrackPointExtension>
            <ns3:hr>129</ns3:hr>
            <ns3:cad>92</ns3:cad>
          </ns3:TrackPointExtension>
        </extensions>
      </trkpt>
      <trkpt lat="22.5912660174071788787841796875" lon="113.87963511049747467041015625">
        <ele>7.599999904632568359375</ele>
        <time>2026-09-14T22:27:38.000Z</time>
        <extensions>
          <ns3:TrackPointExtension>
            <ns3:hr>128</ns3:hr>
            <ns3:cad>94</ns3:cad>
          </ns3:TrackPointExtension>
        </extensions>
      </trkpt>
      <trkpt lat="22.5912911631166934967041015625" lon="113.87961591593921184539794921875">
        <ele>7.599999904632568359375</ele>
        <time>2026-09-14T22:27:39.000Z</time>
        <extensions>
          <ns3:TrackPointExtension>
            <ns3:hr>129</ns3:hr>
            <ns3:cad>94</ns3:cad>
          </ns3:TrackPointExtension>
        </extensions>
      </trkpt>
      <trkpt lat="22.5913091003894805908203125" lon="113.8795982301235198974609375">
        <ele>7.599999904632568359375</ele>
        <time>2026-09-14T22:27:40.000Z</time>
        <extensions>
          <ns3:TrackPointExtension>
            <ns3:hr>129</ns3:hr>
            <ns3:cad>94</ns3:cad>
          </ns3:TrackPointExtension>
        </extensions>
      </trkpt>
      <trkpt lat="22.59133256971836090087890625" lon="113.87957786209881305694580078125">
        <ele>7.599999904632568359375</ele>
        <time>2026-09-14T22:27:41.000Z</time>
        <extensions>
          <ns3:TrackPointExtension>
            <ns3:hr>128</ns3:hr>
            <ns3:cad>93</ns3:cad>
          </ns3:TrackPointExtension>
        </extensions>
      </trkpt>
      <trkpt lat="22.5913525186479091644287109375" lon="113.87955573387444019317626953125">
        <ele>7.599999904632568359375</ele>
        <time>2026-09-14T22:27:42.000Z</time>
        <extensions>
          <ns3:TrackPointExtension>
            <ns3:hr>128</ns3:hr>
            <ns3:cad>93</ns3:cad>
          </ns3:TrackPointExtension>
        </extensions>
      </trkpt>
      <trkpt lat="22.5913739763200283050537109375" lon="113.87953578494489192962646484375">
        <ele>7.599999904632568359375</ele>
        <time>2026-09-14T22:27:43.000Z</time>
        <extensions>
          <ns3:TrackPointExtension>
            <ns3:hr>128</ns3:hr>
            <ns3:cad>93</ns3:cad>
          </ns3:TrackPointExtension>
        </extensions>
      </trkpt>
      <trkpt lat="22.59139685891568660736083984375" lon="113.87950711883604526519775390625">
        <ele>7.599999904632568359375</ele>
        <time>2026-09-14T22:27:44.000Z</time>
        <extensions>
          <ns3:TrackPointExtension>
            <ns3:hr>128</ns3:hr>
            <ns3:cad>93</ns3:cad>
          </ns3:TrackPointExtension>
        </extensions>
      </trkpt>
      <trkpt lat="22.5914145447313785552978515625" lon="113.87949186377227306365966796875">
        <ele>7.599999904632568359375</ele>
        <time>2026-09-14T22:27:45.000Z</time>
        <extensions>
          <ns3:TrackPointExtension>
            <ns3:hr>129</ns3:hr>
            <ns3:cad>93</ns3:cad>
          </ns3:TrackPointExtension>
        </extensions>
      </trkpt>
      <trkpt lat="22.59143893606960773468017578125" lon="113.8794723339378833770751953125">
        <ele>7.599999904632568359375</ele>
        <time>2026-09-14T22:27:46.000Z</time>
        <extensions>
          <ns3:TrackPointExtension>
            <ns3:hr>129</ns3:hr>
            <ns3:cad>92</ns3:cad>
          </ns3:TrackPointExtension>
        </extensions>
      </trkpt>
      <trkpt lat="22.59145251475274562835693359375" lon="113.8794599287211894989013671875">
        <ele>7.599999904632568359375</ele>
        <time>2026-09-14T22:27:47.000Z</time>
        <extensions>
          <ns3:TrackPointExtension>
            <ns3:hr>129</ns3:hr>
            <ns3:cad>92</ns3:cad>
          </ns3:TrackPointExtension>
        </extensions>
      </trkpt>
      <trkpt lat="22.59147866629064083099365234375" lon="113.8794361241161823272705078125">
        <ele>7.599999904632568359375</ele>
        <time>2026-09-14T22:27:48.000Z</time>
        <extensions>
          <ns3:TrackPointExtension>
            <ns3:hr>129</ns3:hr>
            <ns3:cad>92</ns3:cad>
          </ns3:TrackPointExtension>
        </extensions>
      </trkpt>
      <trkpt lat="22.5914941728115081787109375" lon="113.8794186897575855255126953125">
        <ele>7.599999904632568359375</ele>
        <time>2026-09-14T22:27:49.000Z</time>
        <extensions>
          <ns3:TrackPointExtension>
            <ns3:hr>129</ns3:hr>
            <ns3:cad>92</ns3:cad>
          </ns3:TrackPointExtension>
        </extensions>
      </trkpt>
      <trkpt lat="22.591516636312007904052734375" lon="113.8793997466564178466796875">
        <ele>7.80000019073486328125</ele>
        <time>2026-09-14T22:27:50.000Z</time>
        <extensions>
          <ns3:TrackPointExtension>
            <ns3:hr>129</ns3:hr>
            <ns3:cad>92</ns3:cad>
          </ns3:TrackPointExtension>
        </extensions>
      </trkpt>
      <trkpt lat="22.59153566323220729827880859375" lon="113.87937937863171100616455078125">
        <ele>7.80000019073486328125</ele>
        <time>2026-09-14T22:27:51.000Z</time>
        <extensions>
          <ns3:TrackPointExtension>
            <ns3:hr>129</ns3:hr>
            <ns3:cad>93</ns3:cad>
          </ns3:TrackPointExtension>
        </extensions>
      </trkpt>
      <trkpt lat="22.59155779145658016204833984375" lon="113.879367224872112274169921875">
        <ele>7.80000019073486328125</ele>
        <time>2026-09-14T22:27:52.000Z</time>
        <extensions>
          <ns3:TrackPointExtension>
            <ns3:hr>129</ns3:hr>
            <ns3:cad>93</ns3:cad>
          </ns3:TrackPointExtension>
        </extensions>
      </trkpt>
      <trkpt lat="22.59158628992736339569091796875" lon="113.8793445937335491180419921875">
        <ele>7.80000019073486328125</ele>
        <time>2026-09-14T22:27:53.000Z</time>
        <extensions>
          <ns3:TrackPointExtension>
            <ns3:hr>129</ns3:hr>
            <ns3:cad>92</ns3:cad>
          </ns3:TrackPointExtension>
        </extensions>
      </trkpt>
      <trkpt lat="22.59160590358078479766845703125" lon="113.879325650632381439208984375">
        <ele>7.80000019073486328125</ele>
        <time>2026-09-14T22:27:54.000Z</time>
        <extensions>
          <ns3:TrackPointExtension>
            <ns3:hr>128</ns3:hr>
            <ns3:cad>92</ns3:cad>
          </ns3:TrackPointExtension>
        </extensions>
      </trkpt>
      <trkpt lat="22.59163205511868000030517578125" lon="113.87930176220834255218505859375">
        <ele>7.80000019073486328125</ele>
        <time>2026-09-14T22:27:55.000Z</time>
        <extensions>
          <ns3:TrackPointExtension>
            <ns3:hr>128</ns3:hr>
            <ns3:cad>92</ns3:cad>
          </ns3:TrackPointExtension>
        </extensions>
      </trkpt>
      <trkpt lat="22.59164504706859588623046875" lon="113.87928348965942859649658203125">
        <ele>7.80000019073486328125</ele>
        <time>2026-09-14T22:27:56.000Z</time>
        <extensions>
          <ns3:TrackPointExtension>
            <ns3:hr>128</ns3:hr>
            <ns3:cad>92</ns3:cad>
          </ns3:TrackPointExtension>
        </extensions>
      </trkpt>
      <trkpt lat="22.5916700251400470733642578125" lon="113.87926119379699230194091796875">
        <ele>7.80000019073486328125</ele>
        <time>2026-09-14T22:27:57.000Z</time>
        <extensions>
          <ns3:TrackPointExtension>
            <ns3:hr>129</ns3:hr>
            <ns3:cad>94</ns3:cad>
          </ns3:TrackPointExtension>
        </extensions>
      </trkpt>
      <trkpt lat="22.59168553166091442108154296875" lon="113.87923814356327056884765625">
        <ele>7.80000019073486328125</ele>
        <time>2026-09-14T22:27:58.000Z</time>
        <extensions>
          <ns3:TrackPointExtension>
            <ns3:hr>129</ns3:hr>
            <ns3:cad>94</ns3:cad>
          </ns3:TrackPointExtension>
        </extensions>
      </trkpt>
      <trkpt lat="22.59170799516141414642333984375" lon="113.879215009510517120361328125">
        <ele>7.80000019073486328125</ele>
        <time>2026-09-14T22:27:59.000Z</time>
        <extensions>
          <ns3:TrackPointExtension>
            <ns3:hr>129</ns3:hr>
            <ns3:cad>94</ns3:cad>
          </ns3:TrackPointExtension>
        </extensions>
      </trkpt>
      <trkpt lat="22.59172425605356693267822265625" lon="113.879190869629383087158203125">
        <ele>7.80000019073486328125</ele>
        <time>2026-09-14T22:28:00.000Z</time>
        <extensions>
          <ns3:TrackPointExtension>
            <ns3:hr>129</ns3:hr>
            <ns3:cad>92</ns3:cad>
          </ns3:TrackPointExtension>
        </extensions>
      </trkpt>
      <trkpt lat="22.59174638427793979644775390625" lon="113.87917041778564453125">
        <ele>7.80000019073486328125</ele>
        <time>2026-09-14T22:28:01.000Z</time>
        <extensions>
          <ns3:TrackPointExtension>
            <ns3:hr>129</ns3:hr>
            <ns3:cad>92</ns3:cad>
          </ns3:TrackPointExtension>
        </extensions>
      </trkpt>
      <trkpt lat="22.5917677581310272216796875" lon="113.879146277904510498046875">
        <ele>7.80000019073486328125</ele>
        <time>2026-09-14T22:28:02.000Z</time>
        <extensions>
          <ns3:TrackPointExtension>
            <ns3:hr>130</ns3:hr>
            <ns3:cad>92</ns3:cad>
          </ns3:TrackPointExtension>
        </extensions>
      </trkpt>
      <trkpt lat="22.59178829379379749298095703125" lon="113.87912859208881855010986328125">
        <ele>8</ele>
        <time>2026-09-14T22:28:03.000Z</time>
        <extensions>
          <ns3:TrackPointExtension>
            <ns3:hr>130</ns3:hr>
            <ns3:cad>92</ns3:cad>
          </ns3:TrackPointExtension>
        </extensions>
      </trkpt>
      <trkpt lat="22.591813020408153533935546875" lon="113.8791021890938282012939453125">
        <ele>8</ele>
        <time>2026-09-14T22:28:04.000Z</time>
        <extensions>
          <ns3:TrackPointExtension>
            <ns3:hr>130</ns3:hr>
            <ns3:cad>92</ns3:cad>
          </ns3:TrackPointExtension>
        </extensions>
      </trkpt>
      <trkpt lat="22.59182601235806941986083984375" lon="113.8790817372500896453857421875">
        <ele>8</ele>
        <time>2026-09-14T22:28:05.000Z</time>
        <extensions>
          <ns3:TrackPointExtension>
            <ns3:hr>130</ns3:hr>
            <ns3:cad>93</ns3:cad>
          </ns3:TrackPointExtension>
        </extensions>
      </trkpt>
      <trkpt lat="22.59184864349663257598876953125" lon="113.8790564239025115966796875">
        <ele>8</ele>
        <time>2026-09-14T22:28:06.000Z</time>
        <extensions>
          <ns3:TrackPointExtension>
            <ns3:hr>130</ns3:hr>
            <ns3:cad>93</ns3:cad>
          </ns3:TrackPointExtension>
        </extensions>
      </trkpt>
      <trkpt lat="22.59186389856040477752685546875" lon="113.87903924100100994110107421875">
        <ele>8.19999980926513671875</ele>
        <time>2026-09-14T22:28:07.000Z</time>
        <extensions>
          <ns3:TrackPointExtension>
            <ns3:hr>130</ns3:hr>
            <ns3:cad>92</ns3:cad>
          </ns3:TrackPointExtension>
        </extensions>
      </trkpt>
      <trkpt lat="22.5918879546225070953369140625" lon="113.87901962734758853912353515625">
        <ele>8.19999980926513671875</ele>
        <time>2026-09-14T22:28:08.000Z</time>
        <extensions>
          <ns3:TrackPointExtension>
            <ns3:hr>130</ns3:hr>
            <ns3:cad>92</ns3:cad>
          </ns3:TrackPointExtension>
        </extensions>
      </trkpt>
      <trkpt lat="22.5919003598392009735107421875" lon="113.87899833731353282928466796875">
        <ele>8</ele>
        <time>2026-09-14T22:28:09.000Z</time>
        <extensions>
          <ns3:TrackPointExtension>
            <ns3:hr>130</ns3:hr>
            <ns3:cad>92</ns3:cad>
          </ns3:TrackPointExtension>
        </extensions>
      </trkpt>
      <trkpt lat="22.59191972203552722930908203125" lon="113.87897956185042858123779296875">
        <ele>8</ele>
        <time>2026-09-14T22:28:10.000Z</time>
        <extensions>
          <ns3:TrackPointExtension>
            <ns3:hr>130</ns3:hr>
            <ns3:cad>92</ns3:cad>
          </ns3:TrackPointExtension>
        </extensions>
      </trkpt>
      <trkpt lat="22.59194084443151950836181640625" lon="113.8789566792547702789306640625">
        <ele>8</ele>
        <time>2026-09-14T22:28:11.000Z</time>
        <extensions>
          <ns3:TrackPointExtension>
            <ns3:hr>131</ns3:hr>
            <ns3:cad>93</ns3:cad>
          </ns3:TrackPointExtension>
        </extensions>
      </trkpt>
      <trkpt lat="22.5919555127620697021484375" lon="113.8789384067058563232421875">
        <ele>8</ele>
        <time>2026-09-14T22:28:12.000Z</time>
        <extensions>
          <ns3:TrackPointExtension>
            <ns3:hr>131</ns3:hr>
            <ns3:cad>93</ns3:cad>
          </ns3:TrackPointExtension>
        </extensions>
      </trkpt>
      <trkpt lat="22.5919754616916179656982421875" lon="113.87891233898699283599853515625">
        <ele>8</ele>
        <time>2026-09-14T22:28:13.000Z</time>
        <extensions>
          <ns3:TrackPointExtension>
            <ns3:hr>131</ns3:hr>
            <ns3:cad>93</ns3:cad>
          </ns3:TrackPointExtension>
        </extensions>
      </trkpt>
      <trkpt lat="22.59198459796607494354248046875" lon="113.87889272533357143402099609375">
        <ele>8</ele>
        <time>2026-09-14T22:28:14.000Z</time>
        <extensions>
          <ns3:TrackPointExtension>
            <ns3:hr>131</ns3:hr>
            <ns3:cad>93</ns3:cad>
          </ns3:TrackPointExtension>
        </extensions>
      </trkpt>
      <trkpt lat="22.59200002066791057586669921875" lon="113.8788698427379131317138671875">
        <ele>8</ele>
        <time>2026-09-14T22:28:15.000Z</time>
        <extensions>
          <ns3:TrackPointExtension>
            <ns3:hr>131</ns3:hr>
            <ns3:cad>93</ns3:cad>
          </ns3:TrackPointExtension>
        </extensions>
      </trkpt>
      <trkpt lat="22.5920032896101474761962890625" lon="113.8788498938083648681640625">
        <ele>8.19999980926513671875</ele>
        <time>2026-09-14T22:28:16.000Z</time>
        <extensions>
          <ns3:TrackPointExtension>
            <ns3:hr>131</ns3:hr>
            <ns3:cad>93</ns3:cad>
          </ns3:TrackPointExtension>
        </extensions>
      </trkpt>
      <trkpt lat="22.59201628156006336212158203125" lon="113.87882533483207225799560546875">
        <ele>8.19999980926513671875</ele>
        <time>2026-09-14T22:28:17.000Z</time>
        <extensions>
          <ns3:TrackPointExtension>
            <ns3:hr>131</ns3:hr>
            <ns3:cad>94</ns3:cad>
          </ns3:TrackPointExtension>
        </extensions>
      </trkpt>
      <trkpt lat="22.59202332235872745513916015625" lon="113.8788007758557796478271484375">
        <ele>8.19999980926513671875</ele>
        <time>2026-09-14T22:28:18.000Z</time>
        <extensions>
          <ns3:TrackPointExtension>
            <ns3:hr>132</ns3:hr>
            <ns3:cad>94</ns3:cad>
          </ns3:TrackPointExtension>
        </extensions>
      </trkpt>
      <trkpt lat="22.59203891269862651824951171875" lon="113.878781497478485107421875">
        <ele>8.19999980926513671875</ele>
        <time>2026-09-14T22:28:19.000Z</time>
        <extensions>
          <ns3:TrackPointExtension>
            <ns3:hr>132</ns3:hr>
            <ns3:cad>92</ns3:cad>
          </ns3:TrackPointExtension>
        </extensions>
      </trkpt>
      <trkpt lat="22.59205316193401813507080078125" lon="113.8787575252354145050048828125">
        <ele>8.19999980926513671875</ele>
        <time>2026-09-14T22:28:20.000Z</time>
        <extensions>
          <ns3:TrackPointExtension>
            <ns3:hr>132</ns3:hr>
            <ns3:cad>92</ns3:cad>
          </ns3:TrackPointExtension>
        </extensions>
      </trkpt>
      <trkpt lat="22.59207143448293209075927734375" lon="113.878742940723896026611328125">
        <ele>8.19999980926513671875</ele>
        <time>2026-09-14T22:28:21.000Z</time>
        <extensions>
          <ns3:TrackPointExtension>
            <ns3:hr>132</ns3:hr>
            <ns3:cad>92</ns3:cad>
          </ns3:TrackPointExtension>
        </extensions>
      </trkpt>
      <trkpt lat="22.59209607727825641632080078125" lon="113.87872450053691864013671875">
        <ele>8</ele>
        <time>2026-09-14T22:28:22.000Z</time>
        <extensions>
          <ns3:TrackPointExtension>
            <ns3:hr>131</ns3:hr>
            <ns3:cad>92</ns3:cad>
          </ns3:TrackPointExtension>
        </extensions>
      </trkpt>
      <trkpt lat="22.59211300872266292572021484375" lon="113.8787156157195568084716796875">
        <ele>8</ele>
        <time>2026-09-14T22:28:23.000Z</time>
        <extensions>
          <ns3:TrackPointExtension>
            <ns3:hr>131</ns3:hr>
            <ns3:cad>93</ns3:cad>
          </ns3:TrackPointExtension>
        </extensions>
      </trkpt>
      <trkpt lat="22.59213882498443126678466796875" lon="113.87870631180703639984130859375">
        <ele>8</ele>
        <time>2026-09-14T22:28:24.000Z</time>
        <extensions>
          <ns3:TrackPointExtension>
            <ns3:hr>131</ns3:hr>
            <ns3:cad>93</ns3:cad>
          </ns3:TrackPointExtension>
        </extensions>
      </trkpt>
      <trkpt lat="22.59215609170496463775634765625" lon="113.87870647944509983062744140625">
        <ele>8</ele>
        <time>2026-09-14T22:28:25.000Z</time>
        <extensions>
          <ns3:TrackPointExtension>
            <ns3:hr>131</ns3:hr>
            <ns3:cad>93</ns3:cad>
          </ns3:TrackPointExtension>
        </extensions>
      </trkpt>
      <trkpt lat="22.5921699218451976776123046875" lon="113.87869206257164478302001953125">
        <ele>8</ele>
        <time>2026-09-14T22:28:26.000Z</time>
        <extensions>
          <ns3:TrackPointExtension>
            <ns3:hr>131</ns3:hr>
            <ns3:cad>93</ns3:cad>
          </ns3:TrackPointExtension>
        </extensions>
      </trkpt>
      <trkpt lat="22.59219045750796794891357421875" lon="113.8786804117262363433837890625">
        <ele>8.19999980926513671875</ele>
        <time>2026-09-14T22:28:27.000Z</time>
        <extensions>
          <ns3:TrackPointExtension>
            <ns3:hr>131</ns3:hr>
            <ns3:cad>91</ns3:cad>
          </ns3:TrackPointExtension>
        </extensions>
      </trkpt>
      <trkpt lat="22.592203281819820404052734375" lon="113.87866146862506866455078125">
        <ele>8.19999980926513671875</ele>
        <time>2026-09-14T22:28:28.000Z</time>
        <extensions>
          <ns3:TrackPointExtension>
            <ns3:hr>130</ns3:hr>
            <ns3:cad>90</ns3:cad>
          </ns3:TrackPointExtension>
        </extensions>
      </trkpt>
      <trkpt lat="22.5922215543687343597412109375" lon="113.87864612974226474761962890625">
        <ele>8.19999980926513671875</ele>
        <time>2026-09-14T22:28:29.000Z</time>
        <extensions>
          <ns3:TrackPointExtension>
            <ns3:hr>130</ns3:hr>
            <ns3:cad>89</ns3:cad>
          </ns3:TrackPointExtension>
        </extensions>
      </trkpt>
      <trkpt lat="22.592236809432506561279296875" lon="113.878624923527240753173828125">
        <ele>8.19999980926513671875</ele>
        <time>2026-09-14T22:28:30.000Z</time>
        <extensions>
          <ns3:TrackPointExtension>
            <ns3:hr>130</ns3:hr>
            <ns3:cad>89</ns3:cad>
          </ns3:TrackPointExtension>
        </extensions>
      </trkpt>
      <trkpt lat="22.59225449524819850921630859375" lon="113.8786089979112148284912109375">
        <ele>8.3999996185302734375</ele>
        <time>2026-09-14T22:28:31.000Z</time>
        <extensions>
          <ns3:TrackPointExtension>
            <ns3:hr>130</ns3:hr>
            <ns3:cad>88</ns3:cad>
          </ns3:TrackPointExtension>
        </extensions>
      </trkpt>
      <trkpt lat="22.59226790629327297210693359375" lon="113.87858946807682514190673828125">
        <ele>8.3999996185302734375</ele>
        <time>2026-09-14T22:28:32.000Z</time>
        <extensions>
          <ns3:TrackPointExtension>
            <ns3:hr>130</ns3:hr>
            <ns3:cad>88</ns3:cad>
          </ns3:TrackPointExtension>
        </extensions>
      </trkpt>
      <trkpt lat="22.5922854244709014892578125" lon="113.87857521884143352508544921875">
        <ele>8.3999996185302734375</ele>
        <time>2026-09-14T22:28:33.000Z</time>
        <extensions>
          <ns3:TrackPointExtension>
            <ns3:hr>130</ns3:hr>
            <ns3:cad>89</ns3:cad>
          </ns3:TrackPointExtension>
        </extensions>
      </trkpt>
      <trkpt lat="22.59229036979377269744873046875" lon="113.87855728156864643096923828125">
        <ele>8.3999996185302734375</ele>
        <time>2026-09-14T22:28:34.000Z</time>
        <extensions>
          <ns3:TrackPointExtension>
            <ns3:hr>130</ns3:hr>
            <ns3:cad>90</ns3:cad>
          </ns3:TrackPointExtension>
        </extensions>
      </trkpt>
      <trkpt lat="22.5923073850572109222412109375" lon="113.8785466365516185760498046875">
        <ele>8.3999996185302734375</ele>
        <time>2026-09-14T22:28:35.000Z</time>
        <extensions>
          <ns3:TrackPointExtension>
            <ns3:hr>130</ns3:hr>
            <ns3:cad>90</ns3:cad>
          </ns3:TrackPointExtension>
        </extensions>
      </trkpt>
      <trkpt lat="22.59263754822313785552978515625" lon="113.8785808347165584564208984375">
        <ele>8.19999980926513671875</ele>
        <time>2026-09-14T22:30:16.000Z</time>
        <extensions>
          <ns3:TrackPointExtension>
            <ns3:hr>82</ns3:hr>
            <ns3:cad>0</ns3:cad>
          </ns3:TrackPointExtension>
        </extensions>
      </trkpt>
      <trkpt lat="22.59263989515602588653564453125" lon="113.8785851933062076568603515625">
        <ele>8.19999980926513671875</ele>
        <time>2026-09-14T22:30:17.000Z</time>
        <extensions>
          <ns3:TrackPointExtension>
            <ns3:hr>82</ns3:hr>
            <ns3:cad>0</ns3:cad>
          </ns3:TrackPointExtension>
        </extensions>
      </trkpt>
      <trkpt lat="22.59265422821044921875" lon="113.87865350581705570220947265625">
        <ele>8</ele>
        <time>2026-09-14T22:30:20.000Z</time>
        <extensions>
          <ns3:TrackPointExtension>
            <ns3:hr>81</ns3:hr>
            <ns3:cad>0</ns3:cad>
          </ns3:TrackPointExtension>
        </extensions>
      </trkpt>
      <trkpt lat="22.5926600955426692962646484375" lon="113.8786804117262363433837890625">
        <ele>8</ele>
        <time>2026-09-14T22:30:21.000Z</time>
        <extensions>
          <ns3:TrackPointExtension>
            <ns3:hr>81</ns3:hr>
            <ns3:cad>93</ns3:cad>
          </ns3:TrackPointExtension>
        </extensions>
      </trkpt>
      <trkpt lat="22.592662274837493896484375" lon="113.87870178557932376861572265625">
        <ele>8</ele>
        <time>2026-09-14T22:30:22.000Z</time>
        <extensions>
          <ns3:TrackPointExtension>
            <ns3:hr>81</ns3:hr>
            <ns3:cad>93</ns3:cad>
          </ns3:TrackPointExtension>
        </extensions>
      </trkpt>
      <trkpt lat="22.59266696870326995849609375" lon="113.878729529678821563720703125">
        <ele>8</ele>
        <time>2026-09-14T22:30:23.000Z</time>
        <extensions>
          <ns3:TrackPointExtension>
            <ns3:hr>82</ns3:hr>
            <ns3:cad>92</ns3:cad>
          </ns3:TrackPointExtension>
        </extensions>
      </trkpt>
      <trkpt lat="22.59267040528357028961181640625" lon="113.87875576503574848175048828125">
        <ele>8</ele>
        <time>2026-09-14T22:30:24.000Z</time>
        <extensions>
          <ns3:TrackPointExtension>
            <ns3:hr>82</ns3:hr>
            <ns3:cad>92</ns3:cad>
          </ns3:TrackPointExtension>
        </extensions>
      </trkpt>
      <trkpt lat="22.59267769753932952880859375" lon="113.87878216803073883056640625">
        <ele>8</ele>
        <time>2026-09-14T22:30:25.000Z</time>
        <extensions>
          <ns3:TrackPointExtension>
            <ns3:hr>83</ns3:hr>
            <ns3:cad>92</ns3:cad>
          </ns3:TrackPointExtension>
        </extensions>
      </trkpt>
      <trkpt lat="22.592690773308277130126953125" lon="113.87879750691354274749755859375">
        <ele>8</ele>
        <time>2026-09-14T22:30:26.000Z</time>
        <extensions>
          <ns3:TrackPointExtension>
            <ns3:hr>84</ns3:hr>
            <ns3:cad>93</ns3:cad>
          </ns3:TrackPointExtension>
        </extensions>
      </trkpt>
      <trkpt lat="22.592718601226806640625" lon="113.87880790047347545623779296875">
        <ele>8</ele>
        <time>2026-09-14T22:30:27.000Z</time>
        <extensions>
          <ns3:TrackPointExtension>
            <ns3:hr>84</ns3:hr>
            <ns3:cad>93</ns3:cad>
          </ns3:TrackPointExtension>
        </extensions>
      </trkpt>
      <trkpt lat="22.59273678995668888092041015625" lon="113.87881033122539520263671875">
        <ele>8</ele>
        <time>2026-09-14T22:30:28.000Z</time>
        <extensions>
          <ns3:TrackPointExtension>
            <ns3:hr>85</ns3:hr>
            <ns3:cad>92</ns3:cad>
          </ns3:TrackPointExtension>
        </extensions>
      </trkpt>
      <trkpt lat="22.59276143275201320648193359375" lon="113.8788074813783168792724609375">
        <ele>8</ele>
        <time>2026-09-14T22:30:29.000Z</time>
        <extensions>
          <ns3:TrackPointExtension>
            <ns3:hr>85</ns3:hr>
            <ns3:cad>92</ns3:cad>
          </ns3:TrackPointExtension>
        </extensions>
      </trkpt>
      <trkpt lat="22.5927757658064365386962890625" lon="113.87879515998065471649169921875">
        <ele>8</ele>
        <time>2026-09-14T22:30:30.000Z</time>
        <extensions>
          <ns3:TrackPointExtension>
            <ns3:hr>86</ns3:hr>
            <ns3:cad>91</ns3:cad>
          </ns3:TrackPointExtension>
        </extensions>
      </trkpt>
      <trkpt lat="22.59279563091695308685302734375" lon="113.8787752948701381683349609375">
        <ele>8</ele>
        <time>2026-09-14T22:30:31.000Z</time>
        <extensions>
          <ns3:TrackPointExtension>
            <ns3:hr>86</ns3:hr>
            <ns3:cad>92</ns3:cad>
          </ns3:TrackPointExtension>
        </extensions>
      </trkpt>
      <trkpt lat="22.59280317462980747222900390625" lon="113.87875392101705074310302734375">
        <ele>8</ele>
        <time>2026-09-14T22:30:32.000Z</time>
        <extensions>
          <ns3:TrackPointExtension>
            <ns3:hr>86</ns3:hr>
            <ns3:cad>92</ns3:cad>
          </ns3:TrackPointExtension>
        </extensions>
      </trkpt>
      <trkpt lat="22.592818178236484527587890625" lon="113.87873363681137561798095703125">
        <ele>8</ele>
        <time>2026-09-14T22:30:33.000Z</time>
        <extensions>
          <ns3:TrackPointExtension>
            <ns3:hr>87</ns3:hr>
            <ns3:cad>92</ns3:cad>
          </ns3:TrackPointExtension>
        </extensions>
      </trkpt>
      <trkpt lat="22.59282463230192661285400390625" lon="113.87871335260570049285888671875">
        <ele>8</ele>
        <time>2026-09-14T22:30:34.000Z</time>
        <extensions>
          <ns3:TrackPointExtension>
            <ns3:hr>87</ns3:hr>
            <ns3:cad>92</ns3:cad>
          </ns3:TrackPointExtension>
        </extensions>
      </trkpt>
      <trkpt lat="22.592835612595081329345703125" lon="113.87869189493358135223388671875">
        <ele>8</ele>
        <time>2026-09-14T22:30:35.000Z</time>
        <extensions>
          <ns3:TrackPointExtension>
            <ns3:hr>88</ns3:hr>
            <ns3:cad>91</ns3:cad>
          </ns3:TrackPointExtension>
        </extensions>
      </trkpt>
      <trkpt lat="22.59285128675401210784912109375" lon="113.87866440229117870330810546875">
        <ele>7.80000019073486328125</ele>
        <time>2026-09-14T22:30:36.000Z</time>
        <extensions>
          <ns3:TrackPointExtension>
            <ns3:hr>89</ns3:hr>
            <ns3:cad>91</ns3:cad>
          </ns3:TrackPointExtension>
        </extensions>
      </trkpt>
      <trkpt lat="22.5928632728755474090576171875" lon="113.8786447048187255859375">
        <ele>7.80000019073486328125</ele>
        <time>2026-09-14T22:30:37.000Z</time>
        <extensions>
          <ns3:TrackPointExtension>
            <ns3:hr>89</ns3:hr>
            <ns3:cad>92</ns3:cad>
          </ns3:TrackPointExtension>
        </extensions>
      </trkpt>
      <trkpt lat="22.59288690984249114990234375" lon="113.87861461378633975982666015625">
        <ele>7.80000019073486328125</ele>
        <time>2026-09-14T22:30:38.000Z</time>
        <extensions>
          <ns3:TrackPointExtension>
            <ns3:hr>90</ns3:hr>
            <ns3:cad>93</ns3:cad>
          </ns3:TrackPointExtension>
        </extensions>
      </trkpt>
      <trkpt lat="22.592897303402423858642578125" lon="113.878594748675823211669921875">
        <ele>7.80000019073486328125</ele>
        <time>2026-09-14T22:30:39.000Z</time>
        <extensions>
          <ns3:TrackPointExtension>
            <ns3:hr>91</ns3:hr>
            <ns3:cad>93</ns3:cad>
          </ns3:TrackPointExtension>
        </extensions>
      </trkpt>
      <trkpt lat="22.59292035363614559173583984375" lon="113.87857253663241863250732421875">
        <ele>7.80000019073486328125</ele>
        <time>2026-09-14T22:30:40.000Z</time>
        <extensions>
          <ns3:TrackPointExtension>
            <ns3:hr>91</ns3:hr>
            <ns3:cad>94</ns3:cad>
          </ns3:TrackPointExtension>
        </extensions>
      </trkpt>
      <trkpt lat="22.5929370336234569549560546875" lon="113.87855191715061664581298828125">
        <ele>7.80000019073486328125</ele>
        <time>2026-09-14T22:30:41.000Z</time>
        <extensions>
          <ns3:TrackPointExtension>
            <ns3:hr>92</ns3:hr>
            <ns3:cad>93</ns3:cad>
          </ns3:TrackPointExtension>
        </extensions>
      </trkpt>
      <trkpt lat="22.59296041913330554962158203125" lon="113.87853682972490787506103515625">
        <ele>7.80000019073486328125</ele>
        <time>2026-09-14T22:30:42.000Z</time>
        <extensions>
          <ns3:TrackPointExtension>
            <ns3:hr>93</ns3:hr>
            <ns3:cad>93</ns3:cad>
          </ns3:TrackPointExtension>
        </extensions>
      </trkpt>
      <trkpt lat="22.592980451881885528564453125" lon="113.87851520441472530364990234375">
        <ele>7.80000019073486328125</ele>
        <time>2026-09-14T22:30:43.000Z</time>
        <extensions>
          <ns3:TrackPointExtension>
            <ns3:hr>93</ns3:hr>
            <ns3:cad>93</ns3:cad>
          </ns3:TrackPointExtension>
        </extensions>
      </trkpt>
      <trkpt lat="22.5929987244307994842529296875" lon="113.878498859703540802001953125">
        <ele>7.80000019073486328125</ele>
        <time>2026-09-14T22:30:44.000Z</time>
        <extensions>
          <ns3:TrackPointExtension>
            <ns3:hr>94</ns3:hr>
            <ns3:cad>93</ns3:cad>
          </ns3:TrackPointExtension>
        </extensions>
      </trkpt>
      <trkpt lat="22.59301858954131603240966796875" lon="113.87847480364143848419189453125">
        <ele>7.80000019073486328125</ele>
        <time>2026-09-14T22:30:45.000Z</time>
        <extensions>
          <ns3:TrackPointExtension>
            <ns3:hr>95</ns3:hr>
            <ns3:cad>93</ns3:cad>
          </ns3:TrackPointExtension>
        </extensions>
      </trkpt>
      <trkpt lat="22.5930335931479930877685546875" lon="113.878458626568317413330078125">
        <ele>7.80000019073486328125</ele>
        <time>2026-09-14T22:30:46.000Z</time>
        <extensions>
          <ns3:TrackPointExtension>
            <ns3:hr>95</ns3:hr>
            <ns3:cad>94</ns3:cad>
          </ns3:TrackPointExtension>
        </extensions>
      </trkpt>
      <trkpt lat="22.5930587388575077056884765625" lon="113.87843507342040538787841796875">
        <ele>7.80000019073486328125</ele>
        <time>2026-09-14T22:30:47.000Z</time>
        <extensions>
          <ns3:TrackPointExtension>
            <ns3:hr>96</ns3:hr>
            <ns3:cad>93</ns3:cad>
          </ns3:TrackPointExtension>
        </extensions>
      </trkpt>
      <trkpt lat="22.5930698029696941375732421875" lon="113.87841445393860340118408203125">
        <ele>7.80000019073486328125</ele>
        <time>2026-09-14T22:30:48.000Z</time>
        <extensions>
          <ns3:TrackPointExtension>
            <ns3:hr>97</ns3:hr>
            <ns3:cad>92</ns3:cad>
          </ns3:TrackPointExtension>
        </extensions>
      </trkpt>
      <trkpt lat="22.59309503249824047088623046875" lon="113.8783944211900234222412109375">
        <ele>7.80000019073486328125</ele>
        <time>2026-09-14T22:30:49.000Z</time>
        <extensions>
          <ns3:TrackPointExtension>
            <ns3:hr>97</ns3:hr>
            <ns3:cad>92</ns3:cad>
          </ns3:TrackPointExtension>
        </extensions>
      </trkpt>
      <trkpt lat="22.59311623871326446533203125" lon="113.87837002985179424285888671875">
        <ele>7.80000019073486328125</ele>
        <time>2026-09-14T22:30:50.000Z</time>
        <extensions>
          <ns3:TrackPointExtension>
            <ns3:hr>98</ns3:hr>
            <ns3:cad>92</ns3:cad>
          </ns3:TrackPointExtension>
        </extensions>
      </trkpt>
      <trkpt lat="22.59313761256635189056396484375" lon="113.87835175730288028717041015625">
        <ele>7.599999904632568359375</ele>
        <time>2026-09-14T22:30:51.000Z</time>
        <extensions>
          <ns3:TrackPointExtension>
            <ns3:hr>99</ns3:hr>
            <ns3:cad>93</ns3:cad>
          </ns3:TrackPointExtension>
        </extensions>
      </trkpt>
      <trkpt lat="22.59315923787653446197509765625" lon="113.87833029963076114654541015625">
        <ele>7.599999904632568359375</ele>
        <time>2026-09-14T22:30:52.000Z</time>
        <extensions>
          <ns3:TrackPointExtension>
            <ns3:hr>99</ns3:hr>
            <ns3:cad>95</ns3:cad>
          </ns3:TrackPointExtension>
        </extensions>
      </trkpt>
      <trkpt lat="22.59317751042544841766357421875" lon="113.87831336818635463714599609375">
        <ele>7.599999904632568359375</ele>
        <time>2026-09-14T22:30:53.000Z</time>
        <extensions>
          <ns3:TrackPointExtension>
            <ns3:hr>100</ns3:hr>
            <ns3:cad>95</ns3:cad>
          </ns3:TrackPointExtension>
        </extensions>
      </trkpt>
      <trkpt lat="22.5932045839726924896240234375" lon="113.87828771956264972686767578125">
        <ele>7.599999904632568359375</ele>
        <time>2026-09-14T22:30:54.000Z</time>
        <extensions>
          <ns3:TrackPointExtension>
            <ns3:hr>101</ns3:hr>
            <ns3:cad>95</ns3:cad>
          </ns3:TrackPointExtension>
        </extensions>
      </trkpt>
      <trkpt lat="22.5932188332080841064453125" lon="113.8782673515379428863525390625">
        <ele>7.599999904632568359375</ele>
        <time>2026-09-14T22:30:55.000Z</time>
        <extensions>
          <ns3:TrackPointExtension>
            <ns3:hr>102</ns3:hr>
            <ns3:cad>95</ns3:cad>
          </ns3:TrackPointExtension>
        </extensions>
      </trkpt>
      <trkpt lat="22.593244649469852447509765625" lon="113.87824765406548976898193359375">
        <ele>7.599999904632568359375</ele>
        <time>2026-09-14T22:30:56.000Z</time>
        <extensions>
          <ns3:TrackPointExtension>
            <ns3:hr>102</ns3:hr>
            <ns3:cad>94</ns3:cad>
          </ns3:TrackPointExtension>
        </extensions>
      </trkpt>
      <trkpt lat="22.59326367639005184173583984375" lon="113.87822628021240234375">
        <ele>7.599999904632568359375</ele>
        <time>2026-09-14T22:30:57.000Z</time>
        <extensions>
          <ns3:TrackPointExtension>
            <ns3:hr>103</ns3:hr>
            <ns3:cad>95</ns3:cad>
          </ns3:TrackPointExtension>
        </extensions>
      </trkpt>
      <trkpt lat="22.59328563697636127471923828125" lon="113.878209851682186126708984375">
        <ele>7.599999904632568359375</ele>
        <time>2026-09-14T22:30:58.000Z</time>
        <extensions>
          <ns3:TrackPointExtension>
            <ns3:hr>104</ns3:hr>
            <ns3:cad>95</ns3:cad>
          </ns3:TrackPointExtension>
        </extensions>
      </trkpt>
      <trkpt lat="22.59330860339105129241943359375" lon="113.87818730436265468597412109375">
        <ele>7.599999904632568359375</ele>
        <time>2026-09-14T22:30:59.000Z</time>
        <extensions>
          <ns3:TrackPointExtension>
            <ns3:hr>105</ns3:hr>
            <ns3:cad>95</ns3:cad>
          </ns3:TrackPointExtension>
        </extensions>
      </trkpt>
      <trkpt lat="22.59332519955933094024658203125" lon="113.87817305512726306915283203125">
        <ele>7.599999904632568359375</ele>
        <time>2026-09-14T22:31:00.000Z</time>
        <extensions>
          <ns3:TrackPointExtension>
            <ns3:hr>105</ns3:hr>
            <ns3:cad>95</ns3:cad>
          </ns3:TrackPointExtension>
        </extensions>
      </trkpt>
      <trkpt lat="22.59335151873528957366943359375" lon="113.878148831427097320556640625">
        <ele>7.400000095367431640625</ele>
        <time>2026-09-14T22:31:01.000Z</time>
        <extensions>
          <ns3:TrackPointExtension>
            <ns3:hr>106</ns3:hr>
            <ns3:cad>93</ns3:cad>
          </ns3:TrackPointExtension>
        </extensions>
      </trkpt>
      <trkpt lat="22.59336576797068119049072265625" lon="113.8781295530498027801513671875">
        <ele>7.400000095367431640625</ele>
        <time>2026-09-14T22:31:02.000Z</time>
        <extensions>
          <ns3:TrackPointExtension>
            <ns3:hr>107</ns3:hr>
            <ns3:cad>93</ns3:cad>
          </ns3:TrackPointExtension>
        </extensions>
      </trkpt>
      <trkpt lat="22.59339309297502040863037109375" lon="113.8781057484447956085205078125">
        <ele>7.400000095367431640625</ele>
        <time>2026-09-14T22:31:03.000Z</time>
        <extensions>
          <ns3:TrackPointExtension>
            <ns3:hr>108</ns3:hr>
            <ns3:cad>93</ns3:cad>
          </ns3:TrackPointExtension>
        </extensions>
      </trkpt>
      <trkpt lat="22.5934054143726825714111328125" lon="113.87808269821107387542724609375">
        <ele>7.400000095367431640625</ele>
        <time>2026-09-14T22:31:04.000Z</time>
        <extensions>
          <ns3:TrackPointExtension>
            <ns3:hr>109</ns3:hr>
            <ns3:cad>94</ns3:cad>
          </ns3:TrackPointExtension>
        </extensions>
      </trkpt>
      <trkpt lat="22.59343131445348262786865234375" lon="113.8780608214437961578369140625">
        <ele>7.19999980926513671875</ele>
        <time>2026-09-14T22:31:05.000Z</time>
        <extensions>
          <ns3:TrackPointExtension>
            <ns3:hr>110</ns3:hr>
            <ns3:cad>94</ns3:cad>
          </ns3:TrackPointExtension>
        </extensions>
      </trkpt>
      <trkpt lat="22.5934536941349506378173828125" lon="113.8780376873910427093505859375">
        <ele>7.19999980926513671875</ele>
        <time>2026-09-14T22:31:06.000Z</time>
        <extensions>
          <ns3:TrackPointExtension>
            <ns3:hr>111</ns3:hr>
            <ns3:cad>94</ns3:cad>
          </ns3:TrackPointExtension>
        </extensions>
      </trkpt>
      <trkpt lat="22.5934798456728458404541015625" lon="113.87801815755665302276611328125">
        <ele>7.19999980926513671875</ele>
        <time>2026-09-14T22:31:07.000Z</time>
        <extensions>
          <ns3:TrackPointExtension>
            <ns3:hr>112</ns3:hr>
            <ns3:cad>93</ns3:cad>
          </ns3:TrackPointExtension>
        </extensions>
      </trkpt>
      <trkpt lat="22.5935033150017261505126953125" lon="113.87799887917935848236083984375">
        <ele>7.19999980926513671875</ele>
        <time>2026-09-14T22:31:08.000Z</time>
        <extensions>
          <ns3:TrackPointExtension>
            <ns3:hr>112</ns3:hr>
            <ns3:cad>93</ns3:cad>
          </ns3:TrackPointExtension>
        </extensions>
      </trkpt>
      <trkpt lat="22.59352385066449642181396484375" lon="113.877982534468173980712890625">
        <ele>7.400000095367431640625</ele>
        <time>2026-09-14T22:31:09.000Z</time>
        <extensions>
          <ns3:TrackPointExtension>
            <ns3:hr>113</ns3:hr>
            <ns3:cad>93</ns3:cad>
          </ns3:TrackPointExtension>
        </extensions>
      </trkpt>
      <trkpt lat="22.59355234913527965545654296875" lon="113.87796007096767425537109375">
        <ele>7.400000095367431640625</ele>
        <time>2026-09-14T22:31:10.000Z</time>
        <extensions>
          <ns3:TrackPointExtension>
            <ns3:hr>114</ns3:hr>
            <ns3:cad>93</ns3:cad>
          </ns3:TrackPointExtension>
        </extensions>
      </trkpt>
      <trkpt lat="22.59356827475130558013916015625" lon="113.8779431395232677459716796875">
        <ele>7.400000095367431640625</ele>
        <time>2026-09-14T22:31:11.000Z</time>
        <extensions>
          <ns3:TrackPointExtension>
            <ns3:hr>114</ns3:hr>
            <ns3:cad>93</ns3:cad>
          </ns3:TrackPointExtension>
        </extensions>
      </trkpt>
      <trkpt lat="22.5935978628695011138916015625" lon="113.87792662717401981353759765625">
        <ele>7.400000095367431640625</ele>
        <time>2026-09-14T22:31:12.000Z</time>
        <extensions>
          <ns3:TrackPointExtension>
            <ns3:hr>115</ns3:hr>
            <ns3:cad>92</ns3:cad>
          </ns3:TrackPointExtension>
        </extensions>
      </trkpt>
      <trkpt lat="22.593623511493206024169921875" lon="113.8779126293957233428955078125">
        <ele>7.400000095367431640625</ele>
        <time>2026-09-14T22:31:13.000Z</time>
        <extensions>
          <ns3:TrackPointExtension>
            <ns3:hr>115</ns3:hr>
            <ns3:cad>92</ns3:cad>
          </ns3:TrackPointExtension>
        </extensions>
      </trkpt>
      <trkpt lat="22.59364941157400608062744140625" lon="113.877923190593719482421875">
        <ele>7.400000095367431640625</ele>
        <time>2026-09-14T22:31:14.000Z</time>
        <extensions>
          <ns3:TrackPointExtension>
            <ns3:hr>115</ns3:hr>
            <ns3:cad>93</ns3:cad>
          </ns3:TrackPointExtension>
        </extensions>
      </trkpt>
      <trkpt lat="22.59367279708385467529296875" lon="113.87793190777301788330078125">
        <ele>7.400000095367431640625</ele>
        <time>2026-09-14T22:31:15.000Z</time>
        <extensions>
          <ns3:TrackPointExtension>
            <ns3:hr>116</ns3:hr>
            <ns3:cad>93</ns3:cad>
          </ns3:TrackPointExtension>
        </extensions>
      </trkpt>
      <trkpt lat="22.59370104409754276275634765625" lon="113.877943642437458038330078125">
        <ele>7.400000095367431640625</ele>
        <time>2026-09-14T22:31:16.000Z</time>
        <extensions>
          <ns3:TrackPointExtension>
            <ns3:hr>116</ns3:hr>
            <ns3:cad>93</ns3:cad>
          </ns3:TrackPointExtension>
        </extensions>
      </trkpt>
      <trkpt lat="22.59372417815029621124267578125" lon="113.8779481686651706695556640625">
        <ele>7.400000095367431640625</ele>
        <time>2026-09-14T22:31:17.000Z</time>
        <extensions>
          <ns3:TrackPointExtension>
            <ns3:hr>116</ns3:hr>
            <ns3:cad>94</ns3:cad>
          </ns3:TrackPointExtension>
        </extensions>
      </trkpt>
      <trkpt lat="22.59373809210956096649169921875" lon="113.87795562855899333953857421875">
        <ele>7.599999904632568359375</ele>
        <time>2026-09-14T22:31:18.000Z</time>
        <extensions>
          <ns3:TrackPointExtension>
            <ns3:hr>117</ns3:hr>
            <ns3:cad>94</ns3:cad>
          </ns3:TrackPointExtension>
        </extensions>
      </trkpt>
      <trkpt lat="22.5937628187239170074462890625" lon="113.87795847840607166290283203125">
        <ele>7.599999904632568359375</ele>
        <time>2026-09-14T22:31:19.000Z</time>
        <extensions>
          <ns3:TrackPointExtension>
            <ns3:hr>117</ns3:hr>
            <ns3:cad>92</ns3:cad>
          </ns3:TrackPointExtension>
        </extensions>
      </trkpt>
      <trkpt lat="22.59378544986248016357421875" lon="113.87796702794730663299560546875">
        <ele>7.80000019073486328125</ele>
        <time>2026-09-14T22:31:20.000Z</time>
        <extensions>
          <ns3:TrackPointExtension>
            <ns3:hr>117</ns3:hr>
            <ns3:cad>92</ns3:cad>
          </ns3:TrackPointExtension>
        </extensions>
      </trkpt>
      <trkpt lat="22.59381269104778766632080078125" lon="113.877971805632114410400390625">
        <ele>7.80000019073486328125</ele>
        <time>2026-09-14T22:31:21.000Z</time>
        <extensions>
          <ns3:TrackPointExtension>
            <ns3:hr>118</ns3:hr>
            <ns3:cad>92</ns3:cad>
          </ns3:TrackPointExtension>
        </extensions>
      </trkpt>
      <trkpt lat="22.59383548982441425323486328125" lon="113.87797976844012737274169921875">
        <ele>7.80000019073486328125</ele>
        <time>2026-09-14T22:31:22.000Z</time>
        <extensions>
          <ns3:TrackPointExtension>
            <ns3:hr>118</ns3:hr>
            <ns3:cad>93</ns3:cad>
          </ns3:TrackPointExtension>
        </extensions>
      </trkpt>
      <trkpt lat="22.59386591613292694091796875" lon="113.87799133546650409698486328125">
        <ele>7.80000019073486328125</ele>
        <time>2026-09-14T22:31:23.000Z</time>
        <extensions>
          <ns3:TrackPointExtension>
            <ns3:hr>118</ns3:hr>
            <ns3:cad>93</ns3:cad>
          </ns3:TrackPointExtension>
        </extensions>
      </trkpt>
      <trkpt lat="22.5938875414431095123291015625" lon="113.877994604408740997314453125">
        <ele>7.80000019073486328125</ele>
        <time>2026-09-14T22:31:24.000Z</time>
        <extensions>
          <ns3:TrackPointExtension>
            <ns3:hr>119</ns3:hr>
            <ns3:cad>92</ns3:cad>
          </ns3:TrackPointExtension>
        </extensions>
      </trkpt>
      <trkpt lat="22.5939207337796688079833984375" lon="113.878000639379024505615234375">
        <ele>7.80000019073486328125</ele>
        <time>2026-09-14T22:31:25.000Z</time>
        <extensions>
          <ns3:TrackPointExtension>
            <ns3:hr>119</ns3:hr>
            <ns3:cad>92</ns3:cad>
          </ns3:TrackPointExtension>
        </extensions>
      </trkpt>
      <trkpt lat="22.59394344873726367950439453125" lon="113.87800608761608600616455078125">
        <ele>7.80000019073486328125</ele>
        <time>2026-09-14T22:31:26.000Z</time>
        <extensions>
          <ns3:TrackPointExtension>
            <ns3:hr>120</ns3:hr>
            <ns3:cad>92</ns3:cad>
          </ns3:TrackPointExtension>
        </extensions>
      </trkpt>
      <trkpt lat="22.59396825917065143585205078125" lon="113.8780142180621623992919921875">
        <ele>7.80000019073486328125</ele>
        <time>2026-09-14T22:31:27.000Z</time>
        <extensions>
          <ns3:TrackPointExtension>
            <ns3:hr>120</ns3:hr>
            <ns3:cad>91</ns3:cad>
          </ns3:TrackPointExtension>
        </extensions>
      </trkpt>
      <trkpt lat="22.59399089030921459197998046875" lon="113.87801916338503360748291015625">
        <ele>7.80000019073486328125</ele>
        <time>2026-09-14T22:31:28.000Z</time>
        <extensions>
          <ns3:TrackPointExtension>
            <ns3:hr>120</ns3:hr>
            <ns3:cad>92</ns3:cad>
          </ns3:TrackPointExtension>
        </extensions>
      </trkpt>
      <trkpt lat="22.59401419200003147125244140625" lon="113.87802653945982456207275390625">
        <ele>7.80000019073486328125</ele>
        <time>2026-09-14T22:31:29.000Z</time>
        <extensions>
          <ns3:TrackPointExtension>
            <ns3:hr>120</ns3:hr>
            <ns3:cad>93</ns3:cad>
          </ns3:TrackPointExtension>
        </extensions>
      </trkpt>
      <trkpt lat="22.59404134936630725860595703125" lon="113.87802905403077602386474609375">
        <ele>7.80000019073486328125</ele>
        <time>2026-09-14T22:31:30.000Z</time>
        <extensions>
          <ns3:TrackPointExtension>
            <ns3:hr>120</ns3:hr>
            <ns3:cad>94</ns3:cad>
          </ns3:TrackPointExtension>
        </extensions>
      </trkpt>
      <trkpt lat="22.59406414814293384552001953125" lon="113.878034166991710662841796875">
        <ele>7.80000019073486328125</ele>
        <time>2026-09-14T22:31:31.000Z</time>
        <extensions>
          <ns3:TrackPointExtension>
            <ns3:hr>121</ns3:hr>
            <ns3:cad>94</ns3:cad>
          </ns3:TrackPointExtension>
        </extensions>
      </trkpt>
      <trkpt lat="22.594098933041095733642578125" lon="113.87803911231458187103271484375">
        <ele>7.80000019073486328125</ele>
        <time>2026-09-14T22:31:32.000Z</time>
        <extensions>
          <ns3:TrackPointExtension>
            <ns3:hr>120</ns3:hr>
            <ns3:cad>94</ns3:cad>
          </ns3:TrackPointExtension>
        </extensions>
      </trkpt>
      <trkpt lat="22.59412332437932491302490234375" lon="113.878041207790374755859375">
        <ele>7.80000019073486328125</ele>
        <time>2026-09-14T22:31:33.000Z</time>
        <extensions>
          <ns3:TrackPointExtension>
            <ns3:hr>121</ns3:hr>
            <ns3:cad>93</ns3:cad>
          </ns3:TrackPointExtension>
        </extensions>
      </trkpt>
      <trkpt lat="22.5941564328968524932861328125" lon="113.87804229743778705596923828125">
        <ele>7.80000019073486328125</ele>
        <time>2026-09-14T22:31:34.000Z</time>
        <extensions>
          <ns3:TrackPointExtension>
            <ns3:hr>121</ns3:hr>
            <ns3:cad>93</ns3:cad>
          </ns3:TrackPointExtension>
        </extensions>
      </trkpt>
      <trkpt lat="22.594188787043094635009765625" lon="113.878044225275516510009765625">
        <ele>7.80000019073486328125</ele>
        <time>2026-09-14T22:31:35.000Z</time>
        <extensions>
          <ns3:TrackPointExtension>
            <ns3:hr>121</ns3:hr>
            <ns3:cad>93</ns3:cad>
          </ns3:TrackPointExtension>
        </extensions>
      </trkpt>
      <trkpt lat="22.5942208059132099151611328125" lon="113.87804858386516571044921875">
        <ele>7.80000019073486328125</ele>
        <time>2026-09-14T22:31:36.000Z</time>
        <extensions>
          <ns3:TrackPointExtension>
            <ns3:hr>121</ns3:hr>
            <ns3:cad>93</ns3:cad>
          </ns3:TrackPointExtension>
        </extensions>
      </trkpt>
      <trkpt lat="22.59425173513591289520263671875" lon="113.8780457340180873870849609375">
        <ele>7.80000019073486328125</ele>
        <time>2026-09-14T22:31:37.000Z</time>
        <extensions>
          <ns3:TrackPointExtension>
            <ns3:hr>121</ns3:hr>
            <ns3:cad>94</ns3:cad>
          </ns3:TrackPointExtension>
        </extensions>
      </trkpt>
      <trkpt lat="22.59427671320736408233642578125" lon="113.878040872514247894287109375">
        <ele>7.80000019073486328125</ele>
        <time>2026-09-14T22:31:38.000Z</time>
        <extensions>
          <ns3:TrackPointExtension>
            <ns3:hr>122</ns3:hr>
            <ns3:cad>94</ns3:cad>
          </ns3:TrackPointExtension>
        </extensions>
      </trkpt>
      <trkpt lat="22.59431024082005023956298828125" lon="113.878041543066501617431640625">
        <ele>8</ele>
        <time>2026-09-14T22:31:39.000Z</time>
        <extensions>
          <ns3:TrackPointExtension>
            <ns3:hr>122</ns3:hr>
            <ns3:cad>94</ns3:cad>
          </ns3:TrackPointExtension>
        </extensions>
      </trkpt>
      <trkpt lat="22.5943346321582794189453125" lon="113.87804187834262847900390625">
        <ele>7.80000019073486328125</ele>
        <time>2026-09-14T22:31:40.000Z</time>
        <extensions>
          <ns3:TrackPointExtension>
            <ns3:hr>122</ns3:hr>
            <ns3:cad>94</ns3:cad>
          </ns3:TrackPointExtension>
        </extensions>
      </trkpt>
      <trkpt lat="22.59436740539968013763427734375" lon="113.87804212979972362518310546875">
        <ele>7.80000019073486328125</ele>
        <time>2026-09-14T22:31:41.000Z</time>
        <extensions>
          <ns3:TrackPointExtension>
            <ns3:hr>122</ns3:hr>
            <ns3:cad>94</ns3:cad>
          </ns3:TrackPointExtension>
        </extensions>
      </trkpt>
      <trkpt lat="22.59439338929951190948486328125" lon="113.87803944759070873260498046875">
        <ele>7.80000019073486328125</ele>
        <time>2026-09-14T22:31:42.000Z</time>
        <extensions>
          <ns3:TrackPointExtension>
            <ns3:hr>123</ns3:hr>
            <ns3:cad>94</ns3:cad>
          </ns3:TrackPointExtension>
        </extensions>
      </trkpt>
      <trkpt lat="22.594420798122882843017578125" lon="113.87803374789655208587646484375">
        <ele>7.80000019073486328125</ele>
        <time>2026-09-14T22:31:43.000Z</time>
        <extensions>
          <ns3:TrackPointExtension>
            <ns3:hr>123</ns3:hr>
            <ns3:cad>92</ns3:cad>
          </ns3:TrackPointExtension>
        </extensions>
      </trkpt>
      <trkpt lat="22.594447620213031768798828125" lon="113.87802737765014171600341796875">
        <ele>7.80000019073486328125</ele>
        <time>2026-09-14T22:31:44.000Z</time>
        <extensions>
          <ns3:TrackPointExtension>
            <ns3:hr>123</ns3:hr>
            <ns3:cad>92</ns3:cad>
          </ns3:TrackPointExtension>
        </extensions>
      </trkpt>
      <trkpt lat="22.59447067044675350189208984375" lon="113.87802285142242908477783203125">
        <ele>7.80000019073486328125</ele>
        <time>2026-09-14T22:31:45.000Z</time>
        <extensions>
          <ns3:TrackPointExtension>
            <ns3:hr>123</ns3:hr>
            <ns3:cad>93</ns3:cad>
          </ns3:TrackPointExtension>
        </extensions>
      </trkpt>
      <trkpt lat="22.59450620971620082855224609375" lon="113.878019750118255615234375">
        <ele>7.80000019073486328125</ele>
        <time>2026-09-14T22:31:46.000Z</time>
        <extensions>
          <ns3:TrackPointExtension>
            <ns3:hr>123</ns3:hr>
            <ns3:cad>93</ns3:cad>
          </ns3:TrackPointExtension>
        </extensions>
      </trkpt>
      <trkpt lat="22.594529427587985992431640625" lon="113.87802067212760448455810546875">
        <ele>7.80000019073486328125</ele>
        <time>2026-09-14T22:31:47.000Z</time>
        <extensions>
          <ns3:TrackPointExtension>
            <ns3:hr>123</ns3:hr>
            <ns3:cad>93</ns3:cad>
          </ns3:TrackPointExtension>
        </extensions>
      </trkpt>
      <trkpt lat="22.5945601053535938262939453125" lon="113.87801430188119411468505859375">
        <ele>7.80000019073486328125</ele>
        <time>2026-09-14T22:31:48.000Z</time>
        <extensions>
          <ns3:TrackPointExtension>
            <ns3:hr>123</ns3:hr>
            <ns3:cad>94</ns3:cad>
          </ns3:TrackPointExtension>
        </extensions>
      </trkpt>
      <trkpt lat="22.5945818983018398284912109375" lon="113.87800994329154491424560546875">
        <ele>7.80000019073486328125</ele>
        <time>2026-09-14T22:31:49.000Z</time>
        <extensions>
          <ns3:TrackPointExtension>
            <ns3:hr>123</ns3:hr>
            <ns3:cad>94</ns3:cad>
          </ns3:TrackPointExtension>
        </extensions>
      </trkpt>
      <trkpt lat="22.59461182169616222381591796875" lon="113.8780071772634983062744140625">
        <ele>8</ele>
        <time>2026-09-14T22:31:50.000Z</time>
        <extensions>
          <ns3:TrackPointExtension>
            <ns3:hr>123</ns3:hr>
            <ns3:cad>94</ns3:cad>
          </ns3:TrackPointExtension>
        </extensions>
      </trkpt>
      <trkpt lat="22.59463369846343994140625" lon="113.87799787335097789764404296875">
        <ele>8</ele>
        <time>2026-09-14T22:31:51.000Z</time>
        <extensions>
          <ns3:TrackPointExtension>
            <ns3:hr>124</ns3:hr>
            <ns3:cad>94</ns3:cad>
          </ns3:TrackPointExtension>
        </extensions>
      </trkpt>
      <trkpt lat="22.59465574286878108978271484375" lon="113.87799091637134552001953125">
        <ele>8.19999980926513671875</ele>
        <time>2026-09-14T22:31:52.000Z</time>
        <extensions>
          <ns3:TrackPointExtension>
            <ns3:hr>124</ns3:hr>
            <ns3:cad>93</ns3:cad>
          </ns3:TrackPointExtension>
        </extensions>
      </trkpt>
      <trkpt lat="22.59468373842537403106689453125" lon="113.8779835402965545654296875">
        <ele>8.19999980926513671875</ele>
        <time>2026-09-14T22:31:53.000Z</time>
        <extensions>
          <ns3:TrackPointExtension>
            <ns3:hr>124</ns3:hr>
            <ns3:cad>92</ns3:cad>
          </ns3:TrackPointExtension>
        </extensions>
      </trkpt>
      <trkpt lat="22.59470368735492229461669921875" lon="113.8779781758785247802734375">
        <ele>8.3999996185302734375</ele>
        <time>2026-09-14T22:31:54.000Z</time>
        <extensions>
          <ns3:TrackPointExtension>
            <ns3:hr>124</ns3:hr>
            <ns3:cad>92</ns3:cad>
          </ns3:TrackPointExtension>
        </extensions>
      </trkpt>
      <trkpt lat="22.5947374664247035980224609375" lon="113.87797557748854160308837890625">
        <ele>8.3999996185302734375</ele>
        <time>2026-09-14T22:31:55.000Z</time>
        <extensions>
          <ns3:TrackPointExtension>
            <ns3:hr>125</ns3:hr>
            <ns3:cad>93</ns3:cad>
          </ns3:TrackPointExtension>
        </extensions>
      </trkpt>
      <trkpt lat="22.59476085193455219268798828125" lon="113.87796317227184772491455078125">
        <ele>8.3999996185302734375</ele>
        <time>2026-09-14T22:31:56.000Z</time>
        <extensions>
          <ns3:TrackPointExtension>
            <ns3:hr>125</ns3:hr>
            <ns3:cad>93</ns3:cad>
          </ns3:TrackPointExtension>
        </extensions>
      </trkpt>
      <trkpt lat="22.59479404427111148834228515625" lon="113.87795411981642246246337890625">
        <ele>8.3999996185302734375</ele>
        <time>2026-09-14T22:31:57.000Z</time>
        <extensions>
          <ns3:TrackPointExtension>
            <ns3:hr>125</ns3:hr>
            <ns3:cad>93</ns3:cad>
          </ns3:TrackPointExtension>
        </extensions>
      </trkpt>
      <trkpt lat="22.594819106161594390869140625" lon="113.8779434747993946075439453125">
        <ele>8.3999996185302734375</ele>
        <time>2026-09-14T22:31:58.000Z</time>
        <extensions>
          <ns3:TrackPointExtension>
            <ns3:hr>125</ns3:hr>
            <ns3:cad>93</ns3:cad>
          </ns3:TrackPointExtension>
        </extensions>
      </trkpt>
      <trkpt lat="22.59484827518463134765625" lon="113.87794272042810916900634765625">
        <ele>8.3999996185302734375</ele>
        <time>2026-09-14T22:31:59.000Z</time>
        <extensions>
          <ns3:TrackPointExtension>
            <ns3:hr>125</ns3:hr>
            <ns3:cad>92</ns3:cad>
          </ns3:TrackPointExtension>
        </extensions>
      </trkpt>
      <trkpt lat="22.59487953968346118927001953125" lon="113.8779367692768573760986328125">
        <ele>8.3999996185302734375</ele>
        <time>2026-09-14T22:32:00.000Z</time>
        <extensions>
          <ns3:TrackPointExtension>
            <ns3:hr>125</ns3:hr>
            <ns3:cad>93</ns3:cad>
          </ns3:TrackPointExtension>
        </extensions>
      </trkpt>
      <trkpt lat="22.5949024222791194915771484375" lon="113.87792880646884441375732421875">
        <ele>8.3999996185302734375</ele>
        <time>2026-09-14T22:32:01.000Z</time>
        <extensions>
          <ns3:TrackPointExtension>
            <ns3:hr>125</ns3:hr>
            <ns3:cad>93</ns3:cad>
          </ns3:TrackPointExtension>
        </extensions>
      </trkpt>
      <trkpt lat="22.594937123358249664306640625" lon="113.87792277149856090545654296875">
        <ele>8.6000003814697265625</ele>
        <time>2026-09-14T22:32:02.000Z</time>
        <extensions>
          <ns3:TrackPointExtension>
            <ns3:hr>126</ns3:hr>
            <ns3:cad>95</ns3:cad>
          </ns3:TrackPointExtension>
        </extensions>
      </trkpt>
      <trkpt lat="22.59495765902101993560791015625" lon="113.8779111206531524658203125">
        <ele>8.6000003814697265625</ele>
        <time>2026-09-14T22:32:03.000Z</time>
        <extensions>
          <ns3:TrackPointExtension>
            <ns3:hr>126</ns3:hr>
            <ns3:cad>95</ns3:cad>
          </ns3:TrackPointExtension>
        </extensions>
      </trkpt>
      <trkpt lat="22.594990767538547515869140625" lon="113.87790936045348644256591796875">
        <ele>8.6000003814697265625</ele>
        <time>2026-09-14T22:32:04.000Z</time>
        <extensions>
          <ns3:TrackPointExtension>
            <ns3:hr>126</ns3:hr>
            <ns3:cad>95</ns3:cad>
          </ns3:TrackPointExtension>
        </extensions>
      </trkpt>
      <trkpt lat="22.59501733817160129547119140625" lon="113.877900056540966033935546875">
        <ele>8.6000003814697265625</ele>
        <time>2026-09-14T22:32:05.000Z</time>
        <extensions>
          <ns3:TrackPointExtension>
            <ns3:hr>127</ns3:hr>
            <ns3:cad>94</ns3:cad>
          </ns3:TrackPointExtension>
        </extensions>
      </trkpt>
      <trkpt lat="22.5950435735285282135009765625" lon="113.87789678759872913360595703125">
        <ele>8.6000003814697265625</ele>
        <time>2026-09-14T22:32:06.000Z</time>
        <extensions>
          <ns3:TrackPointExtension>
            <ns3:hr>127</ns3:hr>
            <ns3:cad>94</ns3:cad>
          </ns3:TrackPointExtension>
        </extensions>
      </trkpt>
      <trkpt lat="22.595070898532867431640625" lon="113.87788237072527408599853515625">
        <ele>8.6000003814697265625</ele>
        <time>2026-09-14T22:32:07.000Z</time>
        <extensions>
          <ns3:TrackPointExtension>
            <ns3:hr>127</ns3:hr>
            <ns3:cad>94</ns3:cad>
          </ns3:TrackPointExtension>
        </extensions>
      </trkpt>
      <trkpt lat="22.59509696625173091888427734375" lon="113.8778727315366268157958984375">
        <ele>8.6000003814697265625</ele>
        <time>2026-09-14T22:32:08.000Z</time>
        <extensions>
          <ns3:TrackPointExtension>
            <ns3:hr>128</ns3:hr>
            <ns3:cad>94</ns3:cad>
          </ns3:TrackPointExtension>
        </extensions>
      </trkpt>
      <trkpt lat="22.595128230750560760498046875" lon="113.87786007486283779144287109375">
        <ele>8.6000003814697265625</ele>
        <time>2026-09-14T22:32:09.000Z</time>
        <extensions>
          <ns3:TrackPointExtension>
            <ns3:hr>128</ns3:hr>
            <ns3:cad>94</ns3:cad>
          </ns3:TrackPointExtension>
        </extensions>
      </trkpt>
      <trkpt lat="22.5951501913368701934814453125" lon="113.87784901075065135955810546875">
        <ele>8.6000003814697265625</ele>
        <time>2026-09-14T22:32:10.000Z</time>
        <extensions>
          <ns3:TrackPointExtension>
            <ns3:hr>128</ns3:hr>
            <ns3:cad>94</ns3:cad>
          </ns3:TrackPointExtension>
        </extensions>
      </trkpt>
      <trkpt lat="22.5951830483973026275634765625" lon="113.8778435625135898590087890625">
        <ele>8.6000003814697265625</ele>
        <time>2026-09-14T22:32:11.000Z</time>
        <extensions>
          <ns3:TrackPointExtension>
            <ns3:hr>129</ns3:hr>
            <ns3:cad>93</ns3:cad>
          </ns3:TrackPointExtension>
        </extensions>
      </trkpt>
      <trkpt lat="22.59520894847810268402099609375" lon="113.8778365217149257659912109375">
        <ele>8.6000003814697265625</ele>
        <time>2026-09-14T22:32:12.000Z</time>
        <extensions>
          <ns3:TrackPointExtension>
            <ns3:hr>129</ns3:hr>
            <ns3:cad>93</ns3:cad>
          </ns3:TrackPointExtension>
        </extensions>
      </trkpt>
      <trkpt lat="22.59524214081466197967529296875" lon="113.87783660553395748138427734375">
        <ele>8.6000003814697265625</ele>
        <time>2026-09-14T22:32:13.000Z</time>
        <extensions>
          <ns3:TrackPointExtension>
            <ns3:hr>129</ns3:hr>
            <ns3:cad>93</ns3:cad>
          </ns3:TrackPointExtension>
        </extensions>
      </trkpt>
      <trkpt lat="22.59526996873319149017333984375" lon="113.87783660553395748138427734375">
        <ele>8.6000003814697265625</ele>
        <time>2026-09-14T22:32:14.000Z</time>
        <extensions>
          <ns3:TrackPointExtension>
            <ns3:hr>129</ns3:hr>
            <ns3:cad>94</ns3:cad>
          </ns3:TrackPointExtension>
        </extensions>
      </trkpt>
      <trkpt lat="22.595296539366245269775390625" lon="113.877837359905242919921875">
        <ele>8.6000003814697265625</ele>
        <time>2026-09-14T22:32:15.000Z</time>
        <extensions>
          <ns3:TrackPointExtension>
            <ns3:hr>130</ns3:hr>
            <ns3:cad>94</ns3:cad>
          </ns3:TrackPointExtension>
        </extensions>
      </trkpt>
      <trkpt lat="22.59532847441732883453369140625" lon="113.877838365733623504638671875">
        <ele>8.6000003814697265625</ele>
        <time>2026-09-14T22:32:16.000Z</time>
        <extensions>
          <ns3:TrackPointExtension>
            <ns3:hr>130</ns3:hr>
            <ns3:cad>94</ns3:cad>
          </ns3:TrackPointExtension>
        </extensions>
      </trkpt>
      <trkpt lat="22.595352195203304290771484375" lon="113.877834342420101165771484375">
        <ele>8.6000003814697265625</ele>
        <time>2026-09-14T22:32:17.000Z</time>
        <extensions>
          <ns3:TrackPointExtension>
            <ns3:hr>130</ns3:hr>
            <ns3:cad>94</ns3:cad>
          </ns3:TrackPointExtension>
        </extensions>
      </trkpt>
      <trkpt lat="22.595387734472751617431640625" lon="113.87783794663846492767333984375">
        <ele>8.6000003814697265625</ele>
        <time>2026-09-14T22:32:18.000Z</time>
        <extensions>
          <ns3:TrackPointExtension>
            <ns3:hr>131</ns3:hr>
            <ns3:cad>93</ns3:cad>
          </ns3:TrackPointExtension>
        </extensions>
      </trkpt>
      <trkpt lat="22.59541246108710765838623046875" lon="113.8778440654277801513671875">
        <ele>8.6000003814697265625</ele>
        <time>2026-09-14T22:32:19.000Z</time>
        <extensions>
          <ns3:TrackPointExtension>
            <ns3:hr>131</ns3:hr>
            <ns3:cad>93</ns3:cad>
          </ns3:TrackPointExtension>
        </extensions>
      </trkpt>
      <trkpt lat="22.59543727152049541473388671875" lon="113.87785286642611026763916015625">
        <ele>8.6000003814697265625</ele>
        <time>2026-09-14T22:32:20.000Z</time>
        <extensions>
          <ns3:TrackPointExtension>
            <ns3:hr>131</ns3:hr>
            <ns3:cad>94</ns3:cad>
          </ns3:TrackPointExtension>
        </extensions>
      </trkpt>
      <trkpt lat="22.59545638225972652435302734375" lon="113.87785538099706172943115234375">
        <ele>8.80000019073486328125</ele>
        <time>2026-09-14T22:32:21.000Z</time>
        <extensions>
          <ns3:TrackPointExtension>
            <ns3:hr>132</ns3:hr>
            <ns3:cad>94</ns3:cad>
          </ns3:TrackPointExtension>
        </extensions>
      </trkpt>
      <trkpt lat="22.59548320434987545013427734375" lon="113.87785739265382289886474609375">
        <ele>9</ele>
        <time>2026-09-14T22:32:22.000Z</time>
        <extensions>
          <ns3:TrackPointExtension>
            <ns3:hr>132</ns3:hr>
            <ns3:cad>94</ns3:cad>
          </ns3:TrackPointExtension>
        </extensions>
      </trkpt>
      <trkpt lat="22.59550047107040882110595703125" lon="113.877851106226444244384765625">
        <ele>9.19999980926513671875</ele>
        <time>2026-09-14T22:32:23.000Z</time>
        <extensions>
          <ns3:TrackPointExtension>
            <ns3:hr>132</ns3:hr>
            <ns3:cad>96</ns3:cad>
          </ns3:TrackPointExtension>
        </extensions>
      </trkpt>
      <trkpt lat="22.59552888572216033935546875" lon="113.877848088741302490234375">
        <ele>9.19999980926513671875</ele>
        <time>2026-09-14T22:32:24.000Z</time>
        <extensions>
          <ns3:TrackPointExtension>
            <ns3:hr>132</ns3:hr>
            <ns3:cad>93</ns3:cad>
          </ns3:TrackPointExtension>
        </extensions>
      </trkpt>
      <trkpt lat="22.59554690681397914886474609375" lon="113.87784180231392383575439453125">
        <ele>9.19999980926513671875</ele>
        <time>2026-09-14T22:32:25.000Z</time>
        <extensions>
          <ns3:TrackPointExtension>
            <ns3:hr>132</ns3:hr>
            <ns3:cad>91</ns3:cad>
          </ns3:TrackPointExtension>
        </extensions>
      </trkpt>
      <trkpt lat="22.5955696217715740203857421875" lon="113.8778381980955600738525390625">
        <ele>9.19999980926513671875</ele>
        <time>2026-09-14T22:32:26.000Z</time>
        <extensions>
          <ns3:TrackPointExtension>
            <ns3:hr>131</ns3:hr>
            <ns3:cad>91</ns3:cad>
          </ns3:TrackPointExtension>
        </extensions>
      </trkpt>
      <trkpt lat="22.5955961085855960845947265625" lon="113.87782730162143707275390625">
        <ele>9.19999980926513671875</ele>
        <time>2026-09-14T22:32:27.000Z</time>
        <extensions>
          <ns3:TrackPointExtension>
            <ns3:hr>132</ns3:hr>
            <ns3:cad>91</ns3:cad>
          </ns3:TrackPointExtension>
        </extensions>
      </trkpt>
      <trkpt lat="22.5956192426383495330810546875" lon="113.877815902233123779296875">
        <ele>9.19999980926513671875</ele>
        <time>2026-09-14T22:32:28.000Z</time>
        <extensions>
          <ns3:TrackPointExtension>
            <ns3:hr>131</ns3:hr>
            <ns3:cad>91</ns3:cad>
          </ns3:TrackPointExtension>
        </extensions>
      </trkpt>
      <trkpt lat="22.5956462323665618896484375" lon="113.877805508673191070556640625">
        <ele>9.19999980926513671875</ele>
        <time>2026-09-14T22:32:29.000Z</time>
        <extensions>
          <ns3:TrackPointExtension>
            <ns3:hr>131</ns3:hr>
            <ns3:cad>92</ns3:cad>
          </ns3:TrackPointExtension>
        </extensions>
      </trkpt>
      <trkpt lat="22.59567104279994964599609375" lon="113.877801485359668731689453125">
        <ele>9.19999980926513671875</ele>
        <time>2026-09-14T22:32:30.000Z</time>
        <extensions>
          <ns3:TrackPointExtension>
            <ns3:hr>131</ns3:hr>
            <ns3:cad>93</ns3:cad>
          </ns3:TrackPointExtension>
        </extensions>
      </trkpt>
      <trkpt lat="22.59570322930812835693359375" lon="113.87778966687619686126708984375">
        <ele>9</ele>
        <time>2026-09-14T22:32:31.000Z</time>
        <extensions>
          <ns3:TrackPointExtension>
            <ns3:hr>131</ns3:hr>
            <ns3:cad>93</ns3:cad>
          </ns3:TrackPointExtension>
        </extensions>
      </trkpt>
      <trkpt lat="22.5957293808460235595703125" lon="113.87777893804013729095458984375">
        <ele>8.80000019073486328125</ele>
        <time>2026-09-14T22:32:32.000Z</time>
        <extensions>
          <ns3:TrackPointExtension>
            <ns3:hr>131</ns3:hr>
            <ns3:cad>93</ns3:cad>
          </ns3:TrackPointExtension>
        </extensions>
      </trkpt>
      <trkpt lat="22.59576181881129741668701171875" lon="113.87777541764080524444580078125">
        <ele>8.80000019073486328125</ele>
        <time>2026-09-14T22:32:33.000Z</time>
        <extensions>
          <ns3:TrackPointExtension>
            <ns3:hr>131</ns3:hr>
            <ns3:cad>93</ns3:cad>
          </ns3:TrackPointExtension>
        </extensions>
      </trkpt>
      <trkpt lat="22.595782689750194549560546875" lon="113.87777273543179035186767578125">
        <ele>8.6000003814697265625</ele>
        <time>2026-09-14T22:32:34.000Z</time>
        <extensions>
          <ns3:TrackPointExtension>
            <ns3:hr>132</ns3:hr>
            <ns3:cad>93</ns3:cad>
          </ns3:TrackPointExtension>
        </extensions>
      </trkpt>
      <trkpt lat="22.5958140380680561065673828125" lon="113.877776674926280975341796875">
        <ele>8.6000003814697265625</ele>
        <time>2026-09-14T22:32:35.000Z</time>
        <extensions>
          <ns3:TrackPointExtension>
            <ns3:hr>132</ns3:hr>
            <ns3:cad>91</ns3:cad>
          </ns3:TrackPointExtension>
        </extensions>
      </trkpt>
      <trkpt lat="22.59583591483533382415771484375" lon="113.8777758367359638214111328125">
        <ele>8.6000003814697265625</ele>
        <time>2026-09-14T22:32:36.000Z</time>
        <extensions>
          <ns3:TrackPointExtension>
            <ns3:hr>132</ns3:hr>
            <ns3:cad>92</ns3:cad>
          </ns3:TrackPointExtension>
        </extensions>
      </trkpt>
      <trkpt lat="22.59586491622030735015869140625" lon="113.87777960859239101409912109375">
        <ele>8.6000003814697265625</ele>
        <time>2026-09-14T22:32:37.000Z</time>
        <extensions>
          <ns3:TrackPointExtension>
            <ns3:hr>132</ns3:hr>
            <ns3:cad>92</ns3:cad>
          </ns3:TrackPointExtension>
        </extensions>
      </trkpt>
      <trkpt lat="22.595892660319805145263671875" lon="113.87777642346918582916259765625">
        <ele>8.6000003814697265625</ele>
        <time>2026-09-14T22:32:38.000Z</time>
        <extensions>
          <ns3:TrackPointExtension>
            <ns3:hr>132</ns3:hr>
            <ns3:cad>93</ns3:cad>
          </ns3:TrackPointExtension>
        </extensions>
      </trkpt>
      <trkpt lat="22.59591436944901943206787109375" lon="113.87778170406818389892578125">
        <ele>8.6000003814697265625</ele>
        <time>2026-09-14T22:32:39.000Z</time>
        <extensions>
          <ns3:TrackPointExtension>
            <ns3:hr>132</ns3:hr>
            <ns3:cad>93</ns3:cad>
          </ns3:TrackPointExtension>
        </extensions>
      </trkpt>
      <trkpt lat="22.59594462811946868896484375" lon="113.87778715230524539947509765625">
        <ele>8.6000003814697265625</ele>
        <time>2026-09-14T22:32:40.000Z</time>
        <extensions>
          <ns3:TrackPointExtension>
            <ns3:hr>132</ns3:hr>
            <ns3:cad>93</ns3:cad>
          </ns3:TrackPointExtension>
        </extensions>
      </trkpt>
      <trkpt lat="22.595966756343841552734375" lon="113.87779000215232372283935546875">
        <ele>8.6000003814697265625</ele>
        <time>2026-09-14T22:32:41.000Z</time>
        <extensions>
          <ns3:TrackPointExtension>
            <ns3:hr>131</ns3:hr>
            <ns3:cad>93</ns3:cad>
          </ns3:TrackPointExtension>
        </extensions>
      </trkpt>
      <trkpt lat="22.5959991104900836944580078125" lon="113.87779201380908489227294921875">
        <ele>8.6000003814697265625</ele>
        <time>2026-09-14T22:32:42.000Z</time>
        <extensions>
          <ns3:TrackPointExtension>
            <ns3:hr>131</ns3:hr>
            <ns3:cad>93</ns3:cad>
          </ns3:TrackPointExtension>
        </extensions>
      </trkpt>
      <trkpt lat="22.5960185565054416656494140625" lon="113.87779503129422664642333984375">
        <ele>8.3999996185302734375</ele>
        <time>2026-09-14T22:32:43.000Z</time>
        <extensions>
          <ns3:TrackPointExtension>
            <ns3:hr>131</ns3:hr>
            <ns3:cad>93</ns3:cad>
          </ns3:TrackPointExtension>
        </extensions>
      </trkpt>
      <trkpt lat="22.596047557890415191650390625" lon="113.87779905460774898529052734375">
        <ele>8.3999996185302734375</ele>
        <time>2026-09-14T22:32:44.000Z</time>
        <extensions>
          <ns3:TrackPointExtension>
            <ns3:hr>131</ns3:hr>
            <ns3:cad>93</ns3:cad>
          </ns3:TrackPointExtension>
        </extensions>
      </trkpt>
      <trkpt lat="22.59607211686670780181884765625" lon="113.8778080232441425323486328125">
        <ele>8.3999996185302734375</ele>
        <time>2026-09-14T22:32:45.000Z</time>
        <extensions>
          <ns3:TrackPointExtension>
            <ns3:hr>131</ns3:hr>
            <ns3:cad>93</ns3:cad>
          </ns3:TrackPointExtension>
        </extensions>
      </trkpt>
      <trkpt lat="22.59609541855752468109130859375" lon="113.8778180815279483795166015625">
        <ele>8.6000003814697265625</ele>
        <time>2026-09-14T22:32:46.000Z</time>
        <extensions>
          <ns3:TrackPointExtension>
            <ns3:hr>131</ns3:hr>
            <ns3:cad>94</ns3:cad>
          </ns3:TrackPointExtension>
        </extensions>
      </trkpt>
      <trkpt lat="22.596129365265369415283203125" lon="113.8778264634311199188232421875">
        <ele>8.6000003814697265625</ele>
        <time>2026-09-14T22:32:47.000Z</time>
        <extensions>
          <ns3:TrackPointExtension>
            <ns3:hr>131</ns3:hr>
            <ns3:cad>95</ns3:cad>
          </ns3:TrackPointExtension>
        </extensions>
      </trkpt>
      <trkpt lat="22.59615308605134487152099609375" lon="113.87783040292561054229736328125">
        <ele>8.6000003814697265625</ele>
        <time>2026-09-14T22:32:48.000Z</time>
        <extensions>
          <ns3:TrackPointExtension>
            <ns3:hr>131</ns3:hr>
            <ns3:cad>95</ns3:cad>
          </ns3:TrackPointExtension>
        </extensions>
      </trkpt>
      <trkpt lat="22.59618711657822132110595703125" lon="113.8778398744761943817138671875">
        <ele>8.6000003814697265625</ele>
        <time>2026-09-14T22:32:49.000Z</time>
        <extensions>
          <ns3:TrackPointExtension>
            <ns3:hr>131</ns3:hr>
            <ns3:cad>95</ns3:cad>
          </ns3:TrackPointExtension>
        </extensions>
      </trkpt>
      <trkpt lat="22.59621058590710163116455078125" lon="113.87784339487552642822265625">
        <ele>8.6000003814697265625</ele>
        <time>2026-09-14T22:32:50.000Z</time>
        <extensions>
          <ns3:TrackPointExtension>
            <ns3:hr>131</ns3:hr>
            <ns3:cad>95</ns3:cad>
          </ns3:TrackPointExtension>
        </extensions>
      </trkpt>
      <trkpt lat="22.596236653625965118408203125" lon="113.8778539560735225677490234375">
        <ele>8.6000003814697265625</ele>
        <time>2026-09-14T22:32:51.000Z</time>
        <extensions>
          <ns3:TrackPointExtension>
            <ns3:hr>131</ns3:hr>
            <ns3:cad>94</ns3:cad>
          </ns3:TrackPointExtension>
        </extensions>
      </trkpt>
      <trkpt lat="22.596266828477382659912109375" lon="113.877861835062503814697265625">
        <ele>8.6000003814697265625</ele>
        <time>2026-09-14T22:32:52.000Z</time>
        <extensions>
          <ns3:TrackPointExtension>
            <ns3:hr>131</ns3:hr>
            <ns3:cad>94</ns3:cad>
          </ns3:TrackPointExtension>
        </extensions>
      </trkpt>
      <trkpt lat="22.59629331529140472412109375" lon="113.8778734020888805389404296875">
        <ele>8.6000003814697265625</ele>
        <time>2026-09-14T22:32:53.000Z</time>
        <extensions>
          <ns3:TrackPointExtension>
            <ns3:hr>131</ns3:hr>
            <ns3:cad>94</ns3:cad>
          </ns3:TrackPointExtension>
        </extensions>
      </trkpt>
      <trkpt lat="22.59632323868572711944580078125" lon="113.8778811134397983551025390625">
        <ele>8.6000003814697265625</ele>
        <time>2026-09-14T22:32:54.000Z</time>
        <extensions>
          <ns3:TrackPointExtension>
            <ns3:hr>131</ns3:hr>
            <ns3:cad>94</ns3:cad>
          </ns3:TrackPointExtension>
        </extensions>
      </trkpt>
      <trkpt lat="22.59634301997721195220947265625" lon="113.87788656167685985565185546875">
        <ele>8.6000003814697265625</ele>
        <time>2026-09-14T22:32:55.000Z</time>
        <extensions>
          <ns3:TrackPointExtension>
            <ns3:hr>131</ns3:hr>
            <ns3:cad>94</ns3:cad>
          </ns3:TrackPointExtension>
        </extensions>
      </trkpt>
      <trkpt lat="22.5963766314089298248291015625" lon="113.87789729051291942596435546875">
        <ele>8.6000003814697265625</ele>
        <time>2026-09-14T22:32:56.000Z</time>
        <extensions>
          <ns3:TrackPointExtension>
            <ns3:hr>130</ns3:hr>
            <ns3:cad>93</ns3:cad>
          </ns3:TrackPointExtension>
        </extensions>
      </trkpt>
      <trkpt lat="22.5964014418423175811767578125" lon="113.87790240347385406494140625">
        <ele>8.6000003814697265625</ele>
        <time>2026-09-14T22:32:57.000Z</time>
        <extensions>
          <ns3:TrackPointExtension>
            <ns3:hr>131</ns3:hr>
            <ns3:cad>93</ns3:cad>
          </ns3:TrackPointExtension>
        </extensions>
      </trkpt>
      <trkpt lat="22.5964329577982425689697265625" lon="113.877917826175689697265625">
        <ele>8.80000019073486328125</ele>
        <time>2026-09-14T22:32:58.000Z</time>
        <extensions>
          <ns3:TrackPointExtension>
            <ns3:hr>130</ns3:hr>
            <ns3:cad>93</ns3:cad>
          </ns3:TrackPointExtension>
        </extensions>
      </trkpt>
      <trkpt lat="22.59645516984164714813232421875" lon="113.87792930938303470611572265625">
        <ele>8.80000019073486328125</ele>
        <time>2026-09-14T22:32:59.000Z</time>
        <extensions>
          <ns3:TrackPointExtension>
            <ns3:hr>130</ns3:hr>
            <ns3:cad>93</ns3:cad>
          </ns3:TrackPointExtension>
        </extensions>
      </trkpt>
      <trkpt lat="22.59647595696151256561279296875" lon="113.87794758193194866180419921875">
        <ele>8.80000019073486328125</ele>
        <time>2026-09-14T22:33:00.000Z</time>
        <extensions>
          <ns3:TrackPointExtension>
            <ns3:hr>130</ns3:hr>
            <ns3:cad>94</ns3:cad>
          </ns3:TrackPointExtension>
        </extensions>
      </trkpt>
      <trkpt lat="22.59650076739490032196044921875" lon="113.87796116061508655548095703125">
        <ele>8.80000019073486328125</ele>
        <time>2026-09-14T22:33:01.000Z</time>
        <extensions>
          <ns3:TrackPointExtension>
            <ns3:hr>130</ns3:hr>
            <ns3:cad>94</ns3:cad>
          </ns3:TrackPointExtension>
        </extensions>
      </trkpt>
      <trkpt lat="22.59652138687670230865478515625" lon="113.877975828945636749267578125">
        <ele>8.80000019073486328125</ele>
        <time>2026-09-14T22:33:02.000Z</time>
        <extensions>
          <ns3:TrackPointExtension>
            <ns3:hr>130</ns3:hr>
            <ns3:cad>93</ns3:cad>
          </ns3:TrackPointExtension>
        </extensions>
      </trkpt>
      <trkpt lat="22.59655214846134185791015625" lon="113.87799561023712158203125">
        <ele>9</ele>
        <time>2026-09-14T22:33:03.000Z</time>
        <extensions>
          <ns3:TrackPointExtension>
            <ns3:hr>130</ns3:hr>
            <ns3:cad>93</ns3:cad>
          </ns3:TrackPointExtension>
        </extensions>
      </trkpt>
      <trkpt lat="22.59657687507569789886474609375" lon="113.87800742872059345245361328125">
        <ele>9</ele>
        <time>2026-09-14T22:33:04.000Z</time>
        <extensions>
          <ns3:TrackPointExtension>
            <ns3:hr>130</ns3:hr>
            <ns3:cad>93</ns3:cad>
          </ns3:TrackPointExtension>
        </extensions>
      </trkpt>
      <trkpt lat="22.5966076366603374481201171875" lon="113.8780252821743488311767578125">
        <ele>9</ele>
        <time>2026-09-14T22:33:05.000Z</time>
        <extensions>
          <ns3:TrackPointExtension>
            <ns3:hr>130</ns3:hr>
            <ns3:cad>93</ns3:cad>
          </ns3:TrackPointExtension>
        </extensions>
      </trkpt>
      <trkpt lat="22.59662984870374202728271484375" lon="113.8780376873910427093505859375">
        <ele>9</ele>
        <time>2026-09-14T22:33:06.000Z</time>
        <extensions>
          <ns3:TrackPointExtension>
            <ns3:hr>130</ns3:hr>
            <ns3:cad>94</ns3:cad>
          </ns3:TrackPointExtension>
        </extensions>
      </trkpt>
      <trkpt lat="22.5966555811464786529541015625" lon="113.87805487029254436492919921875">
        <ele>9</ele>
        <time>2026-09-14T22:33:07.000Z</time>
        <extensions>
          <ns3:TrackPointExtension>
            <ns3:hr>130</ns3:hr>
            <ns3:cad>94</ns3:cad>
          </ns3:TrackPointExtension>
        </extensions>
      </trkpt>
      <trkpt lat="22.59668357670307159423828125" lon="113.8780675269663333892822265625">
        <ele>9</ele>
        <time>2026-09-14T22:33:08.000Z</time>
        <extensions>
          <ns3:TrackPointExtension>
            <ns3:hr>130</ns3:hr>
            <ns3:cad>94</ns3:cad>
          </ns3:TrackPointExtension>
        </extensions>
      </trkpt>
      <trkpt lat="22.59670503437519073486328125" lon="113.8780866377055644989013671875">
        <ele>9</ele>
        <time>2026-09-14T22:33:09.000Z</time>
        <extensions>
          <ns3:TrackPointExtension>
            <ns3:hr>130</ns3:hr>
            <ns3:cad>94</ns3:cad>
          </ns3:TrackPointExtension>
        </extensions>
      </trkpt>
      <trkpt lat="22.5967373885214328765869140625" lon="113.87809929437935352325439453125">
        <ele>9</ele>
        <time>2026-09-14T22:33:10.000Z</time>
        <extensions>
          <ns3:TrackPointExtension>
            <ns3:hr>130</ns3:hr>
            <ns3:cad>94</ns3:cad>
          </ns3:TrackPointExtension>
        </extensions>
      </trkpt>
      <trkpt lat="22.5967588461935520172119140625" lon="113.8781137950718402862548828125">
        <ele>9</ele>
        <time>2026-09-14T22:33:11.000Z</time>
        <extensions>
          <ns3:TrackPointExtension>
            <ns3:hr>130</ns3:hr>
            <ns3:cad>94</ns3:cad>
          </ns3:TrackPointExtension>
        </extensions>
      </trkpt>
      <trkpt lat="22.59678818285465240478515625" lon="113.87813198380172252655029296875">
        <ele>9</ele>
        <time>2026-09-14T22:33:12.000Z</time>
        <extensions>
          <ns3:TrackPointExtension>
            <ns3:hr>130</ns3:hr>
            <ns3:cad>94</ns3:cad>
          </ns3:TrackPointExtension>
        </extensions>
      </trkpt>
      <trkpt lat="22.5968104787170886993408203125" lon="113.87813902460038661956787109375">
        <ele>9</ele>
        <time>2026-09-14T22:33:13.000Z</time>
        <extensions>
          <ns3:TrackPointExtension>
            <ns3:hr>130</ns3:hr>
            <ns3:cad>95</ns3:cad>
          </ns3:TrackPointExtension>
        </extensions>
      </trkpt>
      <trkpt lat="22.596835456788539886474609375" lon="113.87815528549253940582275390625">
        <ele>9</ele>
        <time>2026-09-14T22:33:14.000Z</time>
        <extensions>
          <ns3:TrackPointExtension>
            <ns3:hr>130</ns3:hr>
            <ns3:cad>95</ns3:cad>
          </ns3:TrackPointExtension>
        </extensions>
      </trkpt>
      <trkpt lat="22.596861608326435089111328125" lon="113.87816928327083587646484375">
        <ele>9</ele>
        <time>2026-09-14T22:33:15.000Z</time>
        <extensions>
          <ns3:TrackPointExtension>
            <ns3:hr>130</ns3:hr>
            <ns3:cad>95</ns3:cad>
          </ns3:TrackPointExtension>
        </extensions>
      </trkpt>
      <trkpt lat="22.5968825630843639373779296875" lon="113.87818311341106891632080078125">
        <ele>9</ele>
        <time>2026-09-14T22:33:16.000Z</time>
        <extensions>
          <ns3:TrackPointExtension>
            <ns3:hr>131</ns3:hr>
            <ns3:cad>95</ns3:cad>
          </ns3:TrackPointExtension>
        </extensions>
      </trkpt>
      <trkpt lat="22.5969127379357814788818359375" lon="113.87819878756999969482421875">
        <ele>9</ele>
        <time>2026-09-14T22:33:17.000Z</time>
        <extensions>
          <ns3:TrackPointExtension>
            <ns3:hr>130</ns3:hr>
            <ns3:cad>94</ns3:cad>
          </ns3:TrackPointExtension>
        </extensions>
      </trkpt>
      <trkpt lat="22.5969318486750125885009765625" lon="113.878204822540283203125">
        <ele>9</ele>
        <time>2026-09-14T22:33:18.000Z</time>
        <extensions>
          <ns3:TrackPointExtension>
            <ns3:hr>130</ns3:hr>
            <ns3:cad>94</ns3:cad>
          </ns3:TrackPointExtension>
        </extensions>
      </trkpt>
      <trkpt lat="22.59696478955447673797607421875" lon="113.878221921622753143310546875">
        <ele>9</ele>
        <time>2026-09-14T22:33:19.000Z</time>
        <extensions>
          <ns3:TrackPointExtension>
            <ns3:hr>131</ns3:hr>
            <ns3:cad>94</ns3:cad>
          </ns3:TrackPointExtension>
        </extensions>
      </trkpt>
      <trkpt lat="22.5969908572733402252197265625" lon="113.87823231518268585205078125">
        <ele>9</ele>
        <time>2026-09-14T22:33:20.000Z</time>
        <extensions>
          <ns3:TrackPointExtension>
            <ns3:hr>131</ns3:hr>
            <ns3:cad>95</ns3:cad>
          </ns3:TrackPointExtension>
        </extensions>
      </trkpt>
      <trkpt lat="22.59701692499220371246337890625" lon="113.87824849225580692291259765625">
        <ele>8.80000019073486328125</ele>
        <time>2026-09-14T22:33:21.000Z</time>
        <extensions>
          <ns3:TrackPointExtension>
            <ns3:hr>131</ns3:hr>
            <ns3:cad>95</ns3:cad>
          </ns3:TrackPointExtension>
        </extensions>
      </trkpt>
      <trkpt lat="22.59704508818686008453369140625" lon="113.878268860280513763427734375">
        <ele>8.80000019073486328125</ele>
        <time>2026-09-14T22:33:22.000Z</time>
        <extensions>
          <ns3:TrackPointExtension>
            <ns3:hr>131</ns3:hr>
            <ns3:cad>94</ns3:cad>
          </ns3:TrackPointExtension>
        </extensions>
      </trkpt>
      <trkpt lat="22.59706688113510608673095703125" lon="113.8782924972474575042724609375">
        <ele>8.6000003814697265625</ele>
        <time>2026-09-14T22:33:23.000Z</time>
        <extensions>
          <ns3:TrackPointExtension>
            <ns3:hr>131</ns3:hr>
            <ns3:cad>94</ns3:cad>
          </ns3:TrackPointExtension>
        </extensions>
      </trkpt>
      <trkpt lat="22.5970914401113986968994140625" lon="113.8783163018524646759033203125">
        <ele>8.6000003814697265625</ele>
        <time>2026-09-14T22:33:24.000Z</time>
        <extensions>
          <ns3:TrackPointExtension>
            <ns3:hr>131</ns3:hr>
            <ns3:cad>94</ns3:cad>
          </ns3:TrackPointExtension>
        </extensions>
      </trkpt>
      <trkpt lat="22.59711004793643951416015625" lon="113.87833893299102783203125">
        <ele>8.6000003814697265625</ele>
        <time>2026-09-14T22:33:25.000Z</time>
        <extensions>
          <ns3:TrackPointExtension>
            <ns3:hr>131</ns3:hr>
            <ns3:cad>94</ns3:cad>
          </ns3:TrackPointExtension>
        </extensions>
      </trkpt>
      <trkpt lat="22.59713678620755672454833984375" lon="113.8783702813088893890380859375">
        <ele>8.80000019073486328125</ele>
        <time>2026-09-14T22:33:26.000Z</time>
        <extensions>
          <ns3:TrackPointExtension>
            <ns3:hr>131</ns3:hr>
            <ns3:cad>95</ns3:cad>
          </ns3:TrackPointExtension>
        </extensions>
      </trkpt>
      <trkpt lat="22.59715271182358264923095703125" lon="113.87839182280004024505615234375">
        <ele>8.80000019073486328125</ele>
        <time>2026-09-14T22:33:27.000Z</time>
        <extensions>
          <ns3:TrackPointExtension>
            <ns3:hr>132</ns3:hr>
            <ns3:cad>94</ns3:cad>
          </ns3:TrackPointExtension>
        </extensions>
      </trkpt>
      <trkpt lat="22.59718053974211215972900390625" lon="113.87841646559536457061767578125">
        <ele>8.80000019073486328125</ele>
        <time>2026-09-14T22:33:28.000Z</time>
        <extensions>
          <ns3:TrackPointExtension>
            <ns3:hr>132</ns3:hr>
            <ns3:cad>92</ns3:cad>
          </ns3:TrackPointExtension>
        </extensions>
      </trkpt>
      <trkpt lat="22.59719981811940670013427734375" lon="113.87843339703977108001708984375">
        <ele>8.80000019073486328125</ele>
        <time>2026-09-14T22:33:29.000Z</time>
        <extensions>
          <ns3:TrackPointExtension>
            <ns3:hr>132</ns3:hr>
            <ns3:cad>92</ns3:cad>
          </ns3:TrackPointExtension>
        </extensions>
      </trkpt>
      <trkpt lat="22.59722613729536533355712890625" lon="113.87845602817833423614501953125">
        <ele>9</ele>
        <time>2026-09-14T22:33:30.000Z</time>
        <extensions>
          <ns3:TrackPointExtension>
            <ns3:hr>132</ns3:hr>
            <ns3:cad>92</ns3:cad>
          </ns3:TrackPointExtension>
        </extensions>
      </trkpt>
      <trkpt lat="22.597251199185848236083984375" lon="113.878470696508884429931640625">
        <ele>9</ele>
        <time>2026-09-14T22:33:31.000Z</time>
        <extensions>
          <ns3:TrackPointExtension>
            <ns3:hr>132</ns3:hr>
            <ns3:cad>92</ns3:cad>
          </ns3:TrackPointExtension>
        </extensions>
      </trkpt>
      <trkpt lat="22.5972771830856800079345703125" lon="113.8784877955913543701171875">
        <ele>9</ele>
        <time>2026-09-14T22:33:32.000Z</time>
        <extensions>
          <ns3:TrackPointExtension>
            <ns3:hr>132</ns3:hr>
            <ns3:cad>94</ns3:cad>
          </ns3:TrackPointExtension>
        </extensions>
      </trkpt>
      <trkpt lat="22.59730492718517780303955078125" lon="113.87849986553192138671875">
        <ele>9.19999980926513671875</ele>
        <time>2026-09-14T22:33:33.000Z</time>
        <extensions>
          <ns3:TrackPointExtension>
            <ns3:hr>132</ns3:hr>
            <ns3:cad>94</ns3:cad>
          </ns3:TrackPointExtension>
        </extensions>
      </trkpt>
      <trkpt lat="22.59732537902891635894775390625" lon="113.87850724160671234130859375">
        <ele>9.19999980926513671875</ele>
        <time>2026-09-14T22:33:34.000Z</time>
        <extensions>
          <ns3:TrackPointExtension>
            <ns3:hr>132</ns3:hr>
            <ns3:cad>92</ns3:cad>
          </ns3:TrackPointExtension>
        </extensions>
      </trkpt>
      <trkpt lat="22.5973532907664775848388671875" lon="113.87852040119469165802001953125">
        <ele>9.19999980926513671875</ele>
        <time>2026-09-14T22:33:35.000Z</time>
        <extensions>
          <ns3:TrackPointExtension>
            <ns3:hr>132</ns3:hr>
            <ns3:cad>92</ns3:cad>
          </ns3:TrackPointExtension>
        </extensions>
      </trkpt>
      <trkpt lat="22.59737583808600902557373046875" lon="113.87852727435529232025146484375">
        <ele>9.19999980926513671875</ele>
        <time>2026-09-14T22:33:36.000Z</time>
        <extensions>
          <ns3:TrackPointExtension>
            <ns3:hr>132</ns3:hr>
            <ns3:cad>92</ns3:cad>
          </ns3:TrackPointExtension>
        </extensions>
      </trkpt>
      <trkpt lat="22.5974076054990291595458984375" lon="113.8785406015813350677490234375">
        <ele>9.19999980926513671875</ele>
        <time>2026-09-14T22:33:37.000Z</time>
        <extensions>
          <ns3:TrackPointExtension>
            <ns3:hr>133</ns3:hr>
            <ns3:cad>93</ns3:cad>
          </ns3:TrackPointExtension>
        </extensions>
      </trkpt>
      <trkpt lat="22.59743367321789264678955078125" lon="113.8785486482083797454833984375">
        <ele>9.19999980926513671875</ele>
        <time>2026-09-14T22:33:38.000Z</time>
        <extensions>
          <ns3:TrackPointExtension>
            <ns3:hr>132</ns3:hr>
            <ns3:cad>94</ns3:cad>
          </ns3:TrackPointExtension>
        </extensions>
      </trkpt>
      <trkpt lat="22.5974602438509464263916015625" lon="113.8785627298057079315185546875">
        <ele>9.3999996185302734375</ele>
        <time>2026-09-14T22:33:39.000Z</time>
        <extensions>
          <ns3:TrackPointExtension>
            <ns3:hr>132</ns3:hr>
            <ns3:cad>94</ns3:cad>
          </ns3:TrackPointExtension>
        </extensions>
      </trkpt>
      <trkpt lat="22.5974889099597930908203125" lon="113.87857119552791118621826171875">
        <ele>9.3999996185302734375</ele>
        <time>2026-09-14T22:33:40.000Z</time>
        <extensions>
          <ns3:TrackPointExtension>
            <ns3:hr>132</ns3:hr>
            <ns3:cad>94</ns3:cad>
          </ns3:TrackPointExtension>
        </extensions>
      </trkpt>
      <trkpt lat="22.59751413948833942413330078125" lon="113.87858762405812740325927734375">
        <ele>9.3999996185302734375</ele>
        <time>2026-09-14T22:33:41.000Z</time>
        <extensions>
          <ns3:TrackPointExtension>
            <ns3:hr>132</ns3:hr>
            <ns3:cad>93</ns3:cad>
          </ns3:TrackPointExtension>
        </extensions>
      </trkpt>
      <trkpt lat="22.597548924386501312255859375" lon="113.8786031305789947509765625">
        <ele>9.3999996185302734375</ele>
        <time>2026-09-14T22:33:42.000Z</time>
        <extensions>
          <ns3:TrackPointExtension>
            <ns3:hr>132</ns3:hr>
            <ns3:cad>93</ns3:cad>
          </ns3:TrackPointExtension>
        </extensions>
      </trkpt>
      <trkpt lat="22.59757583029568195343017578125" lon="113.878614865243434906005859375">
        <ele>9.3999996185302734375</ele>
        <time>2026-09-14T22:33:43.000Z</time>
        <extensions>
          <ns3:TrackPointExtension>
            <ns3:hr>133</ns3:hr>
            <ns3:cad>94</ns3:cad>
          </ns3:TrackPointExtension>
        </extensions>
      </trkpt>
      <trkpt lat="22.59760399349033832550048828125" lon="113.87863120995461940765380859375">
        <ele>9.6000003814697265625</ele>
        <time>2026-09-14T22:33:44.000Z</time>
        <extensions>
          <ns3:TrackPointExtension>
            <ns3:hr>133</ns3:hr>
            <ns3:cad>94</ns3:cad>
          </ns3:TrackPointExtension>
        </extensions>
      </trkpt>
      <trkpt lat="22.5976278819143772125244140625" lon="113.8786338083446025848388671875">
        <ele>9.6000003814697265625</ele>
        <time>2026-09-14T22:33:45.000Z</time>
        <extensions>
          <ns3:TrackPointExtension>
            <ns3:hr>134</ns3:hr>
            <ns3:cad>94</ns3:cad>
          </ns3:TrackPointExtension>
        </extensions>
      </trkpt>
      <trkpt lat="22.59765587747097015380859375" lon="113.8786472193896770477294921875">
        <ele>9.80000019073486328125</ele>
        <time>2026-09-14T22:33:46.000Z</time>
        <extensions>
          <ns3:TrackPointExtension>
            <ns3:hr>134</ns3:hr>
            <ns3:cad>95</ns3:cad>
          </ns3:TrackPointExtension>
        </extensions>
      </trkpt>
      <trkpt lat="22.59768295101821422576904296875" lon="113.87865954078733921051025390625">
        <ele>9.80000019073486328125</ele>
        <time>2026-09-14T22:33:47.000Z</time>
        <extensions>
          <ns3:TrackPointExtension>
            <ns3:hr>134</ns3:hr>
            <ns3:cad>95</ns3:cad>
          </ns3:TrackPointExtension>
        </extensions>
      </trkpt>
      <trkpt lat="22.5977066718041896820068359375" lon="113.87866892851889133453369140625">
        <ele>10</ele>
        <time>2026-09-14T22:33:48.000Z</time>
        <extensions>
          <ns3:TrackPointExtension>
            <ns3:hr>134</ns3:hr>
            <ns3:cad>93</ns3:cad>
          </ns3:TrackPointExtension>
        </extensions>
      </trkpt>
      <trkpt lat="22.5977365113794803619384765625" lon="113.8786773942410945892333984375">
        <ele>10</ele>
        <time>2026-09-14T22:33:49.000Z</time>
        <extensions>
          <ns3:TrackPointExtension>
            <ns3:hr>134</ns3:hr>
            <ns3:cad>93</ns3:cad>
          </ns3:TrackPointExtension>
        </extensions>
      </trkpt>
      <trkpt lat="22.59776140563189983367919921875" lon="113.87868250720202922821044921875">
        <ele>10</ele>
        <time>2026-09-14T22:33:50.000Z</time>
        <extensions>
          <ns3:TrackPointExtension>
            <ns3:hr>134</ns3:hr>
            <ns3:cad>93</ns3:cad>
          </ns3:TrackPointExtension>
        </extensions>
      </trkpt>
      <trkpt lat="22.597790658473968505859375" lon="113.87869591824710369110107421875">
        <ele>10.19999980926513671875</ele>
        <time>2026-09-14T22:33:51.000Z</time>
        <extensions>
          <ns3:TrackPointExtension>
            <ns3:hr>135</ns3:hr>
            <ns3:cad>93</ns3:cad>
          </ns3:TrackPointExtension>
        </extensions>
      </trkpt>
      <trkpt lat="22.597816474735736846923828125" lon="113.87869692407548427581787109375">
        <ele>10.19999980926513671875</ele>
        <time>2026-09-14T22:33:52.000Z</time>
        <extensions>
          <ns3:TrackPointExtension>
            <ns3:hr>134</ns3:hr>
            <ns3:cad>94</ns3:cad>
          </ns3:TrackPointExtension>
        </extensions>
      </trkpt>
      <trkpt lat="22.59784304536879062652587890625" lon="113.8787089101970195770263671875">
        <ele>10.19999980926513671875</ele>
        <time>2026-09-14T22:33:53.000Z</time>
        <extensions>
          <ns3:TrackPointExtension>
            <ns3:hr>135</ns3:hr>
            <ns3:cad>94</ns3:cad>
          </ns3:TrackPointExtension>
        </extensions>
      </trkpt>
      <trkpt lat="22.5978702865540981292724609375" lon="113.87871653772890567779541015625">
        <ele>10.19999980926513671875</ele>
        <time>2026-09-14T22:33:54.000Z</time>
        <extensions>
          <ns3:TrackPointExtension>
            <ns3:hr>135</ns3:hr>
            <ns3:cad>93</ns3:cad>
          </ns3:TrackPointExtension>
        </extensions>
      </trkpt>
      <trkpt lat="22.5978944264352321624755859375" lon="113.878727518022060394287109375">
        <ele>10.19999980926513671875</ele>
        <time>2026-09-14T22:33:55.000Z</time>
        <extensions>
          <ns3:TrackPointExtension>
            <ns3:hr>135</ns3:hr>
            <ns3:cad>93</ns3:cad>
          </ns3:TrackPointExtension>
        </extensions>
      </trkpt>
      <trkpt lat="22.59792275726795196533203125" lon="113.8787390850484371185302734375">
        <ele>10.19999980926513671875</ele>
        <time>2026-09-14T22:33:56.000Z</time>
        <extensions>
          <ns3:TrackPointExtension>
            <ns3:hr>135</ns3:hr>
            <ns3:cad>93</ns3:cad>
          </ns3:TrackPointExtension>
        </extensions>
      </trkpt>
      <trkpt lat="22.597946561872959136962890625" lon="113.8787531666457653045654296875">
        <ele>10.19999980926513671875</ele>
        <time>2026-09-14T22:33:57.000Z</time>
        <extensions>
          <ns3:TrackPointExtension>
            <ns3:hr>135</ns3:hr>
            <ns3:cad>93</ns3:cad>
          </ns3:TrackPointExtension>
        </extensions>
      </trkpt>
      <trkpt lat="22.59797514416277408599853515625" lon="113.8787672482430934906005859375">
        <ele>10.19999980926513671875</ele>
        <time>2026-09-14T22:33:58.000Z</time>
        <extensions>
          <ns3:TrackPointExtension>
            <ns3:hr>135</ns3:hr>
            <ns3:cad>93</ns3:cad>
          </ns3:TrackPointExtension>
        </extensions>
      </trkpt>
      <trkpt lat="22.597997523844242095947265625" lon="113.87877856381237506866455078125">
        <ele>10.19999980926513671875</ele>
        <time>2026-09-14T22:33:59.000Z</time>
        <extensions>
          <ns3:TrackPointExtension>
            <ns3:hr>135</ns3:hr>
            <ns3:cad>94</ns3:cad>
          </ns3:TrackPointExtension>
        </extensions>
      </trkpt>
      <trkpt lat="22.59802392683923244476318359375" lon="113.878792226314544677734375">
        <ele>10.19999980926513671875</ele>
        <time>2026-09-14T22:34:00.000Z</time>
        <extensions>
          <ns3:TrackPointExtension>
            <ns3:hr>135</ns3:hr>
            <ns3:cad>95</ns3:cad>
          </ns3:TrackPointExtension>
        </extensions>
      </trkpt>
      <trkpt lat="22.5980489887297153472900390625" lon="113.87880228459835052490234375">
        <ele>10.19999980926513671875</ele>
        <time>2026-09-14T22:34:01.000Z</time>
        <extensions>
          <ns3:TrackPointExtension>
            <ns3:hr>135</ns3:hr>
            <ns3:cad>95</ns3:cad>
          </ns3:TrackPointExtension>
        </extensions>
      </trkpt>
      <trkpt lat="22.59807287715375423431396484375" lon="113.8788161985576152801513671875">
        <ele>10.19999980926513671875</ele>
        <time>2026-09-14T22:34:02.000Z</time>
        <extensions>
          <ns3:TrackPointExtension>
            <ns3:hr>135</ns3:hr>
            <ns3:cad>95</ns3:cad>
          </ns3:TrackPointExtension>
        </extensions>
      </trkpt>
      <trkpt lat="22.5981056503951549530029296875" lon="113.87883287854492664337158203125">
        <ele>10.19999980926513671875</ele>
        <time>2026-09-14T22:34:03.000Z</time>
        <extensions>
          <ns3:TrackPointExtension>
            <ns3:hr>135</ns3:hr>
            <ns3:cad>94</ns3:cad>
          </ns3:TrackPointExtension>
        </extensions>
      </trkpt>
      <trkpt lat="22.5981287844479084014892578125" lon="113.87884712778031826019287109375">
        <ele>10.19999980926513671875</ele>
        <time>2026-09-14T22:34:04.000Z</time>
        <extensions>
          <ns3:TrackPointExtension>
            <ns3:hr>135</ns3:hr>
            <ns3:cad>94</ns3:cad>
          </ns3:TrackPointExtension>
        </extensions>
      </trkpt>
      <trkpt lat="22.59816625155508518218994140625" lon="113.87886464595794677734375">
        <ele>10</ele>
        <time>2026-09-14T22:34:05.000Z</time>
        <extensions>
          <ns3:TrackPointExtension>
            <ns3:hr>135</ns3:hr>
            <ns3:cad>95</ns3:cad>
          </ns3:TrackPointExtension>
        </extensions>
      </trkpt>
      <trkpt lat="22.59819558821618556976318359375" lon="113.87887646444141864776611328125">
        <ele>10</ele>
        <time>2026-09-14T22:34:06.000Z</time>
        <extensions>
          <ns3:TrackPointExtension>
            <ns3:hr>135</ns3:hr>
            <ns3:cad>95</ns3:cad>
          </ns3:TrackPointExtension>
        </extensions>
      </trkpt>
      <trkpt lat="22.59822375141084194183349609375" lon="113.87889155186712741851806640625">
        <ele>10</ele>
        <time>2026-09-14T22:34:07.000Z</time>
        <extensions>
          <ns3:TrackPointExtension>
            <ns3:hr>135</ns3:hr>
            <ns3:cad>95</ns3:cad>
          </ns3:TrackPointExtension>
        </extensions>
      </trkpt>
      <trkpt lat="22.59825493209064006805419921875" lon="113.8788996823132038116455078125">
        <ele>10</ele>
        <time>2026-09-14T22:34:08.000Z</time>
        <extensions>
          <ns3:TrackPointExtension>
            <ns3:hr>135</ns3:hr>
            <ns3:cad>95</ns3:cad>
          </ns3:TrackPointExtension>
        </extensions>
      </trkpt>
      <trkpt lat="22.59827773086726665496826171875" lon="113.87890982441604137420654296875">
        <ele>10.19999980926513671875</ele>
        <time>2026-09-14T22:34:09.000Z</time>
        <extensions>
          <ns3:TrackPointExtension>
            <ns3:hr>135</ns3:hr>
            <ns3:cad>95</ns3:cad>
          </ns3:TrackPointExtension>
        </extensions>
      </trkpt>
      <trkpt lat="22.5983098335564136505126953125" lon="113.87892390601336956024169921875">
        <ele>10.19999980926513671875</ele>
        <time>2026-09-14T22:34:10.000Z</time>
        <extensions>
          <ns3:TrackPointExtension>
            <ns3:hr>135</ns3:hr>
            <ns3:cad>95</ns3:cad>
          </ns3:TrackPointExtension>
        </extensions>
      </trkpt>
      <trkpt lat="22.59832986630499362945556640625" lon="113.8789348863065242767333984375">
        <ele>10.19999980926513671875</ele>
        <time>2026-09-14T22:34:11.000Z</time>
        <extensions>
          <ns3:TrackPointExtension>
            <ns3:hr>135</ns3:hr>
            <ns3:cad>94</ns3:cad>
          </ns3:TrackPointExtension>
        </extensions>
      </trkpt>
      <trkpt lat="22.5983594544231891632080078125" lon="113.87894787825644016265869140625">
        <ele>10.19999980926513671875</ele>
        <time>2026-09-14T22:34:12.000Z</time>
        <extensions>
          <ns3:TrackPointExtension>
            <ns3:hr>135</ns3:hr>
            <ns3:cad>94</ns3:cad>
          </ns3:TrackPointExtension>
        </extensions>
      </trkpt>
      <trkpt lat="22.5983866117894649505615234375" lon="113.878958858549594879150390625">
        <ele>10.3999996185302734375</ele>
        <time>2026-09-14T22:34:13.000Z</time>
        <extensions>
          <ns3:TrackPointExtension>
            <ns3:hr>136</ns3:hr>
            <ns3:cad>94</ns3:cad>
          </ns3:TrackPointExtension>
        </extensions>
      </trkpt>
      <trkpt lat="22.5984134338796138763427734375" lon="113.87897050939500331878662109375">
        <ele>10.3999996185302734375</ele>
        <time>2026-09-14T22:34:14.000Z</time>
        <extensions>
          <ns3:TrackPointExtension>
            <ns3:hr>136</ns3:hr>
            <ns3:cad>94</ns3:cad>
          </ns3:TrackPointExtension>
        </extensions>
      </trkpt>
      <trkpt lat="22.59844067506492137908935546875" lon="113.87898576445877552032470703125">
        <ele>10.3999996185302734375</ele>
        <time>2026-09-14T22:34:15.000Z</time>
        <extensions>
          <ns3:TrackPointExtension>
            <ns3:hr>136</ns3:hr>
            <ns3:cad>94</ns3:cad>
          </ns3:TrackPointExtension>
        </extensions>
      </trkpt>
      <trkpt lat="22.598464898765087127685546875" lon="113.8789992593228816986083984375">
        <ele>10.19999980926513671875</ele>
        <time>2026-09-14T22:34:16.000Z</time>
        <extensions>
          <ns3:TrackPointExtension>
            <ns3:hr>136</ns3:hr>
            <ns3:cad>94</ns3:cad>
          </ns3:TrackPointExtension>
        </extensions>
      </trkpt>
      <trkpt lat="22.59850052185356616973876953125" lon="113.87901258654892444610595703125">
        <ele>10.3999996185302734375</ele>
        <time>2026-09-14T22:34:17.000Z</time>
        <extensions>
          <ns3:TrackPointExtension>
            <ns3:hr>136</ns3:hr>
            <ns3:cad>94</ns3:cad>
          </ns3:TrackPointExtension>
        </extensions>
      </trkpt>
      <trkpt lat="22.598527930676937103271484375" lon="113.87901728041470050811767578125">
        <ele>10.3999996185302734375</ele>
        <time>2026-09-14T22:34:18.000Z</time>
        <extensions>
          <ns3:TrackPointExtension>
            <ns3:hr>135</ns3:hr>
            <ns3:cad>94</ns3:cad>
          </ns3:TrackPointExtension>
        </extensions>
      </trkpt>
      <trkpt lat="22.59856187738478183746337890625" lon="113.87903069145977497100830078125">
        <ele>10.3999996185302734375</ele>
        <time>2026-09-14T22:34:19.000Z</time>
        <extensions>
          <ns3:TrackPointExtension>
            <ns3:hr>136</ns3:hr>
            <ns3:cad>94</ns3:cad>
          </ns3:TrackPointExtension>
        </extensions>
      </trkpt>
      <trkpt lat="22.5985897891223430633544921875" lon="113.8790394924581050872802734375">
        <ele>10.3999996185302734375</ele>
        <time>2026-09-14T22:34:20.000Z</time>
        <extensions>
          <ns3:TrackPointExtension>
            <ns3:hr>136</ns3:hr>
            <ns3:cad>94</ns3:cad>
          </ns3:TrackPointExtension>
        </extensions>
      </trkpt>
      <trkpt lat="22.5986115820705890655517578125" lon="113.879058100283145904541015625">
        <ele>10.3999996185302734375</ele>
        <time>2026-09-14T22:34:21.000Z</time>
        <extensions>
          <ns3:TrackPointExtension>
            <ns3:hr>135</ns3:hr>
            <ns3:cad>93</ns3:cad>
          </ns3:TrackPointExtension>
        </extensions>
      </trkpt>
      <trkpt lat="22.5986380688846111297607421875" lon="113.87907327152788639068603515625">
        <ele>10.3999996185302734375</ele>
        <time>2026-09-14T22:34:22.000Z</time>
        <extensions>
          <ns3:TrackPointExtension>
            <ns3:hr>135</ns3:hr>
            <ns3:cad>93</ns3:cad>
          </ns3:TrackPointExtension>
        </extensions>
      </trkpt>
      <trkpt lat="22.59866413660347461700439453125" lon="113.879088945686817169189453125">
        <ele>10.3999996185302734375</ele>
        <time>2026-09-14T22:34:23.000Z</time>
        <extensions>
          <ns3:TrackPointExtension>
            <ns3:hr>135</ns3:hr>
            <ns3:cad>93</ns3:cad>
          </ns3:TrackPointExtension>
        </extensions>
      </trkpt>
      <trkpt lat="22.59868919849395751953125" lon="113.87910713441669940948486328125">
        <ele>10.6000003814697265625</ele>
        <time>2026-09-14T22:34:24.000Z</time>
        <extensions>
          <ns3:TrackPointExtension>
            <ns3:hr>136</ns3:hr>
            <ns3:cad>93</ns3:cad>
          </ns3:TrackPointExtension>
        </extensions>
      </trkpt>
      <trkpt lat="22.59871065616607666015625" lon="113.87911769561469554901123046875">
        <ele>10.6000003814697265625</ele>
        <time>2026-09-14T22:34:25.000Z</time>
        <extensions>
          <ns3:TrackPointExtension>
            <ns3:hr>135</ns3:hr>
            <ns3:cad>94</ns3:cad>
          </ns3:TrackPointExtension>
        </extensions>
      </trkpt>
      <trkpt lat="22.5987383164465427398681640625" lon="113.879138566553592681884765625">
        <ele>10.6000003814697265625</ele>
        <time>2026-09-14T22:34:26.000Z</time>
        <extensions>
          <ns3:TrackPointExtension>
            <ns3:hr>135</ns3:hr>
            <ns3:cad>94</ns3:cad>
          </ns3:TrackPointExtension>
        </extensions>
      </trkpt>
      <trkpt lat="22.5987602770328521728515625" lon="113.87915004976093769073486328125">
        <ele>10.6000003814697265625</ele>
        <time>2026-09-14T22:34:27.000Z</time>
        <extensions>
          <ns3:TrackPointExtension>
            <ns3:hr>135</ns3:hr>
            <ns3:cad>92</ns3:cad>
          </ns3:TrackPointExtension>
        </extensions>
      </trkpt>
      <trkpt lat="22.5987822376191616058349609375" lon="113.87917335145175457000732421875">
        <ele>10.6000003814697265625</ele>
        <time>2026-09-14T22:34:28.000Z</time>
        <extensions>
          <ns3:TrackPointExtension>
            <ns3:hr>136</ns3:hr>
            <ns3:cad>92</ns3:cad>
          </ns3:TrackPointExtension>
        </extensions>
      </trkpt>
      <trkpt lat="22.59880595840513706207275390625" lon="113.87919095344841480255126953125">
        <ele>10.6000003814697265625</ele>
        <time>2026-09-14T22:34:29.000Z</time>
        <extensions>
          <ns3:TrackPointExtension>
            <ns3:hr>136</ns3:hr>
            <ns3:cad>92</ns3:cad>
          </ns3:TrackPointExtension>
        </extensions>
      </trkpt>
      <trkpt lat="22.59882657788693904876708984375" lon="113.8792088069021701812744140625">
        <ele>10.6000003814697265625</ele>
        <time>2026-09-14T22:34:30.000Z</time>
        <extensions>
          <ns3:TrackPointExtension>
            <ns3:hr>136</ns3:hr>
            <ns3:cad>92</ns3:cad>
          </ns3:TrackPointExtension>
        </extensions>
      </trkpt>
      <trkpt lat="22.59885574690997600555419921875" lon="113.87922498397529125213623046875">
        <ele>10.6000003814697265625</ele>
        <time>2026-09-14T22:34:31.000Z</time>
        <extensions>
          <ns3:TrackPointExtension>
            <ns3:hr>137</ns3:hr>
            <ns3:cad>94</ns3:cad>
          </ns3:TrackPointExtension>
        </extensions>
      </trkpt>
      <trkpt lat="22.598876953125" lon="113.879232108592987060546875">
        <ele>10.6000003814697265625</ele>
        <time>2026-09-14T22:34:32.000Z</time>
        <extensions>
          <ns3:TrackPointExtension>
            <ns3:hr>137</ns3:hr>
            <ns3:cad>94</ns3:cad>
          </ns3:TrackPointExtension>
        </extensions>
      </trkpt>
      <trkpt lat="22.59890654124319553375244140625" lon="113.8792513869702816009521484375">
        <ele>10.80000019073486328125</ele>
        <time>2026-09-14T22:34:33.000Z</time>
        <extensions>
          <ns3:TrackPointExtension>
            <ns3:hr>137</ns3:hr>
            <ns3:cad>94</ns3:cad>
          </ns3:TrackPointExtension>
        </extensions>
      </trkpt>
      <trkpt lat="22.59892749600112438201904296875" lon="113.87926219962537288665771484375">
        <ele>10.80000019073486328125</ele>
        <time>2026-09-14T22:34:34.000Z</time>
        <extensions>
          <ns3:TrackPointExtension>
            <ns3:hr>137</ns3:hr>
            <ns3:cad>94</ns3:cad>
          </ns3:TrackPointExtension>
        </extensions>
      </trkpt>
      <trkpt lat="22.59895113296806812286376953125" lon="113.87928399257361888885498046875">
        <ele>10.80000019073486328125</ele>
        <time>2026-09-14T22:34:35.000Z</time>
        <extensions>
          <ns3:TrackPointExtension>
            <ns3:hr>137</ns3:hr>
            <ns3:cad>93</ns3:cad>
          </ns3:TrackPointExtension>
        </extensions>
      </trkpt>
      <trkpt lat="22.59897661395370960235595703125" lon="113.87930243276059627532958984375">
        <ele>10.80000019073486328125</ele>
        <time>2026-09-14T22:34:36.000Z</time>
        <extensions>
          <ns3:TrackPointExtension>
            <ns3:hr>136</ns3:hr>
            <ns3:cad>93</ns3:cad>
          </ns3:TrackPointExtension>
        </extensions>
      </trkpt>
      <trkpt lat="22.5989958085119724273681640625" lon="113.87932456098496913909912109375">
        <ele>10.80000019073486328125</ele>
        <time>2026-09-14T22:34:37.000Z</time>
        <extensions>
          <ns3:TrackPointExtension>
            <ns3:hr>137</ns3:hr>
            <ns3:cad>93</ns3:cad>
          </ns3:TrackPointExtension>
        </extensions>
      </trkpt>
      <trkpt lat="22.59901986457407474517822265625" lon="113.87934836558997631072998046875">
        <ele>10.80000019073486328125</ele>
        <time>2026-09-14T22:34:38.000Z</time>
        <extensions>
          <ns3:TrackPointExtension>
            <ns3:hr>137</ns3:hr>
            <ns3:cad>93</ns3:cad>
          </ns3:TrackPointExtension>
        </extensions>
      </trkpt>
      <trkpt lat="22.59903998114168643951416015625" lon="113.87936999090015888214111328125">
        <ele>10.80000019073486328125</ele>
        <time>2026-09-14T22:34:39.000Z</time>
        <extensions>
          <ns3:TrackPointExtension>
            <ns3:hr>136</ns3:hr>
            <ns3:cad>95</ns3:cad>
          </ns3:TrackPointExtension>
        </extensions>
      </trkpt>
      <trkpt lat="22.59906730614602565765380859375" lon="113.8793948851525783538818359375">
        <ele>10.80000019073486328125</ele>
        <time>2026-09-14T22:34:40.000Z</time>
        <extensions>
          <ns3:TrackPointExtension>
            <ns3:hr>137</ns3:hr>
            <ns3:cad>95</ns3:cad>
          </ns3:TrackPointExtension>
        </extensions>
      </trkpt>
      <trkpt lat="22.599085830152034759521484375" lon="113.8794099725782871246337890625">
        <ele>10.80000019073486328125</ele>
        <time>2026-09-14T22:34:41.000Z</time>
        <extensions>
          <ns3:TrackPointExtension>
            <ns3:hr>137</ns3:hr>
            <ns3:cad>94</ns3:cad>
          </ns3:TrackPointExtension>
        </extensions>
      </trkpt>
      <trkpt lat="22.59910820983350276947021484375" lon="113.879436291754245758056640625">
        <ele>10.80000019073486328125</ele>
        <time>2026-09-14T22:34:42.000Z</time>
        <extensions>
          <ns3:TrackPointExtension>
            <ns3:hr>136</ns3:hr>
            <ns3:cad>93</ns3:cad>
          </ns3:TrackPointExtension>
        </extensions>
      </trkpt>
      <trkpt lat="22.59912866167724132537841796875" lon="113.87945900671184062957763671875">
        <ele>10.80000019073486328125</ele>
        <time>2026-09-14T22:34:43.000Z</time>
        <extensions>
          <ns3:TrackPointExtension>
            <ns3:hr>136</ns3:hr>
            <ns3:cad>93</ns3:cad>
          </ns3:TrackPointExtension>
        </extensions>
      </trkpt>
      <trkpt lat="22.59914408437907695770263671875" lon="113.8794855773448944091796875">
        <ele>10.80000019073486328125</ele>
        <time>2026-09-14T22:34:44.000Z</time>
        <extensions>
          <ns3:TrackPointExtension>
            <ns3:hr>137</ns3:hr>
            <ns3:cad>93</ns3:cad>
          </ns3:TrackPointExtension>
        </extensions>
      </trkpt>
      <trkpt lat="22.599164955317974090576171875" lon="113.87951449491083621978759765625">
        <ele>10.80000019073486328125</ele>
        <time>2026-09-14T22:34:45.000Z</time>
        <extensions>
          <ns3:TrackPointExtension>
            <ns3:hr>137</ns3:hr>
            <ns3:cad>95</ns3:cad>
          </ns3:TrackPointExtension>
        </extensions>
      </trkpt>
      <trkpt lat="22.59918079711496829986572265625" lon="113.8795387186110019683837890625">
        <ele>10.80000019073486328125</ele>
        <time>2026-09-14T22:34:46.000Z</time>
        <extensions>
          <ns3:TrackPointExtension>
            <ns3:hr>137</ns3:hr>
            <ns3:cad>95</ns3:cad>
          </ns3:TrackPointExtension>
        </extensions>
      </trkpt>
      <trkpt lat="22.59920259006321430206298828125" lon="113.87956830672919750213623046875">
        <ele>10.80000019073486328125</ele>
        <time>2026-09-14T22:34:47.000Z</time>
        <extensions>
          <ns3:TrackPointExtension>
            <ns3:hr>136</ns3:hr>
            <ns3:cad>93</ns3:cad>
          </ns3:TrackPointExtension>
        </extensions>
      </trkpt>
      <trkpt lat="22.5992187671363353729248046875" lon="113.87958758510649204254150390625">
        <ele>10.80000019073486328125</ele>
        <time>2026-09-14T22:34:48.000Z</time>
        <extensions>
          <ns3:TrackPointExtension>
            <ns3:hr>137</ns3:hr>
            <ns3:cad>93</ns3:cad>
          </ns3:TrackPointExtension>
        </extensions>
      </trkpt>
      <trkpt lat="22.59923511184751987457275390625" lon="113.8796175085008144378662109375">
        <ele>10.80000019073486328125</ele>
        <time>2026-09-14T22:34:49.000Z</time>
        <extensions>
          <ns3:TrackPointExtension>
            <ns3:hr>137</ns3:hr>
            <ns3:cad>93</ns3:cad>
          </ns3:TrackPointExtension>
        </extensions>
      </trkpt>
      <trkpt lat="22.5992573238909244537353515625" lon="113.87963712215423583984375">
        <ele>10.80000019073486328125</ele>
        <time>2026-09-14T22:34:50.000Z</time>
        <extensions>
          <ns3:TrackPointExtension>
            <ns3:hr>136</ns3:hr>
            <ns3:cad>93</ns3:cad>
          </ns3:TrackPointExtension>
        </extensions>
      </trkpt>
      <trkpt lat="22.59927165694534778594970703125" lon="113.87965925037860870361328125">
        <ele>10.80000019073486328125</ele>
        <time>2026-09-14T22:34:51.000Z</time>
        <extensions>
          <ns3:TrackPointExtension>
            <ns3:hr>136</ns3:hr>
            <ns3:cad>94</ns3:cad>
          </ns3:TrackPointExtension>
        </extensions>
      </trkpt>
      <trkpt lat="22.59928892366588115692138671875" lon="113.879690431058406829833984375">
        <ele>10.80000019073486328125</ele>
        <time>2026-09-14T22:34:52.000Z</time>
        <extensions>
          <ns3:TrackPointExtension>
            <ns3:hr>137</ns3:hr>
            <ns3:cad>94</ns3:cad>
          </ns3:TrackPointExtension>
        </extensions>
      </trkpt>
      <trkpt lat="22.5992992334067821502685546875" lon="113.8797157444059848785400390625">
        <ele>10.80000019073486328125</ele>
        <time>2026-09-14T22:34:53.000Z</time>
        <extensions>
          <ns3:TrackPointExtension>
            <ns3:hr>137</ns3:hr>
            <ns3:cad>94</ns3:cad>
          </ns3:TrackPointExtension>
        </extensions>
      </trkpt>
      <trkpt lat="22.5993170030415058135986328125" lon="113.8797489367425441741943359375">
        <ele>10.80000019073486328125</ele>
        <time>2026-09-14T22:34:54.000Z</time>
        <extensions>
          <ns3:TrackPointExtension>
            <ns3:hr>137</ns3:hr>
            <ns3:cad>94</ns3:cad>
          </ns3:TrackPointExtension>
        </extensions>
      </trkpt>
      <trkpt lat="22.5993317551910877227783203125" lon="113.8797714002430438995361328125">
        <ele>11</ele>
        <time>2026-09-14T22:34:55.000Z</time>
        <extensions>
          <ns3:TrackPointExtension>
            <ns3:hr>137</ns3:hr>
            <ns3:cad>94</ns3:cad>
          </ns3:TrackPointExtension>
        </extensions>
      </trkpt>
      <trkpt lat="22.59934977628290653228759765625" lon="113.87980149127542972564697265625">
        <ele>11</ele>
        <time>2026-09-14T22:34:56.000Z</time>
        <extensions>
          <ns3:TrackPointExtension>
            <ns3:hr>137</ns3:hr>
            <ns3:cad>93</ns3:cad>
          </ns3:TrackPointExtension>
        </extensions>
      </trkpt>
      <trkpt lat="22.59936888702213764190673828125" lon="113.8798203505575656890869140625">
        <ele>10.80000019073486328125</ele>
        <time>2026-09-14T22:34:57.000Z</time>
        <extensions>
          <ns3:TrackPointExtension>
            <ns3:hr>137</ns3:hr>
            <ns3:cad>93</ns3:cad>
          </ns3:TrackPointExtension>
        </extensions>
      </trkpt>
      <trkpt lat="22.59938246570527553558349609375" lon="113.8798465020954608917236328125">
        <ele>11</ele>
        <time>2026-09-14T22:34:58.000Z</time>
        <extensions>
          <ns3:TrackPointExtension>
            <ns3:hr>137</ns3:hr>
            <ns3:cad>95</ns3:cad>
          </ns3:TrackPointExtension>
        </extensions>
      </trkpt>
      <trkpt lat="22.59939822368323802947998046875" lon="113.87987340800464153289794921875">
        <ele>11</ele>
        <time>2026-09-14T22:34:59.000Z</time>
        <extensions>
          <ns3:TrackPointExtension>
            <ns3:hr>137</ns3:hr>
            <ns3:cad>95</ns3:cad>
          </ns3:TrackPointExtension>
        </extensions>
      </trkpt>
      <trkpt lat="22.5994128920137882232666015625" lon="113.8798974640667438507080078125">
        <ele>11</ele>
        <time>2026-09-14T22:35:00.000Z</time>
        <extensions>
          <ns3:TrackPointExtension>
            <ns3:hr>137</ns3:hr>
            <ns3:cad>95</ns3:cad>
          </ns3:TrackPointExtension>
        </extensions>
      </trkpt>
      <trkpt lat="22.5994313322007656097412109375" lon="113.87992638163268566131591796875">
        <ele>11</ele>
        <time>2026-09-14T22:35:01.000Z</time>
        <extensions>
          <ns3:TrackPointExtension>
            <ns3:hr>137</ns3:hr>
            <ns3:cad>95</ns3:cad>
          </ns3:TrackPointExtension>
        </extensions>
      </trkpt>
      <trkpt lat="22.59944625198841094970703125" lon="113.87994331307709217071533203125">
        <ele>11</ele>
        <time>2026-09-14T22:35:02.000Z</time>
        <extensions>
          <ns3:TrackPointExtension>
            <ns3:hr>138</ns3:hr>
            <ns3:cad>93</ns3:cad>
          </ns3:TrackPointExtension>
        </extensions>
      </trkpt>
      <trkpt lat="22.599464692175388336181640625" lon="113.87997633777558803558349609375">
        <ele>11</ele>
        <time>2026-09-14T22:35:03.000Z</time>
        <extensions>
          <ns3:TrackPointExtension>
            <ns3:hr>137</ns3:hr>
            <ns3:cad>93</ns3:cad>
          </ns3:TrackPointExtension>
        </extensions>
      </trkpt>
      <trkpt lat="22.59948086924850940704345703125" lon="113.87999762780964374542236328125">
        <ele>11</ele>
        <time>2026-09-14T22:35:04.000Z</time>
        <extensions>
          <ns3:TrackPointExtension>
            <ns3:hr>137</ns3:hr>
            <ns3:cad>93</ns3:cad>
          </ns3:TrackPointExtension>
        </extensions>
      </trkpt>
      <trkpt lat="22.59949612431228160858154296875" lon="113.88002562336623668670654296875">
        <ele>11</ele>
        <time>2026-09-14T22:35:05.000Z</time>
        <extensions>
          <ns3:TrackPointExtension>
            <ns3:hr>138</ns3:hr>
            <ns3:cad>94</ns3:cad>
          </ns3:TrackPointExtension>
        </extensions>
      </trkpt>
      <trkpt lat="22.59951674379408359527587890625" lon="113.88005076907575130462646484375">
        <ele>11.19999980926513671875</ele>
        <time>2026-09-14T22:35:06.000Z</time>
        <extensions>
          <ns3:TrackPointExtension>
            <ns3:hr>137</ns3:hr>
            <ns3:cad>94</ns3:cad>
          </ns3:TrackPointExtension>
        </extensions>
      </trkpt>
      <trkpt lat="22.599530406296253204345703125" lon="113.88008027337491512298583984375">
        <ele>11.19999980926513671875</ele>
        <time>2026-09-14T22:35:07.000Z</time>
        <extensions>
          <ns3:TrackPointExtension>
            <ns3:hr>137</ns3:hr>
            <ns3:cad>93</ns3:cad>
          </ns3:TrackPointExtension>
        </extensions>
      </trkpt>
      <trkpt lat="22.59954960085451602935791015625" lon="113.88010994531214237213134765625">
        <ele>11.19999980926513671875</ele>
        <time>2026-09-14T22:35:08.000Z</time>
        <extensions>
          <ns3:TrackPointExtension>
            <ns3:hr>137</ns3:hr>
            <ns3:cad>93</ns3:cad>
          </ns3:TrackPointExtension>
        </extensions>
      </trkpt>
      <trkpt lat="22.59956552647054195404052734375" lon="113.88012670911848545074462890625">
        <ele>11.19999980926513671875</ele>
        <time>2026-09-14T22:35:09.000Z</time>
        <extensions>
          <ns3:TrackPointExtension>
            <ns3:hr>136</ns3:hr>
            <ns3:cad>93</ns3:cad>
          </ns3:TrackPointExtension>
        </extensions>
      </trkpt>
      <trkpt lat="22.59958497248589992523193359375" lon="113.88015990145504474639892578125">
        <ele>11.19999980926513671875</ele>
        <time>2026-09-14T22:35:10.000Z</time>
        <extensions>
          <ns3:TrackPointExtension>
            <ns3:hr>136</ns3:hr>
            <ns3:cad>93</ns3:cad>
          </ns3:TrackPointExtension>
        </extensions>
      </trkpt>
      <trkpt lat="22.5995966233313083648681640625" lon="113.880186975002288818359375">
        <ele>11.3999996185302734375</ele>
        <time>2026-09-14T22:35:11.000Z</time>
        <extensions>
          <ns3:TrackPointExtension>
            <ns3:hr>136</ns3:hr>
            <ns3:cad>94</ns3:cad>
          </ns3:TrackPointExtension>
        </extensions>
      </trkpt>
      <trkpt lat="22.59961011819541454315185546875" lon="113.88021991588175296783447265625">
        <ele>11.3999996185302734375</ele>
        <time>2026-09-14T22:35:12.000Z</time>
        <extensions>
          <ns3:TrackPointExtension>
            <ns3:hr>136</ns3:hr>
            <ns3:cad>95</ns3:cad>
          </ns3:TrackPointExtension>
        </extensions>
      </trkpt>
      <trkpt lat="22.5996314920485019683837890625" lon="113.8802347518503665924072265625">
        <ele>11.3999996185302734375</ele>
        <time>2026-09-14T22:35:13.000Z</time>
        <extensions>
          <ns3:TrackPointExtension>
            <ns3:hr>136</ns3:hr>
            <ns3:cad>95</ns3:cad>
          </ns3:TrackPointExtension>
        </extensions>
      </trkpt>
      <trkpt lat="22.59964414872229099273681640625" lon="113.88025780208408832550048828125">
        <ele>11.3999996185302734375</ele>
        <time>2026-09-14T22:35:14.000Z</time>
        <extensions>
          <ns3:TrackPointExtension>
            <ns3:hr>136</ns3:hr>
            <ns3:cad>93</ns3:cad>
          </ns3:TrackPointExtension>
        </extensions>
      </trkpt>
      <trkpt lat="22.59966082870960235595703125" lon="113.88028563000261783599853515625">
        <ele>11.3999996185302734375</ele>
        <time>2026-09-14T22:35:15.000Z</time>
        <extensions>
          <ns3:TrackPointExtension>
            <ns3:hr>137</ns3:hr>
            <ns3:cad>93</ns3:cad>
          </ns3:TrackPointExtension>
        </extensions>
      </trkpt>
      <trkpt lat="22.59967030026018619537353515625" lon="113.880310356616973876953125">
        <ele>11.3999996185302734375</ele>
        <time>2026-09-14T22:35:16.000Z</time>
        <extensions>
          <ns3:TrackPointExtension>
            <ns3:hr>137</ns3:hr>
            <ns3:cad>92</ns3:cad>
          </ns3:TrackPointExtension>
        </extensions>
      </trkpt>
      <trkpt lat="22.59969175793230533599853515625" lon="113.8803440518677234649658203125">
        <ele>11.3999996185302734375</ele>
        <time>2026-09-14T22:35:17.000Z</time>
        <extensions>
          <ns3:TrackPointExtension>
            <ns3:hr>137</ns3:hr>
            <ns3:cad>94</ns3:cad>
          </ns3:TrackPointExtension>
        </extensions>
      </trkpt>
      <trkpt lat="22.59970315732061862945556640625" lon="113.8803675211966037750244140625">
        <ele>11.3999996185302734375</ele>
        <time>2026-09-14T22:35:18.000Z</time>
        <extensions>
          <ns3:TrackPointExtension>
            <ns3:hr>136</ns3:hr>
            <ns3:cad>95</ns3:cad>
          </ns3:TrackPointExtension>
        </extensions>
      </trkpt>
      <trkpt lat="22.59971958585083484649658203125" lon="113.880399204790592193603515625">
        <ele>11.3999996185302734375</ele>
        <time>2026-09-14T22:35:19.000Z</time>
        <extensions>
          <ns3:TrackPointExtension>
            <ns3:hr>137</ns3:hr>
            <ns3:cad>95</ns3:cad>
          </ns3:TrackPointExtension>
        </extensions>
      </trkpt>
      <trkpt lat="22.5997344218194484710693359375" lon="113.88042124919593334197998046875">
        <ele>11.6000003814697265625</ele>
        <time>2026-09-14T22:35:20.000Z</time>
        <extensions>
          <ns3:TrackPointExtension>
            <ns3:hr>137</ns3:hr>
            <ns3:cad>95</ns3:cad>
          </ns3:TrackPointExtension>
        </extensions>
      </trkpt>
      <trkpt lat="22.59974825195968151092529296875" lon="113.88044991530478000640869140625">
        <ele>11.6000003814697265625</ele>
        <time>2026-09-14T22:35:21.000Z</time>
        <extensions>
          <ns3:TrackPointExtension>
            <ns3:hr>136</ns3:hr>
            <ns3:cad>95</ns3:cad>
          </ns3:TrackPointExtension>
        </extensions>
      </trkpt>
      <trkpt lat="22.5997634232044219970703125" lon="113.880476988852024078369140625">
        <ele>11.6000003814697265625</ele>
        <time>2026-09-14T22:35:22.000Z</time>
        <extensions>
          <ns3:TrackPointExtension>
            <ns3:hr>136</ns3:hr>
            <ns3:cad>95</ns3:cad>
          </ns3:TrackPointExtension>
        </extensions>
      </trkpt>
      <trkpt lat="22.599770464003086090087890625" lon="113.88050506822764873504638671875">
        <ele>11.6000003814697265625</ele>
        <time>2026-09-14T22:35:23.000Z</time>
        <extensions>
          <ns3:TrackPointExtension>
            <ns3:hr>137</ns3:hr>
            <ns3:cad>93</ns3:cad>
          </ns3:TrackPointExtension>
        </extensions>
      </trkpt>
      <trkpt lat="22.5997813604772090911865234375" lon="113.8805375061929225921630859375">
        <ele>11.6000003814697265625</ele>
        <time>2026-09-14T22:35:24.000Z</time>
        <extensions>
          <ns3:TrackPointExtension>
            <ns3:hr>137</ns3:hr>
            <ns3:cad>93</ns3:cad>
          </ns3:TrackPointExtension>
        </extensions>
      </trkpt>
      <trkpt lat="22.5997902452945709228515625" lon="113.88056759722530841827392578125">
        <ele>11.6000003814697265625</ele>
        <time>2026-09-14T22:35:25.000Z</time>
        <extensions>
          <ns3:TrackPointExtension>
            <ns3:hr>137</ns3:hr>
            <ns3:cad>93</ns3:cad>
          </ns3:TrackPointExtension>
        </extensions>
      </trkpt>
      <trkpt lat="22.59979988448321819305419921875" lon="113.8806067407131195068359375">
        <ele>11.6000003814697265625</ele>
        <time>2026-09-14T22:35:26.000Z</time>
        <extensions>
          <ns3:TrackPointExtension>
            <ns3:hr>137</ns3:hr>
            <ns3:cad>94</ns3:cad>
          </ns3:TrackPointExtension>
        </extensions>
      </trkpt>
      <trkpt lat="22.59980457834899425506591796875" lon="113.8806335628032684326171875">
        <ele>11.3999996185302734375</ele>
        <time>2026-09-14T22:35:27.000Z</time>
        <extensions>
          <ns3:TrackPointExtension>
            <ns3:hr>137</ns3:hr>
            <ns3:cad>94</ns3:cad>
          </ns3:TrackPointExtension>
        </extensions>
      </trkpt>
      <trkpt lat="22.59981346316635608673095703125" lon="113.8806692697107791900634765625">
        <ele>11.3999996185302734375</ele>
        <time>2026-09-14T22:35:28.000Z</time>
        <extensions>
          <ns3:TrackPointExtension>
            <ns3:hr>136</ns3:hr>
            <ns3:cad>92</ns3:cad>
          </ns3:TrackPointExtension>
        </extensions>
      </trkpt>
      <trkpt lat="22.59983290918171405792236328125" lon="113.88069081120193004608154296875">
        <ele>11.6000003814697265625</ele>
        <time>2026-09-14T22:35:29.000Z</time>
        <extensions>
          <ns3:TrackPointExtension>
            <ns3:hr>137</ns3:hr>
            <ns3:cad>92</ns3:cad>
          </ns3:TrackPointExtension>
        </extensions>
      </trkpt>
      <trkpt lat="22.59984699077904224395751953125" lon="113.88072199188172817230224609375">
        <ele>11.6000003814697265625</ele>
        <time>2026-09-14T22:35:30.000Z</time>
        <extensions>
          <ns3:TrackPointExtension>
            <ns3:hr>137</ns3:hr>
            <ns3:cad>92</ns3:cad>
          </ns3:TrackPointExtension>
        </extensions>
      </trkpt>
      <trkpt lat="22.5998611561954021453857421875" lon="113.88075116090476512908935546875">
        <ele>11.6000003814697265625</ele>
        <time>2026-09-14T22:35:31.000Z</time>
        <extensions>
          <ns3:TrackPointExtension>
            <ns3:hr>137</ns3:hr>
            <ns3:cad>92</ns3:cad>
          </ns3:TrackPointExtension>
        </extensions>
      </trkpt>
      <trkpt lat="22.5998745672404766082763671875" lon="113.88077639043331146240234375">
        <ele>11.6000003814697265625</ele>
        <time>2026-09-14T22:35:32.000Z</time>
        <extensions>
          <ns3:TrackPointExtension>
            <ns3:hr>138</ns3:hr>
            <ns3:cad>93</ns3:cad>
          </ns3:TrackPointExtension>
        </extensions>
      </trkpt>
      <trkpt lat="22.59988571517169475555419921875" lon="113.88080866076052188873291015625">
        <ele>11.6000003814697265625</ele>
        <time>2026-09-14T22:35:33.000Z</time>
        <extensions>
          <ns3:TrackPointExtension>
            <ns3:hr>138</ns3:hr>
            <ns3:cad>93</ns3:cad>
          </ns3:TrackPointExtension>
        </extensions>
      </trkpt>
      <trkpt lat="22.5998990423977375030517578125" lon="113.88083397410809993743896484375">
        <ele>11.6000003814697265625</ele>
        <time>2026-09-14T22:35:34.000Z</time>
        <extensions>
          <ns3:TrackPointExtension>
            <ns3:hr>138</ns3:hr>
            <ns3:cad>93</ns3:cad>
          </ns3:TrackPointExtension>
        </extensions>
      </trkpt>
      <trkpt lat="22.59991153143346309661865234375" lon="113.8808714412152767181396484375">
        <ele>11.6000003814697265625</ele>
        <time>2026-09-14T22:35:35.000Z</time>
        <extensions>
          <ns3:TrackPointExtension>
            <ns3:hr>138</ns3:hr>
            <ns3:cad>93</ns3:cad>
          </ns3:TrackPointExtension>
        </extensions>
      </trkpt>
      <trkpt lat="22.59992494247853755950927734375" lon="113.8809002749621868133544921875">
        <ele>11.6000003814697265625</ele>
        <time>2026-09-14T22:35:36.000Z</time>
        <extensions>
          <ns3:TrackPointExtension>
            <ns3:hr>138</ns3:hr>
            <ns3:cad>93</ns3:cad>
          </ns3:TrackPointExtension>
        </extensions>
      </trkpt>
      <trkpt lat="22.59994053281843662261962890625" lon="113.8809307850897312164306640625">
        <ele>11.6000003814697265625</ele>
        <time>2026-09-14T22:35:37.000Z</time>
        <extensions>
          <ns3:TrackPointExtension>
            <ns3:hr>138</ns3:hr>
            <ns3:cad>93</ns3:cad>
          </ns3:TrackPointExtension>
        </extensions>
      </trkpt>
      <trkpt lat="22.59995712898671627044677734375" lon="113.8809616304934024810791015625">
        <ele>11.6000003814697265625</ele>
        <time>2026-09-14T22:35:38.000Z</time>
        <extensions>
          <ns3:TrackPointExtension>
            <ns3:hr>138</ns3:hr>
            <ns3:cad>93</ns3:cad>
          </ns3:TrackPointExtension>
        </extensions>
      </trkpt>
      <trkpt lat="22.599968276917934417724609375" lon="113.88098962604999542236328125">
        <ele>11.6000003814697265625</ele>
        <time>2026-09-14T22:35:39.000Z</time>
        <extensions>
          <ns3:TrackPointExtension>
            <ns3:hr>139</ns3:hr>
            <ns3:cad>94</ns3:cad>
          </ns3:TrackPointExtension>
        </extensions>
      </trkpt>
      <trkpt lat="22.59998269379138946533203125" lon="113.88101720251142978668212890625">
        <ele>11.6000003814697265625</ele>
        <time>2026-09-14T22:35:40.000Z</time>
        <extensions>
          <ns3:TrackPointExtension>
            <ns3:hr>139</ns3:hr>
            <ns3:cad>94</ns3:cad>
          </ns3:TrackPointExtension>
        </extensions>
      </trkpt>
      <trkpt lat="22.59999467991292476654052734375" lon="113.88103849254548549652099609375">
        <ele>11.3999996185302734375</ele>
        <time>2026-09-14T22:35:41.000Z</time>
        <extensions>
          <ns3:TrackPointExtension>
            <ns3:hr>139</ns3:hr>
            <ns3:cad>94</ns3:cad>
          </ns3:TrackPointExtension>
        </extensions>
      </trkpt>
      <trkpt lat="22.60000540874898433685302734375" lon="113.88107168488204479217529296875">
        <ele>11.6000003814697265625</ele>
        <time>2026-09-14T22:35:42.000Z</time>
        <extensions>
          <ns3:TrackPointExtension>
            <ns3:hr>140</ns3:hr>
            <ns3:cad>94</ns3:cad>
          </ns3:TrackPointExtension>
        </extensions>
      </trkpt>
      <trkpt lat="22.60001949034631252288818359375" lon="113.88109096325933933258056640625">
        <ele>11.6000003814697265625</ele>
        <time>2026-09-14T22:35:43.000Z</time>
        <extensions>
          <ns3:TrackPointExtension>
            <ns3:hr>140</ns3:hr>
            <ns3:cad>93</ns3:cad>
          </ns3:TrackPointExtension>
        </extensions>
      </trkpt>
      <trkpt lat="22.60002854280173778533935546875" lon="113.881123401224613189697265625">
        <ele>11.6000003814697265625</ele>
        <time>2026-09-14T22:35:44.000Z</time>
        <extensions>
          <ns3:TrackPointExtension>
            <ns3:hr>140</ns3:hr>
            <ns3:cad>94</ns3:cad>
          </ns3:TrackPointExtension>
        </extensions>
      </trkpt>
      <trkpt lat="22.6000485755503177642822265625" lon="113.88115013949573040008544921875">
        <ele>11.6000003814697265625</ele>
        <time>2026-09-14T22:35:45.000Z</time>
        <extensions>
          <ns3:TrackPointExtension>
            <ns3:hr>140</ns3:hr>
            <ns3:cad>94</ns3:cad>
          </ns3:TrackPointExtension>
        </extensions>
      </trkpt>
      <trkpt lat="22.6000619865953922271728515625" lon="113.88117729686200618743896484375">
        <ele>11.6000003814697265625</ele>
        <time>2026-09-14T22:35:46.000Z</time>
        <extensions>
          <ns3:TrackPointExtension>
            <ns3:hr>140</ns3:hr>
            <ns3:cad>94</ns3:cad>
          </ns3:TrackPointExtension>
        </extensions>
      </trkpt>
      <trkpt lat="22.60007657110691070556640625" lon="113.8812067173421382904052734375">
        <ele>11.6000003814697265625</ele>
        <time>2026-09-14T22:35:47.000Z</time>
        <extensions>
          <ns3:TrackPointExtension>
            <ns3:hr>140</ns3:hr>
            <ns3:cad>94</ns3:cad>
          </ns3:TrackPointExtension>
        </extensions>
      </trkpt>
      <trkpt lat="22.600090987980365753173828125" lon="113.88123278506100177764892578125">
        <ele>11.6000003814697265625</ele>
        <time>2026-09-14T22:35:48.000Z</time>
        <extensions>
          <ns3:TrackPointExtension>
            <ns3:hr>140</ns3:hr>
            <ns3:cad>93</ns3:cad>
          </ns3:TrackPointExtension>
        </extensions>
      </trkpt>
      <trkpt lat="22.600106410682201385498046875" lon="113.88126798905432224273681640625">
        <ele>11.6000003814697265625</ele>
        <time>2026-09-14T22:35:49.000Z</time>
        <extensions>
          <ns3:TrackPointExtension>
            <ns3:hr>140</ns3:hr>
            <ns3:cad>93</ns3:cad>
          </ns3:TrackPointExtension>
        </extensions>
      </trkpt>
      <trkpt lat="22.60012443177402019500732421875" lon="113.8812915422022342681884765625">
        <ele>11.6000003814697265625</ele>
        <time>2026-09-14T22:35:50.000Z</time>
        <extensions>
          <ns3:TrackPointExtension>
            <ns3:hr>141</ns3:hr>
            <ns3:cad>93</ns3:cad>
          </ns3:TrackPointExtension>
        </extensions>
      </trkpt>
      <trkpt lat="22.60013247840106487274169921875" lon="113.8813277520239353179931640625">
        <ele>11.6000003814697265625</ele>
        <time>2026-09-14T22:35:51.000Z</time>
        <extensions>
          <ns3:TrackPointExtension>
            <ns3:hr>141</ns3:hr>
            <ns3:cad>93</ns3:cad>
          </ns3:TrackPointExtension>
        </extensions>
      </trkpt>
      <trkpt lat="22.6001469790935516357421875" lon="113.88135046698153018951416015625">
        <ele>11.6000003814697265625</ele>
        <time>2026-09-14T22:35:52.000Z</time>
        <extensions>
          <ns3:TrackPointExtension>
            <ns3:hr>141</ns3:hr>
            <ns3:cad>93</ns3:cad>
          </ns3:TrackPointExtension>
        </extensions>
      </trkpt>
      <trkpt lat="22.60015410371124744415283203125" lon="113.8813777081668376922607421875">
        <ele>11.6000003814697265625</ele>
        <time>2026-09-14T22:35:53.000Z</time>
        <extensions>
          <ns3:TrackPointExtension>
            <ns3:hr>141</ns3:hr>
            <ns3:cad>94</ns3:cad>
          </ns3:TrackPointExtension>
        </extensions>
      </trkpt>
      <trkpt lat="22.600166760385036468505859375" lon="113.88140209950506687164306640625">
        <ele>11.6000003814697265625</ele>
        <time>2026-09-14T22:35:54.000Z</time>
        <extensions>
          <ns3:TrackPointExtension>
            <ns3:hr>140</ns3:hr>
            <ns3:cad>94</ns3:cad>
          </ns3:TrackPointExtension>
        </extensions>
      </trkpt>
      <trkpt lat="22.60017975233495235443115234375" lon="113.88142355717718601226806640625">
        <ele>11.6000003814697265625</ele>
        <time>2026-09-14T22:35:55.000Z</time>
        <extensions>
          <ns3:TrackPointExtension>
            <ns3:hr>140</ns3:hr>
            <ns3:cad>93</ns3:cad>
          </ns3:TrackPointExtension>
        </extensions>
      </trkpt>
      <trkpt lat="22.60019198991358280181884765625" lon="113.88145574368536472320556640625">
        <ele>11.6000003814697265625</ele>
        <time>2026-09-14T22:35:56.000Z</time>
        <extensions>
          <ns3:TrackPointExtension>
            <ns3:hr>140</ns3:hr>
            <ns3:cad>93</ns3:cad>
          </ns3:TrackPointExtension>
        </extensions>
      </trkpt>
      <trkpt lat="22.6002078317105770111083984375" lon="113.8814806379377841949462890625">
        <ele>11.6000003814697265625</ele>
        <time>2026-09-14T22:35:57.000Z</time>
        <extensions>
          <ns3:TrackPointExtension>
            <ns3:hr>140</ns3:hr>
            <ns3:cad>93</ns3:cad>
          </ns3:TrackPointExtension>
        </extensions>
      </trkpt>
      <trkpt lat="22.6002266071736812591552734375" lon="113.88150888495147228240966796875">
        <ele>11.6000003814697265625</ele>
        <time>2026-09-14T22:35:58.000Z</time>
        <extensions>
          <ns3:TrackPointExtension>
            <ns3:hr>140</ns3:hr>
            <ns3:cad>93</ns3:cad>
          </ns3:TrackPointExtension>
        </extensions>
      </trkpt>
      <trkpt lat="22.60024379007518291473388671875" lon="113.88153009116649627685546875">
        <ele>11.80000019073486328125</ele>
        <time>2026-09-14T22:35:59.000Z</time>
        <extensions>
          <ns3:TrackPointExtension>
            <ns3:hr>140</ns3:hr>
            <ns3:cad>94</ns3:cad>
          </ns3:TrackPointExtension>
        </extensions>
      </trkpt>
      <trkpt lat="22.600252591073513031005859375" lon="113.88156018219888210296630859375">
        <ele>11.80000019073486328125</ele>
        <time>2026-09-14T22:36:00.000Z</time>
        <extensions>
          <ns3:TrackPointExtension>
            <ns3:hr>140</ns3:hr>
            <ns3:cad>94</ns3:cad>
          </ns3:TrackPointExtension>
        </extensions>
      </trkpt>
      <trkpt lat="22.60027077980339527130126953125" lon="113.8815835677087306976318359375">
        <ele>11.80000019073486328125</ele>
        <time>2026-09-14T22:36:01.000Z</time>
        <extensions>
          <ns3:TrackPointExtension>
            <ns3:hr>140</ns3:hr>
            <ns3:cad>93</ns3:cad>
          </ns3:TrackPointExtension>
        </extensions>
      </trkpt>
      <trkpt lat="22.60027999989688396453857421875" lon="113.881612233817577362060546875">
        <ele>11.80000019073486328125</ele>
        <time>2026-09-14T22:36:02.000Z</time>
        <extensions>
          <ns3:TrackPointExtension>
            <ns3:hr>140</ns3:hr>
            <ns3:cad>93</ns3:cad>
          </ns3:TrackPointExtension>
        </extensions>
      </trkpt>
      <trkpt lat="22.60028972290456295013427734375" lon="113.88163947500288486480712890625">
        <ele>11.80000019073486328125</ele>
        <time>2026-09-14T22:36:03.000Z</time>
        <extensions>
          <ns3:TrackPointExtension>
            <ns3:hr>140</ns3:hr>
            <ns3:cad>93</ns3:cad>
          </ns3:TrackPointExtension>
        </extensions>
      </trkpt>
      <trkpt lat="22.6003007031977176666259765625" lon="113.88166344724595546722412109375">
        <ele>11.80000019073486328125</ele>
        <time>2026-09-14T22:36:04.000Z</time>
        <extensions>
          <ns3:TrackPointExtension>
            <ns3:hr>139</ns3:hr>
            <ns3:cad>93</ns3:cad>
          </ns3:TrackPointExtension>
        </extensions>
      </trkpt>
      <trkpt lat="22.60031151585280895233154296875" lon="113.88169295154511928558349609375">
        <ele>11.80000019073486328125</ele>
        <time>2026-09-14T22:36:05.000Z</time>
        <extensions>
          <ns3:TrackPointExtension>
            <ns3:hr>139</ns3:hr>
            <ns3:cad>93</ns3:cad>
          </ns3:TrackPointExtension>
        </extensions>
      </trkpt>
      <trkpt lat="22.60032065212726593017578125" lon="113.88171918690204620361328125">
        <ele>11.80000019073486328125</ele>
        <time>2026-09-14T22:36:06.000Z</time>
        <extensions>
          <ns3:TrackPointExtension>
            <ns3:hr>139</ns3:hr>
            <ns3:cad>92</ns3:cad>
          </ns3:TrackPointExtension>
        </extensions>
      </trkpt>
      <trkpt lat="22.60033431462943553924560546875" lon="113.88175045140087604522705078125">
        <ele>11.80000019073486328125</ele>
        <time>2026-09-14T22:36:07.000Z</time>
        <extensions>
          <ns3:TrackPointExtension>
            <ns3:hr>139</ns3:hr>
            <ns3:cad>92</ns3:cad>
          </ns3:TrackPointExtension>
        </extensions>
      </trkpt>
      <trkpt lat="22.6003493182361125946044921875" lon="113.881772495806217193603515625">
        <ele>11.6000003814697265625</ele>
        <time>2026-09-14T22:36:08.000Z</time>
        <extensions>
          <ns3:TrackPointExtension>
            <ns3:hr>139</ns3:hr>
            <ns3:cad>92</ns3:cad>
          </ns3:TrackPointExtension>
        </extensions>
      </trkpt>
      <trkpt lat="22.600369267165660858154296875" lon="113.8818021677434444427490234375">
        <ele>11.6000003814697265625</ele>
        <time>2026-09-14T22:36:09.000Z</time>
        <extensions>
          <ns3:TrackPointExtension>
            <ns3:hr>139</ns3:hr>
            <ns3:cad>92</ns3:cad>
          </ns3:TrackPointExtension>
        </extensions>
      </trkpt>
      <trkpt lat="22.60038544423878192901611328125" lon="113.88182940892875194549560546875">
        <ele>11.6000003814697265625</ele>
        <time>2026-09-14T22:36:10.000Z</time>
        <extensions>
          <ns3:TrackPointExtension>
            <ns3:hr>139</ns3:hr>
            <ns3:cad>92</ns3:cad>
          </ns3:TrackPointExtension>
        </extensions>
      </trkpt>
      <trkpt lat="22.60039583779871463775634765625" lon="113.8818581588566303253173828125">
        <ele>11.6000003814697265625</ele>
        <time>2026-09-14T22:36:11.000Z</time>
        <extensions>
          <ns3:TrackPointExtension>
            <ns3:hr>138</ns3:hr>
            <ns3:cad>93</ns3:cad>
          </ns3:TrackPointExtension>
        </extensions>
      </trkpt>
      <trkpt lat="22.60040975175797939300537109375" lon="113.88188741169869899749755859375">
        <ele>11.6000003814697265625</ele>
        <time>2026-09-14T22:36:12.000Z</time>
        <extensions>
          <ns3:TrackPointExtension>
            <ns3:hr>138</ns3:hr>
            <ns3:cad>93</ns3:cad>
          </ns3:TrackPointExtension>
        </extensions>
      </trkpt>
      <trkpt lat="22.6004200614988803863525390625" lon="113.88191758655011653900146484375">
        <ele>11.6000003814697265625</ele>
        <time>2026-09-14T22:36:13.000Z</time>
        <extensions>
          <ns3:TrackPointExtension>
            <ns3:hr>138</ns3:hr>
            <ns3:cad>94</ns3:cad>
          </ns3:TrackPointExtension>
        </extensions>
      </trkpt>
      <trkpt lat="22.60043506510555744171142578125" lon="113.88195262290537357330322265625">
        <ele>11.6000003814697265625</ele>
        <time>2026-09-14T22:36:14.000Z</time>
        <extensions>
          <ns3:TrackPointExtension>
            <ns3:hr>138</ns3:hr>
            <ns3:cad>94</ns3:cad>
          </ns3:TrackPointExtension>
        </extensions>
      </trkpt>
      <trkpt lat="22.6004499010741710662841796875" lon="113.88197475112974643707275390625">
        <ele>11.6000003814697265625</ele>
        <time>2026-09-14T22:36:15.000Z</time>
        <extensions>
          <ns3:TrackPointExtension>
            <ns3:hr>137</ns3:hr>
            <ns3:cad>95</ns3:cad>
          </ns3:TrackPointExtension>
        </extensions>
      </trkpt>
      <trkpt lat="22.6004607975482940673828125" lon="113.88200484216213226318359375">
        <ele>11.3999996185302734375</ele>
        <time>2026-09-14T22:36:16.000Z</time>
        <extensions>
          <ns3:TrackPointExtension>
            <ns3:hr>137</ns3:hr>
            <ns3:cad>95</ns3:cad>
          </ns3:TrackPointExtension>
        </extensions>
      </trkpt>
      <trkpt lat="22.60047580115497112274169921875" lon="113.882026970386505126953125">
        <ele>11.3999996185302734375</ele>
        <time>2026-09-14T22:36:17.000Z</time>
        <extensions>
          <ns3:TrackPointExtension>
            <ns3:hr>137</ns3:hr>
            <ns3:cad>94</ns3:cad>
          </ns3:TrackPointExtension>
        </extensions>
      </trkpt>
      <trkpt lat="22.60048032738268375396728515625" lon="113.88205722905695438385009765625">
        <ele>11.3999996185302734375</ele>
        <time>2026-09-14T22:36:18.000Z</time>
        <extensions>
          <ns3:TrackPointExtension>
            <ns3:hr>137</ns3:hr>
            <ns3:cad>94</ns3:cad>
          </ns3:TrackPointExtension>
        </extensions>
      </trkpt>
      <trkpt lat="22.6004944927990436553955078125" lon="113.882086984813213348388671875">
        <ele>11.3999996185302734375</ele>
        <time>2026-09-14T22:36:19.000Z</time>
        <extensions>
          <ns3:TrackPointExtension>
            <ns3:hr>136</ns3:hr>
            <ns3:cad>94</ns3:cad>
          </ns3:TrackPointExtension>
        </extensions>
      </trkpt>
      <trkpt lat="22.6005038805305957794189453125" lon="113.88210969977080821990966796875">
        <ele>11.3999996185302734375</ele>
        <time>2026-09-14T22:36:20.000Z</time>
        <extensions>
          <ns3:TrackPointExtension>
            <ns3:hr>136</ns3:hr>
            <ns3:cad>94</ns3:cad>
          </ns3:TrackPointExtension>
        </extensions>
      </trkpt>
      <trkpt lat="22.60051519609987735748291015625" lon="113.8821414671838283538818359375">
        <ele>11.3999996185302734375</ele>
        <time>2026-09-14T22:36:21.000Z</time>
        <extensions>
          <ns3:TrackPointExtension>
            <ns3:hr>136</ns3:hr>
            <ns3:cad>94</ns3:cad>
          </ns3:TrackPointExtension>
        </extensions>
      </trkpt>
      <trkpt lat="22.60053246282041072845458984375" lon="113.882166445255279541015625">
        <ele>11.6000003814697265625</ele>
        <time>2026-09-14T22:36:22.000Z</time>
        <extensions>
          <ns3:TrackPointExtension>
            <ns3:hr>136</ns3:hr>
            <ns3:cad>95</ns3:cad>
          </ns3:TrackPointExtension>
        </extensions>
      </trkpt>
      <trkpt lat="22.60054218582808971405029296875" lon="113.8822028227150440216064453125">
        <ele>11.6000003814697265625</ele>
        <time>2026-09-14T22:36:23.000Z</time>
        <extensions>
          <ns3:TrackPointExtension>
            <ns3:hr>135</ns3:hr>
            <ns3:cad>95</ns3:cad>
          </ns3:TrackPointExtension>
        </extensions>
      </trkpt>
      <trkpt lat="22.6005558483302593231201171875" lon="113.8822276331484317779541015625">
        <ele>11.6000003814697265625</ele>
        <time>2026-09-14T22:36:24.000Z</time>
        <extensions>
          <ns3:TrackPointExtension>
            <ns3:hr>136</ns3:hr>
            <ns3:cad>95</ns3:cad>
          </ns3:TrackPointExtension>
        </extensions>
      </trkpt>
      <trkpt lat="22.60056397877633571624755859375" lon="113.88225453905761241912841796875">
        <ele>11.6000003814697265625</ele>
        <time>2026-09-14T22:36:25.000Z</time>
        <extensions>
          <ns3:TrackPointExtension>
            <ns3:hr>136</ns3:hr>
            <ns3:cad>95</ns3:cad>
          </ns3:TrackPointExtension>
        </extensions>
      </trkpt>
      <trkpt lat="22.60057336650788784027099609375" lon="113.88228387571871280670166015625">
        <ele>11.6000003814697265625</ele>
        <time>2026-09-14T22:36:26.000Z</time>
        <extensions>
          <ns3:TrackPointExtension>
            <ns3:hr>136</ns3:hr>
            <ns3:cad>95</ns3:cad>
          </ns3:TrackPointExtension>
        </extensions>
      </trkpt>
      <trkpt lat="22.60057956911623477935791015625" lon="113.882311284542083740234375">
        <ele>11.6000003814697265625</ele>
        <time>2026-09-14T22:36:27.000Z</time>
        <extensions>
          <ns3:TrackPointExtension>
            <ns3:hr>136</ns3:hr>
            <ns3:cad>95</ns3:cad>
          </ns3:TrackPointExtension>
        </extensions>
      </trkpt>
      <trkpt lat="22.600589878857135772705078125" lon="113.88234623707830905914306640625">
        <ele>11.6000003814697265625</ele>
        <time>2026-09-14T22:36:28.000Z</time>
        <extensions>
          <ns3:TrackPointExtension>
            <ns3:hr>136</ns3:hr>
            <ns3:cad>95</ns3:cad>
          </ns3:TrackPointExtension>
        </extensions>
      </trkpt>
      <trkpt lat="22.6006051339209079742431640625" lon="113.8823671080172061920166015625">
        <ele>11.80000019073486328125</ele>
        <time>2026-09-14T22:36:29.000Z</time>
        <extensions>
          <ns3:TrackPointExtension>
            <ns3:hr>136</ns3:hr>
            <ns3:cad>95</ns3:cad>
          </ns3:TrackPointExtension>
        </extensions>
      </trkpt>
      <trkpt lat="22.6006141863763332366943359375" lon="113.88239518739283084869384765625">
        <ele>11.80000019073486328125</ele>
        <time>2026-09-14T22:36:30.000Z</time>
        <extensions>
          <ns3:TrackPointExtension>
            <ns3:hr>136</ns3:hr>
            <ns3:cad>95</ns3:cad>
          </ns3:TrackPointExtension>
        </extensions>
      </trkpt>
      <trkpt lat="22.6006270945072174072265625" lon="113.88242050074040889739990234375">
        <ele>11.80000019073486328125</ele>
        <time>2026-09-14T22:36:31.000Z</time>
        <extensions>
          <ns3:TrackPointExtension>
            <ns3:hr>136</ns3:hr>
            <ns3:cad>93</ns3:cad>
          </ns3:TrackPointExtension>
        </extensions>
      </trkpt>
      <trkpt lat="22.600636817514896392822265625" lon="113.88245050795376300811767578125">
        <ele>11.80000019073486328125</ele>
        <time>2026-09-14T22:36:32.000Z</time>
        <extensions>
          <ns3:TrackPointExtension>
            <ns3:hr>136</ns3:hr>
            <ns3:cad>94</ns3:cad>
          </ns3:TrackPointExtension>
        </extensions>
      </trkpt>
      <trkpt lat="22.6006470434367656707763671875" lon="113.8824844546616077423095703125">
        <ele>11.80000019073486328125</ele>
        <time>2026-09-14T22:36:33.000Z</time>
        <extensions>
          <ns3:TrackPointExtension>
            <ns3:hr>136</ns3:hr>
            <ns3:cad>95</ns3:cad>
          </ns3:TrackPointExtension>
        </extensions>
      </trkpt>
      <trkpt lat="22.60066129267215728759765625" lon="113.8825079239904880523681640625">
        <ele>11.80000019073486328125</ele>
        <time>2026-09-14T22:36:34.000Z</time>
        <extensions>
          <ns3:TrackPointExtension>
            <ns3:hr>135</ns3:hr>
            <ns3:cad>95</ns3:cad>
          </ns3:TrackPointExtension>
        </extensions>
      </trkpt>
      <trkpt lat="22.6006753742694854736328125" lon="113.882536925375461578369140625">
        <ele>11.80000019073486328125</ele>
        <time>2026-09-14T22:36:35.000Z</time>
        <extensions>
          <ns3:TrackPointExtension>
            <ns3:hr>135</ns3:hr>
            <ns3:cad>95</ns3:cad>
          </ns3:TrackPointExtension>
        </extensions>
      </trkpt>
      <trkpt lat="22.60069071315228939056396484375" lon="113.8825551979243755340576171875">
        <ele>11.80000019073486328125</ele>
        <time>2026-09-14T22:36:36.000Z</time>
        <extensions>
          <ns3:TrackPointExtension>
            <ns3:hr>135</ns3:hr>
            <ns3:cad>95</ns3:cad>
          </ns3:TrackPointExtension>
        </extensions>
      </trkpt>
      <trkpt lat="22.60070445947349071502685546875" lon="113.88258428312838077545166015625">
        <ele>11.80000019073486328125</ele>
        <time>2026-09-14T22:36:37.000Z</time>
        <extensions>
          <ns3:TrackPointExtension>
            <ns3:hr>136</ns3:hr>
            <ns3:cad>94</ns3:cad>
          </ns3:TrackPointExtension>
        </extensions>
      </trkpt>
      <trkpt lat="22.60071971453726291656494140625" lon="113.8826088421046733856201171875">
        <ele>11.80000019073486328125</ele>
        <time>2026-09-14T22:36:38.000Z</time>
        <extensions>
          <ns3:TrackPointExtension>
            <ns3:hr>136</ns3:hr>
            <ns3:cad>94</ns3:cad>
          </ns3:TrackPointExtension>
        </extensions>
      </trkpt>
      <trkpt lat="22.60073010809719562530517578125" lon="113.88263725675642490386962890625">
        <ele>12</ele>
        <time>2026-09-14T22:36:39.000Z</time>
        <extensions>
          <ns3:TrackPointExtension>
            <ns3:hr>136</ns3:hr>
            <ns3:cad>94</ns3:cad>
          </ns3:TrackPointExtension>
        </extensions>
      </trkpt>
      <trkpt lat="22.60073999874293804168701171875" lon="113.88266826979815959930419921875">
        <ele>12</ele>
        <time>2026-09-14T22:36:40.000Z</time>
        <extensions>
          <ns3:TrackPointExtension>
            <ns3:hr>137</ns3:hr>
            <ns3:cad>94</ns3:cad>
          </ns3:TrackPointExtension>
        </extensions>
      </trkpt>
      <trkpt lat="22.60074636898934841156005859375" lon="113.88269341550767421722412109375">
        <ele>12</ele>
        <time>2026-09-14T22:36:41.000Z</time>
        <extensions>
          <ns3:TrackPointExtension>
            <ns3:hr>137</ns3:hr>
            <ns3:cad>94</ns3:cad>
          </ns3:TrackPointExtension>
        </extensions>
      </trkpt>
      <trkpt lat="22.60076095350086688995361328125" lon="113.88273180462419986724853515625">
        <ele>11.80000019073486328125</ele>
        <time>2026-09-14T22:36:42.000Z</time>
        <extensions>
          <ns3:TrackPointExtension>
            <ns3:hr>137</ns3:hr>
            <ns3:cad>94</ns3:cad>
          </ns3:TrackPointExtension>
        </extensions>
      </trkpt>
      <trkpt lat="22.6007772982120513916015625" lon="113.8827570341527462005615234375">
        <ele>12</ele>
        <time>2026-09-14T22:36:43.000Z</time>
        <extensions>
          <ns3:TrackPointExtension>
            <ns3:hr>136</ns3:hr>
            <ns3:cad>93</ns3:cad>
          </ns3:TrackPointExtension>
        </extensions>
      </trkpt>
      <trkpt lat="22.60079531930387020111083984375" lon="113.88279131613671779632568359375">
        <ele>12</ele>
        <time>2026-09-14T22:36:44.000Z</time>
        <extensions>
          <ns3:TrackPointExtension>
            <ns3:hr>136</ns3:hr>
            <ns3:cad>93</ns3:cad>
          </ns3:TrackPointExtension>
        </extensions>
      </trkpt>
      <trkpt lat="22.6008121669292449951171875" lon="113.88282014988362789154052734375">
        <ele>12</ele>
        <time>2026-09-14T22:36:45.000Z</time>
        <extensions>
          <ns3:TrackPointExtension>
            <ns3:hr>136</ns3:hr>
            <ns3:cad>94</ns3:cad>
          </ns3:TrackPointExtension>
        </extensions>
      </trkpt>
      <trkpt lat="22.600824572145938873291015625" lon="113.88284143991768360137939453125">
        <ele>12</ele>
        <time>2026-09-14T22:36:46.000Z</time>
        <extensions>
          <ns3:TrackPointExtension>
            <ns3:hr>137</ns3:hr>
            <ns3:cad>94</ns3:cad>
          </ns3:TrackPointExtension>
        </extensions>
      </trkpt>
      <trkpt lat="22.60083295404911041259765625" lon="113.88286859728395938873291015625">
        <ele>12</ele>
        <time>2026-09-14T22:36:47.000Z</time>
        <extensions>
          <ns3:TrackPointExtension>
            <ns3:hr>137</ns3:hr>
            <ns3:cad>94</ns3:cad>
          </ns3:TrackPointExtension>
        </extensions>
      </trkpt>
      <trkpt lat="22.60083689354360103607177734375" lon="113.88288594782352447509765625">
        <ele>12</ele>
        <time>2026-09-14T22:36:48.000Z</time>
        <extensions>
          <ns3:TrackPointExtension>
            <ns3:hr>137</ns3:hr>
            <ns3:cad>95</ns3:cad>
          </ns3:TrackPointExtension>
        </extensions>
      </trkpt>
      <trkpt lat="22.6008347980678081512451171875" lon="113.88291201554238796234130859375">
        <ele>11.80000019073486328125</ele>
        <time>2026-09-14T22:36:49.000Z</time>
        <extensions>
          <ns3:TrackPointExtension>
            <ns3:hr>136</ns3:hr>
            <ns3:cad>95</ns3:cad>
          </ns3:TrackPointExtension>
        </extensions>
      </trkpt>
      <trkpt lat="22.60083471424877643585205078125" lon="113.8829350657761096954345703125">
        <ele>11.80000019073486328125</ele>
        <time>2026-09-14T22:36:50.000Z</time>
        <extensions>
          <ns3:TrackPointExtension>
            <ns3:hr>137</ns3:hr>
            <ns3:cad>94</ns3:cad>
          </ns3:TrackPointExtension>
        </extensions>
      </trkpt>
      <trkpt lat="22.6008398272097110748291015625" lon="113.88296079821884632110595703125">
        <ele>11.80000019073486328125</ele>
        <time>2026-09-14T22:36:51.000Z</time>
        <extensions>
          <ns3:TrackPointExtension>
            <ns3:hr>136</ns3:hr>
            <ns3:cad>94</ns3:cad>
          </ns3:TrackPointExtension>
        </extensions>
      </trkpt>
      <trkpt lat="22.60085214860737323760986328125" lon="113.88297974132001399993896484375">
        <ele>11.80000019073486328125</ele>
        <time>2026-09-14T22:36:52.000Z</time>
        <extensions>
          <ns3:TrackPointExtension>
            <ns3:hr>136</ns3:hr>
            <ns3:cad>93</ns3:cad>
          </ns3:TrackPointExtension>
        </extensions>
      </trkpt>
      <trkpt lat="22.6008720137178897857666015625" lon="113.88300664722919464111328125">
        <ele>11.80000019073486328125</ele>
        <time>2026-09-14T22:36:53.000Z</time>
        <extensions>
          <ns3:TrackPointExtension>
            <ns3:hr>137</ns3:hr>
            <ns3:cad>92</ns3:cad>
          </ns3:TrackPointExtension>
        </extensions>
      </trkpt>
      <trkpt lat="22.6008881069719791412353515625" lon="113.88303154148161411285400390625">
        <ele>11.80000019073486328125</ele>
        <time>2026-09-14T22:36:54.000Z</time>
        <extensions>
          <ns3:TrackPointExtension>
            <ns3:hr>137</ns3:hr>
            <ns3:cad>92</ns3:cad>
          </ns3:TrackPointExtension>
        </extensions>
      </trkpt>
      <trkpt lat="22.6008979976177215576171875" lon="113.8830668292939662933349609375">
        <ele>11.6000003814697265625</ele>
        <time>2026-09-14T22:36:55.000Z</time>
        <extensions>
          <ns3:TrackPointExtension>
            <ns3:hr>137</ns3:hr>
            <ns3:cad>92</ns3:cad>
          </ns3:TrackPointExtension>
        </extensions>
      </trkpt>
      <trkpt lat="22.6009129174053668975830078125" lon="113.88309004716575145721435546875">
        <ele>11.6000003814697265625</ele>
        <time>2026-09-14T22:36:56.000Z</time>
        <extensions>
          <ns3:TrackPointExtension>
            <ns3:hr>137</ns3:hr>
            <ns3:cad>92</ns3:cad>
          </ns3:TrackPointExtension>
        </extensions>
      </trkpt>
      <trkpt lat="22.6009243167936801910400390625" lon="113.88311921618878841400146484375">
        <ele>11.6000003814697265625</ele>
        <time>2026-09-14T22:36:57.000Z</time>
        <extensions>
          <ns3:TrackPointExtension>
            <ns3:hr>137</ns3:hr>
            <ns3:cad>91</ns3:cad>
          </ns3:TrackPointExtension>
        </extensions>
      </trkpt>
      <trkpt lat="22.60093621909618377685546875" lon="113.88314553536474704742431640625">
        <ele>11.6000003814697265625</ele>
        <time>2026-09-14T22:36:58.000Z</time>
        <extensions>
          <ns3:TrackPointExtension>
            <ns3:hr>137</ns3:hr>
            <ns3:cad>91</ns3:cad>
          </ns3:TrackPointExtension>
        </extensions>
      </trkpt>
      <trkpt lat="22.6009464450180530548095703125" lon="113.883169926702976226806640625">
        <ele>11.6000003814697265625</ele>
        <time>2026-09-14T22:36:59.000Z</time>
        <extensions>
          <ns3:TrackPointExtension>
            <ns3:hr>137</ns3:hr>
            <ns3:cad>93</ns3:cad>
          </ns3:TrackPointExtension>
        </extensions>
      </trkpt>
      <trkpt lat="22.6009571738541126251220703125" lon="113.88319549150764942169189453125">
        <ele>11.80000019073486328125</ele>
        <time>2026-09-14T22:37:00.000Z</time>
        <extensions>
          <ns3:TrackPointExtension>
            <ns3:hr>137</ns3:hr>
            <ns3:cad>92</ns3:cad>
          </ns3:TrackPointExtension>
        </extensions>
      </trkpt>
      <trkpt lat="22.6009722612798213958740234375" lon="113.88322315178811550140380859375">
        <ele>11.80000019073486328125</ele>
        <time>2026-09-14T22:37:01.000Z</time>
        <extensions>
          <ns3:TrackPointExtension>
            <ns3:hr>137</ns3:hr>
            <ns3:cad>92</ns3:cad>
          </ns3:TrackPointExtension>
        </extensions>
      </trkpt>
      <trkpt lat="22.60098852217197418212890625" lon="113.8832515664398670196533203125">
        <ele>12</ele>
        <time>2026-09-14T22:37:02.000Z</time>
        <extensions>
          <ns3:TrackPointExtension>
            <ns3:hr>137</ns3:hr>
            <ns3:cad>92</ns3:cad>
          </ns3:TrackPointExtension>
        </extensions>
      </trkpt>
      <trkpt lat="22.60100771673023700714111328125" lon="113.8832770474255084991455078125">
        <ele>12</ele>
        <time>2026-09-14T22:37:03.000Z</time>
        <extensions>
          <ns3:TrackPointExtension>
            <ns3:hr>137</ns3:hr>
            <ns3:cad>92</ns3:cad>
          </ns3:TrackPointExtension>
        </extensions>
      </trkpt>
      <trkpt lat="22.60102204978466033935546875" lon="113.88330831192433834075927734375">
        <ele>12</ele>
        <time>2026-09-14T22:37:04.000Z</time>
        <extensions>
          <ns3:TrackPointExtension>
            <ns3:hr>136</ns3:hr>
            <ns3:cad>93</ns3:cad>
          </ns3:TrackPointExtension>
        </extensions>
      </trkpt>
      <trkpt lat="22.6010356284677982330322265625" lon="113.883332200348377227783203125">
        <ele>12</ele>
        <time>2026-09-14T22:37:05.000Z</time>
        <extensions>
          <ns3:TrackPointExtension>
            <ns3:hr>136</ns3:hr>
            <ns3:cad>94</ns3:cad>
          </ns3:TrackPointExtension>
        </extensions>
      </trkpt>
      <trkpt lat="22.60104241780936717987060546875" lon="113.88336044736206531524658203125">
        <ele>11.80000019073486328125</ele>
        <time>2026-09-14T22:37:06.000Z</time>
        <extensions>
          <ns3:TrackPointExtension>
            <ns3:hr>136</ns3:hr>
            <ns3:cad>94</ns3:cad>
          </ns3:TrackPointExtension>
        </extensions>
      </trkpt>
      <trkpt lat="22.60105415247380733489990234375" lon="113.88338861055672168731689453125">
        <ele>11.80000019073486328125</ele>
        <time>2026-09-14T22:37:07.000Z</time>
        <extensions>
          <ns3:TrackPointExtension>
            <ns3:hr>137</ns3:hr>
            <ns3:cad>94</ns3:cad>
          </ns3:TrackPointExtension>
        </extensions>
      </trkpt>
      <trkpt lat="22.6010627858340740203857421875" lon="113.8834098167717456817626953125">
        <ele>11.80000019073486328125</ele>
        <time>2026-09-14T22:37:08.000Z</time>
        <extensions>
          <ns3:TrackPointExtension>
            <ns3:hr>137</ns3:hr>
            <ns3:cad>94</ns3:cad>
          </ns3:TrackPointExtension>
        </extensions>
      </trkpt>
      <trkpt lat="22.60107963345944881439208984375" lon="113.88344493694603443145751953125">
        <ele>11.80000019073486328125</ele>
        <time>2026-09-14T22:37:09.000Z</time>
        <extensions>
          <ns3:TrackPointExtension>
            <ns3:hr>137</ns3:hr>
            <ns3:cad>95</ns3:cad>
          </ns3:TrackPointExtension>
        </extensions>
      </trkpt>
      <trkpt lat="22.601096816360950469970703125" lon="113.88346656225621700286865234375">
        <ele>11.80000019073486328125</ele>
        <time>2026-09-14T22:37:10.000Z</time>
        <extensions>
          <ns3:TrackPointExtension>
            <ns3:hr>137</ns3:hr>
            <ns3:cad>93</ns3:cad>
          </ns3:TrackPointExtension>
        </extensions>
      </trkpt>
      <trkpt lat="22.60111215524375438690185546875" lon="113.8834973238408565521240234375">
        <ele>11.80000019073486328125</ele>
        <time>2026-09-14T22:37:11.000Z</time>
        <extensions>
          <ns3:TrackPointExtension>
            <ns3:hr>137</ns3:hr>
            <ns3:cad>93</ns3:cad>
          </ns3:TrackPointExtension>
        </extensions>
      </trkpt>
      <trkpt lat="22.6011295057833194732666015625" lon="113.88352003879845142364501953125">
        <ele>11.80000019073486328125</ele>
        <time>2026-09-14T22:37:12.000Z</time>
        <extensions>
          <ns3:TrackPointExtension>
            <ns3:hr>137</ns3:hr>
            <ns3:cad>93</ns3:cad>
          </ns3:TrackPointExtension>
        </extensions>
      </trkpt>
      <trkpt lat="22.60114082135260105133056640625" lon="113.88354987837374210357666015625">
        <ele>11.80000019073486328125</ele>
        <time>2026-09-14T22:37:13.000Z</time>
        <extensions>
          <ns3:TrackPointExtension>
            <ns3:hr>137</ns3:hr>
            <ns3:cad>94</ns3:cad>
          </ns3:TrackPointExtension>
        </extensions>
      </trkpt>
      <trkpt lat="22.60115071199834346771240234375" lon="113.88357636518776416778564453125">
        <ele>12</ele>
        <time>2026-09-14T22:37:14.000Z</time>
        <extensions>
          <ns3:TrackPointExtension>
            <ns3:hr>137</ns3:hr>
            <ns3:cad>95</ns3:cad>
          </ns3:TrackPointExtension>
        </extensions>
      </trkpt>
      <trkpt lat="22.60116026736795902252197265625" lon="113.883603774011135101318359375">
        <ele>12</ele>
        <time>2026-09-14T22:37:15.000Z</time>
        <extensions>
          <ns3:TrackPointExtension>
            <ns3:hr>138</ns3:hr>
            <ns3:cad>93</ns3:cad>
          </ns3:TrackPointExtension>
        </extensions>
      </trkpt>
      <trkpt lat="22.6011707447469234466552734375" lon="113.88363185338675975799560546875">
        <ele>12</ele>
        <time>2026-09-14T22:37:16.000Z</time>
        <extensions>
          <ns3:TrackPointExtension>
            <ns3:hr>137</ns3:hr>
            <ns3:cad>93</ns3:cad>
          </ns3:TrackPointExtension>
        </extensions>
      </trkpt>
      <trkpt lat="22.60117921046912670135498046875" lon="113.883653394877910614013671875">
        <ele>12</ele>
        <time>2026-09-14T22:37:17.000Z</time>
        <extensions>
          <ns3:TrackPointExtension>
            <ns3:hr>137</ns3:hr>
            <ns3:cad>93</ns3:cad>
          </ns3:TrackPointExtension>
        </extensions>
      </trkpt>
      <trkpt lat="22.60118834674358367919921875" lon="113.883680887520313262939453125">
        <ele>12</ele>
        <time>2026-09-14T22:37:18.000Z</time>
        <extensions>
          <ns3:TrackPointExtension>
            <ns3:hr>138</ns3:hr>
            <ns3:cad>93</ns3:cad>
          </ns3:TrackPointExtension>
        </extensions>
      </trkpt>
      <trkpt lat="22.60119505226612091064453125" lon="113.88370578177273273468017578125">
        <ele>12</ele>
        <time>2026-09-14T22:37:19.000Z</time>
        <extensions>
          <ns3:TrackPointExtension>
            <ns3:hr>137</ns3:hr>
            <ns3:cad>94</ns3:cad>
          </ns3:TrackPointExtension>
        </extensions>
      </trkpt>
      <trkpt lat="22.601203434169292449951171875" lon="113.88372992165386676788330078125">
        <ele>12</ele>
        <time>2026-09-14T22:37:20.000Z</time>
        <extensions>
          <ns3:TrackPointExtension>
            <ns3:hr>137</ns3:hr>
            <ns3:cad>94</ns3:cad>
          </ns3:TrackPointExtension>
        </extensions>
      </trkpt>
      <trkpt lat="22.6012133248150348663330078125" lon="113.8837556540966033935546875">
        <ele>12</ele>
        <time>2026-09-14T22:37:21.000Z</time>
        <extensions>
          <ns3:TrackPointExtension>
            <ns3:hr>138</ns3:hr>
            <ns3:cad>93</ns3:cad>
          </ns3:TrackPointExtension>
        </extensions>
      </trkpt>
      <trkpt lat="22.6012277416884899139404296875" lon="113.88378038071095943450927734375">
        <ele>12</ele>
        <time>2026-09-14T22:37:22.000Z</time>
        <extensions>
          <ns3:TrackPointExtension>
            <ns3:hr>137</ns3:hr>
            <ns3:cad>93</ns3:cad>
          </ns3:TrackPointExtension>
        </extensions>
      </trkpt>
      <trkpt lat="22.60124106891453266143798828125" lon="113.88380602933466434478759765625">
        <ele>12</ele>
        <time>2026-09-14T22:37:23.000Z</time>
        <extensions>
          <ns3:TrackPointExtension>
            <ns3:hr>137</ns3:hr>
            <ns3:cad>93</ns3:cad>
          </ns3:TrackPointExtension>
        </extensions>
      </trkpt>
      <trkpt lat="22.6012552343308925628662109375" lon="113.8838282413780689239501953125">
        <ele>12.19999980926513671875</ele>
        <time>2026-09-14T22:37:24.000Z</time>
        <extensions>
          <ns3:TrackPointExtension>
            <ns3:hr>137</ns3:hr>
            <ns3:cad>93</ns3:cad>
          </ns3:TrackPointExtension>
        </extensions>
      </trkpt>
      <trkpt lat="22.60127258487045764923095703125" lon="113.8838548958301544189453125">
        <ele>12.19999980926513671875</ele>
        <time>2026-09-14T22:37:25.000Z</time>
        <extensions>
          <ns3:TrackPointExtension>
            <ns3:hr>137</ns3:hr>
            <ns3:cad>93</ns3:cad>
          </ns3:TrackPointExtension>
        </extensions>
      </trkpt>
      <trkpt lat="22.6012887619435787200927734375" lon="113.88387811370193958282470703125">
        <ele>12.19999980926513671875</ele>
        <time>2026-09-14T22:37:26.000Z</time>
        <extensions>
          <ns3:TrackPointExtension>
            <ns3:hr>136</ns3:hr>
            <ns3:cad>94</ns3:cad>
          </ns3:TrackPointExtension>
        </extensions>
      </trkpt>
      <trkpt lat="22.601308710873126983642578125" lon="113.88390677981078624725341796875">
        <ele>12.19999980926513671875</ele>
        <time>2026-09-14T22:37:27.000Z</time>
        <extensions>
          <ns3:TrackPointExtension>
            <ns3:hr>136</ns3:hr>
            <ns3:cad>94</ns3:cad>
          </ns3:TrackPointExtension>
        </extensions>
      </trkpt>
      <trkpt lat="22.60132472030818462371826171875" lon="113.88393159024417400360107421875">
        <ele>12.19999980926513671875</ele>
        <time>2026-09-14T22:37:28.000Z</time>
        <extensions>
          <ns3:TrackPointExtension>
            <ns3:hr>136</ns3:hr>
            <ns3:cad>94</ns3:cad>
          </ns3:TrackPointExtension>
        </extensions>
      </trkpt>
      <trkpt lat="22.6013378798961639404296875" lon="113.8839653693139553070068359375">
        <ele>12.19999980926513671875</ele>
        <time>2026-09-14T22:37:29.000Z</time>
        <extensions>
          <ns3:TrackPointExtension>
            <ns3:hr>136</ns3:hr>
            <ns3:cad>93</ns3:cad>
          </ns3:TrackPointExtension>
        </extensions>
      </trkpt>
      <trkpt lat="22.60134601034224033355712890625" lon="113.88399906456470489501953125">
        <ele>12.19999980926513671875</ele>
        <time>2026-09-14T22:37:30.000Z</time>
        <extensions>
          <ns3:TrackPointExtension>
            <ns3:hr>136</ns3:hr>
            <ns3:cad>93</ns3:cad>
          </ns3:TrackPointExtension>
        </extensions>
      </trkpt>
      <trkpt lat="22.6013521291315555572509765625" lon="113.88403183780610561370849609375">
        <ele>12.3999996185302734375</ele>
        <time>2026-09-14T22:37:31.000Z</time>
        <extensions>
          <ns3:TrackPointExtension>
            <ns3:hr>136</ns3:hr>
            <ns3:cad>94</ns3:cad>
          </ns3:TrackPointExtension>
        </extensions>
      </trkpt>
      <trkpt lat="22.60135925374925136566162109375" lon="113.88406016863882541656494140625">
        <ele>12.3999996185302734375</ele>
        <time>2026-09-14T22:37:32.000Z</time>
        <extensions>
          <ns3:TrackPointExtension>
            <ns3:hr>136</ns3:hr>
            <ns3:cad>94</ns3:cad>
          </ns3:TrackPointExtension>
        </extensions>
      </trkpt>
      <trkpt lat="22.60137216188013553619384765625" lon="113.88408296741545200347900390625">
        <ele>12.3999996185302734375</ele>
        <time>2026-09-14T22:37:33.000Z</time>
        <extensions>
          <ns3:TrackPointExtension>
            <ns3:hr>137</ns3:hr>
            <ns3:cad>94</ns3:cad>
          </ns3:TrackPointExtension>
        </extensions>
      </trkpt>
      <trkpt lat="22.6013834774494171142578125" lon="113.88411146588623523712158203125">
        <ele>12.3999996185302734375</ele>
        <time>2026-09-14T22:37:34.000Z</time>
        <extensions>
          <ns3:TrackPointExtension>
            <ns3:hr>137</ns3:hr>
            <ns3:cad>94</ns3:cad>
          </ns3:TrackPointExtension>
        </extensions>
      </trkpt>
      <trkpt lat="22.6013926975429058074951171875" lon="113.88413627631962299346923828125">
        <ele>12.3999996185302734375</ele>
        <time>2026-09-14T22:37:35.000Z</time>
        <extensions>
          <ns3:TrackPointExtension>
            <ns3:hr>137</ns3:hr>
            <ns3:cad>94</ns3:cad>
          </ns3:TrackPointExtension>
        </extensions>
      </trkpt>
      <trkpt lat="22.60140032507479190826416015625" lon="113.8841678760945796966552734375">
        <ele>12.3999996185302734375</ele>
        <time>2026-09-14T22:37:36.000Z</time>
        <extensions>
          <ns3:TrackPointExtension>
            <ns3:hr>137</ns3:hr>
            <ns3:cad>93</ns3:cad>
          </ns3:TrackPointExtension>
        </extensions>
      </trkpt>
      <trkpt lat="22.601406611502170562744140625" lon="113.884193189442157745361328125">
        <ele>12.3999996185302734375</ele>
        <time>2026-09-14T22:37:37.000Z</time>
        <extensions>
          <ns3:TrackPointExtension>
            <ns3:hr>136</ns3:hr>
            <ns3:cad>94</ns3:cad>
          </ns3:TrackPointExtension>
        </extensions>
      </trkpt>
      <trkpt lat="22.6014097966253757476806640625" lon="113.88422059826552867889404296875">
        <ele>12.3999996185302734375</ele>
        <time>2026-09-14T22:37:38.000Z</time>
        <extensions>
          <ns3:TrackPointExtension>
            <ns3:hr>137</ns3:hr>
            <ns3:cad>94</ns3:cad>
          </ns3:TrackPointExtension>
        </extensions>
      </trkpt>
      <trkpt lat="22.60141423903405666351318359375" lon="113.88424406759440898895263671875">
        <ele>12.3999996185302734375</ele>
        <time>2026-09-14T22:37:39.000Z</time>
        <extensions>
          <ns3:TrackPointExtension>
            <ns3:hr>137</ns3:hr>
            <ns3:cad>94</ns3:cad>
          </ns3:TrackPointExtension>
        </extensions>
      </trkpt>
      <trkpt lat="22.60141993872821331024169921875" lon="113.88426988385617733001708984375">
        <ele>12.3999996185302734375</ele>
        <time>2026-09-14T22:37:40.000Z</time>
        <extensions>
          <ns3:TrackPointExtension>
            <ns3:hr>137</ns3:hr>
            <ns3:cad>94</ns3:cad>
          </ns3:TrackPointExtension>
        </extensions>
      </trkpt>
      <trkpt lat="22.60142396204173564910888671875" lon="113.8843160681426525115966796875">
        <ele>12.3999996185302734375</ele>
        <time>2026-09-14T22:37:41.000Z</time>
        <extensions>
          <ns3:TrackPointExtension>
            <ns3:hr>136</ns3:hr>
            <ns3:cad>95</ns3:cad>
          </ns3:TrackPointExtension>
        </extensions>
      </trkpt>
      <trkpt lat="22.60144307278096675872802734375" lon="113.88435353524982929229736328125">
        <ele>12.3999996185302734375</ele>
        <time>2026-09-14T22:37:42.000Z</time>
        <extensions>
          <ns3:TrackPointExtension>
            <ns3:hr>137</ns3:hr>
            <ns3:cad>95</ns3:cad>
          </ns3:TrackPointExtension>
        </extensions>
      </trkpt>
      <trkpt lat="22.60145212523639202117919921875" lon="113.884382955729961395263671875">
        <ele>12.3999996185302734375</ele>
        <time>2026-09-14T22:37:43.000Z</time>
        <extensions>
          <ns3:TrackPointExtension>
            <ns3:hr>136</ns3:hr>
            <ns3:cad>95</ns3:cad>
          </ns3:TrackPointExtension>
        </extensions>
      </trkpt>
      <trkpt lat="22.60146251879632472991943359375" lon="113.88442310504615306854248046875">
        <ele>12.3999996185302734375</ele>
        <time>2026-09-14T22:37:44.000Z</time>
        <extensions>
          <ns3:TrackPointExtension>
            <ns3:hr>136</ns3:hr>
            <ns3:cad>95</ns3:cad>
          </ns3:TrackPointExtension>
        </extensions>
      </trkpt>
      <trkpt lat="22.60146939195692539215087890625" lon="113.88445311225950717926025390625">
        <ele>12.3999996185302734375</ele>
        <time>2026-09-14T22:37:45.000Z</time>
        <extensions>
          <ns3:TrackPointExtension>
            <ns3:hr>136</ns3:hr>
            <ns3:cad>95</ns3:cad>
          </ns3:TrackPointExtension>
        </extensions>
      </trkpt>
      <trkpt lat="22.6014758460223674774169921875" lon="113.8844825327396392822265625">
        <ele>12.19999980926513671875</ele>
        <time>2026-09-14T22:37:46.000Z</time>
        <extensions>
          <ns3:TrackPointExtension>
            <ns3:hr>136</ns3:hr>
            <ns3:cad>95</ns3:cad>
          </ns3:TrackPointExtension>
        </extensions>
      </trkpt>
      <trkpt lat="22.6014840602874755859375" lon="113.884509690105915069580078125">
        <ele>12.19999980926513671875</ele>
        <time>2026-09-14T22:37:47.000Z</time>
        <extensions>
          <ns3:TrackPointExtension>
            <ns3:hr>136</ns3:hr>
            <ns3:cad>95</ns3:cad>
          </ns3:TrackPointExtension>
        </extensions>
      </trkpt>
      <trkpt lat="22.6014905981719493865966796875" lon="113.88454061932861804962158203125">
        <ele>12.19999980926513671875</ele>
        <time>2026-09-14T22:37:48.000Z</time>
        <extensions>
          <ns3:TrackPointExtension>
            <ns3:hr>135</ns3:hr>
            <ns3:cad>95</ns3:cad>
          </ns3:TrackPointExtension>
        </extensions>
      </trkpt>
      <trkpt lat="22.60150023736059665679931640625" lon="113.88457230292260646820068359375">
        <ele>12.19999980926513671875</ele>
        <time>2026-09-14T22:37:49.000Z</time>
        <extensions>
          <ns3:TrackPointExtension>
            <ns3:hr>135</ns3:hr>
            <ns3:cad>96</ns3:cad>
          </ns3:TrackPointExtension>
        </extensions>
      </trkpt>
      <trkpt lat="22.60150375775992870330810546875" lon="113.8846000470221042633056640625">
        <ele>12.19999980926513671875</ele>
        <time>2026-09-14T22:37:50.000Z</time>
        <extensions>
          <ns3:TrackPointExtension>
            <ns3:hr>135</ns3:hr>
            <ns3:cad>96</ns3:cad>
          </ns3:TrackPointExtension>
        </extensions>
      </trkpt>
      <trkpt lat="22.60151213966310024261474609375" lon="113.88463499955832958221435546875">
        <ele>12</ele>
        <time>2026-09-14T22:37:51.000Z</time>
        <extensions>
          <ns3:TrackPointExtension>
            <ns3:hr>136</ns3:hr>
            <ns3:cad>96</ns3:cad>
          </ns3:TrackPointExtension>
        </extensions>
      </trkpt>
      <trkpt lat="22.60151884518563747406005859375" lon="113.88466584496200084686279296875">
        <ele>12.19999980926513671875</ele>
        <time>2026-09-14T22:37:52.000Z</time>
        <extensions>
          <ns3:TrackPointExtension>
            <ns3:hr>136</ns3:hr>
            <ns3:cad>94</ns3:cad>
          </ns3:TrackPointExtension>
        </extensions>
      </trkpt>
      <trkpt lat="22.6015207730233669281005859375" lon="113.88470171950757503509521484375">
        <ele>12</ele>
        <time>2026-09-14T22:37:53.000Z</time>
        <extensions>
          <ns3:TrackPointExtension>
            <ns3:hr>136</ns3:hr>
            <ns3:cad>95</ns3:cad>
          </ns3:TrackPointExtension>
        </extensions>
      </trkpt>
      <trkpt lat="22.601528652012348175048828125" lon="113.88474027626216411590576171875">
        <ele>12</ele>
        <time>2026-09-14T22:37:54.000Z</time>
        <extensions>
          <ns3:TrackPointExtension>
            <ns3:hr>136</ns3:hr>
            <ns3:cad>95</ns3:cad>
          </ns3:TrackPointExtension>
        </extensions>
      </trkpt>
      <trkpt lat="22.6015361957252025604248046875" lon="113.88476978056132793426513671875">
        <ele>12</ele>
        <time>2026-09-14T22:37:55.000Z</time>
        <extensions>
          <ns3:TrackPointExtension>
            <ns3:hr>136</ns3:hr>
            <ns3:cad>95</ns3:cad>
          </ns3:TrackPointExtension>
        </extensions>
      </trkpt>
      <trkpt lat="22.6015529595315456390380859375" lon="113.88480900786817073822021484375">
        <ele>12.19999980926513671875</ele>
        <time>2026-09-14T22:37:56.000Z</time>
        <extensions>
          <ns3:TrackPointExtension>
            <ns3:hr>136</ns3:hr>
            <ns3:cad>95</ns3:cad>
          </ns3:TrackPointExtension>
        </extensions>
      </trkpt>
      <trkpt lat="22.6015650294721126556396484375" lon="113.8848339021205902099609375">
        <ele>12.19999980926513671875</ele>
        <time>2026-09-14T22:37:57.000Z</time>
        <extensions>
          <ns3:TrackPointExtension>
            <ns3:hr>137</ns3:hr>
            <ns3:cad>95</ns3:cad>
          </ns3:TrackPointExtension>
        </extensions>
      </trkpt>
      <trkpt lat="22.6015740819275379180908203125" lon="113.88486868701875209808349609375">
        <ele>12.19999980926513671875</ele>
        <time>2026-09-14T22:37:58.000Z</time>
        <extensions>
          <ns3:TrackPointExtension>
            <ns3:hr>137</ns3:hr>
            <ns3:cad>95</ns3:cad>
          </ns3:TrackPointExtension>
        </extensions>
      </trkpt>
      <trkpt lat="22.60158439166843891143798828125" lon="113.8848950900137424468994140625">
        <ele>12.19999980926513671875</ele>
        <time>2026-09-14T22:37:59.000Z</time>
        <extensions>
          <ns3:TrackPointExtension>
            <ns3:hr>137</ns3:hr>
            <ns3:cad>95</ns3:cad>
          </ns3:TrackPointExtension>
        </extensions>
      </trkpt>
      <trkpt lat="22.60159009136259555816650390625" lon="113.88492685742676258087158203125">
        <ele>12.19999980926513671875</ele>
        <time>2026-09-14T22:38:00.000Z</time>
        <extensions>
          <ns3:TrackPointExtension>
            <ns3:hr>138</ns3:hr>
            <ns3:cad>95</ns3:cad>
          </ns3:TrackPointExtension>
        </extensions>
      </trkpt>
      <trkpt lat="22.6016002334654331207275390625" lon="113.884959630668163299560546875">
        <ele>12.19999980926513671875</ele>
        <time>2026-09-14T22:38:01.000Z</time>
        <extensions>
          <ns3:TrackPointExtension>
            <ns3:hr>138</ns3:hr>
            <ns3:cad>96</ns3:cad>
          </ns3:TrackPointExtension>
        </extensions>
      </trkpt>
      <trkpt lat="22.60160802863538265228271484375" lon="113.88498720712959766387939453125">
        <ele>12.19999980926513671875</ele>
        <time>2026-09-14T22:38:02.000Z</time>
        <extensions>
          <ns3:TrackPointExtension>
            <ns3:hr>138</ns3:hr>
            <ns3:cad>96</ns3:cad>
          </ns3:TrackPointExtension>
        </extensions>
      </trkpt>
      <trkpt lat="22.6016128063201904296875" lon="113.88502341695129871368408203125">
        <ele>12.19999980926513671875</ele>
        <time>2026-09-14T22:38:03.000Z</time>
        <extensions>
          <ns3:TrackPointExtension>
            <ns3:hr>138</ns3:hr>
            <ns3:cad>95</ns3:cad>
          </ns3:TrackPointExtension>
        </extensions>
      </trkpt>
      <trkpt lat="22.6016186736524105072021484375" lon="113.88504906557500362396240234375">
        <ele>12.19999980926513671875</ele>
        <time>2026-09-14T22:38:04.000Z</time>
        <extensions>
          <ns3:TrackPointExtension>
            <ns3:hr>138</ns3:hr>
            <ns3:cad>94</ns3:cad>
          </ns3:TrackPointExtension>
        </extensions>
      </trkpt>
      <trkpt lat="22.60162395425140857696533203125" lon="113.8850801624357700347900390625">
        <ele>12.19999980926513671875</ele>
        <time>2026-09-14T22:38:05.000Z</time>
        <extensions>
          <ns3:TrackPointExtension>
            <ns3:hr>138</ns3:hr>
            <ns3:cad>94</ns3:cad>
          </ns3:TrackPointExtension>
        </extensions>
      </trkpt>
      <trkpt lat="22.60164088569581508636474609375" lon="113.88510279357433319091796875">
        <ele>12.19999980926513671875</ele>
        <time>2026-09-14T22:38:06.000Z</time>
        <extensions>
          <ns3:TrackPointExtension>
            <ns3:hr>138</ns3:hr>
            <ns3:cad>94</ns3:cad>
          </ns3:TrackPointExtension>
        </extensions>
      </trkpt>
      <trkpt lat="22.6016592420637607574462890625" lon="113.88512081466615200042724609375">
        <ele>12.19999980926513671875</ele>
        <time>2026-09-14T22:38:07.000Z</time>
        <extensions>
          <ns3:TrackPointExtension>
            <ns3:hr>139</ns3:hr>
            <ns3:cad>95</ns3:cad>
          </ns3:TrackPointExtension>
        </extensions>
      </trkpt>
      <trkpt lat="22.6016793586313724517822265625" lon="113.88514512218534946441650390625">
        <ele>12.19999980926513671875</ele>
        <time>2026-09-14T22:38:08.000Z</time>
        <extensions>
          <ns3:TrackPointExtension>
            <ns3:hr>140</ns3:hr>
            <ns3:cad>95</ns3:cad>
          </ns3:TrackPointExtension>
        </extensions>
      </trkpt>
      <trkpt lat="22.60169100947678089141845703125" lon="113.88516423292458057403564453125">
        <ele>12.19999980926513671875</ele>
        <time>2026-09-14T22:38:09.000Z</time>
        <extensions>
          <ns3:TrackPointExtension>
            <ns3:hr>140</ns3:hr>
            <ns3:cad>95</ns3:cad>
          </ns3:TrackPointExtension>
        </extensions>
      </trkpt>
      <trkpt lat="22.601700313389301300048828125" lon="113.885197676718235015869140625">
        <ele>12</ele>
        <time>2026-09-14T22:38:10.000Z</time>
        <extensions>
          <ns3:TrackPointExtension>
            <ns3:hr>140</ns3:hr>
            <ns3:cad>94</ns3:cad>
          </ns3:TrackPointExtension>
        </extensions>
      </trkpt>
      <trkpt lat="22.60171473026275634765625" lon="113.8852228224277496337890625">
        <ele>12</ele>
        <time>2026-09-14T22:38:11.000Z</time>
        <extensions>
          <ns3:TrackPointExtension>
            <ns3:hr>140</ns3:hr>
            <ns3:cad>94</ns3:cad>
          </ns3:TrackPointExtension>
        </extensions>
      </trkpt>
      <trkpt lat="22.60171883739531040191650390625" lon="113.88525593094527721405029296875">
        <ele>12</ele>
        <time>2026-09-14T22:38:12.000Z</time>
        <extensions>
          <ns3:TrackPointExtension>
            <ns3:hr>139</ns3:hr>
            <ns3:cad>94</ns3:cad>
          </ns3:TrackPointExtension>
        </extensions>
      </trkpt>
      <trkpt lat="22.60172738693654537200927734375" lon="113.885288536548614501953125">
        <ele>12</ele>
        <time>2026-09-14T22:38:13.000Z</time>
        <extensions>
          <ns3:TrackPointExtension>
            <ns3:hr>139</ns3:hr>
            <ns3:cad>94</ns3:cad>
          </ns3:TrackPointExtension>
        </extensions>
      </trkpt>
      <trkpt lat="22.60172923095524311065673828125" lon="113.8853131793439388275146484375">
        <ele>12</ele>
        <time>2026-09-14T22:38:14.000Z</time>
        <extensions>
          <ns3:TrackPointExtension>
            <ns3:hr>139</ns3:hr>
            <ns3:cad>94</ns3:cad>
          </ns3:TrackPointExtension>
        </extensions>
      </trkpt>
      <trkpt lat="22.60173727758228778839111328125" lon="113.88534821569919586181640625">
        <ele>12</ele>
        <time>2026-09-14T22:38:15.000Z</time>
        <extensions>
          <ns3:TrackPointExtension>
            <ns3:hr>139</ns3:hr>
            <ns3:cad>95</ns3:cad>
          </ns3:TrackPointExtension>
        </extensions>
      </trkpt>
      <trkpt lat="22.60174482129514217376708984375" lon="113.88537771999835968017578125">
        <ele>12</ele>
        <time>2026-09-14T22:38:16.000Z</time>
        <extensions>
          <ns3:TrackPointExtension>
            <ns3:hr>138</ns3:hr>
            <ns3:cad>95</ns3:cad>
          </ns3:TrackPointExtension>
        </extensions>
      </trkpt>
      <trkpt lat="22.60175085626542568206787109375" lon="113.88541367836296558380126953125">
        <ele>12.19999980926513671875</ele>
        <time>2026-09-14T22:38:17.000Z</time>
        <extensions>
          <ns3:TrackPointExtension>
            <ns3:hr>138</ns3:hr>
            <ns3:cad>95</ns3:cad>
          </ns3:TrackPointExtension>
        </extensions>
      </trkpt>
      <trkpt lat="22.60176175273954868316650390625" lon="113.88544418849050998687744140625">
        <ele>12.19999980926513671875</ele>
        <time>2026-09-14T22:38:18.000Z</time>
        <extensions>
          <ns3:TrackPointExtension>
            <ns3:hr>138</ns3:hr>
            <ns3:cad>94</ns3:cad>
          </ns3:TrackPointExtension>
        </extensions>
      </trkpt>
      <trkpt lat="22.60176577605307102203369140625" lon="113.88547503389418125152587890625">
        <ele>12.19999980926513671875</ele>
        <time>2026-09-14T22:38:19.000Z</time>
        <extensions>
          <ns3:TrackPointExtension>
            <ns3:hr>138</ns3:hr>
            <ns3:cad>95</ns3:cad>
          </ns3:TrackPointExtension>
        </extensions>
      </trkpt>
      <trkpt lat="22.60177315212786197662353515625" lon="113.8855099864304065704345703125">
        <ele>12.19999980926513671875</ele>
        <time>2026-09-14T22:38:20.000Z</time>
        <extensions>
          <ns3:TrackPointExtension>
            <ns3:hr>138</ns3:hr>
            <ns3:cad>95</ns3:cad>
          </ns3:TrackPointExtension>
        </extensions>
      </trkpt>
      <trkpt lat="22.60177952237427234649658203125" lon="113.88553102500736713409423828125">
        <ele>12.19999980926513671875</ele>
        <time>2026-09-14T22:38:21.000Z</time>
        <extensions>
          <ns3:TrackPointExtension>
            <ns3:hr>138</ns3:hr>
            <ns3:cad>95</ns3:cad>
          </ns3:TrackPointExtension>
        </extensions>
      </trkpt>
      <trkpt lat="22.6017883233726024627685546875" lon="113.88556941412389278411865234375">
        <ele>12.19999980926513671875</ele>
        <time>2026-09-14T22:38:22.000Z</time>
        <extensions>
          <ns3:TrackPointExtension>
            <ns3:hr>138</ns3:hr>
            <ns3:cad>95</ns3:cad>
          </ns3:TrackPointExtension>
        </extensions>
      </trkpt>
      <trkpt lat="22.60180232115089893341064453125" lon="113.885591961443424224853515625">
        <ele>12</ele>
        <time>2026-09-14T22:38:23.000Z</time>
        <extensions>
          <ns3:TrackPointExtension>
            <ns3:hr>138</ns3:hr>
            <ns3:cad>95</ns3:cad>
          </ns3:TrackPointExtension>
        </extensions>
      </trkpt>
      <trkpt lat="22.60180936194956302642822265625" lon="113.88562590815126895904541015625">
        <ele>12</ele>
        <time>2026-09-14T22:38:24.000Z</time>
        <extensions>
          <ns3:TrackPointExtension>
            <ns3:hr>138</ns3:hr>
            <ns3:cad>94</ns3:cad>
          </ns3:TrackPointExtension>
        </extensions>
      </trkpt>
      <trkpt lat="22.6018201746046543121337890625" lon="113.8856578432023525238037109375">
        <ele>12</ele>
        <time>2026-09-14T22:38:25.000Z</time>
        <extensions>
          <ns3:TrackPointExtension>
            <ns3:hr>138</ns3:hr>
            <ns3:cad>94</ns3:cad>
          </ns3:TrackPointExtension>
        </extensions>
      </trkpt>
      <trkpt lat="22.6018215157091617584228515625" lon="113.8856863416731357574462890625">
        <ele>12</ele>
        <time>2026-09-14T22:38:26.000Z</time>
        <extensions>
          <ns3:TrackPointExtension>
            <ns3:hr>138</ns3:hr>
            <ns3:cad>94</ns3:cad>
          </ns3:TrackPointExtension>
        </extensions>
      </trkpt>
      <trkpt lat="22.60183333419263362884521484375" lon="113.8857195340096950531005859375">
        <ele>12</ele>
        <time>2026-09-14T22:38:27.000Z</time>
        <extensions>
          <ns3:TrackPointExtension>
            <ns3:hr>138</ns3:hr>
            <ns3:cad>94</ns3:cad>
          </ns3:TrackPointExtension>
        </extensions>
      </trkpt>
      <trkpt lat="22.6018406264483928680419921875" lon="113.88574250042438507080078125">
        <ele>12</ele>
        <time>2026-09-14T22:38:28.000Z</time>
        <extensions>
          <ns3:TrackPointExtension>
            <ns3:hr>138</ns3:hr>
            <ns3:cad>95</ns3:cad>
          </ns3:TrackPointExtension>
        </extensions>
      </trkpt>
      <trkpt lat="22.60185143910348415374755859375" lon="113.885777704417705535888671875">
        <ele>12</ele>
        <time>2026-09-14T22:38:29.000Z</time>
        <extensions>
          <ns3:TrackPointExtension>
            <ns3:hr>138</ns3:hr>
            <ns3:cad>95</ns3:cad>
          </ns3:TrackPointExtension>
        </extensions>
      </trkpt>
      <trkpt lat="22.601865939795970916748046875" lon="113.8858000002801418304443359375">
        <ele>12</ele>
        <time>2026-09-14T22:38:30.000Z</time>
        <extensions>
          <ns3:TrackPointExtension>
            <ns3:hr>138</ns3:hr>
            <ns3:cad>96</ns3:cad>
          </ns3:TrackPointExtension>
        </extensions>
      </trkpt>
      <trkpt lat="22.6018724776804447174072265625" lon="113.885830678045749664306640625">
        <ele>12</ele>
        <time>2026-09-14T22:38:31.000Z</time>
        <extensions>
          <ns3:TrackPointExtension>
            <ns3:hr>138</ns3:hr>
            <ns3:cad>96</ns3:cad>
          </ns3:TrackPointExtension>
        </extensions>
      </trkpt>
      <trkpt lat="22.60188580490648746490478515625" lon="113.8858580030500888824462890625">
        <ele>12</ele>
        <time>2026-09-14T22:38:32.000Z</time>
        <extensions>
          <ns3:TrackPointExtension>
            <ns3:hr>138</ns3:hr>
            <ns3:cad>95</ns3:cad>
          </ns3:TrackPointExtension>
        </extensions>
      </trkpt>
      <trkpt lat="22.60189519263803958892822265625" lon="113.88588306494057178497314453125">
        <ele>12</ele>
        <time>2026-09-14T22:38:33.000Z</time>
        <extensions>
          <ns3:TrackPointExtension>
            <ns3:hr>139</ns3:hr>
            <ns3:cad>95</ns3:cad>
          </ns3:TrackPointExtension>
        </extensions>
      </trkpt>
      <trkpt lat="22.601914890110492706298828125" lon="113.885911814868450164794921875">
        <ele>12</ele>
        <time>2026-09-14T22:38:34.000Z</time>
        <extensions>
          <ns3:TrackPointExtension>
            <ns3:hr>139</ns3:hr>
            <ns3:cad>94</ns3:cad>
          </ns3:TrackPointExtension>
        </extensions>
      </trkpt>
      <trkpt lat="22.6019301451742649078369140625" lon="113.885929919779300689697265625">
        <ele>12.19999980926513671875</ele>
        <time>2026-09-14T22:38:35.000Z</time>
        <extensions>
          <ns3:TrackPointExtension>
            <ns3:hr>139</ns3:hr>
            <ns3:cad>94</ns3:cad>
          </ns3:TrackPointExtension>
        </extensions>
      </trkpt>
      <trkpt lat="22.6019465737044811248779296875" lon="113.88595950789749622344970703125">
        <ele>12.19999980926513671875</ele>
        <time>2026-09-14T22:38:36.000Z</time>
        <extensions>
          <ns3:TrackPointExtension>
            <ns3:hr>140</ns3:hr>
            <ns3:cad>94</ns3:cad>
          </ns3:TrackPointExtension>
        </extensions>
      </trkpt>
      <trkpt lat="22.6019609905779361724853515625" lon="113.88598599471151828765869140625">
        <ele>12.19999980926513671875</ele>
        <time>2026-09-14T22:38:37.000Z</time>
        <extensions>
          <ns3:TrackPointExtension>
            <ns3:hr>140</ns3:hr>
            <ns3:cad>94</ns3:cad>
          </ns3:TrackPointExtension>
        </extensions>
      </trkpt>
      <trkpt lat="22.601969540119171142578125" lon="113.88601214624941349029541015625">
        <ele>12.19999980926513671875</ele>
        <time>2026-09-14T22:38:38.000Z</time>
        <extensions>
          <ns3:TrackPointExtension>
            <ns3:hr>140</ns3:hr>
            <ns3:cad>94</ns3:cad>
          </ns3:TrackPointExtension>
        </extensions>
      </trkpt>
      <trkpt lat="22.60198437608778476715087890625" lon="113.8860435783863067626953125">
        <ele>12.19999980926513671875</ele>
        <time>2026-09-14T22:38:39.000Z</time>
        <extensions>
          <ns3:TrackPointExtension>
            <ns3:hr>140</ns3:hr>
            <ns3:cad>95</ns3:cad>
          </ns3:TrackPointExtension>
        </extensions>
      </trkpt>
      <trkpt lat="22.60199544019997119903564453125" lon="113.8860677182674407958984375">
        <ele>12</ele>
        <time>2026-09-14T22:38:40.000Z</time>
        <extensions>
          <ns3:TrackPointExtension>
            <ns3:hr>140</ns3:hr>
            <ns3:cad>96</ns3:cad>
          </ns3:TrackPointExtension>
        </extensions>
      </trkpt>
      <trkpt lat="22.60201354511082172393798828125" lon="113.886103592813014984130859375">
        <ele>12</ele>
        <time>2026-09-14T22:38:41.000Z</time>
        <extensions>
          <ns3:TrackPointExtension>
            <ns3:hr>139</ns3:hr>
            <ns3:cad>96</ns3:cad>
          </ns3:TrackPointExtension>
        </extensions>
      </trkpt>
      <trkpt lat="22.6020360924303531646728515625" lon="113.88612714596092700958251953125">
        <ele>12</ele>
        <time>2026-09-14T22:38:42.000Z</time>
        <extensions>
          <ns3:TrackPointExtension>
            <ns3:hr>140</ns3:hr>
            <ns3:cad>95</ns3:cad>
          </ns3:TrackPointExtension>
        </extensions>
      </trkpt>
      <trkpt lat="22.60205277241766452789306640625" lon="113.8861570693552494049072265625">
        <ele>12</ele>
        <time>2026-09-14T22:38:43.000Z</time>
        <extensions>
          <ns3:TrackPointExtension>
            <ns3:hr>140</ns3:hr>
            <ns3:cad>95</ns3:cad>
          </ns3:TrackPointExtension>
        </extensions>
      </trkpt>
      <trkpt lat="22.602071464061737060546875" lon="113.88618548400700092315673828125">
        <ele>12</ele>
        <time>2026-09-14T22:38:44.000Z</time>
        <extensions>
          <ns3:TrackPointExtension>
            <ns3:hr>139</ns3:hr>
            <ns3:cad>95</ns3:cad>
          </ns3:TrackPointExtension>
        </extensions>
      </trkpt>
      <trkpt lat="22.602087557315826416015625" lon="113.8862110488116741180419921875">
        <ele>12</ele>
        <time>2026-09-14T22:38:45.000Z</time>
        <extensions>
          <ns3:TrackPointExtension>
            <ns3:hr>139</ns3:hr>
            <ns3:cad>94</ns3:cad>
          </ns3:TrackPointExtension>
        </extensions>
      </trkpt>
      <trkpt lat="22.602110020816326141357421875" lon="113.8862388767302036285400390625">
        <ele>12</ele>
        <time>2026-09-14T22:38:46.000Z</time>
        <extensions>
          <ns3:TrackPointExtension>
            <ns3:hr>139</ns3:hr>
            <ns3:cad>95</ns3:cad>
          </ns3:TrackPointExtension>
        </extensions>
      </trkpt>
      <trkpt lat="22.60213114321231842041015625" lon="113.88626008294522762298583984375">
        <ele>12</ele>
        <time>2026-09-14T22:38:47.000Z</time>
        <extensions>
          <ns3:TrackPointExtension>
            <ns3:hr>139</ns3:hr>
            <ns3:cad>95</ns3:cad>
          </ns3:TrackPointExtension>
        </extensions>
      </trkpt>
      <trkpt lat="22.60214966721832752227783203125" lon="113.8862836360931396484375">
        <ele>12</ele>
        <time>2026-09-14T22:38:48.000Z</time>
        <extensions>
          <ns3:TrackPointExtension>
            <ns3:hr>139</ns3:hr>
            <ns3:cad>96</ns3:cad>
          </ns3:TrackPointExtension>
        </extensions>
      </trkpt>
      <trkpt lat="22.602171041071414947509765625" lon="113.8863025791943073272705078125">
        <ele>12</ele>
        <time>2026-09-14T22:38:49.000Z</time>
        <extensions>
          <ns3:TrackPointExtension>
            <ns3:hr>139</ns3:hr>
            <ns3:cad>96</ns3:cad>
          </ns3:TrackPointExtension>
        </extensions>
      </trkpt>
      <trkpt lat="22.602188475430011749267578125" lon="113.88632847927510738372802734375">
        <ele>12</ele>
        <time>2026-09-14T22:38:50.000Z</time>
        <extensions>
          <ns3:TrackPointExtension>
            <ns3:hr>138</ns3:hr>
            <ns3:cad>96</ns3:cad>
          </ns3:TrackPointExtension>
        </extensions>
      </trkpt>
      <trkpt lat="22.6022225059568881988525390625" lon="113.886349014937877655029296875">
        <ele>12</ele>
        <time>2026-09-14T22:38:51.000Z</time>
        <extensions>
          <ns3:TrackPointExtension>
            <ns3:hr>138</ns3:hr>
            <ns3:cad>96</ns3:cad>
          </ns3:TrackPointExtension>
        </extensions>
      </trkpt>
      <trkpt lat="22.60224488563835620880126953125" lon="113.8863676227629184722900390625">
        <ele>12</ele>
        <time>2026-09-14T22:38:52.000Z</time>
        <extensions>
          <ns3:TrackPointExtension>
            <ns3:hr>138</ns3:hr>
            <ns3:cad>96</ns3:cad>
          </ns3:TrackPointExtension>
        </extensions>
      </trkpt>
      <trkpt lat="22.602269612252712249755859375" lon="113.88639419339597225189208984375">
        <ele>12.19999980926513671875</ele>
        <time>2026-09-14T22:38:53.000Z</time>
        <extensions>
          <ns3:TrackPointExtension>
            <ns3:hr>138</ns3:hr>
            <ns3:cad>96</ns3:cad>
          </ns3:TrackPointExtension>
        </extensions>
      </trkpt>
      <trkpt lat="22.60229316540062427520751953125" lon="113.886410705745220184326171875">
        <ele>12.19999980926513671875</ele>
        <time>2026-09-14T22:38:54.000Z</time>
        <extensions>
          <ns3:TrackPointExtension>
            <ns3:hr>138</ns3:hr>
            <ns3:cad>96</ns3:cad>
          </ns3:TrackPointExtension>
        </extensions>
      </trkpt>
      <trkpt lat="22.6023140363395214080810546875" lon="113.88643207959830760955810546875">
        <ele>12</ele>
        <time>2026-09-14T22:38:55.000Z</time>
        <extensions>
          <ns3:TrackPointExtension>
            <ns3:hr>138</ns3:hr>
            <ns3:cad>96</ns3:cad>
          </ns3:TrackPointExtension>
        </extensions>
      </trkpt>
      <trkpt lat="22.60234035551548004150390625" lon="113.886457644402980804443359375">
        <ele>12</ele>
        <time>2026-09-14T22:38:56.000Z</time>
        <extensions>
          <ns3:TrackPointExtension>
            <ns3:hr>138</ns3:hr>
            <ns3:cad>95</ns3:cad>
          </ns3:TrackPointExtension>
        </extensions>
      </trkpt>
      <trkpt lat="22.602360807359218597412109375" lon="113.88647885061800479888916015625">
        <ele>12</ele>
        <time>2026-09-14T22:38:57.000Z</time>
        <extensions>
          <ns3:TrackPointExtension>
            <ns3:hr>138</ns3:hr>
            <ns3:cad>95</ns3:cad>
          </ns3:TrackPointExtension>
        </extensions>
      </trkpt>
      <trkpt lat="22.60238586924970149993896484375" lon="113.886503241956233978271484375">
        <ele>12</ele>
        <time>2026-09-14T22:38:58.000Z</time>
        <extensions>
          <ns3:TrackPointExtension>
            <ns3:hr>138</ns3:hr>
            <ns3:cad>93</ns3:cad>
          </ns3:TrackPointExtension>
        </extensions>
      </trkpt>
      <trkpt lat="22.60240548290312290191650390625" lon="113.88652763329446315765380859375">
        <ele>12</ele>
        <time>2026-09-14T22:38:59.000Z</time>
        <extensions>
          <ns3:TrackPointExtension>
            <ns3:hr>138</ns3:hr>
            <ns3:cad>93</ns3:cad>
          </ns3:TrackPointExtension>
        </extensions>
      </trkpt>
      <trkpt lat="22.6024236716330051422119140625" lon="113.88655227608978748321533203125">
        <ele>12</ele>
        <time>2026-09-14T22:39:00.000Z</time>
        <extensions>
          <ns3:TrackPointExtension>
            <ns3:hr>139</ns3:hr>
            <ns3:cad>93</ns3:cad>
          </ns3:TrackPointExtension>
        </extensions>
      </trkpt>
      <trkpt lat="22.60244672186672687530517578125" lon="113.88656971044838428497314453125">
        <ele>12</ele>
        <time>2026-09-14T22:39:01.000Z</time>
        <extensions>
          <ns3:TrackPointExtension>
            <ns3:hr>138</ns3:hr>
            <ns3:cad>94</ns3:cad>
          </ns3:TrackPointExtension>
        </extensions>
      </trkpt>
      <trkpt lat="22.602470107376575469970703125" lon="113.88659276068210601806640625">
        <ele>12</ele>
        <time>2026-09-14T22:39:02.000Z</time>
        <extensions>
          <ns3:TrackPointExtension>
            <ns3:hr>138</ns3:hr>
            <ns3:cad>94</ns3:cad>
          </ns3:TrackPointExtension>
        </extensions>
      </trkpt>
      <trkpt lat="22.602498270571231842041015625" lon="113.8866086862981319427490234375">
        <ele>12</ele>
        <time>2026-09-14T22:39:03.000Z</time>
        <extensions>
          <ns3:TrackPointExtension>
            <ns3:hr>138</ns3:hr>
            <ns3:cad>94</ns3:cad>
          </ns3:TrackPointExtension>
        </extensions>
      </trkpt>
      <trkpt lat="22.6025205664336681365966796875" lon="113.88662184588611125946044921875">
        <ele>11.80000019073486328125</ele>
        <time>2026-09-14T22:39:04.000Z</time>
        <extensions>
          <ns3:TrackPointExtension>
            <ns3:hr>139</ns3:hr>
            <ns3:cad>94</ns3:cad>
          </ns3:TrackPointExtension>
        </extensions>
      </trkpt>
      <trkpt lat="22.60254629887640476226806640625" lon="113.88663969933986663818359375">
        <ele>11.80000019073486328125</ele>
        <time>2026-09-14T22:39:05.000Z</time>
        <extensions>
          <ns3:TrackPointExtension>
            <ns3:hr>138</ns3:hr>
            <ns3:cad>94</ns3:cad>
          </ns3:TrackPointExtension>
        </extensions>
      </trkpt>
      <trkpt lat="22.60257094167172908782958984375" lon="113.88665285892784595489501953125">
        <ele>11.80000019073486328125</ele>
        <time>2026-09-14T22:39:06.000Z</time>
        <extensions>
          <ns3:TrackPointExtension>
            <ns3:hr>138</ns3:hr>
            <ns3:cad>94</ns3:cad>
          </ns3:TrackPointExtension>
        </extensions>
      </trkpt>
      <trkpt lat="22.602597512304782867431640625" lon="113.8866670243442058563232421875">
        <ele>11.80000019073486328125</ele>
        <time>2026-09-14T22:39:07.000Z</time>
        <extensions>
          <ns3:TrackPointExtension>
            <ns3:hr>138</ns3:hr>
            <ns3:cad>95</ns3:cad>
          </ns3:TrackPointExtension>
        </extensions>
      </trkpt>
      <trkpt lat="22.6026253402233123779296875" lon="113.88668001629412174224853515625">
        <ele>11.80000019073486328125</ele>
        <time>2026-09-14T22:39:08.000Z</time>
        <extensions>
          <ns3:TrackPointExtension>
            <ns3:hr>139</ns3:hr>
            <ns3:cad>96</ns3:cad>
          </ns3:TrackPointExtension>
        </extensions>
      </trkpt>
      <trkpt lat="22.6026530005037784576416015625" lon="113.886693678796291351318359375">
        <ele>11.6000003814697265625</ele>
        <time>2026-09-14T22:39:09.000Z</time>
        <extensions>
          <ns3:TrackPointExtension>
            <ns3:hr>138</ns3:hr>
            <ns3:cad>96</ns3:cad>
          </ns3:TrackPointExtension>
        </extensions>
      </trkpt>
      <trkpt lat="22.60267923586070537567138671875" lon="113.8867062516510486602783203125">
        <ele>11.6000003814697265625</ele>
        <time>2026-09-14T22:39:10.000Z</time>
        <extensions>
          <ns3:TrackPointExtension>
            <ns3:hr>139</ns3:hr>
            <ns3:cad>96</ns3:cad>
          </ns3:TrackPointExtension>
        </extensions>
      </trkpt>
      <trkpt lat="22.602704465389251708984375" lon="113.8867179863154888153076171875">
        <ele>11.6000003814697265625</ele>
        <time>2026-09-14T22:39:11.000Z</time>
        <extensions>
          <ns3:TrackPointExtension>
            <ns3:hr>139</ns3:hr>
            <ns3:cad>96</ns3:cad>
          </ns3:TrackPointExtension>
        </extensions>
      </trkpt>
      <trkpt lat="22.6027297787368297576904296875" lon="113.886727876961231231689453125">
        <ele>11.6000003814697265625</ele>
        <time>2026-09-14T22:39:12.000Z</time>
        <extensions>
          <ns3:TrackPointExtension>
            <ns3:hr>139</ns3:hr>
            <ns3:cad>96</ns3:cad>
          </ns3:TrackPointExtension>
        </extensions>
      </trkpt>
      <trkpt lat="22.60275450535118579864501953125" lon="113.88673986308276653289794921875">
        <ele>11.3999996185302734375</ele>
        <time>2026-09-14T22:39:13.000Z</time>
        <extensions>
          <ns3:TrackPointExtension>
            <ns3:hr>139</ns3:hr>
            <ns3:cad>96</ns3:cad>
          </ns3:TrackPointExtension>
        </extensions>
      </trkpt>
      <trkpt lat="22.60278115980327129364013671875" lon="113.88674975372850894927978515625">
        <ele>11.3999996185302734375</ele>
        <time>2026-09-14T22:39:14.000Z</time>
        <extensions>
          <ns3:TrackPointExtension>
            <ns3:hr>139</ns3:hr>
            <ns3:cad>96</ns3:cad>
          </ns3:TrackPointExtension>
        </extensions>
      </trkpt>
      <trkpt lat="22.60280345566570758819580078125" lon="113.88675578869879245758056640625">
        <ele>11.3999996185302734375</ele>
        <time>2026-09-14T22:39:15.000Z</time>
        <extensions>
          <ns3:TrackPointExtension>
            <ns3:hr>139</ns3:hr>
            <ns3:cad>96</ns3:cad>
          </ns3:TrackPointExtension>
        </extensions>
      </trkpt>
      <trkpt lat="22.602826841175556182861328125" lon="113.88676819391548633575439453125">
        <ele>11.3999996185302734375</ele>
        <time>2026-09-14T22:39:16.000Z</time>
        <extensions>
          <ns3:TrackPointExtension>
            <ns3:hr>139</ns3:hr>
            <ns3:cad>96</ns3:cad>
          </ns3:TrackPointExtension>
        </extensions>
      </trkpt>
      <trkpt lat="22.60285894386470317840576171875" lon="113.88677322305738925933837890625">
        <ele>11.3999996185302734375</ele>
        <time>2026-09-14T22:39:17.000Z</time>
        <extensions>
          <ns3:TrackPointExtension>
            <ns3:hr>139</ns3:hr>
            <ns3:cad>96</ns3:cad>
          </ns3:TrackPointExtension>
        </extensions>
      </trkpt>
      <trkpt lat="22.6028855144977569580078125" lon="113.886791579425334930419921875">
        <ele>11.3999996185302734375</ele>
        <time>2026-09-14T22:39:18.000Z</time>
        <extensions>
          <ns3:TrackPointExtension>
            <ns3:hr>139</ns3:hr>
            <ns3:cad>96</ns3:cad>
          </ns3:TrackPointExtension>
        </extensions>
      </trkpt>
      <trkpt lat="22.6029188744723796844482421875" lon="113.8868105225265026092529296875">
        <ele>11.3999996185302734375</ele>
        <time>2026-09-14T22:39:19.000Z</time>
        <extensions>
          <ns3:TrackPointExtension>
            <ns3:hr>139</ns3:hr>
            <ns3:cad>96</ns3:cad>
          </ns3:TrackPointExtension>
        </extensions>
      </trkpt>
      <trkpt lat="22.602956257760524749755859375" lon="113.886830806732177734375">
        <ele>11.6000003814697265625</ele>
        <time>2026-09-14T22:39:20.000Z</time>
        <extensions>
          <ns3:TrackPointExtension>
            <ns3:hr>140</ns3:hr>
            <ns3:cad>95</ns3:cad>
          </ns3:TrackPointExtension>
        </extensions>
      </trkpt>
      <trkpt lat="22.60297603905200958251953125" lon="113.88684346340596675872802734375">
        <ele>11.6000003814697265625</ele>
        <time>2026-09-14T22:39:21.000Z</time>
        <extensions>
          <ns3:TrackPointExtension>
            <ns3:hr>140</ns3:hr>
            <ns3:cad>95</ns3:cad>
          </ns3:TrackPointExtension>
        </extensions>
      </trkpt>
      <trkpt lat="22.60300864465534687042236328125" lon="113.8868668489158153533935546875">
        <ele>11.6000003814697265625</ele>
        <time>2026-09-14T22:39:22.000Z</time>
        <extensions>
          <ns3:TrackPointExtension>
            <ns3:hr>140</ns3:hr>
            <ns3:cad>95</ns3:cad>
          </ns3:TrackPointExtension>
        </extensions>
      </trkpt>
      <trkpt lat="22.6030328683555126190185546875" lon="113.88688000850379467010498046875">
        <ele>11.80000019073486328125</ele>
        <time>2026-09-14T22:39:23.000Z</time>
        <extensions>
          <ns3:TrackPointExtension>
            <ns3:hr>141</ns3:hr>
            <ns3:cad>94</ns3:cad>
          </ns3:TrackPointExtension>
        </extensions>
      </trkpt>
      <trkpt lat="22.60306195355951786041259765625" lon="113.88690054416656494140625">
        <ele>11.80000019073486328125</ele>
        <time>2026-09-14T22:39:24.000Z</time>
        <extensions>
          <ns3:TrackPointExtension>
            <ns3:hr>141</ns3:hr>
            <ns3:cad>93</ns3:cad>
          </ns3:TrackPointExtension>
        </extensions>
      </trkpt>
      <trkpt lat="22.60308659635484218597412109375" lon="113.88691588304936885833740234375">
        <ele>11.80000019073486328125</ele>
        <time>2026-09-14T22:39:25.000Z</time>
        <extensions>
          <ns3:TrackPointExtension>
            <ns3:hr>141</ns3:hr>
            <ns3:cad>93</ns3:cad>
          </ns3:TrackPointExtension>
        </extensions>
      </trkpt>
      <trkpt lat="22.6031056232750415802001953125" lon="113.88692795298993587493896484375">
        <ele>12</ele>
        <time>2026-09-14T22:39:26.000Z</time>
        <extensions>
          <ns3:TrackPointExtension>
            <ns3:hr>141</ns3:hr>
            <ns3:cad>93</ns3:cad>
          </ns3:TrackPointExtension>
        </extensions>
      </trkpt>
      <trkpt lat="22.6031347922980785369873046875" lon="113.88694672845304012298583984375">
        <ele>12</ele>
        <time>2026-09-14T22:39:27.000Z</time>
        <extensions>
          <ns3:TrackPointExtension>
            <ns3:hr>141</ns3:hr>
            <ns3:cad>93</ns3:cad>
          </ns3:TrackPointExtension>
        </extensions>
      </trkpt>
      <trkpt lat="22.60316002182662487030029296875" lon="113.88695745728909969329833984375">
        <ele>12</ele>
        <time>2026-09-14T22:39:28.000Z</time>
        <extensions>
          <ns3:TrackPointExtension>
            <ns3:hr>142</ns3:hr>
            <ns3:cad>94</ns3:cad>
          </ns3:TrackPointExtension>
        </extensions>
      </trkpt>
      <trkpt lat="22.6031954772770404815673828125" lon="113.88697589747607707977294921875">
        <ele>12</ele>
        <time>2026-09-14T22:39:29.000Z</time>
        <extensions>
          <ns3:TrackPointExtension>
            <ns3:hr>142</ns3:hr>
            <ns3:cad>95</ns3:cad>
          </ns3:TrackPointExtension>
        </extensions>
      </trkpt>
      <trkpt lat="22.60322012007236480712890625" lon="113.8869882188737392425537109375">
        <ele>12</ele>
        <time>2026-09-14T22:39:30.000Z</time>
        <extensions>
          <ns3:TrackPointExtension>
            <ns3:hr>142</ns3:hr>
            <ns3:cad>95</ns3:cad>
          </ns3:TrackPointExtension>
        </extensions>
      </trkpt>
      <trkpt lat="22.60325239039957523345947265625" lon="113.887005485594272613525390625">
        <ele>12</ele>
        <time>2026-09-14T22:39:31.000Z</time>
        <extensions>
          <ns3:TrackPointExtension>
            <ns3:hr>142</ns3:hr>
            <ns3:cad>94</ns3:cad>
          </ns3:TrackPointExtension>
        </extensions>
      </trkpt>
      <trkpt lat="22.60328105650842189788818359375" lon="113.8870118558406829833984375">
        <ele>12.19999980926513671875</ele>
        <time>2026-09-14T22:39:32.000Z</time>
        <extensions>
          <ns3:TrackPointExtension>
            <ns3:hr>142</ns3:hr>
            <ns3:cad>94</ns3:cad>
          </ns3:TrackPointExtension>
        </extensions>
      </trkpt>
      <trkpt lat="22.60330486111342906951904296875" lon="113.88701613061130046844482421875">
        <ele>12.19999980926513671875</ele>
        <time>2026-09-14T22:39:33.000Z</time>
        <extensions>
          <ns3:TrackPointExtension>
            <ns3:hr>142</ns3:hr>
            <ns3:cad>94</ns3:cad>
          </ns3:TrackPointExtension>
        </extensions>
      </trkpt>
      <trkpt lat="22.603336460888385772705078125" lon="113.887002468109130859375">
        <ele>12.19999980926513671875</ele>
        <time>2026-09-14T22:39:34.000Z</time>
        <extensions>
          <ns3:TrackPointExtension>
            <ns3:hr>142</ns3:hr>
            <ns3:cad>94</ns3:cad>
          </ns3:TrackPointExtension>
        </extensions>
      </trkpt>
      <trkpt lat="22.60336202569305896759033203125" lon="113.88699383474886417388916015625">
        <ele>12.19999980926513671875</ele>
        <time>2026-09-14T22:39:35.000Z</time>
        <extensions>
          <ns3:TrackPointExtension>
            <ns3:hr>142</ns3:hr>
            <ns3:cad>95</ns3:cad>
          </ns3:TrackPointExtension>
        </extensions>
      </trkpt>
      <trkpt lat="22.60339714586734771728515625" lon="113.88699769042432308197021484375">
        <ele>12.19999980926513671875</ele>
        <time>2026-09-14T22:39:36.000Z</time>
        <extensions>
          <ns3:TrackPointExtension>
            <ns3:hr>142</ns3:hr>
            <ns3:cad>95</ns3:cad>
          </ns3:TrackPointExtension>
        </extensions>
      </trkpt>
      <trkpt lat="22.60342237539589405059814453125" lon="113.8869962655007839202880859375">
        <ele>12.3999996185302734375</ele>
        <time>2026-09-14T22:39:37.000Z</time>
        <extensions>
          <ns3:TrackPointExtension>
            <ns3:hr>142</ns3:hr>
            <ns3:cad>95</ns3:cad>
          </ns3:TrackPointExtension>
        </extensions>
      </trkpt>
      <trkpt lat="22.60345338843762874603271484375" lon="113.88700942508876323699951171875">
        <ele>12.3999996185302734375</ele>
        <time>2026-09-14T22:39:38.000Z</time>
        <extensions>
          <ns3:TrackPointExtension>
            <ns3:hr>142</ns3:hr>
            <ns3:cad>95</ns3:cad>
          </ns3:TrackPointExtension>
        </extensions>
      </trkpt>
      <trkpt lat="22.60348037816584110260009765625" lon="113.88701830990612506866455078125">
        <ele>12.3999996185302734375</ele>
        <time>2026-09-14T22:39:39.000Z</time>
        <extensions>
          <ns3:TrackPointExtension>
            <ns3:hr>142</ns3:hr>
            <ns3:cad>93</ns3:cad>
          </ns3:TrackPointExtension>
        </extensions>
      </trkpt>
      <trkpt lat="22.60350703261792659759521484375" lon="113.887031637132167816162109375">
        <ele>12.6000003814697265625</ele>
        <time>2026-09-14T22:39:40.000Z</time>
        <extensions>
          <ns3:TrackPointExtension>
            <ns3:hr>142</ns3:hr>
            <ns3:cad>94</ns3:cad>
          </ns3:TrackPointExtension>
        </extensions>
      </trkpt>
      <trkpt lat="22.6035337708890438079833984375" lon="113.88704680837690830230712890625">
        <ele>12.6000003814697265625</ele>
        <time>2026-09-14T22:39:41.000Z</time>
        <extensions>
          <ns3:TrackPointExtension>
            <ns3:hr>143</ns3:hr>
            <ns3:cad>94</ns3:cad>
          </ns3:TrackPointExtension>
        </extensions>
      </trkpt>
      <trkpt lat="22.60355497710406780242919921875" lon="113.88705871067941188812255859375">
        <ele>12.6000003814697265625</ele>
        <time>2026-09-14T22:39:42.000Z</time>
        <extensions>
          <ns3:TrackPointExtension>
            <ns3:hr>143</ns3:hr>
            <ns3:cad>94</ns3:cad>
          </ns3:TrackPointExtension>
        </extensions>
      </trkpt>
      <trkpt lat="22.6035869121551513671875" lon="113.8870710320770740509033203125">
        <ele>12.6000003814697265625</ele>
        <time>2026-09-14T22:39:43.000Z</time>
        <extensions>
          <ns3:TrackPointExtension>
            <ns3:hr>143</ns3:hr>
            <ns3:cad>94</ns3:cad>
          </ns3:TrackPointExtension>
        </extensions>
      </trkpt>
      <trkpt lat="22.60360929183661937713623046875" lon="113.88707698322832584381103515625">
        <ele>12.80000019073486328125</ele>
        <time>2026-09-14T22:39:44.000Z</time>
        <extensions>
          <ns3:TrackPointExtension>
            <ns3:hr>143</ns3:hr>
            <ns3:cad>94</ns3:cad>
          </ns3:TrackPointExtension>
        </extensions>
      </trkpt>
      <trkpt lat="22.60364064015448093414306640625" lon="113.88708855025470256805419921875">
        <ele>12.6000003814697265625</ele>
        <time>2026-09-14T22:39:45.000Z</time>
        <extensions>
          <ns3:TrackPointExtension>
            <ns3:hr>143</ns3:hr>
            <ns3:cad>94</ns3:cad>
          </ns3:TrackPointExtension>
        </extensions>
      </trkpt>
      <trkpt lat="22.60366226546466350555419921875" lon="113.88709609396755695343017578125">
        <ele>12.6000003814697265625</ele>
        <time>2026-09-14T22:39:46.000Z</time>
        <extensions>
          <ns3:TrackPointExtension>
            <ns3:hr>142</ns3:hr>
            <ns3:cad>93</ns3:cad>
          </ns3:TrackPointExtension>
        </extensions>
      </trkpt>
      <trkpt lat="22.60369093157351016998291015625" lon="113.88710699044167995452880859375">
        <ele>12.80000019073486328125</ele>
        <time>2026-09-14T22:39:47.000Z</time>
        <extensions>
          <ns3:TrackPointExtension>
            <ns3:hr>143</ns3:hr>
            <ns3:cad>93</ns3:cad>
          </ns3:TrackPointExtension>
        </extensions>
      </trkpt>
      <trkpt lat="22.603717334568500518798828125" lon="113.88711713254451751708984375">
        <ele>12.80000019073486328125</ele>
        <time>2026-09-14T22:39:48.000Z</time>
        <extensions>
          <ns3:TrackPointExtension>
            <ns3:hr>143</ns3:hr>
            <ns3:cad>93</ns3:cad>
          </ns3:TrackPointExtension>
        </extensions>
      </trkpt>
      <trkpt lat="22.60374038480222225189208984375" lon="113.88711956329643726348876953125">
        <ele>12.80000019073486328125</ele>
        <time>2026-09-14T22:39:49.000Z</time>
        <extensions>
          <ns3:TrackPointExtension>
            <ns3:hr>143</ns3:hr>
            <ns3:cad>93</ns3:cad>
          </ns3:TrackPointExtension>
        </extensions>
      </trkpt>
      <trkpt lat="22.60377139784395694732666015625" lon="113.88712056912481784820556640625">
        <ele>12.80000019073486328125</ele>
        <time>2026-09-14T22:39:50.000Z</time>
        <extensions>
          <ns3:TrackPointExtension>
            <ns3:hr>143</ns3:hr>
            <ns3:cad>94</ns3:cad>
          </ns3:TrackPointExtension>
        </extensions>
      </trkpt>
      <trkpt lat="22.6037996448576450347900390625" lon="113.8871193118393421173095703125">
        <ele>12.80000019073486328125</ele>
        <time>2026-09-14T22:39:51.000Z</time>
        <extensions>
          <ns3:TrackPointExtension>
            <ns3:hr>143</ns3:hr>
            <ns3:cad>95</ns3:cad>
          </ns3:TrackPointExtension>
        </extensions>
      </trkpt>
      <trkpt lat="22.603825293481349945068359375" lon="113.88710766099393367767333984375">
        <ele>12.80000019073486328125</ele>
        <time>2026-09-14T22:39:52.000Z</time>
        <extensions>
          <ns3:TrackPointExtension>
            <ns3:hr>143</ns3:hr>
            <ns3:cad>95</ns3:cad>
          </ns3:TrackPointExtension>
        </extensions>
      </trkpt>
      <trkpt lat="22.60383677668869495391845703125" lon="113.88709374703466892242431640625">
        <ele>12.80000019073486328125</ele>
        <time>2026-09-14T22:39:53.000Z</time>
        <extensions>
          <ns3:TrackPointExtension>
            <ns3:hr>143</ns3:hr>
            <ns3:cad>95</ns3:cad>
          </ns3:TrackPointExtension>
        </extensions>
      </trkpt>
      <trkpt lat="22.60384834371507167816162109375" lon="113.88706524856388568878173828125">
        <ele>12.6000003814697265625</ele>
        <time>2026-09-14T22:39:54.000Z</time>
        <extensions>
          <ns3:TrackPointExtension>
            <ns3:hr>144</ns3:hr>
            <ns3:cad>95</ns3:cad>
          </ns3:TrackPointExtension>
        </extensions>
      </trkpt>
      <trkpt lat="22.60384951718151569366455078125" lon="113.88704362325370311737060546875">
        <ele>12.6000003814697265625</ele>
        <time>2026-09-14T22:39:55.000Z</time>
        <extensions>
          <ns3:TrackPointExtension>
            <ns3:hr>143</ns3:hr>
            <ns3:cad>93</ns3:cad>
          </ns3:TrackPointExtension>
        </extensions>
      </trkpt>
      <trkpt lat="22.603856138885021209716796875" lon="113.8870093412697315216064453125">
        <ele>12.3999996185302734375</ele>
        <time>2026-09-14T22:39:56.000Z</time>
        <extensions>
          <ns3:TrackPointExtension>
            <ns3:hr>143</ns3:hr>
            <ns3:cad>91</ns3:cad>
          </ns3:TrackPointExtension>
        </extensions>
      </trkpt>
      <trkpt lat="22.6038549654185771942138671875" lon="113.88698478229343891143798828125">
        <ele>12.3999996185302734375</ele>
        <time>2026-09-14T22:39:57.000Z</time>
        <extensions>
          <ns3:TrackPointExtension>
            <ns3:hr>143</ns3:hr>
            <ns3:cad>91</ns3:cad>
          </ns3:TrackPointExtension>
        </extensions>
      </trkpt>
      <trkpt lat="22.60387432761490345001220703125" lon="113.88695829547941684722900390625">
        <ele>12.3999996185302734375</ele>
        <time>2026-09-14T22:39:58.000Z</time>
        <extensions>
          <ns3:TrackPointExtension>
            <ns3:hr>143</ns3:hr>
            <ns3:cad>91</ns3:cad>
          </ns3:TrackPointExtension>
        </extensions>
      </trkpt>
      <trkpt lat="22.60389377363026142120361328125" lon="113.88693599961698055267333984375">
        <ele>12.19999980926513671875</ele>
        <time>2026-09-14T22:39:59.000Z</time>
        <extensions>
          <ns3:TrackPointExtension>
            <ns3:hr>143</ns3:hr>
            <ns3:cad>91</ns3:cad>
          </ns3:TrackPointExtension>
        </extensions>
      </trkpt>
      <trkpt lat="22.60392059572041034698486328125" lon="113.8869238458573818206787109375">
        <ele>12.19999980926513671875</ele>
        <time>2026-09-14T22:40:00.000Z</time>
        <extensions>
          <ns3:TrackPointExtension>
            <ns3:hr>143</ns3:hr>
            <ns3:cad>93</ns3:cad>
          </ns3:TrackPointExtension>
        </extensions>
      </trkpt>
      <trkpt lat="22.60395127348601818084716796875" lon="113.8869111053645610809326171875">
        <ele>12.19999980926513671875</ele>
        <time>2026-09-14T22:40:01.000Z</time>
        <extensions>
          <ns3:TrackPointExtension>
            <ns3:hr>143</ns3:hr>
            <ns3:cad>93</ns3:cad>
          </ns3:TrackPointExtension>
        </extensions>
      </trkpt>
      <trkpt lat="22.60397306643426418304443359375" lon="113.8869030587375164031982421875">
        <ele>12</ele>
        <time>2026-09-14T22:40:02.000Z</time>
        <extensions>
          <ns3:TrackPointExtension>
            <ns3:hr>142</ns3:hr>
            <ns3:cad>93</ns3:cad>
          </ns3:TrackPointExtension>
        </extensions>
      </trkpt>
      <trkpt lat="22.60400525294244289398193359375" lon="113.88689517974853515625">
        <ele>12</ele>
        <time>2026-09-14T22:40:03.000Z</time>
        <extensions>
          <ns3:TrackPointExtension>
            <ns3:hr>142</ns3:hr>
            <ns3:cad>92</ns3:cad>
          </ns3:TrackPointExtension>
        </extensions>
      </trkpt>
      <trkpt lat="22.60402620770037174224853515625" lon="113.88688285835087299346923828125">
        <ele>12</ele>
        <time>2026-09-14T22:40:04.000Z</time>
        <extensions>
          <ns3:TrackPointExtension>
            <ns3:hr>142</ns3:hr>
            <ns3:cad>92</ns3:cad>
          </ns3:TrackPointExtension>
        </extensions>
      </trkpt>
      <trkpt lat="22.60405789129436016082763671875" lon="113.88687296770513057708740234375">
        <ele>12</ele>
        <time>2026-09-14T22:40:05.000Z</time>
        <extensions>
          <ns3:TrackPointExtension>
            <ns3:hr>142</ns3:hr>
            <ns3:cad>92</ns3:cad>
          </ns3:TrackPointExtension>
        </extensions>
      </trkpt>
      <trkpt lat="22.60407750494778156280517578125" lon="113.88686575926840305328369140625">
        <ele>12</ele>
        <time>2026-09-14T22:40:06.000Z</time>
        <extensions>
          <ns3:TrackPointExtension>
            <ns3:hr>142</ns3:hr>
            <ns3:cad>93</ns3:cad>
          </ns3:TrackPointExtension>
        </extensions>
      </trkpt>
      <trkpt lat="22.604102902114391326904296875" lon="113.886879421770572662353515625">
        <ele>12</ele>
        <time>2026-09-14T22:40:07.000Z</time>
        <extensions>
          <ns3:TrackPointExtension>
            <ns3:hr>141</ns3:hr>
            <ns3:cad>93</ns3:cad>
          </ns3:TrackPointExtension>
        </extensions>
      </trkpt>
      <trkpt lat="22.6041127927601337432861328125" lon="113.88689174316823482513427734375">
        <ele>12</ele>
        <time>2026-09-14T22:40:08.000Z</time>
        <extensions>
          <ns3:TrackPointExtension>
            <ns3:hr>141</ns3:hr>
            <ns3:cad>93</ns3:cad>
          </ns3:TrackPointExtension>
        </extensions>
      </trkpt>
      <trkpt lat="22.60410332120954990386962890625" lon="113.8869084231555461883544921875">
        <ele>12</ele>
        <time>2026-09-14T22:40:09.000Z</time>
        <extensions>
          <ns3:TrackPointExtension>
            <ns3:hr>140</ns3:hr>
            <ns3:cad>93</ns3:cad>
          </ns3:TrackPointExtension>
        </extensions>
      </trkpt>
      <trkpt lat="22.60409443639218807220458984375" lon="113.88692996464669704437255859375">
        <ele>12.19999980926513671875</ele>
        <time>2026-09-14T22:40:10.000Z</time>
        <extensions>
          <ns3:TrackPointExtension>
            <ns3:hr>140</ns3:hr>
            <ns3:cad>92</ns3:cad>
          </ns3:TrackPointExtension>
        </extensions>
      </trkpt>
      <trkpt lat="22.60409108363091945648193359375" lon="113.88695695437490940093994140625">
        <ele>12.19999980926513671875</ele>
        <time>2026-09-14T22:40:11.000Z</time>
        <extensions>
          <ns3:TrackPointExtension>
            <ns3:hr>140</ns3:hr>
            <ns3:cad>92</ns3:cad>
          </ns3:TrackPointExtension>
        </extensions>
      </trkpt>
      <trkpt lat="22.604096196591854095458984375" lon="113.8869862072169780731201171875">
        <ele>12.19999980926513671875</ele>
        <time>2026-09-14T22:40:12.000Z</time>
        <extensions>
          <ns3:TrackPointExtension>
            <ns3:hr>140</ns3:hr>
            <ns3:cad>91</ns3:cad>
          </ns3:TrackPointExtension>
        </extensions>
      </trkpt>
      <trkpt lat="22.60409946553409099578857421875" lon="113.8870197348296642303466796875">
        <ele>12.19999980926513671875</ele>
        <time>2026-09-14T22:40:13.000Z</time>
        <extensions>
          <ns3:TrackPointExtension>
            <ns3:hr>140</ns3:hr>
            <ns3:cad>92</ns3:cad>
          </ns3:TrackPointExtension>
        </extensions>
      </trkpt>
      <trkpt lat="22.6041007228195667266845703125" lon="113.8870547711849212646484375">
        <ele>12.19999980926513671875</ele>
        <time>2026-09-14T22:40:14.000Z</time>
        <extensions>
          <ns3:TrackPointExtension>
            <ns3:hr>140</ns3:hr>
            <ns3:cad>92</ns3:cad>
          </ns3:TrackPointExtension>
        </extensions>
      </trkpt>
      <trkpt lat="22.60410566814243793487548828125" lon="113.88708871789276599884033203125">
        <ele>12.19999980926513671875</ele>
        <time>2026-09-14T22:40:15.000Z</time>
        <extensions>
          <ns3:TrackPointExtension>
            <ns3:hr>140</ns3:hr>
            <ns3:cad>92</ns3:cad>
          </ns3:TrackPointExtension>
        </extensions>
      </trkpt>
      <trkpt lat="22.60411463677883148193359375" lon="113.88711738400161266326904296875">
        <ele>12.19999980926513671875</ele>
        <time>2026-09-14T22:40:16.000Z</time>
        <extensions>
          <ns3:TrackPointExtension>
            <ns3:hr>139</ns3:hr>
            <ns3:cad>92</ns3:cad>
          </ns3:TrackPointExtension>
        </extensions>
      </trkpt>
      <trkpt lat="22.6041300594806671142578125" lon="113.8871367461979389190673828125">
        <ele>12.3999996185302734375</ele>
        <time>2026-09-14T22:40:17.000Z</time>
        <extensions>
          <ns3:TrackPointExtension>
            <ns3:hr>139</ns3:hr>
            <ns3:cad>94</ns3:cad>
          </ns3:TrackPointExtension>
        </extensions>
      </trkpt>
      <trkpt lat="22.60415889322757720947265625" lon="113.8871451281011104583740234375">
        <ele>12.3999996185302734375</ele>
        <time>2026-09-14T22:40:18.000Z</time>
        <extensions>
          <ns3:TrackPointExtension>
            <ns3:hr>139</ns3:hr>
            <ns3:cad>94</ns3:cad>
          </ns3:TrackPointExtension>
        </extensions>
      </trkpt>
      <trkpt lat="22.60418009944260120391845703125" lon="113.887149989604949951171875">
        <ele>12.3999996185302734375</ele>
        <time>2026-09-14T22:40:19.000Z</time>
        <extensions>
          <ns3:TrackPointExtension>
            <ns3:hr>139</ns3:hr>
            <ns3:cad>92</ns3:cad>
          </ns3:TrackPointExtension>
        </extensions>
      </trkpt>
      <trkpt lat="22.604207508265972137451171875" lon="113.8871551863849163055419921875">
        <ele>12.6000003814697265625</ele>
        <time>2026-09-14T22:40:20.000Z</time>
        <extensions>
          <ns3:TrackPointExtension>
            <ns3:hr>139</ns3:hr>
            <ns3:cad>92</ns3:cad>
          </ns3:TrackPointExtension>
        </extensions>
      </trkpt>
      <trkpt lat="22.6042257808148860931396484375" lon="113.887152336537837982177734375">
        <ele>12.3999996185302734375</ele>
        <time>2026-09-14T22:40:21.000Z</time>
        <extensions>
          <ns3:TrackPointExtension>
            <ns3:hr>139</ns3:hr>
            <ns3:cad>92</ns3:cad>
          </ns3:TrackPointExtension>
        </extensions>
      </trkpt>
      <trkpt lat="22.6042515970766544342041015625" lon="113.88715342618525028228759765625">
        <ele>12.3999996185302734375</ele>
        <time>2026-09-14T22:40:22.000Z</time>
        <extensions>
          <ns3:TrackPointExtension>
            <ns3:hr>139</ns3:hr>
            <ns3:cad>94</ns3:cad>
          </ns3:TrackPointExtension>
        </extensions>
      </trkpt>
      <trkpt lat="22.60427699424326419830322265625" lon="113.887153007090091705322265625">
        <ele>12.3999996185302734375</ele>
        <time>2026-09-14T22:40:23.000Z</time>
        <extensions>
          <ns3:TrackPointExtension>
            <ns3:hr>139</ns3:hr>
            <ns3:cad>93</ns3:cad>
          </ns3:TrackPointExtension>
        </extensions>
      </trkpt>
      <trkpt lat="22.60430348105728626251220703125" lon="113.887155018746852874755859375">
        <ele>12.3999996185302734375</ele>
        <time>2026-09-14T22:40:24.000Z</time>
        <extensions>
          <ns3:TrackPointExtension>
            <ns3:hr>139</ns3:hr>
            <ns3:cad>92</ns3:cad>
          </ns3:TrackPointExtension>
        </extensions>
      </trkpt>
      <trkpt lat="22.6043312251567840576171875" lon="113.88715024106204509735107421875">
        <ele>12.3999996185302734375</ele>
        <time>2026-09-14T22:40:25.000Z</time>
        <extensions>
          <ns3:TrackPointExtension>
            <ns3:hr>139</ns3:hr>
            <ns3:cad>92</ns3:cad>
          </ns3:TrackPointExtension>
        </extensions>
      </trkpt>
      <trkpt lat="22.6043535210192203521728515625" lon="113.88715334236621856689453125">
        <ele>12.3999996185302734375</ele>
        <time>2026-09-14T22:40:26.000Z</time>
        <extensions>
          <ns3:TrackPointExtension>
            <ns3:hr>139</ns3:hr>
            <ns3:cad>92</ns3:cad>
          </ns3:TrackPointExtension>
        </extensions>
      </trkpt>
      <trkpt lat="22.60438512079417705535888671875" lon="113.8871464692056179046630859375">
        <ele>12.6000003814697265625</ele>
        <time>2026-09-14T22:40:27.000Z</time>
        <extensions>
          <ns3:TrackPointExtension>
            <ns3:hr>140</ns3:hr>
            <ns3:cad>92</ns3:cad>
          </ns3:TrackPointExtension>
        </extensions>
      </trkpt>
      <trkpt lat="22.6044095121324062347412109375" lon="113.88713817112147808074951171875">
        <ele>12.6000003814697265625</ele>
        <time>2026-09-14T22:40:28.000Z</time>
        <extensions>
          <ns3:TrackPointExtension>
            <ns3:hr>139</ns3:hr>
            <ns3:cad>94</ns3:cad>
          </ns3:TrackPointExtension>
        </extensions>
      </trkpt>
      <trkpt lat="22.60443926788866519927978515625" lon="113.8871333934366703033447265625">
        <ele>12.6000003814697265625</ele>
        <time>2026-09-14T22:40:29.000Z</time>
        <extensions>
          <ns3:TrackPointExtension>
            <ns3:hr>140</ns3:hr>
            <ns3:cad>94</ns3:cad>
          </ns3:TrackPointExtension>
        </extensions>
      </trkpt>
      <trkpt lat="22.604460977017879486083984375" lon="113.88712090440094470977783203125">
        <ele>12.6000003814697265625</ele>
        <time>2026-09-14T22:40:30.000Z</time>
        <extensions>
          <ns3:TrackPointExtension>
            <ns3:hr>140</ns3:hr>
            <ns3:cad>92</ns3:cad>
          </ns3:TrackPointExtension>
        </extensions>
      </trkpt>
      <trkpt lat="22.6044862903654575347900390625" lon="113.8871149532496929168701171875">
        <ele>12.6000003814697265625</ele>
        <time>2026-09-14T22:40:31.000Z</time>
        <extensions>
          <ns3:TrackPointExtension>
            <ns3:hr>140</ns3:hr>
            <ns3:cad>92</ns3:cad>
          </ns3:TrackPointExtension>
        </extensions>
      </trkpt>
      <trkpt lat="22.60451151989400386810302734375" lon="113.8871059007942676544189453125">
        <ele>12.6000003814697265625</ele>
        <time>2026-09-14T22:40:32.000Z</time>
        <extensions>
          <ns3:TrackPointExtension>
            <ns3:hr>140</ns3:hr>
            <ns3:cad>92</ns3:cad>
          </ns3:TrackPointExtension>
        </extensions>
      </trkpt>
      <trkpt lat="22.60453431867063045501708984375" lon="113.88710045255720615386962890625">
        <ele>12.6000003814697265625</ele>
        <time>2026-09-14T22:40:33.000Z</time>
        <extensions>
          <ns3:TrackPointExtension>
            <ns3:hr>140</ns3:hr>
            <ns3:cad>93</ns3:cad>
          </ns3:TrackPointExtension>
        </extensions>
      </trkpt>
      <trkpt lat="22.604567594826221466064453125" lon="113.88709056191146373748779296875">
        <ele>12.6000003814697265625</ele>
        <time>2026-09-14T22:40:34.000Z</time>
        <extensions>
          <ns3:TrackPointExtension>
            <ns3:hr>140</ns3:hr>
            <ns3:cad>94</ns3:cad>
          </ns3:TrackPointExtension>
        </extensions>
      </trkpt>
      <trkpt lat="22.604588381946086883544921875" lon="113.88708201237022876739501953125">
        <ele>12.6000003814697265625</ele>
        <time>2026-09-14T22:40:35.000Z</time>
        <extensions>
          <ns3:TrackPointExtension>
            <ns3:hr>139</ns3:hr>
            <ns3:cad>94</ns3:cad>
          </ns3:TrackPointExtension>
        </extensions>
      </trkpt>
      <trkpt lat="22.60461947880685329437255859375" lon="113.8870723731815814971923828125">
        <ele>12.80000019073486328125</ele>
        <time>2026-09-14T22:40:36.000Z</time>
        <extensions>
          <ns3:TrackPointExtension>
            <ns3:hr>139</ns3:hr>
            <ns3:cad>94</ns3:cad>
          </ns3:TrackPointExtension>
        </extensions>
      </trkpt>
      <trkpt lat="22.60463976301252841949462890625" lon="113.88705954886972904205322265625">
        <ele>12.80000019073486328125</ele>
        <time>2026-09-14T22:40:37.000Z</time>
        <extensions>
          <ns3:TrackPointExtension>
            <ns3:hr>139</ns3:hr>
            <ns3:cad>94</ns3:cad>
          </ns3:TrackPointExtension>
        </extensions>
      </trkpt>
      <trkpt lat="22.604668177664279937744140625" lon="113.887057788670063018798828125">
        <ele>12.80000019073486328125</ele>
        <time>2026-09-14T22:40:38.000Z</time>
        <extensions>
          <ns3:TrackPointExtension>
            <ns3:hr>140</ns3:hr>
            <ns3:cad>94</ns3:cad>
          </ns3:TrackPointExtension>
        </extensions>
      </trkpt>
      <trkpt lat="22.60469734668731689453125" lon="113.88704982586205005645751953125">
        <ele>12.80000019073486328125</ele>
        <time>2026-09-14T22:40:39.000Z</time>
        <extensions>
          <ns3:TrackPointExtension>
            <ns3:hr>140</ns3:hr>
            <ns3:cad>93</ns3:cad>
          </ns3:TrackPointExtension>
        </extensions>
      </trkpt>
      <trkpt lat="22.60472140274941921234130859375" lon="113.88704328797757625579833984375">
        <ele>12.80000019073486328125</ele>
        <time>2026-09-14T22:40:40.000Z</time>
        <extensions>
          <ns3:TrackPointExtension>
            <ns3:hr>140</ns3:hr>
            <ns3:cad>93</ns3:cad>
          </ns3:TrackPointExtension>
        </extensions>
      </trkpt>
      <trkpt lat="22.60475241579115390777587890625" lon="113.8870354928076267242431640625">
        <ele>12.80000019073486328125</ele>
        <time>2026-09-14T22:40:41.000Z</time>
        <extensions>
          <ns3:TrackPointExtension>
            <ns3:hr>139</ns3:hr>
            <ns3:cad>93</ns3:cad>
          </ns3:TrackPointExtension>
        </extensions>
      </trkpt>
      <trkpt lat="22.6047764718532562255859375" lon="113.88701763935387134552001953125">
        <ele>12.80000019073486328125</ele>
        <time>2026-09-14T22:40:42.000Z</time>
        <extensions>
          <ns3:TrackPointExtension>
            <ns3:hr>139</ns3:hr>
            <ns3:cad>94</ns3:cad>
          </ns3:TrackPointExtension>
        </extensions>
      </trkpt>
      <trkpt lat="22.60481058619916439056396484375" lon="113.8870091736316680908203125">
        <ele>12.6000003814697265625</ele>
        <time>2026-09-14T22:40:43.000Z</time>
        <extensions>
          <ns3:TrackPointExtension>
            <ns3:hr>139</ns3:hr>
            <ns3:cad>94</ns3:cad>
          </ns3:TrackPointExtension>
        </extensions>
      </trkpt>
      <trkpt lat="22.604834474623203277587890625" lon="113.8869982771575450897216796875">
        <ele>12.6000003814697265625</ele>
        <time>2026-09-14T22:40:44.000Z</time>
        <extensions>
          <ns3:TrackPointExtension>
            <ns3:hr>139</ns3:hr>
            <ns3:cad>95</ns3:cad>
          </ns3:TrackPointExtension>
        </extensions>
      </trkpt>
      <trkpt lat="22.604863978922367095947265625" lon="113.88699366711080074310302734375">
        <ele>12.6000003814697265625</ele>
        <time>2026-09-14T22:40:45.000Z</time>
        <extensions>
          <ns3:TrackPointExtension>
            <ns3:hr>139</ns3:hr>
            <ns3:cad>95</ns3:cad>
          </ns3:TrackPointExtension>
        </extensions>
      </trkpt>
      <trkpt lat="22.60489071719348430633544921875" lon="113.8869828544557094573974609375">
        <ele>12.80000019073486328125</ele>
        <time>2026-09-14T22:40:46.000Z</time>
        <extensions>
          <ns3:TrackPointExtension>
            <ns3:hr>139</ns3:hr>
            <ns3:cad>94</ns3:cad>
          </ns3:TrackPointExtension>
        </extensions>
      </trkpt>
      <trkpt lat="22.6049134321510791778564453125" lon="113.88697623275220394134521484375">
        <ele>12.80000019073486328125</ele>
        <time>2026-09-14T22:40:47.000Z</time>
        <extensions>
          <ns3:TrackPointExtension>
            <ns3:hr>139</ns3:hr>
            <ns3:cad>94</ns3:cad>
          </ns3:TrackPointExtension>
        </extensions>
      </trkpt>
      <trkpt lat="22.60494536720216274261474609375" lon="113.886967934668064117431640625">
        <ele>12.80000019073486328125</ele>
        <time>2026-09-14T22:40:48.000Z</time>
        <extensions>
          <ns3:TrackPointExtension>
            <ns3:hr>139</ns3:hr>
            <ns3:cad>94</ns3:cad>
          </ns3:TrackPointExtension>
        </extensions>
      </trkpt>
      <trkpt lat="22.6049653999507427215576171875" lon="113.88695888221263885498046875">
        <ele>12.80000019073486328125</ele>
        <time>2026-09-14T22:40:49.000Z</time>
        <extensions>
          <ns3:TrackPointExtension>
            <ns3:hr>139</ns3:hr>
            <ns3:cad>93</ns3:cad>
          </ns3:TrackPointExtension>
        </extensions>
      </trkpt>
      <trkpt lat="22.60499901138246059417724609375" lon="113.88695376925170421600341796875">
        <ele>12.80000019073486328125</ele>
        <time>2026-09-14T22:40:50.000Z</time>
        <extensions>
          <ns3:TrackPointExtension>
            <ns3:hr>140</ns3:hr>
            <ns3:cad>93</ns3:cad>
          </ns3:TrackPointExtension>
        </extensions>
      </trkpt>
      <trkpt lat="22.60502214543521404266357421875" lon="113.88694086112082004547119140625">
        <ele>12.80000019073486328125</ele>
        <time>2026-09-14T22:40:51.000Z</time>
        <extensions>
          <ns3:TrackPointExtension>
            <ns3:hr>139</ns3:hr>
            <ns3:cad>93</ns3:cad>
          </ns3:TrackPointExtension>
        </extensions>
      </trkpt>
      <trkpt lat="22.60504963807761669158935546875" lon="113.886935748159885406494140625">
        <ele>12.80000019073486328125</ele>
        <time>2026-09-14T22:40:52.000Z</time>
        <extensions>
          <ns3:TrackPointExtension>
            <ns3:hr>139</ns3:hr>
            <ns3:cad>93</ns3:cad>
          </ns3:TrackPointExtension>
        </extensions>
      </trkpt>
      <trkpt lat="22.60507813654839992523193359375" lon="113.8869268633425235748291015625">
        <ele>12.80000019073486328125</ele>
        <time>2026-09-14T22:40:53.000Z</time>
        <extensions>
          <ns3:TrackPointExtension>
            <ns3:hr>140</ns3:hr>
            <ns3:cad>93</ns3:cad>
          </ns3:TrackPointExtension>
        </extensions>
      </trkpt>
      <trkpt lat="22.60510160587728023529052734375" lon="113.886923007667064666748046875">
        <ele>12.80000019073486328125</ele>
        <time>2026-09-14T22:40:54.000Z</time>
        <extensions>
          <ns3:TrackPointExtension>
            <ns3:hr>140</ns3:hr>
            <ns3:cad>94</ns3:cad>
          </ns3:TrackPointExtension>
        </extensions>
      </trkpt>
      <trkpt lat="22.6051343791186809539794921875" lon="113.88691068626940250396728515625">
        <ele>13</ele>
        <time>2026-09-14T22:40:55.000Z</time>
        <extensions>
          <ns3:TrackPointExtension>
            <ns3:hr>140</ns3:hr>
            <ns3:cad>95</ns3:cad>
          </ns3:TrackPointExtension>
        </extensions>
      </trkpt>
      <trkpt lat="22.6051575131714344024658203125" lon="113.88690029270946979522705078125">
        <ele>13</ele>
        <time>2026-09-14T22:40:56.000Z</time>
        <extensions>
          <ns3:TrackPointExtension>
            <ns3:hr>140</ns3:hr>
            <ns3:cad>95</ns3:cad>
          </ns3:TrackPointExtension>
        </extensions>
      </trkpt>
      <trkpt lat="22.605192549526691436767578125" lon="113.88689509592950344085693359375">
        <ele>13</ele>
        <time>2026-09-14T22:40:57.000Z</time>
        <extensions>
          <ns3:TrackPointExtension>
            <ns3:hr>140</ns3:hr>
            <ns3:cad>95</ns3:cad>
          </ns3:TrackPointExtension>
        </extensions>
      </trkpt>
      <trkpt lat="22.6052192039787769317626953125" lon="113.886885456740856170654296875">
        <ele>13</ele>
        <time>2026-09-14T22:40:58.000Z</time>
        <extensions>
          <ns3:TrackPointExtension>
            <ns3:hr>140</ns3:hr>
            <ns3:cad>95</ns3:cad>
          </ns3:TrackPointExtension>
        </extensions>
      </trkpt>
      <trkpt lat="22.605245523154735565185546875" lon="113.88688436709344387054443359375">
        <ele>12.80000019073486328125</ele>
        <time>2026-09-14T22:40:59.000Z</time>
        <extensions>
          <ns3:TrackPointExtension>
            <ns3:hr>140</ns3:hr>
            <ns3:cad>93</ns3:cad>
          </ns3:TrackPointExtension>
        </extensions>
      </trkpt>
      <trkpt lat="22.60527930222451686859130859375" lon="113.88687497936189174652099609375">
        <ele>12.80000019073486328125</ele>
        <time>2026-09-14T22:41:00.000Z</time>
        <extensions>
          <ns3:TrackPointExtension>
            <ns3:hr>139</ns3:hr>
            <ns3:cad>94</ns3:cad>
          </ns3:TrackPointExtension>
        </extensions>
      </trkpt>
      <trkpt lat="22.60530553758144378662109375" lon="113.88686559163033962249755859375">
        <ele>12.80000019073486328125</ele>
        <time>2026-09-14T22:41:01.000Z</time>
        <extensions>
          <ns3:TrackPointExtension>
            <ns3:hr>139</ns3:hr>
            <ns3:cad>94</ns3:cad>
          </ns3:TrackPointExtension>
        </extensions>
      </trkpt>
      <trkpt lat="22.60534116066992282867431640625" lon="113.8868537731468677520751953125">
        <ele>12.80000019073486328125</ele>
        <time>2026-09-14T22:41:02.000Z</time>
        <extensions>
          <ns3:TrackPointExtension>
            <ns3:hr>138</ns3:hr>
            <ns3:cad>95</ns3:cad>
          </ns3:TrackPointExtension>
        </extensions>
      </trkpt>
      <trkpt lat="22.60536664165556430816650390625" lon="113.8868403621017932891845703125">
        <ele>13</ele>
        <time>2026-09-14T22:41:03.000Z</time>
        <extensions>
          <ns3:TrackPointExtension>
            <ns3:hr>139</ns3:hr>
            <ns3:cad>95</ns3:cad>
          </ns3:TrackPointExtension>
        </extensions>
      </trkpt>
      <trkpt lat="22.60539765469729900360107421875" lon="113.8868329860270023345947265625">
        <ele>13</ele>
        <time>2026-09-14T22:41:04.000Z</time>
        <extensions>
          <ns3:TrackPointExtension>
            <ns3:hr>139</ns3:hr>
            <ns3:cad>95</ns3:cad>
          </ns3:TrackPointExtension>
        </extensions>
      </trkpt>
      <trkpt lat="22.605425901710987091064453125" lon="113.8868200778961181640625">
        <ele>13</ele>
        <time>2026-09-14T22:41:05.000Z</time>
        <extensions>
          <ns3:TrackPointExtension>
            <ns3:hr>139</ns3:hr>
            <ns3:cad>95</ns3:cad>
          </ns3:TrackPointExtension>
        </extensions>
      </trkpt>
      <trkpt lat="22.6054481975734233856201171875" lon="113.88681228272616863250732421875">
        <ele>13</ele>
        <time>2026-09-14T22:41:06.000Z</time>
        <extensions>
          <ns3:TrackPointExtension>
            <ns3:hr>139</ns3:hr>
            <ns3:cad>95</ns3:cad>
          </ns3:TrackPointExtension>
        </extensions>
      </trkpt>
      <trkpt lat="22.60547929443418979644775390625" lon="113.8868048228323459625244140625">
        <ele>13</ele>
        <time>2026-09-14T22:41:07.000Z</time>
        <extensions>
          <ns3:TrackPointExtension>
            <ns3:hr>139</ns3:hr>
            <ns3:cad>94</ns3:cad>
          </ns3:TrackPointExtension>
        </extensions>
      </trkpt>
      <trkpt lat="22.6055087149143218994140625" lon="113.88680599629878997802734375">
        <ele>13</ele>
        <time>2026-09-14T22:41:08.000Z</time>
        <extensions>
          <ns3:TrackPointExtension>
            <ns3:hr>139</ns3:hr>
            <ns3:cad>94</ns3:cad>
          </ns3:TrackPointExtension>
        </extensions>
      </trkpt>
      <trkpt lat="22.60554366745054721832275390625" lon="113.886825107038021087646484375">
        <ele>12.80000019073486328125</ele>
        <time>2026-09-14T22:41:09.000Z</time>
        <extensions>
          <ns3:TrackPointExtension>
            <ns3:hr>138</ns3:hr>
            <ns3:cad>94</ns3:cad>
          </ns3:TrackPointExtension>
        </extensions>
      </trkpt>
      <trkpt lat="22.605562694370746612548828125" lon="113.88684933073818683624267578125">
        <ele>13</ele>
        <time>2026-09-14T22:41:10.000Z</time>
        <extensions>
          <ns3:TrackPointExtension>
            <ns3:hr>138</ns3:hr>
            <ns3:cad>94</ns3:cad>
          </ns3:TrackPointExtension>
        </extensions>
      </trkpt>
      <trkpt lat="22.605580799281597137451171875" lon="113.8868852891027927398681640625">
        <ele>12.80000019073486328125</ele>
        <time>2026-09-14T22:41:11.000Z</time>
        <extensions>
          <ns3:TrackPointExtension>
            <ns3:hr>138</ns3:hr>
            <ns3:cad>92</ns3:cad>
          </ns3:TrackPointExtension>
        </extensions>
      </trkpt>
      <trkpt lat="22.60560049675405025482177734375" lon="113.886910267174243927001953125">
        <ele>12.80000019073486328125</ele>
        <time>2026-09-14T22:41:12.000Z</time>
        <extensions>
          <ns3:TrackPointExtension>
            <ns3:hr>138</ns3:hr>
            <ns3:cad>92</ns3:cad>
          </ns3:TrackPointExtension>
        </extensions>
      </trkpt>
      <trkpt lat="22.60561960749328136444091796875" lon="113.8869362510740756988525390625">
        <ele>12.80000019073486328125</ele>
        <time>2026-09-14T22:41:13.000Z</time>
        <extensions>
          <ns3:TrackPointExtension>
            <ns3:hr>138</ns3:hr>
            <ns3:cad>92</ns3:cad>
          </ns3:TrackPointExtension>
        </extensions>
      </trkpt>
      <trkpt lat="22.60563855059444904327392578125" lon="113.8869593851268291473388671875">
        <ele>13</ele>
        <time>2026-09-14T22:41:14.000Z</time>
        <extensions>
          <ns3:TrackPointExtension>
            <ns3:hr>138</ns3:hr>
            <ns3:cad>92</ns3:cad>
          </ns3:TrackPointExtension>
        </extensions>
      </trkpt>
      <trkpt lat="22.6056507043540477752685546875" lon="113.8869821839034557342529296875">
        <ele>13.19999980926513671875</ele>
        <time>2026-09-14T22:41:15.000Z</time>
        <extensions>
          <ns3:TrackPointExtension>
            <ns3:hr>138</ns3:hr>
            <ns3:cad>92</ns3:cad>
          </ns3:TrackPointExtension>
        </extensions>
      </trkpt>
      <trkpt lat="22.6056669652462005615234375" lon="113.88700758107006549835205078125">
        <ele>13.3999996185302734375</ele>
        <time>2026-09-14T22:41:16.000Z</time>
        <extensions>
          <ns3:TrackPointExtension>
            <ns3:hr>138</ns3:hr>
            <ns3:cad>94</ns3:cad>
          </ns3:TrackPointExtension>
        </extensions>
      </trkpt>
      <trkpt lat="22.6056798733770847320556640625" lon="113.88702937401831150054931640625">
        <ele>13.6000003814697265625</ele>
        <time>2026-09-14T22:41:17.000Z</time>
        <extensions>
          <ns3:TrackPointExtension>
            <ns3:hr>138</ns3:hr>
            <ns3:cad>94</ns3:cad>
          </ns3:TrackPointExtension>
        </extensions>
      </trkpt>
      <trkpt lat="22.605692781507968902587890625" lon="113.88706088997423648834228515625">
        <ele>13.6000003814697265625</ele>
        <time>2026-09-14T22:41:18.000Z</time>
        <extensions>
          <ns3:TrackPointExtension>
            <ns3:hr>138</ns3:hr>
            <ns3:cad>94</ns3:cad>
          </ns3:TrackPointExtension>
        </extensions>
      </trkpt>
      <trkpt lat="22.60570275597274303436279296875" lon="113.88708419166505336761474609375">
        <ele>13.80000019073486328125</ele>
        <time>2026-09-14T22:41:19.000Z</time>
        <extensions>
          <ns3:TrackPointExtension>
            <ns3:hr>139</ns3:hr>
            <ns3:cad>94</ns3:cad>
          </ns3:TrackPointExtension>
        </extensions>
      </trkpt>
      <trkpt lat="22.6057201065123081207275390625" lon="113.88711771927773952484130859375">
        <ele>13.80000019073486328125</ele>
        <time>2026-09-14T22:41:20.000Z</time>
        <extensions>
          <ns3:TrackPointExtension>
            <ns3:hr>139</ns3:hr>
            <ns3:cad>93</ns3:cad>
          </ns3:TrackPointExtension>
        </extensions>
      </trkpt>
      <trkpt lat="22.60573712177574634552001953125" lon="113.887136913836002349853515625">
        <ele>13.80000019073486328125</ele>
        <time>2026-09-14T22:41:21.000Z</time>
        <extensions>
          <ns3:TrackPointExtension>
            <ns3:hr>138</ns3:hr>
            <ns3:cad>93</ns3:cad>
          </ns3:TrackPointExtension>
        </extensions>
      </trkpt>
      <trkpt lat="22.6057527959346771240234375" lon="113.8871685974299907684326171875">
        <ele>14</ele>
        <time>2026-09-14T22:41:22.000Z</time>
        <extensions>
          <ns3:TrackPointExtension>
            <ns3:hr>138</ns3:hr>
            <ns3:cad>92</ns3:cad>
          </ns3:TrackPointExtension>
        </extensions>
      </trkpt>
      <trkpt lat="22.6057690568268299102783203125" lon="113.88718896545469760894775390625">
        <ele>14</ele>
        <time>2026-09-14T22:41:23.000Z</time>
        <extensions>
          <ns3:TrackPointExtension>
            <ns3:hr>138</ns3:hr>
            <ns3:cad>92</ns3:cad>
          </ns3:TrackPointExtension>
        </extensions>
      </trkpt>
      <trkpt lat="22.60578389279544353485107421875" lon="113.8872157037258148193359375">
        <ele>14</ele>
        <time>2026-09-14T22:41:24.000Z</time>
        <extensions>
          <ns3:TrackPointExtension>
            <ns3:hr>139</ns3:hr>
            <ns3:cad>92</ns3:cad>
          </ns3:TrackPointExtension>
        </extensions>
      </trkpt>
      <trkpt lat="22.60580233298242092132568359375" lon="113.88723783195018768310546875">
        <ele>14</ele>
        <time>2026-09-14T22:41:25.000Z</time>
        <extensions>
          <ns3:TrackPointExtension>
            <ns3:hr>138</ns3:hr>
            <ns3:cad>92</ns3:cad>
          </ns3:TrackPointExtension>
        </extensions>
      </trkpt>
      <trkpt lat="22.60581121779978275299072265625" lon="113.887264318764209747314453125">
        <ele>14</ele>
        <time>2026-09-14T22:41:26.000Z</time>
        <extensions>
          <ns3:TrackPointExtension>
            <ns3:hr>138</ns3:hr>
            <ns3:cad>92</ns3:cad>
          </ns3:TrackPointExtension>
        </extensions>
      </trkpt>
      <trkpt lat="22.605831585824489593505859375" lon="113.887294493615627288818359375">
        <ele>14</ele>
        <time>2026-09-14T22:41:27.000Z</time>
        <extensions>
          <ns3:TrackPointExtension>
            <ns3:hr>139</ns3:hr>
            <ns3:cad>93</ns3:cad>
          </ns3:TrackPointExtension>
        </extensions>
      </trkpt>
      <trkpt lat="22.6058501936495304107666015625" lon="113.88731603510677814483642578125">
        <ele>14.19999980926513671875</ele>
        <time>2026-09-14T22:41:28.000Z</time>
        <extensions>
          <ns3:TrackPointExtension>
            <ns3:hr>138</ns3:hr>
            <ns3:cad>93</ns3:cad>
          </ns3:TrackPointExtension>
        </extensions>
      </trkpt>
      <trkpt lat="22.60586637072265148162841796875" lon="113.88734956271946430206298828125">
        <ele>14.19999980926513671875</ele>
        <time>2026-09-14T22:41:29.000Z</time>
        <extensions>
          <ns3:TrackPointExtension>
            <ns3:hr>139</ns3:hr>
            <ns3:cad>94</ns3:cad>
          </ns3:TrackPointExtension>
        </extensions>
      </trkpt>
      <trkpt lat="22.60588380508124828338623046875" lon="113.887374959886074066162109375">
        <ele>14.19999980926513671875</ele>
        <time>2026-09-14T22:41:30.000Z</time>
        <extensions>
          <ns3:TrackPointExtension>
            <ns3:hr>139</ns3:hr>
            <ns3:cad>94</ns3:cad>
          </ns3:TrackPointExtension>
        </extensions>
      </trkpt>
      <trkpt lat="22.6058954559266567230224609375" lon="113.8873969204723834991455078125">
        <ele>14.19999980926513671875</ele>
        <time>2026-09-14T22:41:31.000Z</time>
        <extensions>
          <ns3:TrackPointExtension>
            <ns3:hr>139</ns3:hr>
            <ns3:cad>95</ns3:cad>
          </ns3:TrackPointExtension>
        </extensions>
      </trkpt>
      <trkpt lat="22.6059135608375072479248046875" lon="113.88742826879024505615234375">
        <ele>14.19999980926513671875</ele>
        <time>2026-09-14T22:41:32.000Z</time>
        <extensions>
          <ns3:TrackPointExtension>
            <ns3:hr>139</ns3:hr>
            <ns3:cad>95</ns3:cad>
          </ns3:TrackPointExtension>
        </extensions>
      </trkpt>
      <trkpt lat="22.60592303238809108734130859375" lon="113.8874530792236328125">
        <ele>14.19999980926513671875</ele>
        <time>2026-09-14T22:41:33.000Z</time>
        <extensions>
          <ns3:TrackPointExtension>
            <ns3:hr>139</ns3:hr>
            <ns3:cad>95</ns3:cad>
          </ns3:TrackPointExtension>
        </extensions>
      </trkpt>
      <trkpt lat="22.60594365186989307403564453125" lon="113.887487612664699554443359375">
        <ele>14.19999980926513671875</ele>
        <time>2026-09-14T22:41:34.000Z</time>
        <extensions>
          <ns3:TrackPointExtension>
            <ns3:hr>139</ns3:hr>
            <ns3:cad>94</ns3:cad>
          </ns3:TrackPointExtension>
        </extensions>
      </trkpt>
      <trkpt lat="22.60595940984785556793212890625" lon="113.8875058852136135101318359375">
        <ele>14.3999996185302734375</ele>
        <time>2026-09-14T22:41:35.000Z</time>
        <extensions>
          <ns3:TrackPointExtension>
            <ns3:hr>140</ns3:hr>
            <ns3:cad>94</ns3:cad>
          </ns3:TrackPointExtension>
        </extensions>
      </trkpt>
      <trkpt lat="22.60597265325486660003662109375" lon="113.88753647916018962860107421875">
        <ele>14.3999996185302734375</ele>
        <time>2026-09-14T22:41:36.000Z</time>
        <extensions>
          <ns3:TrackPointExtension>
            <ns3:hr>140</ns3:hr>
            <ns3:cad>94</ns3:cad>
          </ns3:TrackPointExtension>
        </extensions>
      </trkpt>
      <trkpt lat="22.60598891414701938629150390625" lon="113.88756078667938709259033203125">
        <ele>14.3999996185302734375</ele>
        <time>2026-09-14T22:41:37.000Z</time>
        <extensions>
          <ns3:TrackPointExtension>
            <ns3:hr>141</ns3:hr>
            <ns3:cad>95</ns3:cad>
          </ns3:TrackPointExtension>
        </extensions>
      </trkpt>
      <trkpt lat="22.60600232519209384918212890625" lon="113.887580148875713348388671875">
        <ele>14.3999996185302734375</ele>
        <time>2026-09-14T22:41:38.000Z</time>
        <extensions>
          <ns3:TrackPointExtension>
            <ns3:hr>141</ns3:hr>
            <ns3:cad>94</ns3:cad>
          </ns3:TrackPointExtension>
        </extensions>
      </trkpt>
      <trkpt lat="22.60601498186588287353515625" lon="113.88760487549006938934326171875">
        <ele>14.3999996185302734375</ele>
        <time>2026-09-14T22:41:39.000Z</time>
        <extensions>
          <ns3:TrackPointExtension>
            <ns3:hr>142</ns3:hr>
            <ns3:cad>94</ns3:cad>
          </ns3:TrackPointExtension>
        </extensions>
      </trkpt>
      <trkpt lat="22.60602931492030620574951171875" lon="113.8876235671341419219970703125">
        <ele>14.3999996185302734375</ele>
        <time>2026-09-14T22:41:40.000Z</time>
        <extensions>
          <ns3:TrackPointExtension>
            <ns3:hr>142</ns3:hr>
            <ns3:cad>94</ns3:cad>
          </ns3:TrackPointExtension>
        </extensions>
      </trkpt>
      <trkpt lat="22.60605194605886936187744140625" lon="113.88764879666268825531005859375">
        <ele>14.3999996185302734375</ele>
        <time>2026-09-14T22:41:41.000Z</time>
        <extensions>
          <ns3:TrackPointExtension>
            <ns3:hr>143</ns3:hr>
            <ns3:cad>94</ns3:cad>
          </ns3:TrackPointExtension>
        </extensions>
      </trkpt>
      <trkpt lat="22.60606870986521244049072265625" lon="113.88766790740191936492919921875">
        <ele>14.3999996185302734375</ele>
        <time>2026-09-14T22:41:42.000Z</time>
        <extensions>
          <ns3:TrackPointExtension>
            <ns3:hr>143</ns3:hr>
            <ns3:cad>94</ns3:cad>
          </ns3:TrackPointExtension>
        </extensions>
      </trkpt>
      <trkpt lat="22.6060822047293186187744140625" lon="113.88769607059657573699951171875">
        <ele>14.6000003814697265625</ele>
        <time>2026-09-14T22:41:43.000Z</time>
        <extensions>
          <ns3:TrackPointExtension>
            <ns3:hr>144</ns3:hr>
            <ns3:cad>95</ns3:cad>
          </ns3:TrackPointExtension>
        </extensions>
      </trkpt>
      <trkpt lat="22.60609502904117107391357421875" lon="113.88772155158221721649169921875">
        <ele>14.6000003814697265625</ele>
        <time>2026-09-14T22:41:44.000Z</time>
        <extensions>
          <ns3:TrackPointExtension>
            <ns3:hr>144</ns3:hr>
            <ns3:cad>95</ns3:cad>
          </ns3:TrackPointExtension>
        </extensions>
      </trkpt>
      <trkpt lat="22.606106512248516082763671875" lon="113.88774870894849300384521484375">
        <ele>14.6000003814697265625</ele>
        <time>2026-09-14T22:41:45.000Z</time>
        <extensions>
          <ns3:TrackPointExtension>
            <ns3:hr>144</ns3:hr>
            <ns3:cad>95</ns3:cad>
          </ns3:TrackPointExtension>
        </extensions>
      </trkpt>
      <trkpt lat="22.60611950419843196868896484375" lon="113.887773267924785614013671875">
        <ele>14.6000003814697265625</ele>
        <time>2026-09-14T22:41:46.000Z</time>
        <extensions>
          <ns3:TrackPointExtension>
            <ns3:hr>145</ns3:hr>
            <ns3:cad>95</ns3:cad>
          </ns3:TrackPointExtension>
        </extensions>
      </trkpt>
      <trkpt lat="22.60613341815769672393798828125" lon="113.88779975473880767822265625">
        <ele>14.6000003814697265625</ele>
        <time>2026-09-14T22:41:47.000Z</time>
        <extensions>
          <ns3:TrackPointExtension>
            <ns3:hr>145</ns3:hr>
            <ns3:cad>95</ns3:cad>
          </ns3:TrackPointExtension>
        </extensions>
      </trkpt>
      <trkpt lat="22.6061485894024372100830078125" lon="113.8878245651721954345703125">
        <ele>14.6000003814697265625</ele>
        <time>2026-09-14T22:41:48.000Z</time>
        <extensions>
          <ns3:TrackPointExtension>
            <ns3:hr>145</ns3:hr>
            <ns3:cad>94</ns3:cad>
          </ns3:TrackPointExtension>
        </extensions>
      </trkpt>
      <trkpt lat="22.60615956969559192657470703125" lon="113.88784225098788738250732421875">
        <ele>14.6000003814697265625</ele>
        <time>2026-09-14T22:41:49.000Z</time>
        <extensions>
          <ns3:TrackPointExtension>
            <ns3:hr>145</ns3:hr>
            <ns3:cad>94</ns3:cad>
          </ns3:TrackPointExtension>
        </extensions>
      </trkpt>
      <trkpt lat="22.606177590787410736083984375" lon="113.887865133583545684814453125">
        <ele>14.80000019073486328125</ele>
        <time>2026-09-14T22:41:50.000Z</time>
        <extensions>
          <ns3:TrackPointExtension>
            <ns3:hr>145</ns3:hr>
            <ns3:cad>94</ns3:cad>
          </ns3:TrackPointExtension>
        </extensions>
      </trkpt>
      <trkpt lat="22.60619468986988067626953125" lon="113.88788826763629913330078125">
        <ele>14.80000019073486328125</ele>
        <time>2026-09-14T22:41:51.000Z</time>
        <extensions>
          <ns3:TrackPointExtension>
            <ns3:hr>145</ns3:hr>
            <ns3:cad>94</ns3:cad>
          </ns3:TrackPointExtension>
        </extensions>
      </trkpt>
      <trkpt lat="22.6062029041349887847900390625" lon="113.88791936449706554412841796875">
        <ele>14.80000019073486328125</ele>
        <time>2026-09-14T22:41:52.000Z</time>
        <extensions>
          <ns3:TrackPointExtension>
            <ns3:hr>145</ns3:hr>
            <ns3:cad>94</ns3:cad>
          </ns3:TrackPointExtension>
        </extensions>
      </trkpt>
      <trkpt lat="22.60622285306453704833984375" lon="113.8879246450960636138916015625">
        <ele>15</ele>
        <time>2026-09-14T22:41:53.000Z</time>
        <extensions>
          <ns3:TrackPointExtension>
            <ns3:hr>145</ns3:hr>
            <ns3:cad>93</ns3:cad>
          </ns3:TrackPointExtension>
        </extensions>
      </trkpt>
      <trkpt lat="22.60624674148857593536376953125" lon="113.8879264891147613525390625">
        <ele>15</ele>
        <time>2026-09-14T22:41:54.000Z</time>
        <extensions>
          <ns3:TrackPointExtension>
            <ns3:hr>145</ns3:hr>
            <ns3:cad>94</ns3:cad>
          </ns3:TrackPointExtension>
        </extensions>
      </trkpt>
      <trkpt lat="22.606266103684902191162109375" lon="113.88792171142995357513427734375">
        <ele>15</ele>
        <time>2026-09-14T22:41:55.000Z</time>
        <extensions>
          <ns3:TrackPointExtension>
            <ns3:hr>145</ns3:hr>
            <ns3:cad>94</ns3:cad>
          </ns3:TrackPointExtension>
        </extensions>
      </trkpt>
      <trkpt lat="22.60628722608089447021484375" lon="113.88791911303997039794921875">
        <ele>15</ele>
        <time>2026-09-14T22:41:56.000Z</time>
        <extensions>
          <ns3:TrackPointExtension>
            <ns3:hr>145</ns3:hr>
            <ns3:cad>93</ns3:cad>
          </ns3:TrackPointExtension>
        </extensions>
      </trkpt>
      <trkpt lat="22.60631538927555084228515625" lon="113.88791517354547977447509765625">
        <ele>15</ele>
        <time>2026-09-14T22:41:57.000Z</time>
        <extensions>
          <ns3:TrackPointExtension>
            <ns3:hr>145</ns3:hr>
            <ns3:cad>93</ns3:cad>
          </ns3:TrackPointExtension>
        </extensions>
      </trkpt>
      <trkpt lat="22.60633609257638454437255859375" lon="113.8879077136516571044921875">
        <ele>15</ele>
        <time>2026-09-14T22:41:58.000Z</time>
        <extensions>
          <ns3:TrackPointExtension>
            <ns3:hr>145</ns3:hr>
            <ns3:cad>93</ns3:cad>
          </ns3:TrackPointExtension>
        </extensions>
      </trkpt>
      <trkpt lat="22.60637230239808559417724609375" lon="113.8879028521478176116943359375">
        <ele>15</ele>
        <time>2026-09-14T22:41:59.000Z</time>
        <extensions>
          <ns3:TrackPointExtension>
            <ns3:hr>145</ns3:hr>
            <ns3:cad>93</ns3:cad>
          </ns3:TrackPointExtension>
        </extensions>
      </trkpt>
      <trkpt lat="22.60639644227921962738037109375" lon="113.88789497315883636474609375">
        <ele>14.80000019073486328125</ele>
        <time>2026-09-14T22:42:00.000Z</time>
        <extensions>
          <ns3:TrackPointExtension>
            <ns3:hr>144</ns3:hr>
            <ns3:cad>93</ns3:cad>
          </ns3:TrackPointExtension>
        </extensions>
      </trkpt>
      <trkpt lat="22.606427706778049468994140625" lon="113.88788801617920398712158203125">
        <ele>14.80000019073486328125</ele>
        <time>2026-09-14T22:42:01.000Z</time>
        <extensions>
          <ns3:TrackPointExtension>
            <ns3:hr>144</ns3:hr>
            <ns3:cad>94</ns3:cad>
          </ns3:TrackPointExtension>
        </extensions>
      </trkpt>
      <trkpt lat="22.6064540259540081024169921875" lon="113.88787745498120784759521484375">
        <ele>14.80000019073486328125</ele>
        <time>2026-09-14T22:42:02.000Z</time>
        <extensions>
          <ns3:TrackPointExtension>
            <ns3:hr>144</ns3:hr>
            <ns3:cad>94</ns3:cad>
          </ns3:TrackPointExtension>
        </extensions>
      </trkpt>
      <trkpt lat="22.60648327879607677459716796875" lon="113.8878674805164337158203125">
        <ele>14.80000019073486328125</ele>
        <time>2026-09-14T22:42:03.000Z</time>
        <extensions>
          <ns3:TrackPointExtension>
            <ns3:hr>144</ns3:hr>
            <ns3:cad>94</ns3:cad>
          </ns3:TrackPointExtension>
        </extensions>
      </trkpt>
      <trkpt lat="22.60651462711393833160400390625" lon="113.8878555782139301300048828125">
        <ele>14.80000019073486328125</ele>
        <time>2026-09-14T22:42:04.000Z</time>
        <extensions>
          <ns3:TrackPointExtension>
            <ns3:hr>143</ns3:hr>
            <ns3:cad>94</ns3:cad>
          </ns3:TrackPointExtension>
        </extensions>
      </trkpt>
      <trkpt lat="22.606540359556674957275390625" lon="113.88784744776785373687744140625">
        <ele>14.80000019073486328125</ele>
        <time>2026-09-14T22:42:05.000Z</time>
        <extensions>
          <ns3:TrackPointExtension>
            <ns3:hr>144</ns3:hr>
            <ns3:cad>94</ns3:cad>
          </ns3:TrackPointExtension>
        </extensions>
      </trkpt>
      <trkpt lat="22.6065673492848873138427734375" lon="113.88783940114080905914306640625">
        <ele>14.80000019073486328125</ele>
        <time>2026-09-14T22:42:06.000Z</time>
        <extensions>
          <ns3:TrackPointExtension>
            <ns3:hr>143</ns3:hr>
            <ns3:cad>93</ns3:cad>
          </ns3:TrackPointExtension>
        </extensions>
      </trkpt>
      <trkpt lat="22.60658771730959415435791015625" lon="113.8878341205418109893798828125">
        <ele>14.6000003814697265625</ele>
        <time>2026-09-14T22:42:07.000Z</time>
        <extensions>
          <ns3:TrackPointExtension>
            <ns3:hr>143</ns3:hr>
            <ns3:cad>93</ns3:cad>
          </ns3:TrackPointExtension>
        </extensions>
      </trkpt>
      <trkpt lat="22.60661487467586994171142578125" lon="113.8878300972282886505126953125">
        <ele>14.6000003814697265625</ele>
        <time>2026-09-14T22:42:08.000Z</time>
        <extensions>
          <ns3:TrackPointExtension>
            <ns3:hr>143</ns3:hr>
            <ns3:cad>93</ns3:cad>
          </ns3:TrackPointExtension>
        </extensions>
      </trkpt>
      <trkpt lat="22.60663926601409912109375" lon="113.887817524373531341552734375">
        <ele>14.6000003814697265625</ele>
        <time>2026-09-14T22:42:09.000Z</time>
        <extensions>
          <ns3:TrackPointExtension>
            <ns3:hr>143</ns3:hr>
            <ns3:cad>94</ns3:cad>
          </ns3:TrackPointExtension>
        </extensions>
      </trkpt>
      <trkpt lat="22.60666416026651859283447265625" lon="113.88780570589005947113037109375">
        <ele>14.6000003814697265625</ele>
        <time>2026-09-14T22:42:10.000Z</time>
        <extensions>
          <ns3:TrackPointExtension>
            <ns3:hr>144</ns3:hr>
            <ns3:cad>94</ns3:cad>
          </ns3:TrackPointExtension>
        </extensions>
      </trkpt>
      <trkpt lat="22.60669366456568241119384765625" lon="113.887793384492397308349609375">
        <ele>14.6000003814697265625</ele>
        <time>2026-09-14T22:42:11.000Z</time>
        <extensions>
          <ns3:TrackPointExtension>
            <ns3:hr>143</ns3:hr>
            <ns3:cad>94</ns3:cad>
          </ns3:TrackPointExtension>
        </extensions>
      </trkpt>
      <trkpt lat="22.6067157089710235595703125" lon="113.8877865113317966461181640625">
        <ele>14.6000003814697265625</ele>
        <time>2026-09-14T22:42:12.000Z</time>
        <extensions>
          <ns3:TrackPointExtension>
            <ns3:hr>144</ns3:hr>
            <ns3:cad>94</ns3:cad>
          </ns3:TrackPointExtension>
        </extensions>
      </trkpt>
      <trkpt lat="22.60674512945115566253662109375" lon="113.887774609029293060302734375">
        <ele>14.6000003814697265625</ele>
        <time>2026-09-14T22:42:13.000Z</time>
        <extensions>
          <ns3:TrackPointExtension>
            <ns3:hr>144</ns3:hr>
            <ns3:cad>95</ns3:cad>
          </ns3:TrackPointExtension>
        </extensions>
      </trkpt>
      <trkpt lat="22.606769017875194549560546875" lon="113.88776245526969432830810546875">
        <ele>14.6000003814697265625</ele>
        <time>2026-09-14T22:42:14.000Z</time>
        <extensions>
          <ns3:TrackPointExtension>
            <ns3:hr>144</ns3:hr>
            <ns3:cad>95</ns3:cad>
          </ns3:TrackPointExtension>
        </extensions>
      </trkpt>
      <trkpt lat="22.60679407976567745208740234375" lon="113.88774745166301727294921875">
        <ele>14.6000003814697265625</ele>
        <time>2026-09-14T22:42:15.000Z</time>
        <extensions>
          <ns3:TrackPointExtension>
            <ns3:hr>143</ns3:hr>
            <ns3:cad>95</ns3:cad>
          </ns3:TrackPointExtension>
        </extensions>
      </trkpt>
      <trkpt lat="22.606817968189716339111328125" lon="113.8877360522747039794921875">
        <ele>14.6000003814697265625</ele>
        <time>2026-09-14T22:42:16.000Z</time>
        <extensions>
          <ns3:TrackPointExtension>
            <ns3:hr>143</ns3:hr>
            <ns3:cad>95</ns3:cad>
          </ns3:TrackPointExtension>
        </extensions>
      </trkpt>
      <trkpt lat="22.60684437118470668792724609375" lon="113.8877280056476593017578125">
        <ele>14.6000003814697265625</ele>
        <time>2026-09-14T22:42:17.000Z</time>
        <extensions>
          <ns3:TrackPointExtension>
            <ns3:hr>143</ns3:hr>
            <ns3:cad>95</ns3:cad>
          </ns3:TrackPointExtension>
        </extensions>
      </trkpt>
      <trkpt lat="22.606871612370014190673828125" lon="113.8877218030393123626708984375">
        <ele>14.6000003814697265625</ele>
        <time>2026-09-14T22:42:18.000Z</time>
        <extensions>
          <ns3:TrackPointExtension>
            <ns3:hr>143</ns3:hr>
            <ns3:cad>95</ns3:cad>
          </ns3:TrackPointExtension>
        </extensions>
      </trkpt>
      <trkpt lat="22.60689918883144855499267578125" lon="113.8877097330987453460693359375">
        <ele>14.6000003814697265625</ele>
        <time>2026-09-14T22:42:19.000Z</time>
        <extensions>
          <ns3:TrackPointExtension>
            <ns3:hr>143</ns3:hr>
            <ns3:cad>95</ns3:cad>
          </ns3:TrackPointExtension>
        </extensions>
      </trkpt>
      <trkpt lat="22.60692668147385120391845703125" lon="113.88769590295851230621337890625">
        <ele>14.6000003814697265625</ele>
        <time>2026-09-14T22:42:20.000Z</time>
        <extensions>
          <ns3:TrackPointExtension>
            <ns3:hr>143</ns3:hr>
            <ns3:cad>94</ns3:cad>
          </ns3:TrackPointExtension>
        </extensions>
      </trkpt>
      <trkpt lat="22.6069465465843677520751953125" lon="113.88767813332378864288330078125">
        <ele>14.6000003814697265625</ele>
        <time>2026-09-14T22:42:21.000Z</time>
        <extensions>
          <ns3:TrackPointExtension>
            <ns3:hr>143</ns3:hr>
            <ns3:cad>94</ns3:cad>
          </ns3:TrackPointExtension>
        </extensions>
      </trkpt>
      <trkpt lat="22.606974542140960693359375" lon="113.88766103424131870269775390625">
        <ele>14.6000003814697265625</ele>
        <time>2026-09-14T22:42:22.000Z</time>
        <extensions>
          <ns3:TrackPointExtension>
            <ns3:hr>143</ns3:hr>
            <ns3:cad>94</ns3:cad>
          </ns3:TrackPointExtension>
        </extensions>
      </trkpt>
      <trkpt lat="22.6070055551826953887939453125" lon="113.8876460306346416473388671875">
        <ele>14.6000003814697265625</ele>
        <time>2026-09-14T22:42:23.000Z</time>
        <extensions>
          <ns3:TrackPointExtension>
            <ns3:hr>142</ns3:hr>
            <ns3:cad>94</ns3:cad>
          </ns3:TrackPointExtension>
        </extensions>
      </trkpt>
      <trkpt lat="22.60703179053962230682373046875" lon="113.8876376487314701080322265625">
        <ele>14.6000003814697265625</ele>
        <time>2026-09-14T22:42:24.000Z</time>
        <extensions>
          <ns3:TrackPointExtension>
            <ns3:hr>142</ns3:hr>
            <ns3:cad>94</ns3:cad>
          </ns3:TrackPointExtension>
        </extensions>
      </trkpt>
      <trkpt lat="22.60706431232392787933349609375" lon="113.88762968592345714569091796875">
        <ele>14.6000003814697265625</ele>
        <time>2026-09-14T22:42:25.000Z</time>
        <extensions>
          <ns3:TrackPointExtension>
            <ns3:hr>142</ns3:hr>
            <ns3:cad>94</ns3:cad>
          </ns3:TrackPointExtension>
        </extensions>
      </trkpt>
      <trkpt lat="22.6070903800427913665771484375" lon="113.88762633316218852996826171875">
        <ele>14.6000003814697265625</ele>
        <time>2026-09-14T22:42:26.000Z</time>
        <extensions>
          <ns3:TrackPointExtension>
            <ns3:hr>141</ns3:hr>
            <ns3:cad>94</ns3:cad>
          </ns3:TrackPointExtension>
        </extensions>
      </trkpt>
      <trkpt lat="22.607120387256145477294921875" lon="113.8876195438206195831298828125">
        <ele>14.6000003814697265625</ele>
        <time>2026-09-14T22:42:27.000Z</time>
        <extensions>
          <ns3:TrackPointExtension>
            <ns3:hr>141</ns3:hr>
            <ns3:cad>93</ns3:cad>
          </ns3:TrackPointExtension>
        </extensions>
      </trkpt>
      <trkpt lat="22.6071420125663280487060546875" lon="113.88761141337454319000244140625">
        <ele>14.6000003814697265625</ele>
        <time>2026-09-14T22:42:28.000Z</time>
        <extensions>
          <ns3:TrackPointExtension>
            <ns3:hr>141</ns3:hr>
            <ns3:cad>93</ns3:cad>
          </ns3:TrackPointExtension>
        </extensions>
      </trkpt>
      <trkpt lat="22.60717495344579219818115234375" lon="113.88759917579591274261474609375">
        <ele>14.6000003814697265625</ele>
        <time>2026-09-14T22:42:29.000Z</time>
        <extensions>
          <ns3:TrackPointExtension>
            <ns3:hr>141</ns3:hr>
            <ns3:cad>92</ns3:cad>
          </ns3:TrackPointExtension>
        </extensions>
      </trkpt>
      <trkpt lat="22.60719741694629192352294921875" lon="113.88758459128439426422119140625">
        <ele>14.6000003814697265625</ele>
        <time>2026-09-14T22:42:30.000Z</time>
        <extensions>
          <ns3:TrackPointExtension>
            <ns3:hr>141</ns3:hr>
            <ns3:cad>92</ns3:cad>
          </ns3:TrackPointExtension>
        </extensions>
      </trkpt>
      <trkpt lat="22.607222311198711395263671875" lon="113.8875742815434932708740234375">
        <ele>14.6000003814697265625</ele>
        <time>2026-09-14T22:42:31.000Z</time>
        <extensions>
          <ns3:TrackPointExtension>
            <ns3:hr>141</ns3:hr>
            <ns3:cad>92</ns3:cad>
          </ns3:TrackPointExtension>
        </extensions>
      </trkpt>
      <trkpt lat="22.60725424624979496002197265625" lon="113.8875625468790531158447265625">
        <ele>14.6000003814697265625</ele>
        <time>2026-09-14T22:42:32.000Z</time>
        <extensions>
          <ns3:TrackPointExtension>
            <ns3:hr>141</ns3:hr>
            <ns3:cad>94</ns3:cad>
          </ns3:TrackPointExtension>
        </extensions>
      </trkpt>
      <trkpt lat="22.607273943722248077392578125" lon="113.88755123130977153778076171875">
        <ele>14.6000003814697265625</ele>
        <time>2026-09-14T22:42:33.000Z</time>
        <extensions>
          <ns3:TrackPointExtension>
            <ns3:hr>141</ns3:hr>
            <ns3:cad>95</ns3:cad>
          </ns3:TrackPointExtension>
        </extensions>
      </trkpt>
      <trkpt lat="22.60730939917266368865966796875" lon="113.88754360377788543701171875">
        <ele>14.6000003814697265625</ele>
        <time>2026-09-14T22:42:34.000Z</time>
        <extensions>
          <ns3:TrackPointExtension>
            <ns3:hr>141</ns3:hr>
            <ns3:cad>95</ns3:cad>
          </ns3:TrackPointExtension>
        </extensions>
      </trkpt>
      <trkpt lat="22.6073314435780048370361328125" lon="113.887533880770206451416015625">
        <ele>14.6000003814697265625</ele>
        <time>2026-09-14T22:42:35.000Z</time>
        <extensions>
          <ns3:TrackPointExtension>
            <ns3:hr>140</ns3:hr>
            <ns3:cad>95</ns3:cad>
          </ns3:TrackPointExtension>
        </extensions>
      </trkpt>
      <trkpt lat="22.60735717602074146270751953125" lon="113.88752390630543231964111328125">
        <ele>14.6000003814697265625</ele>
        <time>2026-09-14T22:42:36.000Z</time>
        <extensions>
          <ns3:TrackPointExtension>
            <ns3:hr>140</ns3:hr>
            <ns3:cad>95</ns3:cad>
          </ns3:TrackPointExtension>
        </extensions>
      </trkpt>
      <trkpt lat="22.60738165117800235748291015625" lon="113.88751250691711902618408203125">
        <ele>14.6000003814697265625</ele>
        <time>2026-09-14T22:42:37.000Z</time>
        <extensions>
          <ns3:TrackPointExtension>
            <ns3:hr>140</ns3:hr>
            <ns3:cad>94</ns3:cad>
          </ns3:TrackPointExtension>
        </extensions>
      </trkpt>
      <trkpt lat="22.60741115547716617584228515625" lon="113.88749934732913970947265625">
        <ele>14.6000003814697265625</ele>
        <time>2026-09-14T22:42:38.000Z</time>
        <extensions>
          <ns3:TrackPointExtension>
            <ns3:hr>140</ns3:hr>
            <ns3:cad>94</ns3:cad>
          </ns3:TrackPointExtension>
        </extensions>
      </trkpt>
      <trkpt lat="22.60743982158601284027099609375" lon="113.88748115859925746917724609375">
        <ele>14.6000003814697265625</ele>
        <time>2026-09-14T22:42:39.000Z</time>
        <extensions>
          <ns3:TrackPointExtension>
            <ns3:hr>139</ns3:hr>
            <ns3:cad>94</ns3:cad>
          </ns3:TrackPointExtension>
        </extensions>
      </trkpt>
      <trkpt lat="22.60746882297098636627197265625" lon="113.88746540062129497528076171875">
        <ele>14.3999996185302734375</ele>
        <time>2026-09-14T22:42:40.000Z</time>
        <extensions>
          <ns3:TrackPointExtension>
            <ns3:hr>139</ns3:hr>
            <ns3:cad>94</ns3:cad>
          </ns3:TrackPointExtension>
        </extensions>
      </trkpt>
      <trkpt lat="22.60750352405011653900146484375" lon="113.887450732290744781494140625">
        <ele>14.3999996185302734375</ele>
        <time>2026-09-14T22:42:41.000Z</time>
        <extensions>
          <ns3:TrackPointExtension>
            <ns3:hr>139</ns3:hr>
            <ns3:cad>94</ns3:cad>
          </ns3:TrackPointExtension>
        </extensions>
      </trkpt>
      <trkpt lat="22.60752950794994831085205078125" lon="113.88744176365435123443603515625">
        <ele>14.3999996185302734375</ele>
        <time>2026-09-14T22:42:42.000Z</time>
        <extensions>
          <ns3:TrackPointExtension>
            <ns3:hr>139</ns3:hr>
            <ns3:cad>93</ns3:cad>
          </ns3:TrackPointExtension>
        </extensions>
      </trkpt>
      <trkpt lat="22.6075621135532855987548828125" lon="113.8874405063688755035400390625">
        <ele>14.6000003814697265625</ele>
        <time>2026-09-14T22:42:43.000Z</time>
        <extensions>
          <ns3:TrackPointExtension>
            <ns3:hr>139</ns3:hr>
            <ns3:cad>93</ns3:cad>
          </ns3:TrackPointExtension>
        </extensions>
      </trkpt>
      <trkpt lat="22.60759002529084682464599609375" lon="113.8874358125030994415283203125">
        <ele>14.80000019073486328125</ele>
        <time>2026-09-14T22:42:44.000Z</time>
        <extensions>
          <ns3:TrackPointExtension>
            <ns3:hr>140</ns3:hr>
            <ns3:cad>93</ns3:cad>
          </ns3:TrackPointExtension>
        </extensions>
      </trkpt>
      <trkpt lat="22.6076241396367549896240234375" lon="113.88743841089308261871337890625">
        <ele>14.6000003814697265625</ele>
        <time>2026-09-14T22:42:45.000Z</time>
        <extensions>
          <ns3:TrackPointExtension>
            <ns3:hr>140</ns3:hr>
            <ns3:cad>92</ns3:cad>
          </ns3:TrackPointExtension>
        </extensions>
      </trkpt>
      <trkpt lat="22.60765339247882366180419921875" lon="113.887434639036655426025390625">
        <ele>14.80000019073486328125</ele>
        <time>2026-09-14T22:42:46.000Z</time>
        <extensions>
          <ns3:TrackPointExtension>
            <ns3:hr>140</ns3:hr>
            <ns3:cad>92</ns3:cad>
          </ns3:TrackPointExtension>
        </extensions>
      </trkpt>
      <trkpt lat="22.6076814718544483184814453125" lon="113.88744042254984378814697265625">
        <ele>14.80000019073486328125</ele>
        <time>2026-09-14T22:42:47.000Z</time>
        <extensions>
          <ns3:TrackPointExtension>
            <ns3:hr>140</ns3:hr>
            <ns3:cad>92</ns3:cad>
          </ns3:TrackPointExtension>
        </extensions>
      </trkpt>
      <trkpt lat="22.60771013796329498291015625" lon="113.88744092546403408050537109375">
        <ele>14.6000003814697265625</ele>
        <time>2026-09-14T22:42:48.000Z</time>
        <extensions>
          <ns3:TrackPointExtension>
            <ns3:hr>141</ns3:hr>
            <ns3:cad>92</ns3:cad>
          </ns3:TrackPointExtension>
        </extensions>
      </trkpt>
      <trkpt lat="22.60773486457765102386474609375" lon="113.88744813390076160430908203125">
        <ele>14.80000019073486328125</ele>
        <time>2026-09-14T22:42:49.000Z</time>
        <extensions>
          <ns3:TrackPointExtension>
            <ns3:hr>141</ns3:hr>
            <ns3:cad>92</ns3:cad>
          </ns3:TrackPointExtension>
        </extensions>
      </trkpt>
      <trkpt lat="22.60776579380035400390625" lon="113.88745282776653766632080078125">
        <ele>15</ele>
        <time>2026-09-14T22:42:50.000Z</time>
        <extensions>
          <ns3:TrackPointExtension>
            <ns3:hr>141</ns3:hr>
            <ns3:cad>93</ns3:cad>
          </ns3:TrackPointExtension>
        </extensions>
      </trkpt>
      <trkpt lat="22.60778247378766536712646484375" lon="113.88745835982263088226318359375">
        <ele>15.19999980926513671875</ele>
        <time>2026-09-14T22:42:51.000Z</time>
        <extensions>
          <ns3:TrackPointExtension>
            <ns3:hr>142</ns3:hr>
            <ns3:cad>93</ns3:cad>
          </ns3:TrackPointExtension>
        </extensions>
      </trkpt>
      <trkpt lat="22.60780711658298969268798828125" lon="113.88746607117354869842529296875">
        <ele>15.3999996185302734375</ele>
        <time>2026-09-14T22:42:52.000Z</time>
        <extensions>
          <ns3:TrackPointExtension>
            <ns3:hr>142</ns3:hr>
            <ns3:cad>93</ns3:cad>
          </ns3:TrackPointExtension>
        </extensions>
      </trkpt>
      <trkpt lat="22.60782958008348941802978515625" lon="113.8874763809144496917724609375">
        <ele>15.6000003814697265625</ele>
        <time>2026-09-14T22:42:53.000Z</time>
        <extensions>
          <ns3:TrackPointExtension>
            <ns3:hr>142</ns3:hr>
            <ns3:cad>94</ns3:cad>
          </ns3:TrackPointExtension>
        </extensions>
      </trkpt>
      <trkpt lat="22.60785690508782863616943359375" lon="113.88748065568506717681884765625">
        <ele>15.80000019073486328125</ele>
        <time>2026-09-14T22:42:54.000Z</time>
        <extensions>
          <ns3:TrackPointExtension>
            <ns3:hr>142</ns3:hr>
            <ns3:cad>94</ns3:cad>
          </ns3:TrackPointExtension>
        </extensions>
      </trkpt>
      <trkpt lat="22.6078784465789794921875" lon="113.8874892890453338623046875">
        <ele>16</ele>
        <time>2026-09-14T22:42:55.000Z</time>
        <extensions>
          <ns3:TrackPointExtension>
            <ns3:hr>142</ns3:hr>
            <ns3:cad>92</ns3:cad>
          </ns3:TrackPointExtension>
        </extensions>
      </trkpt>
      <trkpt lat="22.60790568776428699493408203125" lon="113.88749959878623485565185546875">
        <ele>16.3999996185302734375</ele>
        <time>2026-09-14T22:42:56.000Z</time>
        <extensions>
          <ns3:TrackPointExtension>
            <ns3:hr>142</ns3:hr>
            <ns3:cad>92</ns3:cad>
          </ns3:TrackPointExtension>
        </extensions>
      </trkpt>
      <trkpt lat="22.60792831890285015106201171875" lon="113.887509740889072418212890625">
        <ele>16.6000003814697265625</ele>
        <time>2026-09-14T22:42:57.000Z</time>
        <extensions>
          <ns3:TrackPointExtension>
            <ns3:hr>142</ns3:hr>
            <ns3:cad>92</ns3:cad>
          </ns3:TrackPointExtension>
        </extensions>
      </trkpt>
      <trkpt lat="22.6079480163753032684326171875" lon="113.887517452239990234375">
        <ele>16.799999237060546875</ele>
        <time>2026-09-14T22:42:58.000Z</time>
        <extensions>
          <ns3:TrackPointExtension>
            <ns3:hr>141</ns3:hr>
            <ns3:cad>92</ns3:cad>
          </ns3:TrackPointExtension>
        </extensions>
      </trkpt>
      <trkpt lat="22.6079641096293926239013671875" lon="113.8875313661992549896240234375">
        <ele>16.799999237060546875</ele>
        <time>2026-09-14T22:42:59.000Z</time>
        <extensions>
          <ns3:TrackPointExtension>
            <ns3:hr>142</ns3:hr>
            <ns3:cad>92</ns3:cad>
          </ns3:TrackPointExtension>
        </extensions>
      </trkpt>
      <trkpt lat="22.6079892553389072418212890625" lon="113.88754687272012233734130859375">
        <ele>17</ele>
        <time>2026-09-14T22:43:00.000Z</time>
        <extensions>
          <ns3:TrackPointExtension>
            <ns3:hr>142</ns3:hr>
            <ns3:cad>92</ns3:cad>
          </ns3:TrackPointExtension>
        </extensions>
      </trkpt>
      <trkpt lat="22.60801113210618495941162109375" lon="113.887556679546833038330078125">
        <ele>17.200000762939453125</ele>
        <time>2026-09-14T22:43:01.000Z</time>
        <extensions>
          <ns3:TrackPointExtension>
            <ns3:hr>142</ns3:hr>
            <ns3:cad>92</ns3:cad>
          </ns3:TrackPointExtension>
        </extensions>
      </trkpt>
      <trkpt lat="22.60802772827446460723876953125" lon="113.8875675760209560394287109375">
        <ele>17.3999996185302734375</ele>
        <time>2026-09-14T22:43:02.000Z</time>
        <extensions>
          <ns3:TrackPointExtension>
            <ns3:hr>143</ns3:hr>
            <ns3:cad>92</ns3:cad>
          </ns3:TrackPointExtension>
        </extensions>
      </trkpt>
      <trkpt lat="22.60805019177496433258056640625" lon="113.88757838867604732513427734375">
        <ele>17.6000003814697265625</ele>
        <time>2026-09-14T22:43:03.000Z</time>
        <extensions>
          <ns3:TrackPointExtension>
            <ns3:hr>143</ns3:hr>
            <ns3:cad>92</ns3:cad>
          </ns3:TrackPointExtension>
        </extensions>
      </trkpt>
      <trkpt lat="22.608067207038402557373046875" lon="113.88758911751210689544677734375">
        <ele>17.799999237060546875</ele>
        <time>2026-09-14T22:43:04.000Z</time>
        <extensions>
          <ns3:TrackPointExtension>
            <ns3:hr>144</ns3:hr>
            <ns3:cad>92</ns3:cad>
          </ns3:TrackPointExtension>
        </extensions>
      </trkpt>
      <trkpt lat="22.6080931909382343292236328125" lon="113.887600935995578765869140625">
        <ele>18</ele>
        <time>2026-09-14T22:43:05.000Z</time>
        <extensions>
          <ns3:TrackPointExtension>
            <ns3:hr>145</ns3:hr>
            <ns3:cad>92</ns3:cad>
          </ns3:TrackPointExtension>
        </extensions>
      </trkpt>
      <trkpt lat="22.60811322368681430816650390625" lon="113.8876088149845600128173828125">
        <ele>18</ele>
        <time>2026-09-14T22:43:06.000Z</time>
        <extensions>
          <ns3:TrackPointExtension>
            <ns3:hr>146</ns3:hr>
            <ns3:cad>92</ns3:cad>
          </ns3:TrackPointExtension>
        </extensions>
      </trkpt>
      <trkpt lat="22.60813987813889980316162109375" lon="113.88761493377387523651123046875">
        <ele>18.200000762939453125</ele>
        <time>2026-09-14T22:43:07.000Z</time>
        <extensions>
          <ns3:TrackPointExtension>
            <ns3:hr>146</ns3:hr>
            <ns3:cad>90</ns3:cad>
          </ns3:TrackPointExtension>
        </extensions>
      </trkpt>
      <trkpt lat="22.608158402144908905029296875" lon="113.88762583024799823760986328125">
        <ele>18.6000003814697265625</ele>
        <time>2026-09-14T22:43:08.000Z</time>
        <extensions>
          <ns3:TrackPointExtension>
            <ns3:hr>147</ns3:hr>
            <ns3:cad>90</ns3:cad>
          </ns3:TrackPointExtension>
        </extensions>
      </trkpt>
      <trkpt lat="22.60818530805408954620361328125" lon="113.88763538561761379241943359375">
        <ele>18.799999237060546875</ele>
        <time>2026-09-14T22:43:09.000Z</time>
        <extensions>
          <ns3:TrackPointExtension>
            <ns3:hr>147</ns3:hr>
            <ns3:cad>89</ns3:cad>
          </ns3:TrackPointExtension>
        </extensions>
      </trkpt>
      <trkpt lat="22.60820676572620868682861328125" lon="113.887643851339817047119140625">
        <ele>19</ele>
        <time>2026-09-14T22:43:10.000Z</time>
        <extensions>
          <ns3:TrackPointExtension>
            <ns3:hr>147</ns3:hr>
            <ns3:cad>89</ns3:cad>
          </ns3:TrackPointExtension>
        </extensions>
      </trkpt>
      <trkpt lat="22.6082311570644378662109375" lon="113.88765349052846431732177734375">
        <ele>19.200000762939453125</ele>
        <time>2026-09-14T22:43:11.000Z</time>
        <extensions>
          <ns3:TrackPointExtension>
            <ns3:hr>146</ns3:hr>
            <ns3:cad>91</ns3:cad>
          </ns3:TrackPointExtension>
        </extensions>
      </trkpt>
      <trkpt lat="22.6082467474043369293212890625" lon="113.8876636326313018798828125">
        <ele>19.3999996185302734375</ele>
        <time>2026-09-14T22:43:12.000Z</time>
        <extensions>
          <ns3:TrackPointExtension>
            <ns3:hr>146</ns3:hr>
            <ns3:cad>91</ns3:cad>
          </ns3:TrackPointExtension>
        </extensions>
      </trkpt>
      <trkpt lat="22.60827532969415187835693359375" lon="113.88767712749540805816650390625">
        <ele>19.6000003814697265625</ele>
        <time>2026-09-14T22:43:13.000Z</time>
        <extensions>
          <ns3:TrackPointExtension>
            <ns3:hr>146</ns3:hr>
            <ns3:cad>91</ns3:cad>
          </ns3:TrackPointExtension>
        </extensions>
      </trkpt>
      <trkpt lat="22.60829209350049495697021484375" lon="113.8876899518072605133056640625">
        <ele>19.799999237060546875</ele>
        <time>2026-09-14T22:43:14.000Z</time>
        <extensions>
          <ns3:TrackPointExtension>
            <ns3:hr>146</ns3:hr>
            <ns3:cad>91</ns3:cad>
          </ns3:TrackPointExtension>
        </extensions>
      </trkpt>
      <trkpt lat="22.6083196699619293212890625" lon="113.88770587742328643798828125">
        <ele>20</ele>
        <time>2026-09-14T22:43:15.000Z</time>
        <extensions>
          <ns3:TrackPointExtension>
            <ns3:hr>146</ns3:hr>
            <ns3:cad>93</ns3:cad>
          </ns3:TrackPointExtension>
        </extensions>
      </trkpt>
      <trkpt lat="22.6083402894437313079833984375" lon="113.88771518133580684661865234375">
        <ele>20.3999996185302734375</ele>
        <time>2026-09-14T22:43:16.000Z</time>
        <extensions>
          <ns3:TrackPointExtension>
            <ns3:hr>145</ns3:hr>
            <ns3:cad>93</ns3:cad>
          </ns3:TrackPointExtension>
        </extensions>
      </trkpt>
      <trkpt lat="22.608366273343563079833984375" lon="113.88773043639957904815673828125">
        <ele>20.6000003814697265625</ele>
        <time>2026-09-14T22:43:17.000Z</time>
        <extensions>
          <ns3:TrackPointExtension>
            <ns3:hr>145</ns3:hr>
            <ns3:cad>92</ns3:cad>
          </ns3:TrackPointExtension>
        </extensions>
      </trkpt>
      <trkpt lat="22.60838446207344532012939453125" lon="113.88773596845567226409912109375">
        <ele>20.799999237060546875</ele>
        <time>2026-09-14T22:43:18.000Z</time>
        <extensions>
          <ns3:TrackPointExtension>
            <ns3:hr>145</ns3:hr>
            <ns3:cad>92</ns3:cad>
          </ns3:TrackPointExtension>
        </extensions>
      </trkpt>
      <trkpt lat="22.6084090210497379302978515625" lon="113.887747116386890411376953125">
        <ele>21</ele>
        <time>2026-09-14T22:43:19.000Z</time>
        <extensions>
          <ns3:TrackPointExtension>
            <ns3:hr>146</ns3:hr>
            <ns3:cad>92</ns3:cad>
          </ns3:TrackPointExtension>
        </extensions>
      </trkpt>
      <trkpt lat="22.60843190364539623260498046875" lon="113.88774736784398555755615234375">
        <ele>21.200000762939453125</ele>
        <time>2026-09-14T22:43:20.000Z</time>
        <extensions>
          <ns3:TrackPointExtension>
            <ns3:hr>146</ns3:hr>
            <ns3:cad>92</ns3:cad>
          </ns3:TrackPointExtension>
        </extensions>
      </trkpt>
      <trkpt lat="22.6084578037261962890625" lon="113.887751139700412750244140625">
        <ele>21.3999996185302734375</ele>
        <time>2026-09-14T22:43:21.000Z</time>
        <extensions>
          <ns3:TrackPointExtension>
            <ns3:hr>146</ns3:hr>
            <ns3:cad>93</ns3:cad>
          </ns3:TrackPointExtension>
        </extensions>
      </trkpt>
      <trkpt lat="22.60848638601601123809814453125" lon="113.887752480804920196533203125">
        <ele>21.6000003814697265625</ele>
        <time>2026-09-14T22:43:22.000Z</time>
        <extensions>
          <ns3:TrackPointExtension>
            <ns3:hr>146</ns3:hr>
            <ns3:cad>93</ns3:cad>
          </ns3:TrackPointExtension>
        </extensions>
      </trkpt>
      <trkpt lat="22.60850935243070125579833984375" lon="113.88775206170976161956787109375">
        <ele>22</ele>
        <time>2026-09-14T22:43:23.000Z</time>
        <extensions>
          <ns3:TrackPointExtension>
            <ns3:hr>147</ns3:hr>
            <ns3:cad>92</ns3:cad>
          </ns3:TrackPointExtension>
        </extensions>
      </trkpt>
      <trkpt lat="22.6085387729108333587646484375" lon="113.88775206170976161956787109375">
        <ele>22.200000762939453125</ele>
        <time>2026-09-14T22:43:24.000Z</time>
        <extensions>
          <ns3:TrackPointExtension>
            <ns3:hr>147</ns3:hr>
            <ns3:cad>92</ns3:cad>
          </ns3:TrackPointExtension>
        </extensions>
      </trkpt>
      <trkpt lat="22.608561404049396514892578125" lon="113.887755163013935089111328125">
        <ele>22.3999996185302734375</ele>
        <time>2026-09-14T22:43:25.000Z</time>
        <extensions>
          <ns3:TrackPointExtension>
            <ns3:hr>147</ns3:hr>
            <ns3:cad>92</ns3:cad>
          </ns3:TrackPointExtension>
        </extensions>
      </trkpt>
      <trkpt lat="22.60858898051083087921142578125" lon="113.88775709085166454315185546875">
        <ele>22.6000003814697265625</ele>
        <time>2026-09-14T22:43:26.000Z</time>
        <extensions>
          <ns3:TrackPointExtension>
            <ns3:hr>147</ns3:hr>
            <ns3:cad>93</ns3:cad>
          </ns3:TrackPointExtension>
        </extensions>
      </trkpt>
      <trkpt lat="22.6086075045168399810791015625" lon="113.88776027597486972808837890625">
        <ele>22.799999237060546875</ele>
        <time>2026-09-14T22:43:27.000Z</time>
        <extensions>
          <ns3:TrackPointExtension>
            <ns3:hr>147</ns3:hr>
            <ns3:cad>93</ns3:cad>
          </ns3:TrackPointExtension>
        </extensions>
      </trkpt>
      <trkpt lat="22.608636505901813507080078125" lon="113.88776832260191440582275390625">
        <ele>23</ele>
        <time>2026-09-14T22:43:28.000Z</time>
        <extensions>
          <ns3:TrackPointExtension>
            <ns3:hr>148</ns3:hr>
            <ns3:cad>93</ns3:cad>
          </ns3:TrackPointExtension>
        </extensions>
      </trkpt>
      <trkpt lat="22.60865637101233005523681640625" lon="113.887767903506755828857421875">
        <ele>23.200000762939453125</ele>
        <time>2026-09-14T22:43:29.000Z</time>
        <extensions>
          <ns3:TrackPointExtension>
            <ns3:hr>148</ns3:hr>
            <ns3:cad>92</ns3:cad>
          </ns3:TrackPointExtension>
        </extensions>
      </trkpt>
      <trkpt lat="22.6086886413395404815673828125" lon="113.8877717591822147369384765625">
        <ele>23.3999996185302734375</ele>
        <time>2026-09-14T22:43:30.000Z</time>
        <extensions>
          <ns3:TrackPointExtension>
            <ns3:hr>149</ns3:hr>
            <ns3:cad>92</ns3:cad>
          </ns3:TrackPointExtension>
        </extensions>
      </trkpt>
      <trkpt lat="22.60870926082134246826171875" lon="113.8877751119434833526611328125">
        <ele>23.6000003814697265625</ele>
        <time>2026-09-14T22:43:31.000Z</time>
        <extensions>
          <ns3:TrackPointExtension>
            <ns3:hr>149</ns3:hr>
            <ns3:cad>92</ns3:cad>
          </ns3:TrackPointExtension>
        </extensions>
      </trkpt>
      <trkpt lat="22.608736418187618255615234375" lon="113.8877814821898937225341796875">
        <ele>23.799999237060546875</ele>
        <time>2026-09-14T22:43:32.000Z</time>
        <extensions>
          <ns3:TrackPointExtension>
            <ns3:hr>149</ns3:hr>
            <ns3:cad>93</ns3:cad>
          </ns3:TrackPointExtension>
        </extensions>
      </trkpt>
      <trkpt lat="22.6087590493261814117431640625" lon="113.88778424821794033050537109375">
        <ele>24.200000762939453125</ele>
        <time>2026-09-14T22:43:33.000Z</time>
        <extensions>
          <ns3:TrackPointExtension>
            <ns3:hr>149</ns3:hr>
            <ns3:cad>93</ns3:cad>
          </ns3:TrackPointExtension>
        </extensions>
      </trkpt>
      <trkpt lat="22.60878310538828372955322265625" lon="113.8877875171601772308349609375">
        <ele>24.3999996185302734375</ele>
        <time>2026-09-14T22:43:34.000Z</time>
        <extensions>
          <ns3:TrackPointExtension>
            <ns3:hr>149</ns3:hr>
            <ns3:cad>92</ns3:cad>
          </ns3:TrackPointExtension>
        </extensions>
      </trkpt>
      <trkpt lat="22.60881311260163784027099609375" lon="113.88779036700725555419921875">
        <ele>24.6000003814697265625</ele>
        <time>2026-09-14T22:43:35.000Z</time>
        <extensions>
          <ns3:TrackPointExtension>
            <ns3:hr>149</ns3:hr>
            <ns3:cad>92</ns3:cad>
          </ns3:TrackPointExtension>
        </extensions>
      </trkpt>
      <trkpt lat="22.60883524082601070404052734375" lon="113.88779246248304843902587890625">
        <ele>24.799999237060546875</ele>
        <time>2026-09-14T22:43:36.000Z</time>
        <extensions>
          <ns3:TrackPointExtension>
            <ns3:hr>149</ns3:hr>
            <ns3:cad>92</ns3:cad>
          </ns3:TrackPointExtension>
        </extensions>
      </trkpt>
      <trkpt lat="22.6088639907538890838623046875" lon="113.88779413886368274688720703125">
        <ele>25</ele>
        <time>2026-09-14T22:43:37.000Z</time>
        <extensions>
          <ns3:TrackPointExtension>
            <ns3:hr>150</ns3:hr>
            <ns3:cad>92</ns3:cad>
          </ns3:TrackPointExtension>
        </extensions>
      </trkpt>
      <trkpt lat="22.60888519696891307830810546875" lon="113.8877945579588413238525390625">
        <ele>25.3999996185302734375</ele>
        <time>2026-09-14T22:43:38.000Z</time>
        <extensions>
          <ns3:TrackPointExtension>
            <ns3:hr>150</ns3:hr>
            <ns3:cad>92</ns3:cad>
          </ns3:TrackPointExtension>
        </extensions>
      </trkpt>
      <trkpt lat="22.60891176760196685791015625" lon="113.88779346831142902374267578125">
        <ele>25.6000003814697265625</ele>
        <time>2026-09-14T22:43:39.000Z</time>
        <extensions>
          <ns3:TrackPointExtension>
            <ns3:hr>150</ns3:hr>
            <ns3:cad>93</ns3:cad>
          </ns3:TrackPointExtension>
        </extensions>
      </trkpt>
      <trkpt lat="22.60893322527408599853515625" lon="113.88779497705399990081787109375">
        <ele>25.799999237060546875</ele>
        <time>2026-09-14T22:43:40.000Z</time>
        <extensions>
          <ns3:TrackPointExtension>
            <ns3:hr>151</ns3:hr>
            <ns3:cad>94</ns3:cad>
          </ns3:TrackPointExtension>
        </extensions>
      </trkpt>
      <trkpt lat="22.60896063409745693206787109375" lon="113.8877999223768711090087890625">
        <ele>26</ele>
        <time>2026-09-14T22:43:41.000Z</time>
        <extensions>
          <ns3:TrackPointExtension>
            <ns3:hr>151</ns3:hr>
            <ns3:cad>94</ns3:cad>
          </ns3:TrackPointExtension>
        </extensions>
      </trkpt>
      <trkpt lat="22.60898846201598644256591796875" lon="113.88780285604298114776611328125">
        <ele>26.200000762939453125</ele>
        <time>2026-09-14T22:43:42.000Z</time>
        <extensions>
          <ns3:TrackPointExtension>
            <ns3:hr>151</ns3:hr>
            <ns3:cad>94</ns3:cad>
          </ns3:TrackPointExtension>
        </extensions>
      </trkpt>
      <trkpt lat="22.6090088300406932830810546875" lon="113.88781048357486724853515625">
        <ele>26.3999996185302734375</ele>
        <time>2026-09-14T22:43:43.000Z</time>
        <extensions>
          <ns3:TrackPointExtension>
            <ns3:hr>152</ns3:hr>
            <ns3:cad>92</ns3:cad>
          </ns3:TrackPointExtension>
        </extensions>
      </trkpt>
      <trkpt lat="22.60903757996857166290283203125" lon="113.88781475834548473358154296875">
        <ele>26.799999237060546875</ele>
        <time>2026-09-14T22:43:44.000Z</time>
        <extensions>
          <ns3:TrackPointExtension>
            <ns3:hr>152</ns3:hr>
            <ns3:cad>92</ns3:cad>
          </ns3:TrackPointExtension>
        </extensions>
      </trkpt>
      <trkpt lat="22.6090586185455322265625" lon="113.88781341724097728729248046875">
        <ele>27</ele>
        <time>2026-09-14T22:43:45.000Z</time>
        <extensions>
          <ns3:TrackPointExtension>
            <ns3:hr>152</ns3:hr>
            <ns3:cad>93</ns3:cad>
          </ns3:TrackPointExtension>
        </extensions>
      </trkpt>
      <trkpt lat="22.60909013450145721435546875" lon="113.88781341724097728729248046875">
        <ele>27.200000762939453125</ele>
        <time>2026-09-14T22:43:46.000Z</time>
        <extensions>
          <ns3:TrackPointExtension>
            <ns3:hr>153</ns3:hr>
            <ns3:cad>93</ns3:cad>
          </ns3:TrackPointExtension>
        </extensions>
      </trkpt>
      <trkpt lat="22.6091124303638935089111328125" lon="113.88781584799289703369140625">
        <ele>27.3999996185302734375</ele>
        <time>2026-09-14T22:43:47.000Z</time>
        <extensions>
          <ns3:TrackPointExtension>
            <ns3:hr>154</ns3:hr>
            <ns3:cad>93</ns3:cad>
          </ns3:TrackPointExtension>
        </extensions>
      </trkpt>
      <trkpt lat="22.60914050973951816558837890625" lon="113.88782246969640254974365234375">
        <ele>27.6000003814697265625</ele>
        <time>2026-09-14T22:43:48.000Z</time>
        <extensions>
          <ns3:TrackPointExtension>
            <ns3:hr>155</ns3:hr>
            <ns3:cad>94</ns3:cad>
          </ns3:TrackPointExtension>
        </extensions>
      </trkpt>
      <trkpt lat="22.60916582308709621429443359375" lon="113.8878270797431468963623046875">
        <ele>28</ele>
        <time>2026-09-14T22:43:49.000Z</time>
        <extensions>
          <ns3:TrackPointExtension>
            <ns3:hr>156</ns3:hr>
            <ns3:cad>92</ns3:cad>
          </ns3:TrackPointExtension>
        </extensions>
      </trkpt>
      <trkpt lat="22.6091940701007843017578125" lon="113.88783403672277927398681640625">
        <ele>28.200000762939453125</ele>
        <time>2026-09-14T22:43:50.000Z</time>
        <extensions>
          <ns3:TrackPointExtension>
            <ns3:hr>158</ns3:hr>
            <ns3:cad>92</ns3:cad>
          </ns3:TrackPointExtension>
        </extensions>
      </trkpt>
      <trkpt lat="22.60921795852482318878173828125" lon="113.8878368027508258819580078125">
        <ele>28.6000003814697265625</ele>
        <time>2026-09-14T22:43:51.000Z</time>
        <extensions>
          <ns3:TrackPointExtension>
            <ns3:hr>158</ns3:hr>
            <ns3:cad>92</ns3:cad>
          </ns3:TrackPointExtension>
        </extensions>
      </trkpt>
      <trkpt lat="22.6092374883592128753662109375" lon="113.8878431729972362518310546875">
        <ele>28.799999237060546875</ele>
        <time>2026-09-14T22:43:52.000Z</time>
        <extensions>
          <ns3:TrackPointExtension>
            <ns3:hr>158</ns3:hr>
            <ns3:cad>92</ns3:cad>
          </ns3:TrackPointExtension>
        </extensions>
      </trkpt>
      <trkpt lat="22.6092626340687274932861328125" lon="113.88785214163362979888916015625">
        <ele>29</ele>
        <time>2026-09-14T22:43:53.000Z</time>
        <extensions>
          <ns3:TrackPointExtension>
            <ns3:hr>158</ns3:hr>
            <ns3:cad>93</ns3:cad>
          </ns3:TrackPointExtension>
        </extensions>
      </trkpt>
      <trkpt lat="22.60929130017757415771484375" lon="113.8878629542887210845947265625">
        <ele>29.3999996185302734375</ele>
        <time>2026-09-14T22:43:54.000Z</time>
        <extensions>
          <ns3:TrackPointExtension>
            <ns3:hr>158</ns3:hr>
            <ns3:cad>93</ns3:cad>
          </ns3:TrackPointExtension>
        </extensions>
      </trkpt>
      <trkpt lat="22.6093313656747341156005859375" lon="113.8878763653337955474853515625">
        <ele>29.6000003814697265625</ele>
        <time>2026-09-14T22:43:55.000Z</time>
        <extensions>
          <ns3:TrackPointExtension>
            <ns3:hr>159</ns3:hr>
            <ns3:cad>92</ns3:cad>
          </ns3:TrackPointExtension>
        </extensions>
      </trkpt>
      <trkpt lat="22.6093541644513607025146484375" lon="113.8878897763788700103759765625">
        <ele>29.799999237060546875</ele>
        <time>2026-09-14T22:43:56.000Z</time>
        <extensions>
          <ns3:TrackPointExtension>
            <ns3:hr>159</ns3:hr>
            <ns3:cad>92</ns3:cad>
          </ns3:TrackPointExtension>
        </extensions>
      </trkpt>
      <trkpt lat="22.60938341729342937469482421875" lon="113.88790645636618137359619140625">
        <ele>30</ele>
        <time>2026-09-14T22:43:57.000Z</time>
        <extensions>
          <ns3:TrackPointExtension>
            <ns3:hr>159</ns3:hr>
            <ns3:cad>92</ns3:cad>
          </ns3:TrackPointExtension>
        </extensions>
      </trkpt>
      <trkpt lat="22.6094041205942630767822265625" lon="113.887917436659336090087890625">
        <ele>30.3999996185302734375</ele>
        <time>2026-09-14T22:43:58.000Z</time>
        <extensions>
          <ns3:TrackPointExtension>
            <ns3:hr>159</ns3:hr>
            <ns3:cad>92</ns3:cad>
          </ns3:TrackPointExtension>
        </extensions>
      </trkpt>
      <trkpt lat="22.6094326190650463104248046875" lon="113.8879380561411380767822265625">
        <ele>30.6000003814697265625</ele>
        <time>2026-09-14T22:43:59.000Z</time>
        <extensions>
          <ns3:TrackPointExtension>
            <ns3:hr>159</ns3:hr>
            <ns3:cad>92</ns3:cad>
          </ns3:TrackPointExtension>
        </extensions>
      </trkpt>
      <trkpt lat="22.609451226890087127685546875" lon="113.88795339502394199371337890625">
        <ele>30.799999237060546875</ele>
        <time>2026-09-14T22:44:00.000Z</time>
        <extensions>
          <ns3:TrackPointExtension>
            <ns3:hr>159</ns3:hr>
            <ns3:cad>93</ns3:cad>
          </ns3:TrackPointExtension>
        </extensions>
      </trkpt>
      <trkpt lat="22.6094703376293182373046875" lon="113.88797569088637828826904296875">
        <ele>31</ele>
        <time>2026-09-14T22:44:01.000Z</time>
        <extensions>
          <ns3:TrackPointExtension>
            <ns3:hr>159</ns3:hr>
            <ns3:cad>93</ns3:cad>
          </ns3:TrackPointExtension>
        </extensions>
      </trkpt>
      <trkpt lat="22.60949070565402507781982421875" lon="113.8879997469484806060791015625">
        <ele>31.200000762939453125</ele>
        <time>2026-09-14T22:44:02.000Z</time>
        <extensions>
          <ns3:TrackPointExtension>
            <ns3:hr>159</ns3:hr>
            <ns3:cad>93</ns3:cad>
          </ns3:TrackPointExtension>
        </extensions>
      </trkpt>
      <trkpt lat="22.60950713418424129486083984375" lon="113.88801927678287029266357421875">
        <ele>31.3999996185302734375</ele>
        <time>2026-09-14T22:44:03.000Z</time>
        <extensions>
          <ns3:TrackPointExtension>
            <ns3:hr>160</ns3:hr>
            <ns3:cad>92</ns3:cad>
          </ns3:TrackPointExtension>
        </extensions>
      </trkpt>
      <trkpt lat="22.6095335371792316436767578125" lon="113.88804324902594089508056640625">
        <ele>31.6000003814697265625</ele>
        <time>2026-09-14T22:44:04.000Z</time>
        <extensions>
          <ns3:TrackPointExtension>
            <ns3:hr>160</ns3:hr>
            <ns3:cad>92</ns3:cad>
          </ns3:TrackPointExtension>
        </extensions>
      </trkpt>
      <trkpt lat="22.6095521450042724609375" lon="113.888059593737125396728515625">
        <ele>32</ele>
        <time>2026-09-14T22:44:05.000Z</time>
        <extensions>
          <ns3:TrackPointExtension>
            <ns3:hr>160</ns3:hr>
            <ns3:cad>92</ns3:cad>
          </ns3:TrackPointExtension>
        </extensions>
      </trkpt>
      <trkpt lat="22.60957695543766021728515625" lon="113.8880820572376251220703125">
        <ele>32.200000762939453125</ele>
        <time>2026-09-14T22:44:06.000Z</time>
        <extensions>
          <ns3:TrackPointExtension>
            <ns3:hr>160</ns3:hr>
            <ns3:cad>92</ns3:cad>
          </ns3:TrackPointExtension>
        </extensions>
      </trkpt>
      <trkpt lat="22.6095955632627010345458984375" lon="113.8881023414433002471923828125">
        <ele>32.40000152587890625</ele>
        <time>2026-09-14T22:44:07.000Z</time>
        <extensions>
          <ns3:TrackPointExtension>
            <ns3:hr>160</ns3:hr>
            <ns3:cad>93</ns3:cad>
          </ns3:TrackPointExtension>
        </extensions>
      </trkpt>
      <trkpt lat="22.60961609892547130584716796875" lon="113.88813025318086147308349609375">
        <ele>32.59999847412109375</ele>
        <time>2026-09-14T22:44:08.000Z</time>
        <extensions>
          <ns3:TrackPointExtension>
            <ns3:hr>161</ns3:hr>
            <ns3:cad>93</ns3:cad>
          </ns3:TrackPointExtension>
        </extensions>
      </trkpt>
      <trkpt lat="22.6096371375024318695068359375" lon="113.88814307749271392822265625">
        <ele>33</ele>
        <time>2026-09-14T22:44:09.000Z</time>
        <extensions>
          <ns3:TrackPointExtension>
            <ns3:hr>161</ns3:hr>
            <ns3:cad>93</ns3:cad>
          </ns3:TrackPointExtension>
        </extensions>
      </trkpt>
      <trkpt lat="22.60965499095618724822998046875" lon="113.88816847465932369232177734375">
        <ele>33.200000762939453125</ele>
        <time>2026-09-14T22:44:10.000Z</time>
        <extensions>
          <ns3:TrackPointExtension>
            <ns3:hr>161</ns3:hr>
            <ns3:cad>94</ns3:cad>
          </ns3:TrackPointExtension>
        </extensions>
      </trkpt>
      <trkpt lat="22.60967074893414974212646484375" lon="113.88818423263728618621826171875">
        <ele>33.40000152587890625</ele>
        <time>2026-09-14T22:44:11.000Z</time>
        <extensions>
          <ns3:TrackPointExtension>
            <ns3:hr>162</ns3:hr>
            <ns3:cad>93</ns3:cad>
          </ns3:TrackPointExtension>
        </extensions>
      </trkpt>
      <trkpt lat="22.60968960821628570556640625" lon="113.88820652849972248077392578125">
        <ele>33.59999847412109375</ele>
        <time>2026-09-14T22:44:12.000Z</time>
        <extensions>
          <ns3:TrackPointExtension>
            <ns3:hr>162</ns3:hr>
            <ns3:cad>93</ns3:cad>
          </ns3:TrackPointExtension>
        </extensions>
      </trkpt>
      <trkpt lat="22.609711401164531707763671875" lon="113.88822211883962154388427734375">
        <ele>34</ele>
        <time>2026-09-14T22:44:13.000Z</time>
        <extensions>
          <ns3:TrackPointExtension>
            <ns3:hr>162</ns3:hr>
            <ns3:cad>93</ns3:cad>
          </ns3:TrackPointExtension>
        </extensions>
      </trkpt>
      <trkpt lat="22.6097276620566844940185546875" lon="113.888246007263660430908203125">
        <ele>34.200000762939453125</ele>
        <time>2026-09-14T22:44:14.000Z</time>
        <extensions>
          <ns3:TrackPointExtension>
            <ns3:hr>162</ns3:hr>
            <ns3:cad>93</ns3:cad>
          </ns3:TrackPointExtension>
        </extensions>
      </trkpt>
      <trkpt lat="22.60974886827170848846435546875" lon="113.888266123831272125244140625">
        <ele>34.59999847412109375</ele>
        <time>2026-09-14T22:44:15.000Z</time>
        <extensions>
          <ns3:TrackPointExtension>
            <ns3:hr>163</ns3:hr>
            <ns3:cad>92</ns3:cad>
          </ns3:TrackPointExtension>
        </extensions>
      </trkpt>
      <trkpt lat="22.60977216996252536773681640625" lon="113.88827073387801647186279296875">
        <ele>34.799999237060546875</ele>
        <time>2026-09-14T22:44:16.000Z</time>
        <extensions>
          <ns3:TrackPointExtension>
            <ns3:hr>163</ns3:hr>
            <ns3:cad>92</ns3:cad>
          </ns3:TrackPointExtension>
        </extensions>
      </trkpt>
      <trkpt lat="22.60979480110108852386474609375" lon="113.8882716558873653411865234375">
        <ele>35</ele>
        <time>2026-09-14T22:44:17.000Z</time>
        <extensions>
          <ns3:TrackPointExtension>
            <ns3:hr>163</ns3:hr>
            <ns3:cad>92</ns3:cad>
          </ns3:TrackPointExtension>
        </extensions>
      </trkpt>
      <trkpt lat="22.6098188571631908416748046875" lon="113.88826872222125530242919921875">
        <ele>35.200000762939453125</ele>
        <time>2026-09-14T22:44:18.000Z</time>
        <extensions>
          <ns3:TrackPointExtension>
            <ns3:hr>163</ns3:hr>
            <ns3:cad>92</ns3:cad>
          </ns3:TrackPointExtension>
        </extensions>
      </trkpt>
      <trkpt lat="22.60984408669173717498779296875" lon="113.88825966976583003997802734375">
        <ele>35.200000762939453125</ele>
        <time>2026-09-14T22:44:19.000Z</time>
        <extensions>
          <ns3:TrackPointExtension>
            <ns3:hr>163</ns3:hr>
            <ns3:cad>92</ns3:cad>
          </ns3:TrackPointExtension>
        </extensions>
      </trkpt>
      <trkpt lat="22.6098671369254589080810546875" lon="113.88824902474880218505859375">
        <ele>35.200000762939453125</ele>
        <time>2026-09-14T22:44:20.000Z</time>
        <extensions>
          <ns3:TrackPointExtension>
            <ns3:hr>163</ns3:hr>
            <ns3:cad>92</ns3:cad>
          </ns3:TrackPointExtension>
        </extensions>
      </trkpt>
      <trkpt lat="22.60988599620759487152099609375" lon="113.888223208487033843994140625">
        <ele>35.200000762939453125</ele>
        <time>2026-09-14T22:44:21.000Z</time>
        <extensions>
          <ns3:TrackPointExtension>
            <ns3:hr>163</ns3:hr>
            <ns3:cad>92</ns3:cad>
          </ns3:TrackPointExtension>
        </extensions>
      </trkpt>
      <trkpt lat="22.60989923961460590362548828125" lon="113.8882056064903736114501953125">
        <ele>35.200000762939453125</ele>
        <time>2026-09-14T22:44:22.000Z</time>
        <extensions>
          <ns3:TrackPointExtension>
            <ns3:hr>163</ns3:hr>
            <ns3:cad>92</ns3:cad>
          </ns3:TrackPointExtension>
        </extensions>
      </trkpt>
      <trkpt lat="22.60991164483129978179931640625" lon="113.8881734199821949005126953125">
        <ele>35.200000762939453125</ele>
        <time>2026-09-14T22:44:23.000Z</time>
        <extensions>
          <ns3:TrackPointExtension>
            <ns3:hr>163</ns3:hr>
            <ns3:cad>92</ns3:cad>
          </ns3:TrackPointExtension>
        </extensions>
      </trkpt>
      <trkpt lat="22.609918601810932159423828125" lon="113.88815489597618579864501953125">
        <ele>35.200000762939453125</ele>
        <time>2026-09-14T22:44:24.000Z</time>
        <extensions>
          <ns3:TrackPointExtension>
            <ns3:hr>163</ns3:hr>
            <ns3:cad>92</ns3:cad>
          </ns3:TrackPointExtension>
        </extensions>
      </trkpt>
      <trkpt lat="22.60993343777954578399658203125" lon="113.88812388293445110321044921875">
        <ele>35.200000762939453125</ele>
        <time>2026-09-14T22:44:25.000Z</time>
        <extensions>
          <ns3:TrackPointExtension>
            <ns3:hr>164</ns3:hr>
            <ns3:cad>92</ns3:cad>
          </ns3:TrackPointExtension>
        </extensions>
      </trkpt>
      <trkpt lat="22.60993997566401958465576171875" lon="113.88810477219521999359130859375">
        <ele>35.200000762939453125</ele>
        <time>2026-09-14T22:44:26.000Z</time>
        <extensions>
          <ns3:TrackPointExtension>
            <ns3:hr>163</ns3:hr>
            <ns3:cad>91</ns3:cad>
          </ns3:TrackPointExtension>
        </extensions>
      </trkpt>
      <trkpt lat="22.60995556600391864776611328125" lon="113.88807744719088077545166015625">
        <ele>35.200000762939453125</ele>
        <time>2026-09-14T22:44:27.000Z</time>
        <extensions>
          <ns3:TrackPointExtension>
            <ns3:hr>163</ns3:hr>
            <ns3:cad>92</ns3:cad>
          </ns3:TrackPointExtension>
        </extensions>
      </trkpt>
      <trkpt lat="22.6099590025842189788818359375" lon="113.888056911528110504150390625">
        <ele>35.200000762939453125</ele>
        <time>2026-09-14T22:44:28.000Z</time>
        <extensions>
          <ns3:TrackPointExtension>
            <ns3:hr>163</ns3:hr>
            <ns3:cad>93</ns3:cad>
          </ns3:TrackPointExtension>
        </extensions>
      </trkpt>
      <trkpt lat="22.6099727489054203033447265625" lon="113.888032101094722747802734375">
        <ele>35.200000762939453125</ele>
        <time>2026-09-14T22:44:29.000Z</time>
        <extensions>
          <ns3:TrackPointExtension>
            <ns3:hr>163</ns3:hr>
            <ns3:cad>93</ns3:cad>
          </ns3:TrackPointExtension>
        </extensions>
      </trkpt>
      <trkpt lat="22.60998121462762355804443359375" lon="113.88800653629004955291748046875">
        <ele>35.200000762939453125</ele>
        <time>2026-09-14T22:44:30.000Z</time>
        <extensions>
          <ns3:TrackPointExtension>
            <ns3:hr>163</ns3:hr>
            <ns3:cad>93</ns3:cad>
          </ns3:TrackPointExtension>
        </extensions>
      </trkpt>
      <trkpt lat="22.6099932007491588592529296875" lon="113.8879849947988986968994140625">
        <ele>35.200000762939453125</ele>
        <time>2026-09-14T22:44:31.000Z</time>
        <extensions>
          <ns3:TrackPointExtension>
            <ns3:hr>162</ns3:hr>
            <ns3:cad>92</ns3:cad>
          </ns3:TrackPointExtension>
        </extensions>
      </trkpt>
      <trkpt lat="22.61000518687069416046142578125" lon="113.88795507140457630157470703125">
        <ele>35.200000762939453125</ele>
        <time>2026-09-14T22:44:32.000Z</time>
        <extensions>
          <ns3:TrackPointExtension>
            <ns3:hr>162</ns3:hr>
            <ns3:cad>92</ns3:cad>
          </ns3:TrackPointExtension>
        </extensions>
      </trkpt>
      <trkpt lat="22.61001641862094402313232421875" lon="113.8879296742379665374755859375">
        <ele>35.200000762939453125</ele>
        <time>2026-09-14T22:44:33.000Z</time>
        <extensions>
          <ns3:TrackPointExtension>
            <ns3:hr>162</ns3:hr>
            <ns3:cad>93</ns3:cad>
          </ns3:TrackPointExtension>
        </extensions>
      </trkpt>
      <trkpt lat="22.61003050021827220916748046875" lon="113.88789405114948749542236328125">
        <ele>35.200000762939453125</ele>
        <time>2026-09-14T22:44:34.000Z</time>
        <extensions>
          <ns3:TrackPointExtension>
            <ns3:hr>162</ns3:hr>
            <ns3:cad>93</ns3:cad>
          </ns3:TrackPointExtension>
        </extensions>
      </trkpt>
      <trkpt lat="22.6100362837314605712890625" lon="113.88786588795483112335205078125">
        <ele>35.200000762939453125</ele>
        <time>2026-09-14T22:44:35.000Z</time>
        <extensions>
          <ns3:TrackPointExtension>
            <ns3:hr>161</ns3:hr>
            <ns3:cad>94</ns3:cad>
          </ns3:TrackPointExtension>
        </extensions>
      </trkpt>
      <trkpt lat="22.610052712261676788330078125" lon="113.88783395290374755859375">
        <ele>35.200000762939453125</ele>
        <time>2026-09-14T22:44:36.000Z</time>
        <extensions>
          <ns3:TrackPointExtension>
            <ns3:hr>161</ns3:hr>
            <ns3:cad>94</ns3:cad>
          </ns3:TrackPointExtension>
        </extensions>
      </trkpt>
      <trkpt lat="22.61005883105099201202392578125" lon="113.88781056739389896392822265625">
        <ele>35</ele>
        <time>2026-09-14T22:44:37.000Z</time>
        <extensions>
          <ns3:TrackPointExtension>
            <ns3:hr>161</ns3:hr>
            <ns3:cad>94</ns3:cad>
          </ns3:TrackPointExtension>
        </extensions>
      </trkpt>
      <trkpt lat="22.61007249355316162109375" lon="113.8877831585705280303955078125">
        <ele>34.799999237060546875</ele>
        <time>2026-09-14T22:44:38.000Z</time>
        <extensions>
          <ns3:TrackPointExtension>
            <ns3:hr>160</ns3:hr>
            <ns3:cad>94</ns3:cad>
          </ns3:TrackPointExtension>
        </extensions>
      </trkpt>
      <trkpt lat="22.61008313857018947601318359375" lon="113.8877546600997447967529296875">
        <ele>35</ele>
        <time>2026-09-14T22:44:39.000Z</time>
        <extensions>
          <ns3:TrackPointExtension>
            <ns3:hr>160</ns3:hr>
            <ns3:cad>94</ns3:cad>
          </ns3:TrackPointExtension>
        </extensions>
      </trkpt>
      <trkpt lat="22.61009587906301021575927734375" lon="113.8877285085618495941162109375">
        <ele>35</ele>
        <time>2026-09-14T22:44:40.000Z</time>
        <extensions>
          <ns3:TrackPointExtension>
            <ns3:hr>160</ns3:hr>
            <ns3:cad>94</ns3:cad>
          </ns3:TrackPointExtension>
        </extensions>
      </trkpt>
      <trkpt lat="22.61010878719389438629150390625" lon="113.887697495520114898681640625">
        <ele>35.200000762939453125</ele>
        <time>2026-09-14T22:44:41.000Z</time>
        <extensions>
          <ns3:TrackPointExtension>
            <ns3:hr>159</ns3:hr>
            <ns3:cad>93</ns3:cad>
          </ns3:TrackPointExtension>
        </extensions>
      </trkpt>
      <trkpt lat="22.61011800728738307952880859375" lon="113.88767126016318798065185546875">
        <ele>35.200000762939453125</ele>
        <time>2026-09-14T22:44:42.000Z</time>
        <extensions>
          <ns3:TrackPointExtension>
            <ns3:hr>159</ns3:hr>
            <ns3:cad>93</ns3:cad>
          </ns3:TrackPointExtension>
        </extensions>
      </trkpt>
      <trkpt lat="22.61013644747436046600341796875" lon="113.88763806782662868499755859375">
        <ele>35.40000152587890625</ele>
        <time>2026-09-14T22:44:43.000Z</time>
        <extensions>
          <ns3:TrackPointExtension>
            <ns3:hr>159</ns3:hr>
            <ns3:cad>93</ns3:cad>
          </ns3:TrackPointExtension>
        </extensions>
      </trkpt>
      <trkpt lat="22.6101454161107540130615234375" lon="113.887611329555511474609375">
        <ele>35.40000152587890625</ele>
        <time>2026-09-14T22:44:44.000Z</time>
        <extensions>
          <ns3:TrackPointExtension>
            <ns3:hr>158</ns3:hr>
            <ns3:cad>92</ns3:cad>
          </ns3:TrackPointExtension>
        </extensions>
      </trkpt>
      <trkpt lat="22.61016167700290679931640625" lon="113.887585513293743133544921875">
        <ele>35.40000152587890625</ele>
        <time>2026-09-14T22:44:45.000Z</time>
        <extensions>
          <ns3:TrackPointExtension>
            <ns3:hr>158</ns3:hr>
            <ns3:cad>92</ns3:cad>
          </ns3:TrackPointExtension>
        </extensions>
      </trkpt>
      <trkpt lat="22.6101719029247760772705078125" lon="113.8875545002520084381103515625">
        <ele>35.200000762939453125</ele>
        <time>2026-09-14T22:44:46.000Z</time>
        <extensions>
          <ns3:TrackPointExtension>
            <ns3:hr>158</ns3:hr>
            <ns3:cad>92</ns3:cad>
          </ns3:TrackPointExtension>
        </extensions>
      </trkpt>
      <trkpt lat="22.61018313467502593994140625" lon="113.8875306956470012664794921875">
        <ele>35.200000762939453125</ele>
        <time>2026-09-14T22:44:47.000Z</time>
        <extensions>
          <ns3:TrackPointExtension>
            <ns3:hr>157</ns3:hr>
            <ns3:cad>92</ns3:cad>
          </ns3:TrackPointExtension>
        </extensions>
      </trkpt>
      <trkpt lat="22.61019713245332241058349609375" lon="113.88749658130109310150146484375">
        <ele>35</ele>
        <time>2026-09-14T22:44:48.000Z</time>
        <extensions>
          <ns3:TrackPointExtension>
            <ns3:hr>155</ns3:hr>
            <ns3:cad>94</ns3:cad>
          </ns3:TrackPointExtension>
        </extensions>
      </trkpt>
      <trkpt lat="22.61020434089004993438720703125" lon="113.8874758780002593994140625">
        <ele>35</ele>
        <time>2026-09-14T22:44:49.000Z</time>
        <extensions>
          <ns3:TrackPointExtension>
            <ns3:hr>155</ns3:hr>
            <ns3:cad>94</ns3:cad>
          </ns3:TrackPointExtension>
        </extensions>
      </trkpt>
      <trkpt lat="22.6102232001721858978271484375" lon="113.887446038424968719482421875">
        <ele>35</ele>
        <time>2026-09-14T22:44:50.000Z</time>
        <extensions>
          <ns3:TrackPointExtension>
            <ns3:hr>155</ns3:hr>
            <ns3:cad>94</ns3:cad>
          </ns3:TrackPointExtension>
        </extensions>
      </trkpt>
      <trkpt lat="22.61023300699889659881591796875" lon="113.8874200545251369476318359375">
        <ele>35</ele>
        <time>2026-09-14T22:44:51.000Z</time>
        <extensions>
          <ns3:TrackPointExtension>
            <ns3:hr>156</ns3:hr>
            <ns3:cad>94</ns3:cad>
          </ns3:TrackPointExtension>
        </extensions>
      </trkpt>
      <trkpt lat="22.6102481782436370849609375" lon="113.88739298097789287567138671875">
        <ele>35</ele>
        <time>2026-09-14T22:44:52.000Z</time>
        <extensions>
          <ns3:TrackPointExtension>
            <ns3:hr>156</ns3:hr>
            <ns3:cad>94</ns3:cad>
          </ns3:TrackPointExtension>
        </extensions>
      </trkpt>
      <trkpt lat="22.6102620922029018402099609375" lon="113.887364901602268218994140625">
        <ele>35</ele>
        <time>2026-09-14T22:44:53.000Z</time>
        <extensions>
          <ns3:TrackPointExtension>
            <ns3:hr>156</ns3:hr>
            <ns3:cad>95</ns3:cad>
          </ns3:TrackPointExtension>
        </extensions>
      </trkpt>
      <trkpt lat="22.61027055792510509490966796875" lon="113.8873419351875782012939453125">
        <ele>35</ele>
        <time>2026-09-14T22:44:54.000Z</time>
        <extensions>
          <ns3:TrackPointExtension>
            <ns3:hr>157</ns3:hr>
            <ns3:cad>95</ns3:cad>
          </ns3:TrackPointExtension>
        </extensions>
      </trkpt>
      <trkpt lat="22.6102842204272747039794921875" lon="113.88730891048908233642578125">
        <ele>35.200000762939453125</ele>
        <time>2026-09-14T22:44:55.000Z</time>
        <extensions>
          <ns3:TrackPointExtension>
            <ns3:hr>157</ns3:hr>
            <ns3:cad>95</ns3:cad>
          </ns3:TrackPointExtension>
        </extensions>
      </trkpt>
      <trkpt lat="22.61029352433979511260986328125" lon="113.8872829265892505645751953125">
        <ele>35.200000762939453125</ele>
        <time>2026-09-14T22:44:56.000Z</time>
        <extensions>
          <ns3:TrackPointExtension>
            <ns3:hr>157</ns3:hr>
            <ns3:cad>95</ns3:cad>
          </ns3:TrackPointExtension>
        </extensions>
      </trkpt>
      <trkpt lat="22.61030559428036212921142578125" lon="113.8872547633945941925048828125">
        <ele>35.200000762939453125</ele>
        <time>2026-09-14T22:44:57.000Z</time>
        <extensions>
          <ns3:TrackPointExtension>
            <ns3:hr>157</ns3:hr>
            <ns3:cad>95</ns3:cad>
          </ns3:TrackPointExtension>
        </extensions>
      </trkpt>
      <trkpt lat="22.6103086955845355987548828125" lon="113.88722768984735012054443359375">
        <ele>35.200000762939453125</ele>
        <time>2026-09-14T22:44:58.000Z</time>
        <extensions>
          <ns3:TrackPointExtension>
            <ns3:hr>157</ns3:hr>
            <ns3:cad>95</ns3:cad>
          </ns3:TrackPointExtension>
        </extensions>
      </trkpt>
      <trkpt lat="22.6103232800960540771484375" lon="113.88720120303332805633544921875">
        <ele>35.200000762939453125</ele>
        <time>2026-09-14T22:44:59.000Z</time>
        <extensions>
          <ns3:TrackPointExtension>
            <ns3:hr>157</ns3:hr>
            <ns3:cad>94</ns3:cad>
          </ns3:TrackPointExtension>
        </extensions>
      </trkpt>
      <trkpt lat="22.61033794842660427093505859375" lon="113.88716968707740306854248046875">
        <ele>35</ele>
        <time>2026-09-14T22:45:00.000Z</time>
        <extensions>
          <ns3:TrackPointExtension>
            <ns3:hr>157</ns3:hr>
            <ns3:cad>94</ns3:cad>
          </ns3:TrackPointExtension>
        </extensions>
      </trkpt>
      <trkpt lat="22.61034901253879070281982421875" lon="113.8871461339294910430908203125">
        <ele>35</ele>
        <time>2026-09-14T22:45:01.000Z</time>
        <extensions>
          <ns3:TrackPointExtension>
            <ns3:hr>157</ns3:hr>
            <ns3:cad>94</ns3:cad>
          </ns3:TrackPointExtension>
        </extensions>
      </trkpt>
      <trkpt lat="22.61036175303161144256591796875" lon="113.88710933737456798553466796875">
        <ele>35.200000762939453125</ele>
        <time>2026-09-14T22:45:02.000Z</time>
        <extensions>
          <ns3:TrackPointExtension>
            <ns3:hr>156</ns3:hr>
            <ns3:cad>94</ns3:cad>
          </ns3:TrackPointExtension>
        </extensions>
      </trkpt>
      <trkpt lat="22.6103703863918781280517578125" lon="113.88708268292248249053955078125">
        <ele>35.200000762939453125</ele>
        <time>2026-09-14T22:45:03.000Z</time>
        <extensions>
          <ns3:TrackPointExtension>
            <ns3:hr>156</ns3:hr>
            <ns3:cad>94</ns3:cad>
          </ns3:TrackPointExtension>
        </extensions>
      </trkpt>
      <trkpt lat="22.61038790456950664520263671875" lon="113.8870520889759063720703125">
        <ele>35.200000762939453125</ele>
        <time>2026-09-14T22:45:04.000Z</time>
        <extensions>
          <ns3:TrackPointExtension>
            <ns3:hr>156</ns3:hr>
            <ns3:cad>93</ns3:cad>
          </ns3:TrackPointExtension>
        </extensions>
      </trkpt>
      <trkpt lat="22.61039779521524906158447265625" lon="113.88701914809644222259521484375">
        <ele>35.200000762939453125</ele>
        <time>2026-09-14T22:45:05.000Z</time>
        <extensions>
          <ns3:TrackPointExtension>
            <ns3:hr>157</ns3:hr>
            <ns3:cad>93</ns3:cad>
          </ns3:TrackPointExtension>
        </extensions>
      </trkpt>
      <trkpt lat="22.61041221208870410919189453125" lon="113.8869919069111347198486328125">
        <ele>35.200000762939453125</ele>
        <time>2026-09-14T22:45:06.000Z</time>
        <extensions>
          <ns3:TrackPointExtension>
            <ns3:hr>156</ns3:hr>
            <ns3:cad>93</ns3:cad>
          </ns3:TrackPointExtension>
        </extensions>
      </trkpt>
      <trkpt lat="22.6104253716766834259033203125" lon="113.88695745728909969329833984375">
        <ele>35</ele>
        <time>2026-09-14T22:45:07.000Z</time>
        <extensions>
          <ns3:TrackPointExtension>
            <ns3:hr>156</ns3:hr>
            <ns3:cad>93</ns3:cad>
          </ns3:TrackPointExtension>
        </extensions>
      </trkpt>
      <trkpt lat="22.61043450795114040374755859375" lon="113.8869315572082996368408203125">
        <ele>35</ele>
        <time>2026-09-14T22:45:08.000Z</time>
        <extensions>
          <ns3:TrackPointExtension>
            <ns3:hr>155</ns3:hr>
            <ns3:cad>93</ns3:cad>
          </ns3:TrackPointExtension>
        </extensions>
      </trkpt>
      <trkpt lat="22.61045210994780063629150390625" lon="113.88689585030078887939453125">
        <ele>35</ele>
        <time>2026-09-14T22:45:09.000Z</time>
        <extensions>
          <ns3:TrackPointExtension>
            <ns3:hr>155</ns3:hr>
            <ns3:cad>95</ns3:cad>
          </ns3:TrackPointExtension>
        </extensions>
      </trkpt>
      <trkpt lat="22.61046116240322589874267578125" lon="113.88686835765838623046875">
        <ele>35.200000762939453125</ele>
        <time>2026-09-14T22:45:10.000Z</time>
        <extensions>
          <ns3:TrackPointExtension>
            <ns3:hr>155</ns3:hr>
            <ns3:cad>95</ns3:cad>
          </ns3:TrackPointExtension>
        </extensions>
      </trkpt>
      <trkpt lat="22.610478512942790985107421875" lon="113.88683944009244441986083984375">
        <ele>35.200000762939453125</ele>
        <time>2026-09-14T22:45:11.000Z</time>
        <extensions>
          <ns3:TrackPointExtension>
            <ns3:hr>155</ns3:hr>
            <ns3:cad>95</ns3:cad>
          </ns3:TrackPointExtension>
        </extensions>
      </trkpt>
      <trkpt lat="22.61049133725464344024658203125" lon="113.8868061639368534088134765625">
        <ele>35.200000762939453125</ele>
        <time>2026-09-14T22:45:12.000Z</time>
        <extensions>
          <ns3:TrackPointExtension>
            <ns3:hr>155</ns3:hr>
            <ns3:cad>95</ns3:cad>
          </ns3:TrackPointExtension>
        </extensions>
      </trkpt>
      <trkpt lat="22.610500641167163848876953125" lon="113.8867803476750850677490234375">
        <ele>35.200000762939453125</ele>
        <time>2026-09-14T22:45:13.000Z</time>
        <extensions>
          <ns3:TrackPointExtension>
            <ns3:hr>155</ns3:hr>
            <ns3:cad>94</ns3:cad>
          </ns3:TrackPointExtension>
        </extensions>
      </trkpt>
      <trkpt lat="22.61051363311707973480224609375" lon="113.886743299663066864013671875">
        <ele>35.200000762939453125</ele>
        <time>2026-09-14T22:45:14.000Z</time>
        <extensions>
          <ns3:TrackPointExtension>
            <ns3:hr>154</ns3:hr>
            <ns3:cad>94</ns3:cad>
          </ns3:TrackPointExtension>
        </extensions>
      </trkpt>
      <trkpt lat="22.610521428287029266357421875" lon="113.8867153041064739227294921875">
        <ele>35.200000762939453125</ele>
        <time>2026-09-14T22:45:15.000Z</time>
        <extensions>
          <ns3:TrackPointExtension>
            <ns3:hr>154</ns3:hr>
            <ns3:cad>95</ns3:cad>
          </ns3:TrackPointExtension>
        </extensions>
      </trkpt>
      <trkpt lat="22.610542885959148406982421875" lon="113.88668269850313663482666015625">
        <ele>35.200000762939453125</ele>
        <time>2026-09-14T22:45:16.000Z</time>
        <extensions>
          <ns3:TrackPointExtension>
            <ns3:hr>154</ns3:hr>
            <ns3:cad>95</ns3:cad>
          </ns3:TrackPointExtension>
        </extensions>
      </trkpt>
      <trkpt lat="22.61055202223360538482666015625" lon="113.88665445148944854736328125">
        <ele>35.200000762939453125</ele>
        <time>2026-09-14T22:45:17.000Z</time>
        <extensions>
          <ns3:TrackPointExtension>
            <ns3:hr>154</ns3:hr>
            <ns3:cad>95</ns3:cad>
          </ns3:TrackPointExtension>
        </extensions>
      </trkpt>
      <trkpt lat="22.61056727729737758636474609375" lon="113.88662628829479217529296875">
        <ele>35.200000762939453125</ele>
        <time>2026-09-14T22:45:18.000Z</time>
        <extensions>
          <ns3:TrackPointExtension>
            <ns3:hr>154</ns3:hr>
            <ns3:cad>95</ns3:cad>
          </ns3:TrackPointExtension>
        </extensions>
      </trkpt>
      <trkpt lat="22.61058186180889606475830078125" lon="113.8865942694246768951416015625">
        <ele>35.200000762939453125</ele>
        <time>2026-09-14T22:45:19.000Z</time>
        <extensions>
          <ns3:TrackPointExtension>
            <ns3:hr>154</ns3:hr>
            <ns3:cad>95</ns3:cad>
          </ns3:TrackPointExtension>
        </extensions>
      </trkpt>
      <trkpt lat="22.61059611104428768157958984375" lon="113.88656736351549625396728515625">
        <ele>35.200000762939453125</ele>
        <time>2026-09-14T22:45:20.000Z</time>
        <extensions>
          <ns3:TrackPointExtension>
            <ns3:hr>154</ns3:hr>
            <ns3:cad>94</ns3:cad>
          </ns3:TrackPointExtension>
        </extensions>
      </trkpt>
      <trkpt lat="22.6106111146509647369384765625" lon="113.88653115369379520416259765625">
        <ele>35.200000762939453125</ele>
        <time>2026-09-14T22:45:21.000Z</time>
        <extensions>
          <ns3:TrackPointExtension>
            <ns3:hr>154</ns3:hr>
            <ns3:cad>94</ns3:cad>
          </ns3:TrackPointExtension>
        </extensions>
      </trkpt>
      <trkpt lat="22.61061857454478740692138671875" lon="113.886505253612995147705078125">
        <ele>35.40000152587890625</ele>
        <time>2026-09-14T22:45:22.000Z</time>
        <extensions>
          <ns3:TrackPointExtension>
            <ns3:hr>153</ns3:hr>
            <ns3:cad>94</ns3:cad>
          </ns3:TrackPointExtension>
        </extensions>
      </trkpt>
      <trkpt lat="22.6106369309127330780029296875" lon="113.88647516258060932159423828125">
        <ele>35.200000762939453125</ele>
        <time>2026-09-14T22:45:23.000Z</time>
        <extensions>
          <ns3:TrackPointExtension>
            <ns3:hr>153</ns3:hr>
            <ns3:cad>94</ns3:cad>
          </ns3:TrackPointExtension>
        </extensions>
      </trkpt>
      <trkpt lat="22.61064522899687290191650390625" lon="113.88644582591950893402099609375">
        <ele>35.200000762939453125</ele>
        <time>2026-09-14T22:45:24.000Z</time>
        <extensions>
          <ns3:TrackPointExtension>
            <ns3:hr>153</ns3:hr>
            <ns3:cad>94</ns3:cad>
          </ns3:TrackPointExtension>
        </extensions>
      </trkpt>
      <trkpt lat="22.61065964587032794952392578125" lon="113.88642403297126293182373046875">
        <ele>35.200000762939453125</ele>
        <time>2026-09-14T22:45:25.000Z</time>
        <extensions>
          <ns3:TrackPointExtension>
            <ns3:hr>153</ns3:hr>
            <ns3:cad>95</ns3:cad>
          </ns3:TrackPointExtension>
        </extensions>
      </trkpt>
      <trkpt lat="22.6106728054583072662353515625" lon="113.88639251701533794403076171875">
        <ele>35</ele>
        <time>2026-09-14T22:45:26.000Z</time>
        <extensions>
          <ns3:TrackPointExtension>
            <ns3:hr>152</ns3:hr>
            <ns3:cad>95</ns3:cad>
          </ns3:TrackPointExtension>
        </extensions>
      </trkpt>
      <trkpt lat="22.61068093590438365936279296875" lon="113.88636837713420391082763671875">
        <ele>35</ele>
        <time>2026-09-14T22:45:27.000Z</time>
        <extensions>
          <ns3:TrackPointExtension>
            <ns3:hr>153</ns3:hr>
            <ns3:cad>95</ns3:cad>
          </ns3:TrackPointExtension>
        </extensions>
      </trkpt>
      <trkpt lat="22.61069669388234615325927734375" lon="113.886334262788295745849609375">
        <ele>35.200000762939453125</ele>
        <time>2026-09-14T22:45:28.000Z</time>
        <extensions>
          <ns3:TrackPointExtension>
            <ns3:hr>153</ns3:hr>
            <ns3:cad>95</ns3:cad>
          </ns3:TrackPointExtension>
        </extensions>
      </trkpt>
      <trkpt lat="22.61070323176681995391845703125" lon="113.88630618341267108917236328125">
        <ele>35.200000762939453125</ele>
        <time>2026-09-14T22:45:29.000Z</time>
        <extensions>
          <ns3:TrackPointExtension>
            <ns3:hr>153</ns3:hr>
            <ns3:cad>95</ns3:cad>
          </ns3:TrackPointExtension>
        </extensions>
      </trkpt>
      <trkpt lat="22.6107254438102245330810546875" lon="113.88627952896058559417724609375">
        <ele>35.200000762939453125</ele>
        <time>2026-09-14T22:45:30.000Z</time>
        <extensions>
          <ns3:TrackPointExtension>
            <ns3:hr>152</ns3:hr>
            <ns3:cad>95</ns3:cad>
          </ns3:TrackPointExtension>
        </extensions>
      </trkpt>
      <trkpt lat="22.61073659174144268035888671875" lon="113.88624675571918487548828125">
        <ele>35.200000762939453125</ele>
        <time>2026-09-14T22:45:31.000Z</time>
        <extensions>
          <ns3:TrackPointExtension>
            <ns3:hr>153</ns3:hr>
            <ns3:cad>95</ns3:cad>
          </ns3:TrackPointExtension>
        </extensions>
      </trkpt>
      <trkpt lat="22.61074949987232685089111328125" lon="113.88621859252452850341796875">
        <ele>35.200000762939453125</ele>
        <time>2026-09-14T22:45:32.000Z</time>
        <extensions>
          <ns3:TrackPointExtension>
            <ns3:hr>152</ns3:hr>
            <ns3:cad>93</ns3:cad>
          </ns3:TrackPointExtension>
        </extensions>
      </trkpt>
      <trkpt lat="22.61075804941356182098388671875" lon="113.88618615455925464630126953125">
        <ele>35.40000152587890625</ele>
        <time>2026-09-14T22:45:33.000Z</time>
        <extensions>
          <ns3:TrackPointExtension>
            <ns3:hr>152</ns3:hr>
            <ns3:cad>93</ns3:cad>
          </ns3:TrackPointExtension>
        </extensions>
      </trkpt>
      <trkpt lat="22.610770203173160552978515625" lon="113.88616084121167659759521484375">
        <ele>35.200000762939453125</ele>
        <time>2026-09-14T22:45:34.000Z</time>
        <extensions>
          <ns3:TrackPointExtension>
            <ns3:hr>152</ns3:hr>
            <ns3:cad>93</ns3:cad>
          </ns3:TrackPointExtension>
        </extensions>
      </trkpt>
      <trkpt lat="22.610781602561473846435546875" lon="113.88612203299999237060546875">
        <ele>35.200000762939453125</ele>
        <time>2026-09-14T22:45:35.000Z</time>
        <extensions>
          <ns3:TrackPointExtension>
            <ns3:hr>153</ns3:hr>
            <ns3:cad>94</ns3:cad>
          </ns3:TrackPointExtension>
        </extensions>
      </trkpt>
      <trkpt lat="22.61079107411205768585205078125" lon="113.88609378598630428314208984375">
        <ele>35.200000762939453125</ele>
        <time>2026-09-14T22:45:36.000Z</time>
        <extensions>
          <ns3:TrackPointExtension>
            <ns3:hr>153</ns3:hr>
            <ns3:cad>95</ns3:cad>
          </ns3:TrackPointExtension>
        </extensions>
      </trkpt>
      <trkpt lat="22.61081169359385967254638671875" lon="113.886066377162933349609375">
        <ele>35.200000762939453125</ele>
        <time>2026-09-14T22:45:37.000Z</time>
        <extensions>
          <ns3:TrackPointExtension>
            <ns3:hr>153</ns3:hr>
            <ns3:cad>94</ns3:cad>
          </ns3:TrackPointExtension>
        </extensions>
      </trkpt>
      <trkpt lat="22.61082041077315807342529296875" lon="113.88603779487311840057373046875">
        <ele>35.200000762939453125</ele>
        <time>2026-09-14T22:45:38.000Z</time>
        <extensions>
          <ns3:TrackPointExtension>
            <ns3:hr>153</ns3:hr>
            <ns3:cad>93</ns3:cad>
          </ns3:TrackPointExtension>
        </extensions>
      </trkpt>
      <trkpt lat="22.6108317263424396514892578125" lon="113.88601164333522319793701171875">
        <ele>35.200000762939453125</ele>
        <time>2026-09-14T22:45:39.000Z</time>
        <extensions>
          <ns3:TrackPointExtension>
            <ns3:hr>153</ns3:hr>
            <ns3:cad>93</ns3:cad>
          </ns3:TrackPointExtension>
        </extensions>
      </trkpt>
      <trkpt lat="22.61084639467298984527587890625" lon="113.88598431833088397979736328125">
        <ele>35.40000152587890625</ele>
        <time>2026-09-14T22:45:40.000Z</time>
        <extensions>
          <ns3:TrackPointExtension>
            <ns3:hr>152</ns3:hr>
            <ns3:cad>93</ns3:cad>
          </ns3:TrackPointExtension>
        </extensions>
      </trkpt>
      <trkpt lat="22.6108538545668125152587890625" lon="113.88595934025943279266357421875">
        <ele>35.40000152587890625</ele>
        <time>2026-09-14T22:45:41.000Z</time>
        <extensions>
          <ns3:TrackPointExtension>
            <ns3:hr>152</ns3:hr>
            <ns3:cad>93</ns3:cad>
          </ns3:TrackPointExtension>
        </extensions>
      </trkpt>
      <trkpt lat="22.61086835525929927825927734375" lon="113.88592463918030261993408203125">
        <ele>35.200000762939453125</ele>
        <time>2026-09-14T22:45:42.000Z</time>
        <extensions>
          <ns3:TrackPointExtension>
            <ns3:hr>152</ns3:hr>
            <ns3:cad>94</ns3:cad>
          </ns3:TrackPointExtension>
        </extensions>
      </trkpt>
      <trkpt lat="22.61087958700954914093017578125" lon="113.88589798472821712493896484375">
        <ele>35.40000152587890625</ele>
        <time>2026-09-14T22:45:43.000Z</time>
        <extensions>
          <ns3:TrackPointExtension>
            <ns3:hr>151</ns3:hr>
            <ns3:cad>94</ns3:cad>
          </ns3:TrackPointExtension>
        </extensions>
      </trkpt>
      <trkpt lat="22.61089987121522426605224609375" lon="113.88586856424808502197265625">
        <ele>35.40000152587890625</ele>
        <time>2026-09-14T22:45:44.000Z</time>
        <extensions>
          <ns3:TrackPointExtension>
            <ns3:hr>151</ns3:hr>
            <ns3:cad>94</ns3:cad>
          </ns3:TrackPointExtension>
        </extensions>
      </trkpt>
      <trkpt lat="22.61090858839452266693115234375" lon="113.8858385570347309112548828125">
        <ele>35.200000762939453125</ele>
        <time>2026-09-14T22:45:45.000Z</time>
        <extensions>
          <ns3:TrackPointExtension>
            <ns3:hr>151</ns3:hr>
            <ns3:cad>93</ns3:cad>
          </ns3:TrackPointExtension>
        </extensions>
      </trkpt>
      <trkpt lat="22.6109199039638042449951171875" lon="113.885814249515533447265625">
        <ele>35.200000762939453125</ele>
        <time>2026-09-14T22:45:46.000Z</time>
        <extensions>
          <ns3:TrackPointExtension>
            <ns3:hr>152</ns3:hr>
            <ns3:cad>93</ns3:cad>
          </ns3:TrackPointExtension>
        </extensions>
      </trkpt>
      <trkpt lat="22.61093172244727611541748046875" lon="113.88577996753156185150146484375">
        <ele>35.200000762939453125</ele>
        <time>2026-09-14T22:45:47.000Z</time>
        <extensions>
          <ns3:TrackPointExtension>
            <ns3:hr>152</ns3:hr>
            <ns3:cad>95</ns3:cad>
          </ns3:TrackPointExtension>
        </extensions>
      </trkpt>
      <trkpt lat="22.610937841236591339111328125" lon="113.8857560791075229644775390625">
        <ele>35.200000762939453125</ele>
        <time>2026-09-14T22:45:48.000Z</time>
        <extensions>
          <ns3:TrackPointExtension>
            <ns3:hr>152</ns3:hr>
            <ns3:cad>95</ns3:cad>
          </ns3:TrackPointExtension>
        </extensions>
      </trkpt>
      <trkpt lat="22.61095426976680755615234375" lon="113.8857198692858219146728515625">
        <ele>35.200000762939453125</ele>
        <time>2026-09-14T22:45:49.000Z</time>
        <extensions>
          <ns3:TrackPointExtension>
            <ns3:hr>152</ns3:hr>
            <ns3:cad>95</ns3:cad>
          </ns3:TrackPointExtension>
        </extensions>
      </trkpt>
      <trkpt lat="22.6109611429274082183837890625" lon="113.88569195754826068878173828125">
        <ele>35.200000762939453125</ele>
        <time>2026-09-14T22:45:50.000Z</time>
        <extensions>
          <ns3:TrackPointExtension>
            <ns3:hr>152</ns3:hr>
            <ns3:cad>95</ns3:cad>
          </ns3:TrackPointExtension>
        </extensions>
      </trkpt>
      <trkpt lat="22.61097840964794158935546875" lon="113.8856591843068599700927734375">
        <ele>35.200000762939453125</ele>
        <time>2026-09-14T22:45:51.000Z</time>
        <extensions>
          <ns3:TrackPointExtension>
            <ns3:hr>152</ns3:hr>
            <ns3:cad>95</ns3:cad>
          </ns3:TrackPointExtension>
        </extensions>
      </trkpt>
      <trkpt lat="22.6109862886369228363037109375" lon="113.885628841817378997802734375">
        <ele>35.200000762939453125</ele>
        <time>2026-09-14T22:45:52.000Z</time>
        <extensions>
          <ns3:TrackPointExtension>
            <ns3:hr>152</ns3:hr>
            <ns3:cad>93</ns3:cad>
          </ns3:TrackPointExtension>
        </extensions>
      </trkpt>
      <trkpt lat="22.61100254952907562255859375" lon="113.88560445047914981842041015625">
        <ele>35.200000762939453125</ele>
        <time>2026-09-14T22:45:53.000Z</time>
        <extensions>
          <ns3:TrackPointExtension>
            <ns3:hr>151</ns3:hr>
            <ns3:cad>93</ns3:cad>
          </ns3:TrackPointExtension>
        </extensions>
      </trkpt>
      <trkpt lat="22.6110208220779895782470703125" lon="113.8855723477900028228759765625">
        <ele>35.40000152587890625</ele>
        <time>2026-09-14T22:45:54.000Z</time>
        <extensions>
          <ns3:TrackPointExtension>
            <ns3:hr>152</ns3:hr>
            <ns3:cad>93</ns3:cad>
          </ns3:TrackPointExtension>
        </extensions>
      </trkpt>
      <trkpt lat="22.611037753522396087646484375" lon="113.885546028614044189453125">
        <ele>35.40000152587890625</ele>
        <time>2026-09-14T22:45:55.000Z</time>
        <extensions>
          <ns3:TrackPointExtension>
            <ns3:hr>151</ns3:hr>
            <ns3:cad>93</ns3:cad>
          </ns3:TrackPointExtension>
        </extensions>
      </trkpt>
      <trkpt lat="22.6110670901834964752197265625" lon="113.88551677577197551727294921875">
        <ele>35.40000152587890625</ele>
        <time>2026-09-14T22:45:56.000Z</time>
        <extensions>
          <ns3:TrackPointExtension>
            <ns3:hr>151</ns3:hr>
            <ns3:cad>94</ns3:cad>
          </ns3:TrackPointExtension>
        </extensions>
      </trkpt>
      <trkpt lat="22.611084021627902984619140625" lon="113.8854992575943470001220703125">
        <ele>35.40000152587890625</ele>
        <time>2026-09-14T22:45:57.000Z</time>
        <extensions>
          <ns3:TrackPointExtension>
            <ns3:hr>151</ns3:hr>
            <ns3:cad>94</ns3:cad>
          </ns3:TrackPointExtension>
        </extensions>
      </trkpt>
      <trkpt lat="22.6111140288412570953369140625" lon="113.88547989539802074432373046875">
        <ele>35.40000152587890625</ele>
        <time>2026-09-14T22:45:58.000Z</time>
        <extensions>
          <ns3:TrackPointExtension>
            <ns3:hr>151</ns3:hr>
            <ns3:cad>93</ns3:cad>
          </ns3:TrackPointExtension>
        </extensions>
      </trkpt>
      <trkpt lat="22.6111328043043613433837890625" lon="113.8854576833546161651611328125">
        <ele>35.40000152587890625</ele>
        <time>2026-09-14T22:45:59.000Z</time>
        <extensions>
          <ns3:TrackPointExtension>
            <ns3:hr>151</ns3:hr>
            <ns3:cad>93</ns3:cad>
          </ns3:TrackPointExtension>
        </extensions>
      </trkpt>
      <trkpt lat="22.61115971021354198455810546875" lon="113.88544343411922454833984375">
        <ele>35.200000762939453125</ele>
        <time>2026-09-14T22:46:00.000Z</time>
        <extensions>
          <ns3:TrackPointExtension>
            <ns3:hr>151</ns3:hr>
            <ns3:cad>93</ns3:cad>
          </ns3:TrackPointExtension>
        </extensions>
      </trkpt>
      <trkpt lat="22.61118653230369091033935546875" lon="113.88542407192289829254150390625">
        <ele>35.200000762939453125</ele>
        <time>2026-09-14T22:46:01.000Z</time>
        <extensions>
          <ns3:TrackPointExtension>
            <ns3:hr>151</ns3:hr>
            <ns3:cad>93</ns3:cad>
          </ns3:TrackPointExtension>
        </extensions>
      </trkpt>
      <trkpt lat="22.61120983399450778961181640625" lon="113.885413594543933868408203125">
        <ele>35.200000762939453125</ele>
        <time>2026-09-14T22:46:02.000Z</time>
        <extensions>
          <ns3:TrackPointExtension>
            <ns3:hr>150</ns3:hr>
            <ns3:cad>93</ns3:cad>
          </ns3:TrackPointExtension>
        </extensions>
      </trkpt>
      <trkpt lat="22.6112414337694644927978515625" lon="113.88539356179535388946533203125">
        <ele>35.40000152587890625</ele>
        <time>2026-09-14T22:46:03.000Z</time>
        <extensions>
          <ns3:TrackPointExtension>
            <ns3:hr>150</ns3:hr>
            <ns3:cad>94</ns3:cad>
          </ns3:TrackPointExtension>
        </extensions>
      </trkpt>
      <trkpt lat="22.611258029937744140625" lon="113.8853783905506134033203125">
        <ele>35.40000152587890625</ele>
        <time>2026-09-14T22:46:04.000Z</time>
        <extensions>
          <ns3:TrackPointExtension>
            <ns3:hr>150</ns3:hr>
            <ns3:cad>94</ns3:cad>
          </ns3:TrackPointExtension>
        </extensions>
      </trkpt>
      <trkpt lat="22.611285857856273651123046875" lon="113.8853594474494457244873046875">
        <ele>35.40000152587890625</ele>
        <time>2026-09-14T22:46:05.000Z</time>
        <extensions>
          <ns3:TrackPointExtension>
            <ns3:hr>150</ns3:hr>
            <ns3:cad>93</ns3:cad>
          </ns3:TrackPointExtension>
        </extensions>
      </trkpt>
      <trkpt lat="22.611309327185153961181640625" lon="113.88533874414861202239990234375">
        <ele>35.40000152587890625</ele>
        <time>2026-09-14T22:46:06.000Z</time>
        <extensions>
          <ns3:TrackPointExtension>
            <ns3:hr>150</ns3:hr>
            <ns3:cad>93</ns3:cad>
          </ns3:TrackPointExtension>
        </extensions>
      </trkpt>
      <trkpt lat="22.611335478723049163818359375" lon="113.885326422750949859619140625">
        <ele>35.200000762939453125</ele>
        <time>2026-09-14T22:46:07.000Z</time>
        <extensions>
          <ns3:TrackPointExtension>
            <ns3:hr>150</ns3:hr>
            <ns3:cad>93</ns3:cad>
          </ns3:TrackPointExtension>
        </extensions>
      </trkpt>
      <trkpt lat="22.61136020533740520477294921875" lon="113.88530555181205272674560546875">
        <ele>35.200000762939453125</ele>
        <time>2026-09-14T22:46:08.000Z</time>
        <extensions>
          <ns3:TrackPointExtension>
            <ns3:hr>150</ns3:hr>
            <ns3:cad>94</ns3:cad>
          </ns3:TrackPointExtension>
        </extensions>
      </trkpt>
      <trkpt lat="22.61138015426695346832275390625" lon="113.88529163785278797149658203125">
        <ele>35.200000762939453125</ele>
        <time>2026-09-14T22:46:09.000Z</time>
        <extensions>
          <ns3:TrackPointExtension>
            <ns3:hr>150</ns3:hr>
            <ns3:cad>95</ns3:cad>
          </ns3:TrackPointExtension>
        </extensions>
      </trkpt>
      <trkpt lat="22.61141066439449787139892578125" lon="113.885272778570652008056640625">
        <ele>35.200000762939453125</ele>
        <time>2026-09-14T22:46:10.000Z</time>
        <extensions>
          <ns3:TrackPointExtension>
            <ns3:hr>150</ns3:hr>
            <ns3:cad>95</ns3:cad>
          </ns3:TrackPointExtension>
        </extensions>
      </trkpt>
      <trkpt lat="22.61142809875309467315673828125" lon="113.88525559566915035247802734375">
        <ele>35.200000762939453125</ele>
        <time>2026-09-14T22:46:11.000Z</time>
        <extensions>
          <ns3:TrackPointExtension>
            <ns3:hr>150</ns3:hr>
            <ns3:cad>95</ns3:cad>
          </ns3:TrackPointExtension>
        </extensions>
      </trkpt>
      <trkpt lat="22.61145525611937046051025390625" lon="113.8852407597005367279052734375">
        <ele>35.200000762939453125</ele>
        <time>2026-09-14T22:46:12.000Z</time>
        <extensions>
          <ns3:TrackPointExtension>
            <ns3:hr>150</ns3:hr>
            <ns3:cad>95</ns3:cad>
          </ns3:TrackPointExtension>
        </extensions>
      </trkpt>
      <trkpt lat="22.61147168464958667755126953125" lon="113.8852253369987010955810546875">
        <ele>35.200000762939453125</ele>
        <time>2026-09-14T22:46:13.000Z</time>
        <extensions>
          <ns3:TrackPointExtension>
            <ns3:hr>150</ns3:hr>
            <ns3:cad>93</ns3:cad>
          </ns3:TrackPointExtension>
        </extensions>
      </trkpt>
      <trkpt lat="22.6114982552826404571533203125" lon="113.88521435670554637908935546875">
        <ele>35.200000762939453125</ele>
        <time>2026-09-14T22:46:14.000Z</time>
        <extensions>
          <ns3:TrackPointExtension>
            <ns3:hr>150</ns3:hr>
            <ns3:cad>93</ns3:cad>
          </ns3:TrackPointExtension>
        </extensions>
      </trkpt>
      <trkpt lat="22.6115141808986663818359375" lon="113.88519558124244213104248046875">
        <ele>35.200000762939453125</ele>
        <time>2026-09-14T22:46:15.000Z</time>
        <extensions>
          <ns3:TrackPointExtension>
            <ns3:hr>151</ns3:hr>
            <ns3:cad>93</ns3:cad>
          </ns3:TrackPointExtension>
        </extensions>
      </trkpt>
      <trkpt lat="22.611537314951419830322265625" lon="113.8851847685873508453369140625">
        <ele>35.200000762939453125</ele>
        <time>2026-09-14T22:46:16.000Z</time>
        <extensions>
          <ns3:TrackPointExtension>
            <ns3:hr>151</ns3:hr>
            <ns3:cad>93</ns3:cad>
          </ns3:TrackPointExtension>
        </extensions>
      </trkpt>
      <trkpt lat="22.61155097745358943939208984375" lon="113.885174207389354705810546875">
        <ele>35</ele>
        <time>2026-09-14T22:46:17.000Z</time>
        <extensions>
          <ns3:TrackPointExtension>
            <ns3:hr>151</ns3:hr>
            <ns3:cad>93</ns3:cad>
          </ns3:TrackPointExtension>
        </extensions>
      </trkpt>
      <trkpt lat="22.6115733571350574493408203125" lon="113.88516054488718509674072265625">
        <ele>34.799999237060546875</ele>
        <time>2026-09-14T22:46:18.000Z</time>
        <extensions>
          <ns3:TrackPointExtension>
            <ns3:hr>151</ns3:hr>
            <ns3:cad>93</ns3:cad>
          </ns3:TrackPointExtension>
        </extensions>
      </trkpt>
      <trkpt lat="22.6115871034562587738037109375" lon="113.8851502351462841033935546875">
        <ele>34.59999847412109375</ele>
        <time>2026-09-14T22:46:19.000Z</time>
        <extensions>
          <ns3:TrackPointExtension>
            <ns3:hr>152</ns3:hr>
            <ns3:cad>90</ns3:cad>
          </ns3:TrackPointExtension>
        </extensions>
      </trkpt>
      <trkpt lat="22.61161484755575656890869140625" lon="113.88514009304344654083251953125">
        <ele>34.200000762939453125</ele>
        <time>2026-09-14T22:46:20.000Z</time>
        <extensions>
          <ns3:TrackPointExtension>
            <ns3:hr>151</ns3:hr>
            <ns3:cad>89</ns3:cad>
          </ns3:TrackPointExtension>
        </extensions>
      </trkpt>
      <trkpt lat="22.6116337068378925323486328125" lon="113.885127268731594085693359375">
        <ele>34</ele>
        <time>2026-09-14T22:46:21.000Z</time>
        <extensions>
          <ns3:TrackPointExtension>
            <ns3:hr>151</ns3:hr>
            <ns3:cad>89</ns3:cad>
          </ns3:TrackPointExtension>
        </extensions>
      </trkpt>
      <trkpt lat="22.61166237294673919677734375" lon="113.88512198813259601593017578125">
        <ele>33.59999847412109375</ele>
        <time>2026-09-14T22:46:22.000Z</time>
        <extensions>
          <ns3:TrackPointExtension>
            <ns3:hr>151</ns3:hr>
            <ns3:cad>89</ns3:cad>
          </ns3:TrackPointExtension>
        </extensions>
      </trkpt>
      <trkpt lat="22.611679136753082275390625" lon="113.88511058874428272247314453125">
        <ele>33.40000152587890625</ele>
        <time>2026-09-14T22:46:23.000Z</time>
        <extensions>
          <ns3:TrackPointExtension>
            <ns3:hr>150</ns3:hr>
            <ns3:cad>90</ns3:cad>
          </ns3:TrackPointExtension>
        </extensions>
      </trkpt>
      <trkpt lat="22.61170503683388233184814453125" lon="113.8850994408130645751953125">
        <ele>33.200000762939453125</ele>
        <time>2026-09-14T22:46:24.000Z</time>
        <extensions>
          <ns3:TrackPointExtension>
            <ns3:hr>150</ns3:hr>
            <ns3:cad>90</ns3:cad>
          </ns3:TrackPointExtension>
        </extensions>
      </trkpt>
      <trkpt lat="22.6117198728024959564208984375" lon="113.885086365044116973876953125">
        <ele>33</ele>
        <time>2026-09-14T22:46:25.000Z</time>
        <extensions>
          <ns3:TrackPointExtension>
            <ns3:hr>149</ns3:hr>
            <ns3:cad>89</ns3:cad>
          </ns3:TrackPointExtension>
        </extensions>
      </trkpt>
      <trkpt lat="22.61174342595040798187255859375" lon="113.8850741274654865264892578125">
        <ele>32.59999847412109375</ele>
        <time>2026-09-14T22:46:26.000Z</time>
        <extensions>
          <ns3:TrackPointExtension>
            <ns3:hr>149</ns3:hr>
            <ns3:cad>89</ns3:cad>
          </ns3:TrackPointExtension>
        </extensions>
      </trkpt>
      <trkpt lat="22.611759603023529052734375" lon="113.88506331481039524078369140625">
        <ele>32.40000152587890625</ele>
        <time>2026-09-14T22:46:27.000Z</time>
        <extensions>
          <ns3:TrackPointExtension>
            <ns3:hr>149</ns3:hr>
            <ns3:cad>89</ns3:cad>
          </ns3:TrackPointExtension>
        </extensions>
      </trkpt>
      <trkpt lat="22.6117875985801219940185546875" lon="113.88505325652658939361572265625">
        <ele>32</ele>
        <time>2026-09-14T22:46:28.000Z</time>
        <extensions>
          <ns3:TrackPointExtension>
            <ns3:hr>148</ns3:hr>
            <ns3:cad>89</ns3:cad>
          </ns3:TrackPointExtension>
        </extensions>
      </trkpt>
      <trkpt lat="22.61180494911968708038330078125" lon="113.88504403643310070037841796875">
        <ele>31.799999237060546875</ele>
        <time>2026-09-14T22:46:29.000Z</time>
        <extensions>
          <ns3:TrackPointExtension>
            <ns3:hr>147</ns3:hr>
            <ns3:cad>89</ns3:cad>
          </ns3:TrackPointExtension>
        </extensions>
      </trkpt>
      <trkpt lat="22.61183311231434345245361328125" lon="113.88503414578735828399658203125">
        <ele>31.3999996185302734375</ele>
        <time>2026-09-14T22:46:30.000Z</time>
        <extensions>
          <ns3:TrackPointExtension>
            <ns3:hr>147</ns3:hr>
            <ns3:cad>90</ns3:cad>
          </ns3:TrackPointExtension>
        </extensions>
      </trkpt>
      <trkpt lat="22.61185415089130401611328125" lon="113.8850231654942035675048828125">
        <ele>31.200000762939453125</ele>
        <time>2026-09-14T22:46:31.000Z</time>
        <extensions>
          <ns3:TrackPointExtension>
            <ns3:hr>146</ns3:hr>
            <ns3:cad>90</ns3:cad>
          </ns3:TrackPointExtension>
        </extensions>
      </trkpt>
      <trkpt lat="22.61187720112502574920654296875" lon="113.8850131072103977203369140625">
        <ele>31</ele>
        <time>2026-09-14T22:46:32.000Z</time>
        <extensions>
          <ns3:TrackPointExtension>
            <ns3:hr>146</ns3:hr>
            <ns3:cad>90</ns3:cad>
          </ns3:TrackPointExtension>
        </extensions>
      </trkpt>
      <trkpt lat="22.61189899407327175140380859375" lon="113.88500514440238475799560546875">
        <ele>30.6000003814697265625</ele>
        <time>2026-09-14T22:46:33.000Z</time>
        <extensions>
          <ns3:TrackPointExtension>
            <ns3:hr>145</ns3:hr>
            <ns3:cad>90</ns3:cad>
          </ns3:TrackPointExtension>
        </extensions>
      </trkpt>
      <trkpt lat="22.611922882497310638427734375" lon="113.88499357737600803375244140625">
        <ele>30.3999996185302734375</ele>
        <time>2026-09-14T22:46:34.000Z</time>
        <extensions>
          <ns3:TrackPointExtension>
            <ns3:hr>145</ns3:hr>
            <ns3:cad>90</ns3:cad>
          </ns3:TrackPointExtension>
        </extensions>
      </trkpt>
      <trkpt lat="22.61195062659680843353271484375" lon="113.88497538864612579345703125">
        <ele>30</ele>
        <time>2026-09-14T22:46:35.000Z</time>
        <extensions>
          <ns3:TrackPointExtension>
            <ns3:hr>144</ns3:hr>
            <ns3:cad>90</ns3:cad>
          </ns3:TrackPointExtension>
        </extensions>
      </trkpt>
      <trkpt lat="22.61198935098946094512939453125" lon="113.884961307048797607421875">
        <ele>29.799999237060546875</ele>
        <time>2026-09-14T22:46:36.000Z</time>
        <extensions>
          <ns3:TrackPointExtension>
            <ns3:hr>143</ns3:hr>
            <ns3:cad>90</ns3:cad>
          </ns3:TrackPointExtension>
        </extensions>
      </trkpt>
      <trkpt lat="22.6120152510702610015869140625" lon="113.884945213794708251953125">
        <ele>29.6000003814697265625</ele>
        <time>2026-09-14T22:46:37.000Z</time>
        <extensions>
          <ns3:TrackPointExtension>
            <ns3:hr>143</ns3:hr>
            <ns3:cad>89</ns3:cad>
          </ns3:TrackPointExtension>
        </extensions>
      </trkpt>
      <trkpt lat="22.612046264111995697021484375" lon="113.88492903672158718109130859375">
        <ele>29.3999996185302734375</ele>
        <time>2026-09-14T22:46:38.000Z</time>
        <extensions>
          <ns3:TrackPointExtension>
            <ns3:hr>142</ns3:hr>
            <ns3:cad>89</ns3:cad>
          </ns3:TrackPointExtension>
        </extensions>
      </trkpt>
      <trkpt lat="22.6120655424892902374267578125" lon="113.8849131949245929718017578125">
        <ele>29.3999996185302734375</ele>
        <time>2026-09-14T22:46:39.000Z</time>
        <extensions>
          <ns3:TrackPointExtension>
            <ns3:hr>142</ns3:hr>
            <ns3:cad>89</ns3:cad>
          </ns3:TrackPointExtension>
        </extensions>
      </trkpt>
      <trkpt lat="22.612097896635532379150390625" lon="113.8849009573459625244140625">
        <ele>29.200000762939453125</ele>
        <time>2026-09-14T22:46:40.000Z</time>
        <extensions>
          <ns3:TrackPointExtension>
            <ns3:hr>141</ns3:hr>
            <ns3:cad>92</ns3:cad>
          </ns3:TrackPointExtension>
        </extensions>
      </trkpt>
      <trkpt lat="22.61211977340281009674072265625" lon="113.884888552129268646240234375">
        <ele>29.3999996185302734375</ele>
        <time>2026-09-14T22:46:41.000Z</time>
        <extensions>
          <ns3:TrackPointExtension>
            <ns3:hr>141</ns3:hr>
            <ns3:cad>92</ns3:cad>
          </ns3:TrackPointExtension>
        </extensions>
      </trkpt>
      <trkpt lat="22.61214776895940303802490234375" lon="113.88488193042576313018798828125">
        <ele>29.200000762939453125</ele>
        <time>2026-09-14T22:46:42.000Z</time>
        <extensions>
          <ns3:TrackPointExtension>
            <ns3:hr>140</ns3:hr>
            <ns3:cad>92</ns3:cad>
          </ns3:TrackPointExtension>
        </extensions>
      </trkpt>
      <trkpt lat="22.61216771788895130157470703125" lon="113.88486810028553009033203125">
        <ele>29.200000762939453125</ele>
        <time>2026-09-14T22:46:43.000Z</time>
        <extensions>
          <ns3:TrackPointExtension>
            <ns3:hr>139</ns3:hr>
            <ns3:cad>92</ns3:cad>
          </ns3:TrackPointExtension>
        </extensions>
      </trkpt>
      <trkpt lat="22.61218942701816558837890625" lon="113.88485594652593135833740234375">
        <ele>29.200000762939453125</ele>
        <time>2026-09-14T22:46:44.000Z</time>
        <extensions>
          <ns3:TrackPointExtension>
            <ns3:hr>139</ns3:hr>
            <ns3:cad>92</ns3:cad>
          </ns3:TrackPointExtension>
        </extensions>
      </trkpt>
      <trkpt lat="22.6122070290148258209228515625" lon="113.88484572060406208038330078125">
        <ele>29.200000762939453125</ele>
        <time>2026-09-14T22:46:45.000Z</time>
        <extensions>
          <ns3:TrackPointExtension>
            <ns3:hr>139</ns3:hr>
            <ns3:cad>92</ns3:cad>
          </ns3:TrackPointExtension>
        </extensions>
      </trkpt>
      <trkpt lat="22.6122241280972957611083984375" lon="113.88483633287250995635986328125">
        <ele>29.200000762939453125</ele>
        <time>2026-09-14T22:46:46.000Z</time>
        <extensions>
          <ns3:TrackPointExtension>
            <ns3:hr>138</ns3:hr>
            <ns3:cad>92</ns3:cad>
          </ns3:TrackPointExtension>
        </extensions>
      </trkpt>
      <trkpt lat="22.6122425682842731475830078125" lon="113.88481671921908855438232421875">
        <ele>29.200000762939453125</ele>
        <time>2026-09-14T22:46:47.000Z</time>
        <extensions>
          <ns3:TrackPointExtension>
            <ns3:hr>138</ns3:hr>
            <ns3:cad>92</ns3:cad>
          </ns3:TrackPointExtension>
        </extensions>
      </trkpt>
      <trkpt lat="22.61226109229028224945068359375" lon="113.88480029068887233734130859375">
        <ele>29</ele>
        <time>2026-09-14T22:46:48.000Z</time>
        <extensions>
          <ns3:TrackPointExtension>
            <ns3:hr>138</ns3:hr>
            <ns3:cad>92</ns3:cad>
          </ns3:TrackPointExtension>
        </extensions>
      </trkpt>
      <trkpt lat="22.61228330433368682861328125" lon="113.88477514497935771942138671875">
        <ele>29</ele>
        <time>2026-09-14T22:46:49.000Z</time>
        <extensions>
          <ns3:TrackPointExtension>
            <ns3:hr>138</ns3:hr>
            <ns3:cad>92</ns3:cad>
          </ns3:TrackPointExtension>
        </extensions>
      </trkpt>
      <trkpt lat="22.61230015195906162261962890625" lon="113.88475469313561916351318359375">
        <ele>28.799999237060546875</ele>
        <time>2026-09-14T22:46:50.000Z</time>
        <extensions>
          <ns3:TrackPointExtension>
            <ns3:hr>139</ns3:hr>
            <ns3:cad>92</ns3:cad>
          </ns3:TrackPointExtension>
        </extensions>
      </trkpt>
      <trkpt lat="22.612319849431514739990234375" lon="113.884731642901897430419921875">
        <ele>28.799999237060546875</ele>
        <time>2026-09-14T22:46:51.000Z</time>
        <extensions>
          <ns3:TrackPointExtension>
            <ns3:hr>140</ns3:hr>
            <ns3:cad>92</ns3:cad>
          </ns3:TrackPointExtension>
        </extensions>
      </trkpt>
      <trkpt lat="22.6123310811817646026611328125" lon="113.8847150467336177825927734375">
        <ele>28.799999237060546875</ele>
        <time>2026-09-14T22:46:52.000Z</time>
        <extensions>
          <ns3:TrackPointExtension>
            <ns3:hr>140</ns3:hr>
            <ns3:cad>92</ns3:cad>
          </ns3:TrackPointExtension>
        </extensions>
      </trkpt>
      <trkpt lat="22.61234843172132968902587890625" lon="113.88468830846250057220458984375">
        <ele>28.6000003814697265625</ele>
        <time>2026-09-14T22:46:53.000Z</time>
        <extensions>
          <ns3:TrackPointExtension>
            <ns3:hr>140</ns3:hr>
            <ns3:cad>91</ns3:cad>
          </ns3:TrackPointExtension>
        </extensions>
      </trkpt>
      <trkpt lat="22.61236100457608699798583984375" lon="113.8846650905907154083251953125">
        <ele>28.6000003814697265625</ele>
        <time>2026-09-14T22:46:54.000Z</time>
        <extensions>
          <ns3:TrackPointExtension>
            <ns3:hr>141</ns3:hr>
            <ns3:cad>91</ns3:cad>
          </ns3:TrackPointExtension>
        </extensions>
      </trkpt>
      <trkpt lat="22.612376511096954345703125" lon="113.8846381008625030517578125">
        <ele>28.3999996185302734375</ele>
        <time>2026-09-14T22:46:55.000Z</time>
        <extensions>
          <ns3:TrackPointExtension>
            <ns3:hr>141</ns3:hr>
            <ns3:cad>91</ns3:cad>
          </ns3:TrackPointExtension>
        </extensions>
      </trkpt>
      <trkpt lat="22.61238883249461650848388671875" lon="113.88461085967719554901123046875">
        <ele>28.3999996185302734375</ele>
        <time>2026-09-14T22:46:56.000Z</time>
        <extensions>
          <ns3:TrackPointExtension>
            <ns3:hr>140</ns3:hr>
            <ns3:cad>92</ns3:cad>
          </ns3:TrackPointExtension>
        </extensions>
      </trkpt>
      <trkpt lat="22.612408362329006195068359375" lon="113.88458370231091976165771484375">
        <ele>28.3999996185302734375</ele>
        <time>2026-09-14T22:46:57.000Z</time>
        <extensions>
          <ns3:TrackPointExtension>
            <ns3:hr>140</ns3:hr>
            <ns3:cad>92</ns3:cad>
          </ns3:TrackPointExtension>
        </extensions>
      </trkpt>
      <trkpt lat="22.6124274730682373046875" lon="113.88455704785883426666259765625">
        <ele>28.3999996185302734375</ele>
        <time>2026-09-14T22:46:58.000Z</time>
        <extensions>
          <ns3:TrackPointExtension>
            <ns3:hr>139</ns3:hr>
            <ns3:cad>92</ns3:cad>
          </ns3:TrackPointExtension>
        </extensions>
      </trkpt>
      <trkpt lat="22.61244482360780239105224609375" lon="113.88453416526317596435546875">
        <ele>28.3999996185302734375</ele>
        <time>2026-09-14T22:46:59.000Z</time>
        <extensions>
          <ns3:TrackPointExtension>
            <ns3:hr>139</ns3:hr>
            <ns3:cad>93</ns3:cad>
          </ns3:TrackPointExtension>
        </extensions>
      </trkpt>
      <trkpt lat="22.6124594919383525848388671875" lon="113.8845008052885532379150390625">
        <ele>28.6000003814697265625</ele>
        <time>2026-09-14T22:47:00.000Z</time>
        <extensions>
          <ns3:TrackPointExtension>
            <ns3:hr>139</ns3:hr>
            <ns3:cad>93</ns3:cad>
          </ns3:TrackPointExtension>
        </extensions>
      </trkpt>
      <trkpt lat="22.61246393434703350067138671875" lon="113.88447389937937259674072265625">
        <ele>28.6000003814697265625</ele>
        <time>2026-09-14T22:47:01.000Z</time>
        <extensions>
          <ns3:TrackPointExtension>
            <ns3:hr>138</ns3:hr>
            <ns3:cad>93</ns3:cad>
          </ns3:TrackPointExtension>
        </extensions>
      </trkpt>
      <trkpt lat="22.61247851885855197906494140625" lon="113.884437941014766693115234375">
        <ele>28.3999996185302734375</ele>
        <time>2026-09-14T22:47:02.000Z</time>
        <extensions>
          <ns3:TrackPointExtension>
            <ns3:hr>138</ns3:hr>
            <ns3:cad>93</ns3:cad>
          </ns3:TrackPointExtension>
        </extensions>
      </trkpt>
      <trkpt lat="22.61248505674302577972412109375" lon="113.88440935872495174407958984375">
        <ele>28.3999996185302734375</ele>
        <time>2026-09-14T22:47:03.000Z</time>
        <extensions>
          <ns3:TrackPointExtension>
            <ns3:hr>138</ns3:hr>
            <ns3:cad>93</ns3:cad>
          </ns3:TrackPointExtension>
        </extensions>
      </trkpt>
      <trkpt lat="22.6124933548271656036376953125" lon="113.8843806087970733642578125">
        <ele>28.6000003814697265625</ele>
        <time>2026-09-14T22:47:04.000Z</time>
        <extensions>
          <ns3:TrackPointExtension>
            <ns3:hr>138</ns3:hr>
            <ns3:cad>95</ns3:cad>
          </ns3:TrackPointExtension>
        </extensions>
      </trkpt>
      <trkpt lat="22.6124967075884342193603515625" lon="113.88435152359306812286376953125">
        <ele>28.3999996185302734375</ele>
        <time>2026-09-14T22:47:05.000Z</time>
        <extensions>
          <ns3:TrackPointExtension>
            <ns3:hr>137</ns3:hr>
            <ns3:cad>95</ns3:cad>
          </ns3:TrackPointExtension>
        </extensions>
      </trkpt>
      <trkpt lat="22.61251204647123813629150390625" lon="113.88432252220809459686279296875">
        <ele>28.3999996185302734375</ele>
        <time>2026-09-14T22:47:06.000Z</time>
        <extensions>
          <ns3:TrackPointExtension>
            <ns3:hr>137</ns3:hr>
            <ns3:cad>95</ns3:cad>
          </ns3:TrackPointExtension>
        </extensions>
      </trkpt>
      <trkpt lat="22.6125231944024562835693359375" lon="113.884292431175708770751953125">
        <ele>28.3999996185302734375</ele>
        <time>2026-09-14T22:47:07.000Z</time>
        <extensions>
          <ns3:TrackPointExtension>
            <ns3:hr>137</ns3:hr>
            <ns3:cad>95</ns3:cad>
          </ns3:TrackPointExtension>
        </extensions>
      </trkpt>
      <trkpt lat="22.6125349290668964385986328125" lon="113.88426728546619415283203125">
        <ele>28.3999996185302734375</ele>
        <time>2026-09-14T22:47:08.000Z</time>
        <extensions>
          <ns3:TrackPointExtension>
            <ns3:hr>137</ns3:hr>
            <ns3:cad>93</ns3:cad>
          </ns3:TrackPointExtension>
        </extensions>
      </trkpt>
      <trkpt lat="22.61254691518843173980712890625" lon="113.88423434458673000335693359375">
        <ele>28.3999996185302734375</ele>
        <time>2026-09-14T22:47:09.000Z</time>
        <extensions>
          <ns3:TrackPointExtension>
            <ns3:hr>137</ns3:hr>
            <ns3:cad>93</ns3:cad>
          </ns3:TrackPointExtension>
        </extensions>
      </trkpt>
      <trkpt lat="22.61255345307290554046630859375" lon="113.88420936651527881622314453125">
        <ele>28.3999996185302734375</ele>
        <time>2026-09-14T22:47:10.000Z</time>
        <extensions>
          <ns3:TrackPointExtension>
            <ns3:hr>137</ns3:hr>
            <ns3:cad>93</ns3:cad>
          </ns3:TrackPointExtension>
        </extensions>
      </trkpt>
      <trkpt lat="22.61256636120378971099853515625" lon="113.88417064212262630462646484375">
        <ele>28.6000003814697265625</ele>
        <time>2026-09-14T22:47:11.000Z</time>
        <extensions>
          <ns3:TrackPointExtension>
            <ns3:hr>137</ns3:hr>
            <ns3:cad>92</ns3:cad>
          </ns3:TrackPointExtension>
        </extensions>
      </trkpt>
      <trkpt lat="22.61257298290729522705078125" lon="113.88414432294666767120361328125">
        <ele>28.6000003814697265625</ele>
        <time>2026-09-14T22:47:12.000Z</time>
        <extensions>
          <ns3:TrackPointExtension>
            <ns3:hr>137</ns3:hr>
            <ns3:cad>92</ns3:cad>
          </ns3:TrackPointExtension>
        </extensions>
      </trkpt>
      <trkpt lat="22.61258631013333797454833984375" lon="113.88410844840109348297119140625">
        <ele>28.6000003814697265625</ele>
        <time>2026-09-14T22:47:13.000Z</time>
        <extensions>
          <ns3:TrackPointExtension>
            <ns3:hr>137</ns3:hr>
            <ns3:cad>92</ns3:cad>
          </ns3:TrackPointExtension>
        </extensions>
      </trkpt>
      <trkpt lat="22.6125952787697315216064453125" lon="113.88408279977738857269287109375">
        <ele>28.3999996185302734375</ele>
        <time>2026-09-14T22:47:14.000Z</time>
        <extensions>
          <ns3:TrackPointExtension>
            <ns3:hr>137</ns3:hr>
            <ns3:cad>93</ns3:cad>
          </ns3:TrackPointExtension>
        </extensions>
      </trkpt>
      <trkpt lat="22.612606175243854522705078125" lon="113.88404860161244869232177734375">
        <ele>28.3999996185302734375</ele>
        <time>2026-09-14T22:47:15.000Z</time>
        <extensions>
          <ns3:TrackPointExtension>
            <ns3:hr>138</ns3:hr>
            <ns3:cad>93</ns3:cad>
          </ns3:TrackPointExtension>
        </extensions>
      </trkpt>
      <trkpt lat="22.61261145584285259246826171875" lon="113.88401842676103115081787109375">
        <ele>28.3999996185302734375</ele>
        <time>2026-09-14T22:47:16.000Z</time>
        <extensions>
          <ns3:TrackPointExtension>
            <ns3:hr>138</ns3:hr>
            <ns3:cad>93</ns3:cad>
          </ns3:TrackPointExtension>
        </extensions>
      </trkpt>
      <trkpt lat="22.6126180775463581085205078125" lon="113.8839885033667087554931640625">
        <ele>28.3999996185302734375</ele>
        <time>2026-09-14T22:47:17.000Z</time>
        <extensions>
          <ns3:TrackPointExtension>
            <ns3:hr>138</ns3:hr>
            <ns3:cad>92</ns3:cad>
          </ns3:TrackPointExtension>
        </extensions>
      </trkpt>
      <trkpt lat="22.61261648498475551605224609375" lon="113.88395874761044979095458984375">
        <ele>28.200000762939453125</ele>
        <time>2026-09-14T22:47:18.000Z</time>
        <extensions>
          <ns3:TrackPointExtension>
            <ns3:hr>138</ns3:hr>
            <ns3:cad>93</ns3:cad>
          </ns3:TrackPointExtension>
        </extensions>
      </trkpt>
      <trkpt lat="22.61261631734669208526611328125" lon="113.88392723165452480316162109375">
        <ele>28.200000762939453125</ele>
        <time>2026-09-14T22:47:19.000Z</time>
        <extensions>
          <ns3:TrackPointExtension>
            <ns3:hr>137</ns3:hr>
            <ns3:cad>94</ns3:cad>
          </ns3:TrackPointExtension>
        </extensions>
      </trkpt>
      <trkpt lat="22.61261246167123317718505859375" lon="113.8838951289653778076171875">
        <ele>28.200000762939453125</ele>
        <time>2026-09-14T22:47:20.000Z</time>
        <extensions>
          <ns3:TrackPointExtension>
            <ns3:hr>138</ns3:hr>
            <ns3:cad>94</ns3:cad>
          </ns3:TrackPointExtension>
        </extensions>
      </trkpt>
      <trkpt lat="22.61261145584285259246826171875" lon="113.88387434184551239013671875">
        <ele>28.200000762939453125</ele>
        <time>2026-09-14T22:47:21.000Z</time>
        <extensions>
          <ns3:TrackPointExtension>
            <ns3:hr>138</ns3:hr>
            <ns3:cad>94</ns3:cad>
          </ns3:TrackPointExtension>
        </extensions>
      </trkpt>
      <trkpt lat="22.6125993020832538604736328125" lon="113.883847184479236602783203125">
        <ele>28</ele>
        <time>2026-09-14T22:47:22.000Z</time>
        <extensions>
          <ns3:TrackPointExtension>
            <ns3:hr>138</ns3:hr>
            <ns3:cad>92</ns3:cad>
          </ns3:TrackPointExtension>
        </extensions>
      </trkpt>
      <trkpt lat="22.61259167455136775970458984375" lon="113.8838238827884197235107421875">
        <ele>27.799999237060546875</ele>
        <time>2026-09-14T22:47:23.000Z</time>
        <extensions>
          <ns3:TrackPointExtension>
            <ns3:hr>138</ns3:hr>
            <ns3:cad>92</ns3:cad>
          </ns3:TrackPointExtension>
        </extensions>
      </trkpt>
      <trkpt lat="22.61257968842983245849609375" lon="113.8837990723550319671630859375">
        <ele>27.6000003814697265625</ele>
        <time>2026-09-14T22:47:24.000Z</time>
        <extensions>
          <ns3:TrackPointExtension>
            <ns3:hr>137</ns3:hr>
            <ns3:cad>92</ns3:cad>
          </ns3:TrackPointExtension>
        </extensions>
      </trkpt>
      <trkpt lat="22.61256887577474117279052734375" lon="113.88377887196838855743408203125">
        <ele>27.200000762939453125</ele>
        <time>2026-09-14T22:47:25.000Z</time>
        <extensions>
          <ns3:TrackPointExtension>
            <ns3:hr>138</ns3:hr>
            <ns3:cad>91</ns3:cad>
          </ns3:TrackPointExtension>
        </extensions>
      </trkpt>
      <trkpt lat="22.61255596764385700225830078125" lon="113.88375674374401569366455078125">
        <ele>27</ele>
        <time>2026-09-14T22:47:26.000Z</time>
        <extensions>
          <ns3:TrackPointExtension>
            <ns3:hr>138</ns3:hr>
            <ns3:cad>91</ns3:cad>
          </ns3:TrackPointExtension>
        </extensions>
      </trkpt>
      <trkpt lat="22.61253786273300647735595703125" lon="113.883734531700611114501953125">
        <ele>26.6000003814697265625</ele>
        <time>2026-09-14T22:47:27.000Z</time>
        <extensions>
          <ns3:TrackPointExtension>
            <ns3:hr>138</ns3:hr>
            <ns3:cad>91</ns3:cad>
          </ns3:TrackPointExtension>
        </extensions>
      </trkpt>
      <trkpt lat="22.61251120828092098236083984375" lon="113.883723802864551544189453125">
        <ele>26.3999996185302734375</ele>
        <time>2026-09-14T22:47:28.000Z</time>
        <extensions>
          <ns3:TrackPointExtension>
            <ns3:hr>137</ns3:hr>
            <ns3:cad>89</ns3:cad>
          </ns3:TrackPointExtension>
        </extensions>
      </trkpt>
      <trkpt lat="22.61249260045588016510009765625" lon="113.88371701352298259735107421875">
        <ele>26.200000762939453125</ele>
        <time>2026-09-14T22:47:29.000Z</time>
        <extensions>
          <ns3:TrackPointExtension>
            <ns3:hr>137</ns3:hr>
            <ns3:cad>88</ns3:cad>
          </ns3:TrackPointExtension>
        </extensions>
      </trkpt>
      <trkpt lat="22.61246703565120697021484375" lon="113.88372288085520267486572265625">
        <ele>26</ele>
        <time>2026-09-14T22:47:30.000Z</time>
        <extensions>
          <ns3:TrackPointExtension>
            <ns3:hr>137</ns3:hr>
            <ns3:cad>89</ns3:cad>
          </ns3:TrackPointExtension>
        </extensions>
      </trkpt>
      <trkpt lat="22.61244046501815319061279296875" lon="113.88373126275837421417236328125">
        <ele>25.6000003814697265625</ele>
        <time>2026-09-14T22:47:31.000Z</time>
        <extensions>
          <ns3:TrackPointExtension>
            <ns3:hr>136</ns3:hr>
            <ns3:cad>89</ns3:cad>
          </ns3:TrackPointExtension>
        </extensions>
      </trkpt>
      <trkpt lat="22.61241205036640167236328125" lon="113.8837449252605438232421875">
        <ele>25.3999996185302734375</ele>
        <time>2026-09-14T22:47:32.000Z</time>
        <extensions>
          <ns3:TrackPointExtension>
            <ns3:hr>136</ns3:hr>
            <ns3:cad>89</ns3:cad>
          </ns3:TrackPointExtension>
        </extensions>
      </trkpt>
      <trkpt lat="22.61238656938076019287109375" lon="113.88375909067690372467041015625">
        <ele>25.200000762939453125</ele>
        <time>2026-09-14T22:47:33.000Z</time>
        <extensions>
          <ns3:TrackPointExtension>
            <ns3:hr>136</ns3:hr>
            <ns3:cad>90</ns3:cad>
          </ns3:TrackPointExtension>
        </extensions>
      </trkpt>
      <trkpt lat="22.61236234568059444427490234375" lon="113.88376772403717041015625">
        <ele>25</ele>
        <time>2026-09-14T22:47:34.000Z</time>
        <extensions>
          <ns3:TrackPointExtension>
            <ns3:hr>136</ns3:hr>
            <ns3:cad>91</ns3:cad>
          </ns3:TrackPointExtension>
        </extensions>
      </trkpt>
      <trkpt lat="22.6123404689133167266845703125" lon="113.88377266936004161834716796875">
        <ele>24.6000003814697265625</ele>
        <time>2026-09-14T22:47:35.000Z</time>
        <extensions>
          <ns3:TrackPointExtension>
            <ns3:hr>136</ns3:hr>
            <ns3:cad>92</ns3:cad>
          </ns3:TrackPointExtension>
        </extensions>
      </trkpt>
      <trkpt lat="22.61231414973735809326171875" lon="113.88377401046454906463623046875">
        <ele>24.3999996185302734375</ele>
        <time>2026-09-14T22:47:36.000Z</time>
        <extensions>
          <ns3:TrackPointExtension>
            <ns3:hr>136</ns3:hr>
            <ns3:cad>92</ns3:cad>
          </ns3:TrackPointExtension>
        </extensions>
      </trkpt>
      <trkpt lat="22.61228774674236774444580078125" lon="113.88377551920711994171142578125">
        <ele>24</ele>
        <time>2026-09-14T22:47:37.000Z</time>
        <extensions>
          <ns3:TrackPointExtension>
            <ns3:hr>135</ns3:hr>
            <ns3:cad>91</ns3:cad>
          </ns3:TrackPointExtension>
        </extensions>
      </trkpt>
      <trkpt lat="22.61225723661482334136962890625" lon="113.88377568684518337249755859375">
        <ele>23.799999237060546875</ele>
        <time>2026-09-14T22:47:38.000Z</time>
        <extensions>
          <ns3:TrackPointExtension>
            <ns3:hr>135</ns3:hr>
            <ns3:cad>91</ns3:cad>
          </ns3:TrackPointExtension>
        </extensions>
      </trkpt>
      <trkpt lat="22.612227983772754669189453125" lon="113.883776105940341949462890625">
        <ele>23.6000003814697265625</ele>
        <time>2026-09-14T22:47:39.000Z</time>
        <extensions>
          <ns3:TrackPointExtension>
            <ns3:hr>135</ns3:hr>
            <ns3:cad>90</ns3:cad>
          </ns3:TrackPointExtension>
        </extensions>
      </trkpt>
      <trkpt lat="22.61219353415071964263916015625" lon="113.88377149589359760284423828125">
        <ele>23.200000762939453125</ele>
        <time>2026-09-14T22:47:40.000Z</time>
        <extensions>
          <ns3:TrackPointExtension>
            <ns3:hr>135</ns3:hr>
            <ns3:cad>90</ns3:cad>
          </ns3:TrackPointExtension>
        </extensions>
      </trkpt>
      <trkpt lat="22.612162269651889801025390625" lon="113.88376814313232898712158203125">
        <ele>23.200000762939453125</ele>
        <time>2026-09-14T22:47:41.000Z</time>
        <extensions>
          <ns3:TrackPointExtension>
            <ns3:hr>134</ns3:hr>
            <ns3:cad>90</ns3:cad>
          </ns3:TrackPointExtension>
        </extensions>
      </trkpt>
      <trkpt lat="22.61213234625756740570068359375" lon="113.88376596383750438690185546875">
        <ele>23</ele>
        <time>2026-09-14T22:47:42.000Z</time>
        <extensions>
          <ns3:TrackPointExtension>
            <ns3:hr>133</ns3:hr>
            <ns3:cad>91</ns3:cad>
          </ns3:TrackPointExtension>
        </extensions>
      </trkpt>
      <trkpt lat="22.612107954919338226318359375" lon="113.88376562856137752532958984375">
        <ele>23</ele>
        <time>2026-09-14T22:47:43.000Z</time>
        <extensions>
          <ns3:TrackPointExtension>
            <ns3:hr>133</ns3:hr>
            <ns3:cad>91</ns3:cad>
          </ns3:TrackPointExtension>
        </extensions>
      </trkpt>
      <trkpt lat="22.61208079755306243896484375" lon="113.883760683238506317138671875">
        <ele>22.799999237060546875</ele>
        <time>2026-09-14T22:47:44.000Z</time>
        <extensions>
          <ns3:TrackPointExtension>
            <ns3:hr>133</ns3:hr>
            <ns3:cad>92</ns3:cad>
          </ns3:TrackPointExtension>
        </extensions>
      </trkpt>
      <trkpt lat="22.6120559871196746826171875" lon="113.88375691138207912445068359375">
        <ele>22.799999237060546875</ele>
        <time>2026-09-14T22:47:45.000Z</time>
        <extensions>
          <ns3:TrackPointExtension>
            <ns3:hr>133</ns3:hr>
            <ns3:cad>93</ns3:cad>
          </ns3:TrackPointExtension>
        </extensions>
      </trkpt>
      <trkpt lat="22.61202790774405002593994140625" lon="113.88375389389693737030029296875">
        <ele>22.799999237060546875</ele>
        <time>2026-09-14T22:47:46.000Z</time>
        <extensions>
          <ns3:TrackPointExtension>
            <ns3:hr>133</ns3:hr>
            <ns3:cad>93</ns3:cad>
          </ns3:TrackPointExtension>
        </extensions>
      </trkpt>
      <trkpt lat="22.61200594715774059295654296875" lon="113.88375557027757167816162109375">
        <ele>22.6000003814697265625</ele>
        <time>2026-09-14T22:47:47.000Z</time>
        <extensions>
          <ns3:TrackPointExtension>
            <ns3:hr>133</ns3:hr>
            <ns3:cad>92</ns3:cad>
          </ns3:TrackPointExtension>
        </extensions>
      </trkpt>
      <trkpt lat="22.61197878979146480560302734375" lon="113.88375305570662021636962890625">
        <ele>22.6000003814697265625</ele>
        <time>2026-09-14T22:47:48.000Z</time>
        <extensions>
          <ns3:TrackPointExtension>
            <ns3:hr>132</ns3:hr>
            <ns3:cad>92</ns3:cad>
          </ns3:TrackPointExtension>
        </extensions>
      </trkpt>
      <trkpt lat="22.6119515486061573028564453125" lon="113.8837476074695587158203125">
        <ele>22.6000003814697265625</ele>
        <time>2026-09-14T22:47:49.000Z</time>
        <extensions>
          <ns3:TrackPointExtension>
            <ns3:hr>131</ns3:hr>
            <ns3:cad>92</ns3:cad>
          </ns3:TrackPointExtension>
        </extensions>
      </trkpt>
      <trkpt lat="22.61192497797310352325439453125" lon="113.8837400637567043304443359375">
        <ele>22.6000003814697265625</ele>
        <time>2026-09-14T22:47:50.000Z</time>
        <extensions>
          <ns3:TrackPointExtension>
            <ns3:hr>130</ns3:hr>
            <ns3:cad>92</ns3:cad>
          </ns3:TrackPointExtension>
        </extensions>
      </trkpt>
      <trkpt lat="22.61189698241651058197021484375" lon="113.88374165631830692291259765625">
        <ele>22.6000003814697265625</ele>
        <time>2026-09-14T22:47:51.000Z</time>
        <extensions>
          <ns3:TrackPointExtension>
            <ns3:hr>130</ns3:hr>
            <ns3:cad>92</ns3:cad>
          </ns3:TrackPointExtension>
        </extensions>
      </trkpt>
      <trkpt lat="22.61187083087861537933349609375" lon="113.88373679481446743011474609375">
        <ele>22.6000003814697265625</ele>
        <time>2026-09-14T22:47:52.000Z</time>
        <extensions>
          <ns3:TrackPointExtension>
            <ns3:hr>130</ns3:hr>
            <ns3:cad>92</ns3:cad>
          </ns3:TrackPointExtension>
        </extensions>
      </trkpt>
      <trkpt lat="22.61184250004589557647705078125" lon="113.88373729772865772247314453125">
        <ele>22.6000003814697265625</ele>
        <time>2026-09-14T22:47:53.000Z</time>
        <extensions>
          <ns3:TrackPointExtension>
            <ns3:hr>130</ns3:hr>
            <ns3:cad>92</ns3:cad>
          </ns3:TrackPointExtension>
        </extensions>
      </trkpt>
      <trkpt lat="22.611818946897983551025390625" lon="113.88373444788157939910888671875">
        <ele>22.6000003814697265625</ele>
        <time>2026-09-14T22:47:54.000Z</time>
        <extensions>
          <ns3:TrackPointExtension>
            <ns3:hr>130</ns3:hr>
            <ns3:cad>92</ns3:cad>
          </ns3:TrackPointExtension>
        </extensions>
      </trkpt>
      <trkpt lat="22.61179354973137378692626953125" lon="113.88372908346354961395263671875">
        <ele>22.6000003814697265625</ele>
        <time>2026-09-14T22:47:55.000Z</time>
        <extensions>
          <ns3:TrackPointExtension>
            <ns3:hr>130</ns3:hr>
            <ns3:cad>91</ns3:cad>
          </ns3:TrackPointExtension>
        </extensions>
      </trkpt>
      <trkpt lat="22.61177209205925464630126953125" lon="113.88372606597840785980224609375">
        <ele>22.3999996185302734375</ele>
        <time>2026-09-14T22:47:56.000Z</time>
        <extensions>
          <ns3:TrackPointExtension>
            <ns3:hr>130</ns3:hr>
            <ns3:cad>91</ns3:cad>
          </ns3:TrackPointExtension>
        </extensions>
      </trkpt>
      <trkpt lat="22.61174845509231090545654296875" lon="113.88372371904551982879638671875">
        <ele>22.3999996185302734375</ele>
        <time>2026-09-14T22:47:57.000Z</time>
        <extensions>
          <ns3:TrackPointExtension>
            <ns3:hr>130</ns3:hr>
            <ns3:cad>90</ns3:cad>
          </ns3:TrackPointExtension>
        </extensions>
      </trkpt>
      <trkpt lat="22.611728422343730926513671875" lon="113.883723802864551544189453125">
        <ele>22.3999996185302734375</ele>
        <time>2026-09-14T22:47:58.000Z</time>
        <extensions>
          <ns3:TrackPointExtension>
            <ns3:hr>129</ns3:hr>
            <ns3:cad>90</ns3:cad>
          </ns3:TrackPointExtension>
        </extensions>
      </trkpt>
      <trkpt lat="22.61170319281518459320068359375" lon="113.8837226293981075286865234375">
        <ele>22.3999996185302734375</ele>
        <time>2026-09-14T22:47:59.000Z</time>
        <extensions>
          <ns3:TrackPointExtension>
            <ns3:hr>129</ns3:hr>
            <ns3:cad>93</ns3:cad>
          </ns3:TrackPointExtension>
        </extensions>
      </trkpt>
      <trkpt lat="22.61167846620082855224609375" lon="113.8837243057787418365478515625">
        <ele>22.200000762939453125</ele>
        <time>2026-09-14T22:48:00.000Z</time>
        <extensions>
          <ns3:TrackPointExtension>
            <ns3:hr>129</ns3:hr>
            <ns3:cad>93</ns3:cad>
          </ns3:TrackPointExtension>
        </extensions>
      </trkpt>
      <trkpt lat="22.61165030300617218017578125" lon="113.8837229646742343902587890625">
        <ele>22.200000762939453125</ele>
        <time>2026-09-14T22:48:01.000Z</time>
        <extensions>
          <ns3:TrackPointExtension>
            <ns3:hr>129</ns3:hr>
            <ns3:cad>93</ns3:cad>
          </ns3:TrackPointExtension>
        </extensions>
      </trkpt>
      <trkpt lat="22.61162842623889446258544921875" lon="113.8837273232638835906982421875">
        <ele>22.200000762939453125</ele>
        <time>2026-09-14T22:48:02.000Z</time>
        <extensions>
          <ns3:TrackPointExtension>
            <ns3:hr>129</ns3:hr>
            <ns3:cad>93</ns3:cad>
          </ns3:TrackPointExtension>
        </extensions>
      </trkpt>
      <trkpt lat="22.61159858666360378265380859375" lon="113.88371936045587062835693359375">
        <ele>22</ele>
        <time>2026-09-14T22:48:03.000Z</time>
        <extensions>
          <ns3:TrackPointExtension>
            <ns3:hr>129</ns3:hr>
            <ns3:cad>92</ns3:cad>
          </ns3:TrackPointExtension>
        </extensions>
      </trkpt>
      <trkpt lat="22.61157117784023284912109375" lon="113.8837172649800777435302734375">
        <ele>22</ele>
        <time>2026-09-14T22:48:04.000Z</time>
        <extensions>
          <ns3:TrackPointExtension>
            <ns3:hr>129</ns3:hr>
            <ns3:cad>92</ns3:cad>
          </ns3:TrackPointExtension>
        </extensions>
      </trkpt>
      <trkpt lat="22.6115463674068450927734375" lon="113.88371382839977741241455078125">
        <ele>22</ele>
        <time>2026-09-14T22:48:05.000Z</time>
        <extensions>
          <ns3:TrackPointExtension>
            <ns3:hr>129</ns3:hr>
            <ns3:cad>92</ns3:cad>
          </ns3:TrackPointExtension>
        </extensions>
      </trkpt>
      <trkpt lat="22.61152164079248905181884765625" lon="113.88371282257139682769775390625">
        <ele>22</ele>
        <time>2026-09-14T22:48:06.000Z</time>
        <extensions>
          <ns3:TrackPointExtension>
            <ns3:hr>129</ns3:hr>
            <ns3:cad>92</ns3:cad>
          </ns3:TrackPointExtension>
        </extensions>
      </trkpt>
      <trkpt lat="22.6115006022155284881591796875" lon="113.88371206820011138916015625">
        <ele>22</ele>
        <time>2026-09-14T22:48:07.000Z</time>
        <extensions>
          <ns3:TrackPointExtension>
            <ns3:hr>129</ns3:hr>
            <ns3:cad>93</ns3:cad>
          </ns3:TrackPointExtension>
        </extensions>
      </trkpt>
      <trkpt lat="22.6114761270582675933837890625" lon="113.883711397647857666015625">
        <ele>21.799999237060546875</ele>
        <time>2026-09-14T22:48:08.000Z</time>
        <extensions>
          <ns3:TrackPointExtension>
            <ns3:hr>129</ns3:hr>
            <ns3:cad>93</ns3:cad>
          </ns3:TrackPointExtension>
        </extensions>
      </trkpt>
      <trkpt lat="22.6114489696919918060302734375" lon="113.88371407985687255859375">
        <ele>21.799999237060546875</ele>
        <time>2026-09-14T22:48:09.000Z</time>
        <extensions>
          <ns3:TrackPointExtension>
            <ns3:hr>130</ns3:hr>
            <ns3:cad>93</ns3:cad>
          </ns3:TrackPointExtension>
        </extensions>
      </trkpt>
      <trkpt lat="22.611417956650257110595703125" lon="113.88371030800044536590576171875">
        <ele>21.799999237060546875</ele>
        <time>2026-09-14T22:48:10.000Z</time>
        <extensions>
          <ns3:TrackPointExtension>
            <ns3:hr>130</ns3:hr>
            <ns3:cad>92</ns3:cad>
          </ns3:TrackPointExtension>
        </extensions>
      </trkpt>
      <trkpt lat="22.61139624752104282379150390625" lon="113.88371164910495281219482421875">
        <ele>21.6000003814697265625</ele>
        <time>2026-09-14T22:48:11.000Z</time>
        <extensions>
          <ns3:TrackPointExtension>
            <ns3:hr>130</ns3:hr>
            <ns3:cad>92</ns3:cad>
          </ns3:TrackPointExtension>
        </extensions>
      </trkpt>
      <trkpt lat="22.61136523447930812835693359375" lon="113.8837046921253204345703125">
        <ele>21.6000003814697265625</ele>
        <time>2026-09-14T22:48:12.000Z</time>
        <extensions>
          <ns3:TrackPointExtension>
            <ns3:hr>130</ns3:hr>
            <ns3:cad>92</ns3:cad>
          </ns3:TrackPointExtension>
        </extensions>
      </trkpt>
      <trkpt lat="22.61133858002722263336181640625" lon="113.883708380162715911865234375">
        <ele>21.3999996185302734375</ele>
        <time>2026-09-14T22:48:13.000Z</time>
        <extensions>
          <ns3:TrackPointExtension>
            <ns3:hr>130</ns3:hr>
            <ns3:cad>94</ns3:cad>
          </ns3:TrackPointExtension>
        </extensions>
      </trkpt>
      <trkpt lat="22.61130698025226593017578125" lon="113.8837062008678913116455078125">
        <ele>21.3999996185302734375</ele>
        <time>2026-09-14T22:48:14.000Z</time>
        <extensions>
          <ns3:TrackPointExtension>
            <ns3:hr>130</ns3:hr>
            <ns3:cad>94</ns3:cad>
          </ns3:TrackPointExtension>
        </extensions>
      </trkpt>
      <trkpt lat="22.61128242127597332000732421875" lon="113.88370377011597156524658203125">
        <ele>21.3999996185302734375</ele>
        <time>2026-09-14T22:48:15.000Z</time>
        <extensions>
          <ns3:TrackPointExtension>
            <ns3:hr>131</ns3:hr>
            <ns3:cad>92</ns3:cad>
          </ns3:TrackPointExtension>
        </extensions>
      </trkpt>
      <trkpt lat="22.61125425808131694793701171875" lon="113.88370075263082981109619140625">
        <ele>21.3999996185302734375</ele>
        <time>2026-09-14T22:48:16.000Z</time>
        <extensions>
          <ns3:TrackPointExtension>
            <ns3:hr>131</ns3:hr>
            <ns3:cad>92</ns3:cad>
          </ns3:TrackPointExtension>
        </extensions>
      </trkpt>
      <trkpt lat="22.61122508905827999114990234375" lon="113.8837041892111301422119140625">
        <ele>21.3999996185302734375</ele>
        <time>2026-09-14T22:48:17.000Z</time>
        <extensions>
          <ns3:TrackPointExtension>
            <ns3:hr>131</ns3:hr>
            <ns3:cad>92</ns3:cad>
          </ns3:TrackPointExtension>
        </extensions>
      </trkpt>
      <trkpt lat="22.61119709350168704986572265625" lon="113.88370427303016185760498046875">
        <ele>21.3999996185302734375</ele>
        <time>2026-09-14T22:48:18.000Z</time>
        <extensions>
          <ns3:TrackPointExtension>
            <ns3:hr>131</ns3:hr>
            <ns3:cad>92</ns3:cad>
          </ns3:TrackPointExtension>
        </extensions>
      </trkpt>
      <trkpt lat="22.61116482317447662353515625" lon="113.88370477594435214996337890625">
        <ele>21.200000762939453125</ele>
        <time>2026-09-14T22:48:19.000Z</time>
        <extensions>
          <ns3:TrackPointExtension>
            <ns3:hr>131</ns3:hr>
            <ns3:cad>93</ns3:cad>
          </ns3:TrackPointExtension>
        </extensions>
      </trkpt>
      <trkpt lat="22.6111368276178836822509765625" lon="113.88370268046855926513671875">
        <ele>21.200000762939453125</ele>
        <time>2026-09-14T22:48:20.000Z</time>
        <extensions>
          <ns3:TrackPointExtension>
            <ns3:hr>131</ns3:hr>
            <ns3:cad>93</ns3:cad>
          </ns3:TrackPointExtension>
        </extensions>
      </trkpt>
      <trkpt lat="22.61109919287264347076416015625" lon="113.88370024971663951873779296875">
        <ele>21</ele>
        <time>2026-09-14T22:48:21.000Z</time>
        <extensions>
          <ns3:TrackPointExtension>
            <ns3:hr>132</ns3:hr>
            <ns3:cad>93</ns3:cad>
          </ns3:TrackPointExtension>
        </extensions>
      </trkpt>
      <trkpt lat="22.61106382124125957489013671875" lon="113.8836993277072906494140625">
        <ele>21</ele>
        <time>2026-09-14T22:48:22.000Z</time>
        <extensions>
          <ns3:TrackPointExtension>
            <ns3:hr>132</ns3:hr>
            <ns3:cad>93</ns3:cad>
          </ns3:TrackPointExtension>
        </extensions>
      </trkpt>
      <trkpt lat="22.61102928780019283294677734375" lon="113.88369974680244922637939453125">
        <ele>21</ele>
        <time>2026-09-14T22:48:23.000Z</time>
        <extensions>
          <ns3:TrackPointExtension>
            <ns3:hr>132</ns3:hr>
            <ns3:cad>93</ns3:cad>
          </ns3:TrackPointExtension>
        </extensions>
      </trkpt>
      <trkpt lat="22.6110003702342510223388671875" lon="113.883701674640178680419921875">
        <ele>20.799999237060546875</ele>
        <time>2026-09-14T22:48:24.000Z</time>
        <extensions>
          <ns3:TrackPointExtension>
            <ns3:hr>132</ns3:hr>
            <ns3:cad>93</ns3:cad>
          </ns3:TrackPointExtension>
        </extensions>
      </trkpt>
      <trkpt lat="22.6109624840319156646728515625" lon="113.88369756750762462615966796875">
        <ele>20.799999237060546875</ele>
        <time>2026-09-14T22:48:25.000Z</time>
        <extensions>
          <ns3:TrackPointExtension>
            <ns3:hr>132</ns3:hr>
            <ns3:cad>92</ns3:cad>
          </ns3:TrackPointExtension>
        </extensions>
      </trkpt>
      <trkpt lat="22.61092635802924633026123046875" lon="113.8837031833827495574951171875">
        <ele>20.6000003814697265625</ele>
        <time>2026-09-14T22:48:26.000Z</time>
        <extensions>
          <ns3:TrackPointExtension>
            <ns3:hr>132</ns3:hr>
            <ns3:cad>92</ns3:cad>
          </ns3:TrackPointExtension>
        </extensions>
      </trkpt>
      <trkpt lat="22.610896937549114227294921875" lon="113.88369823805987834930419921875">
        <ele>20.6000003814697265625</ele>
        <time>2026-09-14T22:48:27.000Z</time>
        <extensions>
          <ns3:TrackPointExtension>
            <ns3:hr>132</ns3:hr>
            <ns3:cad>92</ns3:cad>
          </ns3:TrackPointExtension>
        </extensions>
      </trkpt>
      <trkpt lat="22.61086642742156982421875" lon="113.88369907625019550323486328125">
        <ele>20.3999996185302734375</ele>
        <time>2026-09-14T22:48:28.000Z</time>
        <extensions>
          <ns3:TrackPointExtension>
            <ns3:hr>132</ns3:hr>
            <ns3:cad>94</ns3:cad>
          </ns3:TrackPointExtension>
        </extensions>
      </trkpt>
      <trkpt lat="22.6108424551784992218017578125" lon="113.88370268046855926513671875">
        <ele>20.200000762939453125</ele>
        <time>2026-09-14T22:48:29.000Z</time>
        <extensions>
          <ns3:TrackPointExtension>
            <ns3:hr>133</ns3:hr>
            <ns3:cad>94</ns3:cad>
          </ns3:TrackPointExtension>
        </extensions>
      </trkpt>
      <trkpt lat="22.61080331169068813323974609375" lon="113.8837051950395107269287109375">
        <ele>20.200000762939453125</ele>
        <time>2026-09-14T22:48:30.000Z</time>
        <extensions>
          <ns3:TrackPointExtension>
            <ns3:hr>133</ns3:hr>
            <ns3:cad>95</ns3:cad>
          </ns3:TrackPointExtension>
        </extensions>
      </trkpt>
      <trkpt lat="22.61077665723860263824462890625" lon="113.88371206820011138916015625">
        <ele>20</ele>
        <time>2026-09-14T22:48:31.000Z</time>
        <extensions>
          <ns3:TrackPointExtension>
            <ns3:hr>133</ns3:hr>
            <ns3:cad>95</ns3:cad>
          </ns3:TrackPointExtension>
        </extensions>
      </trkpt>
      <trkpt lat="22.610736675560474395751953125" lon="113.88371718116104602813720703125">
        <ele>20</ele>
        <time>2026-09-14T22:48:32.000Z</time>
        <extensions>
          <ns3:TrackPointExtension>
            <ns3:hr>133</ns3:hr>
            <ns3:cad>93</ns3:cad>
          </ns3:TrackPointExtension>
        </extensions>
      </trkpt>
      <trkpt lat="22.6107120327651500701904296875" lon="113.8837310113012790679931640625">
        <ele>19.799999237060546875</ele>
        <time>2026-09-14T22:48:33.000Z</time>
        <extensions>
          <ns3:TrackPointExtension>
            <ns3:hr>133</ns3:hr>
            <ns3:cad>93</ns3:cad>
          </ns3:TrackPointExtension>
        </extensions>
      </trkpt>
      <trkpt lat="22.6106835342943668365478515625" lon="113.8837397284805774688720703125">
        <ele>19.799999237060546875</ele>
        <time>2026-09-14T22:48:34.000Z</time>
        <extensions>
          <ns3:TrackPointExtension>
            <ns3:hr>133</ns3:hr>
            <ns3:cad>93</ns3:cad>
          </ns3:TrackPointExtension>
        </extensions>
      </trkpt>
      <trkpt lat="22.61066081933677196502685546875" lon="113.8837578333914279937744140625">
        <ele>19.799999237060546875</ele>
        <time>2026-09-14T22:48:35.000Z</time>
        <extensions>
          <ns3:TrackPointExtension>
            <ns3:hr>133</ns3:hr>
            <ns3:cad>92</ns3:cad>
          </ns3:TrackPointExtension>
        </extensions>
      </trkpt>
      <trkpt lat="22.61063902638852596282958984375" lon="113.88376864604651927947998046875">
        <ele>19.6000003814697265625</ele>
        <time>2026-09-14T22:48:36.000Z</time>
        <extensions>
          <ns3:TrackPointExtension>
            <ns3:hr>133</ns3:hr>
            <ns3:cad>92</ns3:cad>
          </ns3:TrackPointExtension>
        </extensions>
      </trkpt>
      <trkpt lat="22.61061371304094791412353515625" lon="113.88378038071095943450927734375">
        <ele>19.6000003814697265625</ele>
        <time>2026-09-14T22:48:37.000Z</time>
        <extensions>
          <ns3:TrackPointExtension>
            <ns3:hr>134</ns3:hr>
            <ns3:cad>93</ns3:cad>
          </ns3:TrackPointExtension>
        </extensions>
      </trkpt>
      <trkpt lat="22.6105879805982112884521484375" lon="113.8837890140712261199951171875">
        <ele>19.3999996185302734375</ele>
        <time>2026-09-14T22:48:38.000Z</time>
        <extensions>
          <ns3:TrackPointExtension>
            <ns3:hr>134</ns3:hr>
            <ns3:cad>93</ns3:cad>
          </ns3:TrackPointExtension>
        </extensions>
      </trkpt>
      <trkpt lat="22.6105593144893646240234375" lon="113.88380468823015689849853515625">
        <ele>19.200000762939453125</ele>
        <time>2026-09-14T22:48:39.000Z</time>
        <extensions>
          <ns3:TrackPointExtension>
            <ns3:hr>134</ns3:hr>
            <ns3:cad>93</ns3:cad>
          </ns3:TrackPointExtension>
        </extensions>
      </trkpt>
      <trkpt lat="22.61053609661757946014404296875" lon="113.883817009627819061279296875">
        <ele>19</ele>
        <time>2026-09-14T22:48:40.000Z</time>
        <extensions>
          <ns3:TrackPointExtension>
            <ns3:hr>133</ns3:hr>
            <ns3:cad>93</ns3:cad>
          </ns3:TrackPointExtension>
        </extensions>
      </trkpt>
      <trkpt lat="22.61050164699554443359375" lon="113.88383318670094013214111328125">
        <ele>19</ele>
        <time>2026-09-14T22:48:41.000Z</time>
        <extensions>
          <ns3:TrackPointExtension>
            <ns3:hr>134</ns3:hr>
            <ns3:cad>92</ns3:cad>
          </ns3:TrackPointExtension>
        </extensions>
      </trkpt>
      <trkpt lat="22.61047817766666412353515625" lon="113.88384592719376087188720703125">
        <ele>19</ele>
        <time>2026-09-14T22:48:42.000Z</time>
        <extensions>
          <ns3:TrackPointExtension>
            <ns3:hr>134</ns3:hr>
            <ns3:cad>92</ns3:cad>
          </ns3:TrackPointExtension>
        </extensions>
      </trkpt>
      <trkpt lat="22.610442973673343658447265625" lon="113.883857242763042449951171875">
        <ele>18.799999237060546875</ele>
        <time>2026-09-14T22:48:43.000Z</time>
        <extensions>
          <ns3:TrackPointExtension>
            <ns3:hr>134</ns3:hr>
            <ns3:cad>92</ns3:cad>
          </ns3:TrackPointExtension>
        </extensions>
      </trkpt>
      <trkpt lat="22.6104206778109073638916015625" lon="113.88387191109359264373779296875">
        <ele>18.799999237060546875</ele>
        <time>2026-09-14T22:48:44.000Z</time>
        <extensions>
          <ns3:TrackPointExtension>
            <ns3:hr>135</ns3:hr>
            <ns3:cad>91</ns3:cad>
          </ns3:TrackPointExtension>
        </extensions>
      </trkpt>
      <trkpt lat="22.610387317836284637451171875" lon="113.88388079591095447540283203125">
        <ele>18.799999237060546875</ele>
        <time>2026-09-14T22:48:45.000Z</time>
        <extensions>
          <ns3:TrackPointExtension>
            <ns3:hr>135</ns3:hr>
            <ns3:cad>91</ns3:cad>
          </ns3:TrackPointExtension>
        </extensions>
      </trkpt>
      <trkpt lat="22.610361836850643157958984375" lon="113.88389621861279010772705078125">
        <ele>18.6000003814697265625</ele>
        <time>2026-09-14T22:48:46.000Z</time>
        <extensions>
          <ns3:TrackPointExtension>
            <ns3:hr>135</ns3:hr>
            <ns3:cad>93</ns3:cad>
          </ns3:TrackPointExtension>
        </extensions>
      </trkpt>
      <trkpt lat="22.6103348471224308013916015625" lon="113.8839058578014373779296875">
        <ele>18.6000003814697265625</ele>
        <time>2026-09-14T22:48:47.000Z</time>
        <extensions>
          <ns3:TrackPointExtension>
            <ns3:hr>135</ns3:hr>
            <ns3:cad>94</ns3:cad>
          </ns3:TrackPointExtension>
        </extensions>
      </trkpt>
      <trkpt lat="22.610308192670345306396484375" lon="113.883920609951019287109375">
        <ele>18.6000003814697265625</ele>
        <time>2026-09-14T22:48:48.000Z</time>
        <extensions>
          <ns3:TrackPointExtension>
            <ns3:hr>135</ns3:hr>
            <ns3:cad>94</ns3:cad>
          </ns3:TrackPointExtension>
        </extensions>
      </trkpt>
      <trkpt lat="22.61028296314179897308349609375" lon="113.88393360190093517303466796875">
        <ele>18.6000003814697265625</ele>
        <time>2026-09-14T22:48:49.000Z</time>
        <extensions>
          <ns3:TrackPointExtension>
            <ns3:hr>135</ns3:hr>
            <ns3:cad>94</ns3:cad>
          </ns3:TrackPointExtension>
        </extensions>
      </trkpt>
      <trkpt lat="22.610257565975189208984375" lon="113.88394382782280445098876953125">
        <ele>18.3999996185302734375</ele>
        <time>2026-09-14T22:48:50.000Z</time>
        <extensions>
          <ns3:TrackPointExtension>
            <ns3:hr>134</ns3:hr>
            <ns3:cad>94</ns3:cad>
          </ns3:TrackPointExtension>
        </extensions>
      </trkpt>
      <trkpt lat="22.61023401282727718353271484375" lon="113.883954472839832305908203125">
        <ele>18.3999996185302734375</ele>
        <time>2026-09-14T22:48:51.000Z</time>
        <extensions>
          <ns3:TrackPointExtension>
            <ns3:hr>134</ns3:hr>
            <ns3:cad>93</ns3:cad>
          </ns3:TrackPointExtension>
        </extensions>
      </trkpt>
      <trkpt lat="22.61020123958587646484375" lon="113.8839683867990970611572265625">
        <ele>18.3999996185302734375</ele>
        <time>2026-09-14T22:48:52.000Z</time>
        <extensions>
          <ns3:TrackPointExtension>
            <ns3:hr>134</ns3:hr>
            <ns3:cad>92</ns3:cad>
          </ns3:TrackPointExtension>
        </extensions>
      </trkpt>
      <trkpt lat="22.6101806201040744781494140625" lon="113.88398070819675922393798828125">
        <ele>18.3999996185302734375</ele>
        <time>2026-09-14T22:48:53.000Z</time>
        <extensions>
          <ns3:TrackPointExtension>
            <ns3:hr>134</ns3:hr>
            <ns3:cad>92</ns3:cad>
          </ns3:TrackPointExtension>
        </extensions>
      </trkpt>
      <trkpt lat="22.61014902032911777496337890625" lon="113.8839854858815670013427734375">
        <ele>18.200000762939453125</ele>
        <time>2026-09-14T22:48:54.000Z</time>
        <extensions>
          <ns3:TrackPointExtension>
            <ns3:hr>133</ns3:hr>
            <ns3:cad>92</ns3:cad>
          </ns3:TrackPointExtension>
        </extensions>
      </trkpt>
      <trkpt lat="22.61012588627636432647705078125" lon="113.883998729288578033447265625">
        <ele>18.200000762939453125</ele>
        <time>2026-09-14T22:48:55.000Z</time>
        <extensions>
          <ns3:TrackPointExtension>
            <ns3:hr>134</ns3:hr>
            <ns3:cad>93</ns3:cad>
          </ns3:TrackPointExtension>
        </extensions>
      </trkpt>
      <trkpt lat="22.61009654961526393890380859375" lon="113.88400551863014698028564453125">
        <ele>18.200000762939453125</ele>
        <time>2026-09-14T22:48:56.000Z</time>
        <extensions>
          <ns3:TrackPointExtension>
            <ns3:hr>133</ns3:hr>
            <ns3:cad>93</ns3:cad>
          </ns3:TrackPointExtension>
        </extensions>
      </trkpt>
      <trkpt lat="22.61007693596184253692626953125" lon="113.88402110897004604339599609375">
        <ele>18.200000762939453125</ele>
        <time>2026-09-14T22:48:57.000Z</time>
        <extensions>
          <ns3:TrackPointExtension>
            <ns3:hr>133</ns3:hr>
            <ns3:cad>93</ns3:cad>
          </ns3:TrackPointExtension>
        </extensions>
      </trkpt>
      <trkpt lat="22.6100558973848819732666015625" lon="113.884034939110279083251953125">
        <ele>18.200000762939453125</ele>
        <time>2026-09-14T22:48:58.000Z</time>
        <extensions>
          <ns3:TrackPointExtension>
            <ns3:hr>132</ns3:hr>
            <ns3:cad>92</ns3:cad>
          </ns3:TrackPointExtension>
        </extensions>
      </trkpt>
      <trkpt lat="22.61002932675182819366455078125" lon="113.8840520381927490234375">
        <ele>18.200000762939453125</ele>
        <time>2026-09-14T22:48:59.000Z</time>
        <extensions>
          <ns3:TrackPointExtension>
            <ns3:hr>132</ns3:hr>
            <ns3:cad>92</ns3:cad>
          </ns3:TrackPointExtension>
        </extensions>
      </trkpt>
      <trkpt lat="22.61000812053680419921875" lon="113.88406301848590373992919921875">
        <ele>18.200000762939453125</ele>
        <time>2026-09-14T22:49:00.000Z</time>
        <extensions>
          <ns3:TrackPointExtension>
            <ns3:hr>132</ns3:hr>
            <ns3:cad>92</ns3:cad>
          </ns3:TrackPointExtension>
        </extensions>
      </trkpt>
      <trkpt lat="22.60998054407536983489990234375" lon="113.884081207215785980224609375">
        <ele>18.200000762939453125</ele>
        <time>2026-09-14T22:49:01.000Z</time>
        <extensions>
          <ns3:TrackPointExtension>
            <ns3:hr>133</ns3:hr>
            <ns3:cad>92</ns3:cad>
          </ns3:TrackPointExtension>
        </extensions>
      </trkpt>
      <trkpt lat="22.6099566556513309478759765625" lon="113.8840921036899089813232421875">
        <ele>18</ele>
        <time>2026-09-14T22:49:02.000Z</time>
        <extensions>
          <ns3:TrackPointExtension>
            <ns3:hr>133</ns3:hr>
            <ns3:cad>92</ns3:cad>
          </ns3:TrackPointExtension>
        </extensions>
      </trkpt>
      <trkpt lat="22.60992254130542278289794921875" lon="113.88410660438239574432373046875">
        <ele>18</ele>
        <time>2026-09-14T22:49:03.000Z</time>
        <extensions>
          <ns3:TrackPointExtension>
            <ns3:hr>133</ns3:hr>
            <ns3:cad>92</ns3:cad>
          </ns3:TrackPointExtension>
        </extensions>
      </trkpt>
      <trkpt lat="22.60990175418555736541748046875" lon="113.88411934487521648406982421875">
        <ele>17.799999237060546875</ele>
        <time>2026-09-14T22:49:04.000Z</time>
        <extensions>
          <ns3:TrackPointExtension>
            <ns3:hr>133</ns3:hr>
            <ns3:cad>92</ns3:cad>
          </ns3:TrackPointExtension>
        </extensions>
      </trkpt>
      <trkpt lat="22.6098698191344738006591796875" lon="113.8841326721012592315673828125">
        <ele>17.799999237060546875</ele>
        <time>2026-09-14T22:49:05.000Z</time>
        <extensions>
          <ns3:TrackPointExtension>
            <ns3:hr>133</ns3:hr>
            <ns3:cad>92</ns3:cad>
          </ns3:TrackPointExtension>
        </extensions>
      </trkpt>
      <trkpt lat="22.60984760709106922149658203125" lon="113.8841548003256320953369140625">
        <ele>17.799999237060546875</ele>
        <time>2026-09-14T22:49:06.000Z</time>
        <extensions>
          <ns3:TrackPointExtension>
            <ns3:hr>133</ns3:hr>
            <ns3:cad>92</ns3:cad>
          </ns3:TrackPointExtension>
        </extensions>
      </trkpt>
      <trkpt lat="22.60982011444866657257080078125" lon="113.8841688819229602813720703125">
        <ele>17.6000003814697265625</ele>
        <time>2026-09-14T22:49:07.000Z</time>
        <extensions>
          <ns3:TrackPointExtension>
            <ns3:hr>134</ns3:hr>
            <ns3:cad>93</ns3:cad>
          </ns3:TrackPointExtension>
        </extensions>
      </trkpt>
      <trkpt lat="22.60979496873915195465087890625" lon="113.8841873221099376678466796875">
        <ele>17.6000003814697265625</ele>
        <time>2026-09-14T22:49:08.000Z</time>
        <extensions>
          <ns3:TrackPointExtension>
            <ns3:hr>133</ns3:hr>
            <ns3:cad>92</ns3:cad>
          </ns3:TrackPointExtension>
        </extensions>
      </trkpt>
      <trkpt lat="22.60976336896419525146484375" lon="113.8841993920505046844482421875">
        <ele>17.6000003814697265625</ele>
        <time>2026-09-14T22:49:09.000Z</time>
        <extensions>
          <ns3:TrackPointExtension>
            <ns3:hr>133</ns3:hr>
            <ns3:cad>92</ns3:cad>
          </ns3:TrackPointExtension>
        </extensions>
      </trkpt>
      <trkpt lat="22.60973386466503143310546875" lon="113.8842178322374820709228515625">
        <ele>17.3999996185302734375</ele>
        <time>2026-09-14T22:49:10.000Z</time>
        <extensions>
          <ns3:TrackPointExtension>
            <ns3:hr>134</ns3:hr>
            <ns3:cad>92</ns3:cad>
          </ns3:TrackPointExtension>
        </extensions>
      </trkpt>
      <trkpt lat="22.60970972478389739990234375" lon="113.8842329196631908416748046875">
        <ele>17.3999996185302734375</ele>
        <time>2026-09-14T22:49:11.000Z</time>
        <extensions>
          <ns3:TrackPointExtension>
            <ns3:hr>134</ns3:hr>
            <ns3:cad>92</ns3:cad>
          </ns3:TrackPointExtension>
        </extensions>
      </trkpt>
      <trkpt lat="22.60968022048473358154296875" lon="113.8842466659843921661376953125">
        <ele>17.3999996185302734375</ele>
        <time>2026-09-14T22:49:12.000Z</time>
        <extensions>
          <ns3:TrackPointExtension>
            <ns3:hr>134</ns3:hr>
            <ns3:cad>92</ns3:cad>
          </ns3:TrackPointExtension>
        </extensions>
      </trkpt>
      <trkpt lat="22.60965339839458465576171875" lon="113.8842567242681980133056640625">
        <ele>17.3999996185302734375</ele>
        <time>2026-09-14T22:49:13.000Z</time>
        <extensions>
          <ns3:TrackPointExtension>
            <ns3:hr>134</ns3:hr>
            <ns3:cad>93</ns3:cad>
          </ns3:TrackPointExtension>
        </extensions>
      </trkpt>
      <trkpt lat="22.6096280850470066070556640625" lon="113.8842671178281307220458984375">
        <ele>17.200000762939453125</ele>
        <time>2026-09-14T22:49:14.000Z</time>
        <extensions>
          <ns3:TrackPointExtension>
            <ns3:hr>135</ns3:hr>
            <ns3:cad>93</ns3:cad>
          </ns3:TrackPointExtension>
        </extensions>
      </trkpt>
      <trkpt lat="22.60960168205201625823974609375" lon="113.884280361235141754150390625">
        <ele>17.200000762939453125</ele>
        <time>2026-09-14T22:49:15.000Z</time>
        <extensions>
          <ns3:TrackPointExtension>
            <ns3:hr>135</ns3:hr>
            <ns3:cad>94</ns3:cad>
          </ns3:TrackPointExtension>
        </extensions>
      </trkpt>
      <trkpt lat="22.609568573534488677978515625" lon="113.8842932693660259246826171875">
        <ele>17</ele>
        <time>2026-09-14T22:49:16.000Z</time>
        <extensions>
          <ns3:TrackPointExtension>
            <ns3:hr>136</ns3:hr>
            <ns3:cad>94</ns3:cad>
          </ns3:TrackPointExtension>
        </extensions>
      </trkpt>
      <trkpt lat="22.60954099707305431365966796875" lon="113.88431145809590816497802734375">
        <ele>16.799999237060546875</ele>
        <time>2026-09-14T22:49:17.000Z</time>
        <extensions>
          <ns3:TrackPointExtension>
            <ns3:hr>136</ns3:hr>
            <ns3:cad>94</ns3:cad>
          </ns3:TrackPointExtension>
        </extensions>
      </trkpt>
      <trkpt lat="22.60952322743833065032958984375" lon="113.884324617683887481689453125">
        <ele>16.799999237060546875</ele>
        <time>2026-09-14T22:49:18.000Z</time>
        <extensions>
          <ns3:TrackPointExtension>
            <ns3:hr>136</ns3:hr>
            <ns3:cad>92</ns3:cad>
          </ns3:TrackPointExtension>
        </extensions>
      </trkpt>
      <trkpt lat="22.60949355550110340118408203125" lon="113.88434641063213348388671875">
        <ele>16.799999237060546875</ele>
        <time>2026-09-14T22:49:19.000Z</time>
        <extensions>
          <ns3:TrackPointExtension>
            <ns3:hr>137</ns3:hr>
            <ns3:cad>92</ns3:cad>
          </ns3:TrackPointExtension>
        </extensions>
      </trkpt>
      <trkpt lat="22.6094624586403369903564453125" lon="113.88435990549623966217041015625">
        <ele>16.799999237060546875</ele>
        <time>2026-09-14T22:49:20.000Z</time>
        <extensions>
          <ns3:TrackPointExtension>
            <ns3:hr>137</ns3:hr>
            <ns3:cad>94</ns3:cad>
          </ns3:TrackPointExtension>
        </extensions>
      </trkpt>
      <trkpt lat="22.6094329543411731719970703125" lon="113.884379602968692779541015625">
        <ele>16.799999237060546875</ele>
        <time>2026-09-14T22:49:21.000Z</time>
        <extensions>
          <ns3:TrackPointExtension>
            <ns3:hr>137</ns3:hr>
            <ns3:cad>94</ns3:cad>
          </ns3:TrackPointExtension>
        </extensions>
      </trkpt>
      <trkpt lat="22.60941392742097377777099609375" lon="113.884397037327289581298828125">
        <ele>16.799999237060546875</ele>
        <time>2026-09-14T22:49:22.000Z</time>
        <extensions>
          <ns3:TrackPointExtension>
            <ns3:hr>137</ns3:hr>
            <ns3:cad>94</ns3:cad>
          </ns3:TrackPointExtension>
        </extensions>
      </trkpt>
      <trkpt lat="22.6093789748847484588623046875" lon="113.88441991992294788360595703125">
        <ele>16.799999237060546875</ele>
        <time>2026-09-14T22:49:23.000Z</time>
        <extensions>
          <ns3:TrackPointExtension>
            <ns3:hr>136</ns3:hr>
            <ns3:cad>94</ns3:cad>
          </ns3:TrackPointExtension>
        </extensions>
      </trkpt>
      <trkpt lat="22.60935299098491668701171875" lon="113.88443492352962493896484375">
        <ele>16.6000003814697265625</ele>
        <time>2026-09-14T22:49:24.000Z</time>
        <extensions>
          <ns3:TrackPointExtension>
            <ns3:hr>137</ns3:hr>
            <ns3:cad>91</ns3:cad>
          </ns3:TrackPointExtension>
        </extensions>
      </trkpt>
      <trkpt lat="22.609318457543849945068359375" lon="113.884457387030124664306640625">
        <ele>16.6000003814697265625</ele>
        <time>2026-09-14T22:49:25.000Z</time>
        <extensions>
          <ns3:TrackPointExtension>
            <ns3:hr>136</ns3:hr>
            <ns3:cad>91</ns3:cad>
          </ns3:TrackPointExtension>
        </extensions>
      </trkpt>
      <trkpt lat="22.609291970729827880859375" lon="113.884480185806751251220703125">
        <ele>16.3999996185302734375</ele>
        <time>2026-09-14T22:49:26.000Z</time>
        <extensions>
          <ns3:TrackPointExtension>
            <ns3:hr>136</ns3:hr>
            <ns3:cad>92</ns3:cad>
          </ns3:TrackPointExtension>
        </extensions>
      </trkpt>
      <trkpt lat="22.6092659868299961090087890625" lon="113.88449720107018947601318359375">
        <ele>16.3999996185302734375</ele>
        <time>2026-09-14T22:49:27.000Z</time>
        <extensions>
          <ns3:TrackPointExtension>
            <ns3:hr>136</ns3:hr>
            <ns3:cad>92</ns3:cad>
          </ns3:TrackPointExtension>
        </extensions>
      </trkpt>
      <trkpt lat="22.6092428527772426605224609375" lon="113.88451949693262577056884765625">
        <ele>16.3999996185302734375</ele>
        <time>2026-09-14T22:49:28.000Z</time>
        <extensions>
          <ns3:TrackPointExtension>
            <ns3:hr>135</ns3:hr>
            <ns3:cad>92</ns3:cad>
          </ns3:TrackPointExtension>
        </extensions>
      </trkpt>
      <trkpt lat="22.60922290384769439697265625" lon="113.8845361769199371337890625">
        <ele>16.3999996185302734375</ele>
        <time>2026-09-14T22:49:29.000Z</time>
        <extensions>
          <ns3:TrackPointExtension>
            <ns3:hr>136</ns3:hr>
            <ns3:cad>93</ns3:cad>
          </ns3:TrackPointExtension>
        </extensions>
      </trkpt>
      <trkpt lat="22.6091975905001163482666015625" lon="113.88455520384013652801513671875">
        <ele>16.3999996185302734375</ele>
        <time>2026-09-14T22:49:30.000Z</time>
        <extensions>
          <ns3:TrackPointExtension>
            <ns3:hr>136</ns3:hr>
            <ns3:cad>93</ns3:cad>
          </ns3:TrackPointExtension>
        </extensions>
      </trkpt>
      <trkpt lat="22.60917772538959980010986328125" lon="113.884569369256496429443359375">
        <ele>16.3999996185302734375</ele>
        <time>2026-09-14T22:49:31.000Z</time>
        <extensions>
          <ns3:TrackPointExtension>
            <ns3:hr>136</ns3:hr>
            <ns3:cad>93</ns3:cad>
          </ns3:TrackPointExtension>
        </extensions>
      </trkpt>
      <trkpt lat="22.60914922691881656646728515625" lon="113.8845846243202686309814453125">
        <ele>16.200000762939453125</ele>
        <time>2026-09-14T22:49:32.000Z</time>
        <extensions>
          <ns3:TrackPointExtension>
            <ns3:hr>136</ns3:hr>
            <ns3:cad>93</ns3:cad>
          </ns3:TrackPointExtension>
        </extensions>
      </trkpt>
      <trkpt lat="22.60912609286606311798095703125" lon="113.884601555764675140380859375">
        <ele>16.200000762939453125</ele>
        <time>2026-09-14T22:49:33.000Z</time>
        <extensions>
          <ns3:TrackPointExtension>
            <ns3:hr>136</ns3:hr>
            <ns3:cad>93</ns3:cad>
          </ns3:TrackPointExtension>
        </extensions>
      </trkpt>
      <trkpt lat="22.6091033779084682464599609375" lon="113.88461387716233730316162109375">
        <ele>16.200000762939453125</ele>
        <time>2026-09-14T22:49:34.000Z</time>
        <extensions>
          <ns3:TrackPointExtension>
            <ns3:hr>137</ns3:hr>
            <ns3:cad>93</ns3:cad>
          </ns3:TrackPointExtension>
        </extensions>
      </trkpt>
      <trkpt lat="22.60907161049544811248779296875" lon="113.8846275396645069122314453125">
        <ele>16.200000762939453125</ele>
        <time>2026-09-14T22:49:35.000Z</time>
        <extensions>
          <ns3:TrackPointExtension>
            <ns3:hr>137</ns3:hr>
            <ns3:cad>95</ns3:cad>
          </ns3:TrackPointExtension>
        </extensions>
      </trkpt>
      <trkpt lat="22.6090493984520435333251953125" lon="113.8846375979483127593994140625">
        <ele>16</ele>
        <time>2026-09-14T22:49:36.000Z</time>
        <extensions>
          <ns3:TrackPointExtension>
            <ns3:hr>138</ns3:hr>
            <ns3:cad>95</ns3:cad>
          </ns3:TrackPointExtension>
        </extensions>
      </trkpt>
      <trkpt lat="22.6090224087238311767578125" lon="113.88464958406984806060791015625">
        <ele>16</ele>
        <time>2026-09-14T22:49:37.000Z</time>
        <extensions>
          <ns3:TrackPointExtension>
            <ns3:hr>138</ns3:hr>
            <ns3:cad>95</ns3:cad>
          </ns3:TrackPointExtension>
        </extensions>
      </trkpt>
      <trkpt lat="22.60900170542299747467041015625" lon="113.88466215692460536956787109375">
        <ele>16</ele>
        <time>2026-09-14T22:49:38.000Z</time>
        <extensions>
          <ns3:TrackPointExtension>
            <ns3:hr>139</ns3:hr>
            <ns3:cad>95</ns3:cad>
          </ns3:TrackPointExtension>
        </extensions>
      </trkpt>
      <trkpt lat="22.608974464237689971923828125" lon="113.884677998721599578857421875">
        <ele>16</ele>
        <time>2026-09-14T22:49:39.000Z</time>
        <extensions>
          <ns3:TrackPointExtension>
            <ns3:hr>139</ns3:hr>
            <ns3:cad>93</ns3:cad>
          </ns3:TrackPointExtension>
        </extensions>
      </trkpt>
      <trkpt lat="22.6089518330991268157958984375" lon="113.884694091975688934326171875">
        <ele>16</ele>
        <time>2026-09-14T22:49:40.000Z</time>
        <extensions>
          <ns3:TrackPointExtension>
            <ns3:hr>140</ns3:hr>
            <ns3:cad>92</ns3:cad>
          </ns3:TrackPointExtension>
        </extensions>
      </trkpt>
      <trkpt lat="22.608932219445705413818359375" lon="113.884704820811748504638671875">
        <ele>16</ele>
        <time>2026-09-14T22:49:41.000Z</time>
        <extensions>
          <ns3:TrackPointExtension>
            <ns3:hr>140</ns3:hr>
            <ns3:cad>92</ns3:cad>
          </ns3:TrackPointExtension>
        </extensions>
      </trkpt>
      <trkpt lat="22.60890263132750988006591796875" lon="113.8847230933606624603271484375">
        <ele>16</ele>
        <time>2026-09-14T22:49:42.000Z</time>
        <extensions>
          <ns3:TrackPointExtension>
            <ns3:hr>140</ns3:hr>
            <ns3:cad>94</ns3:cad>
          </ns3:TrackPointExtension>
        </extensions>
      </trkpt>
      <trkpt lat="22.60888251475989818572998046875" lon="113.8847354985773563385009765625">
        <ele>16</ele>
        <time>2026-09-14T22:49:43.000Z</time>
        <extensions>
          <ns3:TrackPointExtension>
            <ns3:hr>140</ns3:hr>
            <ns3:cad>94</ns3:cad>
          </ns3:TrackPointExtension>
        </extensions>
      </trkpt>
      <trkpt lat="22.6088472269475460052490234375" lon="113.8847603090107440948486328125">
        <ele>16</ele>
        <time>2026-09-14T22:49:44.000Z</time>
        <extensions>
          <ns3:TrackPointExtension>
            <ns3:hr>140</ns3:hr>
            <ns3:cad>94</ns3:cad>
          </ns3:TrackPointExtension>
        </extensions>
      </trkpt>
      <trkpt lat="22.60882048867642879486083984375" lon="113.88477782718837261199951171875">
        <ele>16.200000762939453125</ele>
        <time>2026-09-14T22:49:45.000Z</time>
        <extensions>
          <ns3:TrackPointExtension>
            <ns3:hr>140</ns3:hr>
            <ns3:cad>93</ns3:cad>
          </ns3:TrackPointExtension>
        </extensions>
      </trkpt>
      <trkpt lat="22.60878662578761577606201171875" lon="113.884791992604732513427734375">
        <ele>16.200000762939453125</ele>
        <time>2026-09-14T22:49:46.000Z</time>
        <extensions>
          <ns3:TrackPointExtension>
            <ns3:hr>140</ns3:hr>
            <ns3:cad>93</ns3:cad>
          </ns3:TrackPointExtension>
        </extensions>
      </trkpt>
      <trkpt lat="22.608763910830020904541015625" lon="113.88481043279170989990234375">
        <ele>16.200000762939453125</ele>
        <time>2026-09-14T22:49:47.000Z</time>
        <extensions>
          <ns3:TrackPointExtension>
            <ns3:hr>139</ns3:hr>
            <ns3:cad>93</ns3:cad>
          </ns3:TrackPointExtension>
        </extensions>
      </trkpt>
      <trkpt lat="22.60873599909245967864990234375" lon="113.884825520217418670654296875">
        <ele>16.200000762939453125</ele>
        <time>2026-09-14T22:49:48.000Z</time>
        <extensions>
          <ns3:TrackPointExtension>
            <ns3:hr>139</ns3:hr>
            <ns3:cad>93</ns3:cad>
          </ns3:TrackPointExtension>
        </extensions>
      </trkpt>
      <trkpt lat="22.60871185921132564544677734375" lon="113.8848417811095714569091796875">
        <ele>16.200000762939453125</ele>
        <time>2026-09-14T22:49:49.000Z</time>
        <extensions>
          <ns3:TrackPointExtension>
            <ns3:hr>139</ns3:hr>
            <ns3:cad>94</ns3:cad>
          </ns3:TrackPointExtension>
        </extensions>
      </trkpt>
      <trkpt lat="22.60868872515857219696044921875" lon="113.8848541863262653350830078125">
        <ele>16.200000762939453125</ele>
        <time>2026-09-14T22:49:50.000Z</time>
        <extensions>
          <ns3:TrackPointExtension>
            <ns3:hr>139</ns3:hr>
            <ns3:cad>94</ns3:cad>
          </ns3:TrackPointExtension>
        </extensions>
      </trkpt>
      <trkpt lat="22.60866190306842327117919921875" lon="113.884872458875179290771484375">
        <ele>16.200000762939453125</ele>
        <time>2026-09-14T22:49:51.000Z</time>
        <extensions>
          <ns3:TrackPointExtension>
            <ns3:hr>139</ns3:hr>
            <ns3:cad>93</ns3:cad>
          </ns3:TrackPointExtension>
        </extensions>
      </trkpt>
      <trkpt lat="22.6086373440921306610107421875" lon="113.8848870433866977691650390625">
        <ele>16.3999996185302734375</ele>
        <time>2026-09-14T22:49:52.000Z</time>
        <extensions>
          <ns3:TrackPointExtension>
            <ns3:hr>139</ns3:hr>
            <ns3:cad>93</ns3:cad>
          </ns3:TrackPointExtension>
        </extensions>
      </trkpt>
      <trkpt lat="22.6086111925542354583740234375" lon="113.8849054835736751556396484375">
        <ele>16.3999996185302734375</ele>
        <time>2026-09-14T22:49:53.000Z</time>
        <extensions>
          <ns3:TrackPointExtension>
            <ns3:hr>139</ns3:hr>
            <ns3:cad>93</ns3:cad>
          </ns3:TrackPointExtension>
        </extensions>
      </trkpt>
      <trkpt lat="22.60859400965273380279541015625" lon="113.8849197328090667724609375">
        <ele>16.3999996185302734375</ele>
        <time>2026-09-14T22:49:54.000Z</time>
        <extensions>
          <ns3:TrackPointExtension>
            <ns3:hr>139</ns3:hr>
            <ns3:cad>93</ns3:cad>
          </ns3:TrackPointExtension>
        </extensions>
      </trkpt>
      <trkpt lat="22.6085692830383777618408203125" lon="113.8849383406341075897216796875">
        <ele>16.3999996185302734375</ele>
        <time>2026-09-14T22:49:55.000Z</time>
        <extensions>
          <ns3:TrackPointExtension>
            <ns3:hr>140</ns3:hr>
            <ns3:cad>93</ns3:cad>
          </ns3:TrackPointExtension>
        </extensions>
      </trkpt>
      <trkpt lat="22.6085498370230197906494140625" lon="113.8849591277539730072021484375">
        <ele>16.200000762939453125</ele>
        <time>2026-09-14T22:49:56.000Z</time>
        <extensions>
          <ns3:TrackPointExtension>
            <ns3:hr>140</ns3:hr>
            <ns3:cad>94</ns3:cad>
          </ns3:TrackPointExtension>
        </extensions>
      </trkpt>
      <trkpt lat="22.60852645151317119598388671875" lon="113.88497983105480670928955078125">
        <ele>16</ele>
        <time>2026-09-14T22:49:57.000Z</time>
        <extensions>
          <ns3:TrackPointExtension>
            <ns3:hr>140</ns3:hr>
            <ns3:cad>94</ns3:cad>
          </ns3:TrackPointExtension>
        </extensions>
      </trkpt>
      <trkpt lat="22.60850499384105205535888671875" lon="113.88499977998435497283935546875">
        <ele>16</ele>
        <time>2026-09-14T22:49:58.000Z</time>
        <extensions>
          <ns3:TrackPointExtension>
            <ns3:hr>140</ns3:hr>
            <ns3:cad>93</ns3:cad>
          </ns3:TrackPointExtension>
        </extensions>
      </trkpt>
      <trkpt lat="22.6084804348647594451904296875" lon="113.8850188069045543670654296875">
        <ele>15.80000019073486328125</ele>
        <time>2026-09-14T22:49:59.000Z</time>
        <extensions>
          <ns3:TrackPointExtension>
            <ns3:hr>139</ns3:hr>
            <ns3:cad>93</ns3:cad>
          </ns3:TrackPointExtension>
        </extensions>
      </trkpt>
      <trkpt lat="22.6084569655358791351318359375" lon="113.88504470698535442352294921875">
        <ele>15.6000003814697265625</ele>
        <time>2026-09-14T22:50:00.000Z</time>
        <extensions>
          <ns3:TrackPointExtension>
            <ns3:hr>140</ns3:hr>
            <ns3:cad>93</ns3:cad>
          </ns3:TrackPointExtension>
        </extensions>
      </trkpt>
      <trkpt lat="22.6084365136921405792236328125" lon="113.88505510054528713226318359375">
        <ele>15.6000003814697265625</ele>
        <time>2026-09-14T22:50:01.000Z</time>
        <extensions>
          <ns3:TrackPointExtension>
            <ns3:hr>140</ns3:hr>
            <ns3:cad>93</ns3:cad>
          </ns3:TrackPointExtension>
        </extensions>
      </trkpt>
      <trkpt lat="22.60840617120265960693359375" lon="113.88507555238902568817138671875">
        <ele>15.6000003814697265625</ele>
        <time>2026-09-14T22:50:02.000Z</time>
        <extensions>
          <ns3:TrackPointExtension>
            <ns3:hr>139</ns3:hr>
            <ns3:cad>94</ns3:cad>
          </ns3:TrackPointExtension>
        </extensions>
      </trkpt>
      <trkpt lat="22.60838530026376247406005859375" lon="113.88508996926248073577880859375">
        <ele>15.6000003814697265625</ele>
        <time>2026-09-14T22:50:03.000Z</time>
        <extensions>
          <ns3:TrackPointExtension>
            <ns3:hr>140</ns3:hr>
            <ns3:cad>92</ns3:cad>
          </ns3:TrackPointExtension>
        </extensions>
      </trkpt>
      <trkpt lat="22.608354873955249786376953125" lon="113.8851103372871875762939453125">
        <ele>15.3999996185302734375</ele>
        <time>2026-09-14T22:50:04.000Z</time>
        <extensions>
          <ns3:TrackPointExtension>
            <ns3:hr>140</ns3:hr>
            <ns3:cad>92</ns3:cad>
          </ns3:TrackPointExtension>
        </extensions>
      </trkpt>
      <trkpt lat="22.608332075178623199462890625" lon="113.8851254247128963470458984375">
        <ele>15.19999980926513671875</ele>
        <time>2026-09-14T22:50:05.000Z</time>
        <extensions>
          <ns3:TrackPointExtension>
            <ns3:hr>141</ns3:hr>
            <ns3:cad>92</ns3:cad>
          </ns3:TrackPointExtension>
        </extensions>
      </trkpt>
      <trkpt lat="22.60829896666109561920166015625" lon="113.88513841666281223297119140625">
        <ele>15.19999980926513671875</ele>
        <time>2026-09-14T22:50:06.000Z</time>
        <extensions>
          <ns3:TrackPointExtension>
            <ns3:hr>141</ns3:hr>
            <ns3:cad>92</ns3:cad>
          </ns3:TrackPointExtension>
        </extensions>
      </trkpt>
      <trkpt lat="22.60827365331351757049560546875" lon="113.88515400700271129608154296875">
        <ele>15</ele>
        <time>2026-09-14T22:50:07.000Z</time>
        <extensions>
          <ns3:TrackPointExtension>
            <ns3:hr>141</ns3:hr>
            <ns3:cad>92</ns3:cad>
          </ns3:TrackPointExtension>
        </extensions>
      </trkpt>
      <trkpt lat="22.60824532248079776763916015625" lon="113.8851649872958660125732421875">
        <ele>15</ele>
        <time>2026-09-14T22:50:08.000Z</time>
        <extensions>
          <ns3:TrackPointExtension>
            <ns3:hr>141</ns3:hr>
            <ns3:cad>92</ns3:cad>
          </ns3:TrackPointExtension>
        </extensions>
      </trkpt>
      <trkpt lat="22.6082179136574268341064453125" lon="113.88517923653125762939453125">
        <ele>15</ele>
        <time>2026-09-14T22:50:09.000Z</time>
        <extensions>
          <ns3:TrackPointExtension>
            <ns3:hr>141</ns3:hr>
            <ns3:cad>94</ns3:cad>
          </ns3:TrackPointExtension>
        </extensions>
      </trkpt>
      <trkpt lat="22.60819721035659313201904296875" lon="113.885191977024078369140625">
        <ele>15</ele>
        <time>2026-09-14T22:50:10.000Z</time>
        <extensions>
          <ns3:TrackPointExtension>
            <ns3:hr>141</ns3:hr>
            <ns3:cad>94</ns3:cad>
          </ns3:TrackPointExtension>
        </extensions>
      </trkpt>
      <trkpt lat="22.6081669516861438751220703125" lon="113.88520966283977031707763671875">
        <ele>15</ele>
        <time>2026-09-14T22:50:11.000Z</time>
        <extensions>
          <ns3:TrackPointExtension>
            <ns3:hr>141</ns3:hr>
            <ns3:cad>94</ns3:cad>
          </ns3:TrackPointExtension>
        </extensions>
      </trkpt>
      <trkpt lat="22.60814339853823184967041015625" lon="113.88522558845579624176025390625">
        <ele>14.80000019073486328125</ele>
        <time>2026-09-14T22:50:12.000Z</time>
        <extensions>
          <ns3:TrackPointExtension>
            <ns3:hr>140</ns3:hr>
            <ns3:cad>93</ns3:cad>
          </ns3:TrackPointExtension>
        </extensions>
      </trkpt>
      <trkpt lat="22.60811506770551204681396484375" lon="113.88524184934794902801513671875">
        <ele>14.80000019073486328125</ele>
        <time>2026-09-14T22:50:13.000Z</time>
        <extensions>
          <ns3:TrackPointExtension>
            <ns3:hr>140</ns3:hr>
            <ns3:cad>93</ns3:cad>
          </ns3:TrackPointExtension>
        </extensions>
      </trkpt>
      <trkpt lat="22.60809109546244144439697265625" lon="113.88525660149753093719482421875">
        <ele>14.80000019073486328125</ele>
        <time>2026-09-14T22:50:14.000Z</time>
        <extensions>
          <ns3:TrackPointExtension>
            <ns3:hr>140</ns3:hr>
            <ns3:cad>93</ns3:cad>
          </ns3:TrackPointExtension>
        </extensions>
      </trkpt>
      <trkpt lat="22.60806913487613201141357421875" lon="113.8852679170668125152587890625">
        <ele>14.6000003814697265625</ele>
        <time>2026-09-14T22:50:15.000Z</time>
        <extensions>
          <ns3:TrackPointExtension>
            <ns3:hr>140</ns3:hr>
            <ns3:cad>93</ns3:cad>
          </ns3:TrackPointExtension>
        </extensions>
      </trkpt>
      <trkpt lat="22.60804533027112483978271484375" lon="113.88528208248317241668701171875">
        <ele>14.6000003814697265625</ele>
        <time>2026-09-14T22:50:16.000Z</time>
        <extensions>
          <ns3:TrackPointExtension>
            <ns3:hr>140</ns3:hr>
            <ns3:cad>93</ns3:cad>
          </ns3:TrackPointExtension>
        </extensions>
      </trkpt>
      <trkpt lat="22.60802202858030796051025390625" lon="113.88529784046113491058349609375">
        <ele>14.6000003814697265625</ele>
        <time>2026-09-14T22:50:17.000Z</time>
        <extensions>
          <ns3:TrackPointExtension>
            <ns3:hr>140</ns3:hr>
            <ns3:cad>94</ns3:cad>
          </ns3:TrackPointExtension>
        </extensions>
      </trkpt>
      <trkpt lat="22.6079966314136981964111328125" lon="113.88531493954360485076904296875">
        <ele>14.6000003814697265625</ele>
        <time>2026-09-14T22:50:18.000Z</time>
        <extensions>
          <ns3:TrackPointExtension>
            <ns3:hr>140</ns3:hr>
            <ns3:cad>95</ns3:cad>
          </ns3:TrackPointExtension>
        </extensions>
      </trkpt>
      <trkpt lat="22.60797173716127872467041015625" lon="113.88532751239836215972900390625">
        <ele>14.6000003814697265625</ele>
        <time>2026-09-14T22:50:19.000Z</time>
        <extensions>
          <ns3:TrackPointExtension>
            <ns3:hr>140</ns3:hr>
            <ns3:cad>95</ns3:cad>
          </ns3:TrackPointExtension>
        </extensions>
      </trkpt>
      <trkpt lat="22.60794659145176410675048828125" lon="113.885342516005039215087890625">
        <ele>14.6000003814697265625</ele>
        <time>2026-09-14T22:50:20.000Z</time>
        <extensions>
          <ns3:TrackPointExtension>
            <ns3:hr>140</ns3:hr>
            <ns3:cad>93</ns3:cad>
          </ns3:TrackPointExtension>
        </extensions>
      </trkpt>
      <trkpt lat="22.6079238764941692352294921875" lon="113.8853604532778263092041015625">
        <ele>14.3999996185302734375</ele>
        <time>2026-09-14T22:50:21.000Z</time>
        <extensions>
          <ns3:TrackPointExtension>
            <ns3:hr>140</ns3:hr>
            <ns3:cad>93</ns3:cad>
          </ns3:TrackPointExtension>
        </extensions>
      </trkpt>
      <trkpt lat="22.6078977249562740325927734375" lon="113.88537663035094738006591796875">
        <ele>14.3999996185302734375</ele>
        <time>2026-09-14T22:50:22.000Z</time>
        <extensions>
          <ns3:TrackPointExtension>
            <ns3:hr>139</ns3:hr>
            <ns3:cad>93</ns3:cad>
          </ns3:TrackPointExtension>
        </extensions>
      </trkpt>
      <trkpt lat="22.60787316597998142242431640625" lon="113.885392807424068450927734375">
        <ele>14.3999996185302734375</ele>
        <time>2026-09-14T22:50:23.000Z</time>
        <extensions>
          <ns3:TrackPointExtension>
            <ns3:hr>139</ns3:hr>
            <ns3:cad>94</ns3:cad>
          </ns3:TrackPointExtension>
        </extensions>
      </trkpt>
      <trkpt lat="22.6078467629849910736083984375" lon="113.8854117505252361297607421875">
        <ele>14.3999996185302734375</ele>
        <time>2026-09-14T22:50:24.000Z</time>
        <extensions>
          <ns3:TrackPointExtension>
            <ns3:hr>139</ns3:hr>
            <ns3:cad>94</ns3:cad>
          </ns3:TrackPointExtension>
        </extensions>
      </trkpt>
      <trkpt lat="22.6078229583799839019775390625" lon="113.88542692176997661590576171875">
        <ele>14.3999996185302734375</ele>
        <time>2026-09-14T22:50:25.000Z</time>
        <extensions>
          <ns3:TrackPointExtension>
            <ns3:hr>139</ns3:hr>
            <ns3:cad>94</ns3:cad>
          </ns3:TrackPointExtension>
        </extensions>
      </trkpt>
      <trkpt lat="22.60780007578432559967041015625" lon="113.88544611632823944091796875">
        <ele>14.3999996185302734375</ele>
        <time>2026-09-14T22:50:26.000Z</time>
        <extensions>
          <ns3:TrackPointExtension>
            <ns3:hr>140</ns3:hr>
            <ns3:cad>94</ns3:cad>
          </ns3:TrackPointExtension>
        </extensions>
      </trkpt>
      <trkpt lat="22.6077746786177158355712890625" lon="113.88545776717364788055419921875">
        <ele>14.19999980926513671875</ele>
        <time>2026-09-14T22:50:27.000Z</time>
        <extensions>
          <ns3:TrackPointExtension>
            <ns3:hr>139</ns3:hr>
            <ns3:cad>93</ns3:cad>
          </ns3:TrackPointExtension>
        </extensions>
      </trkpt>
      <trkpt lat="22.6077495329082012176513671875" lon="113.8854744471609592437744140625">
        <ele>14.19999980926513671875</ele>
        <time>2026-09-14T22:50:28.000Z</time>
        <extensions>
          <ns3:TrackPointExtension>
            <ns3:hr>139</ns3:hr>
            <ns3:cad>93</ns3:cad>
          </ns3:TrackPointExtension>
        </extensions>
      </trkpt>
      <trkpt lat="22.60772111825644969940185546875" lon="113.88549431227147579193115234375">
        <ele>14.19999980926513671875</ele>
        <time>2026-09-14T22:50:29.000Z</time>
        <extensions>
          <ns3:TrackPointExtension>
            <ns3:hr>140</ns3:hr>
            <ns3:cad>94</ns3:cad>
          </ns3:TrackPointExtension>
        </extensions>
      </trkpt>
      <trkpt lat="22.60769798420369625091552734375" lon="113.88550973497331142425537109375">
        <ele>14.19999980926513671875</ele>
        <time>2026-09-14T22:50:30.000Z</time>
        <extensions>
          <ns3:TrackPointExtension>
            <ns3:hr>139</ns3:hr>
            <ns3:cad>94</ns3:cad>
          </ns3:TrackPointExtension>
        </extensions>
      </trkpt>
      <trkpt lat="22.60767719708383083343505859375" lon="113.88552482239902019500732421875">
        <ele>14</ele>
        <time>2026-09-14T22:50:31.000Z</time>
        <extensions>
          <ns3:TrackPointExtension>
            <ns3:hr>139</ns3:hr>
            <ns3:cad>94</ns3:cad>
          </ns3:TrackPointExtension>
        </extensions>
      </trkpt>
      <trkpt lat="22.6076496206223964691162109375" lon="113.88554795645177364349365234375">
        <ele>14.19999980926513671875</ele>
        <time>2026-09-14T22:50:32.000Z</time>
        <extensions>
          <ns3:TrackPointExtension>
            <ns3:hr>140</ns3:hr>
            <ns3:cad>94</ns3:cad>
          </ns3:TrackPointExtension>
        </extensions>
      </trkpt>
      <trkpt lat="22.6076271571218967437744140625" lon="113.8855686597526073455810546875">
        <ele>14.19999980926513671875</ele>
        <time>2026-09-14T22:50:33.000Z</time>
        <extensions>
          <ns3:TrackPointExtension>
            <ns3:hr>140</ns3:hr>
            <ns3:cad>94</ns3:cad>
          </ns3:TrackPointExtension>
        </extensions>
      </trkpt>
      <trkpt lat="22.60759823955595493316650390625" lon="113.885585926473140716552734375">
        <ele>14.19999980926513671875</ele>
        <time>2026-09-14T22:50:34.000Z</time>
        <extensions>
          <ns3:TrackPointExtension>
            <ns3:hr>140</ns3:hr>
            <ns3:cad>94</ns3:cad>
          </ns3:TrackPointExtension>
        </extensions>
      </trkpt>
      <trkpt lat="22.607573680579662322998046875" lon="113.88560579158365726470947265625">
        <ele>14.19999980926513671875</ele>
        <time>2026-09-14T22:50:35.000Z</time>
        <extensions>
          <ns3:TrackPointExtension>
            <ns3:hr>141</ns3:hr>
            <ns3:cad>93</ns3:cad>
          </ns3:TrackPointExtension>
        </extensions>
      </trkpt>
      <trkpt lat="22.60754778049886226654052734375" lon="113.885621130466461181640625">
        <ele>14.19999980926513671875</ele>
        <time>2026-09-14T22:50:36.000Z</time>
        <extensions>
          <ns3:TrackPointExtension>
            <ns3:hr>141</ns3:hr>
            <ns3:cad>93</ns3:cad>
          </ns3:TrackPointExtension>
        </extensions>
      </trkpt>
      <trkpt lat="22.607524394989013671875" lon="113.88564149849116802215576171875">
        <ele>14.19999980926513671875</ele>
        <time>2026-09-14T22:50:37.000Z</time>
        <extensions>
          <ns3:TrackPointExtension>
            <ns3:hr>141</ns3:hr>
            <ns3:cad>93</ns3:cad>
          </ns3:TrackPointExtension>
        </extensions>
      </trkpt>
      <trkpt lat="22.6074989140033721923828125" lon="113.8856598548591136932373046875">
        <ele>14.19999980926513671875</ele>
        <time>2026-09-14T22:50:38.000Z</time>
        <extensions>
          <ns3:TrackPointExtension>
            <ns3:hr>141</ns3:hr>
            <ns3:cad>92</ns3:cad>
          </ns3:TrackPointExtension>
        </extensions>
      </trkpt>
      <trkpt lat="22.60747804306447505950927734375" lon="113.8856789655983448028564453125">
        <ele>14</ele>
        <time>2026-09-14T22:50:39.000Z</time>
        <extensions>
          <ns3:TrackPointExtension>
            <ns3:hr>141</ns3:hr>
            <ns3:cad>92</ns3:cad>
          </ns3:TrackPointExtension>
        </extensions>
      </trkpt>
      <trkpt lat="22.60745189152657985687255859375" lon="113.88569698669016361236572265625">
        <ele>14</ele>
        <time>2026-09-14T22:50:40.000Z</time>
        <extensions>
          <ns3:TrackPointExtension>
            <ns3:hr>141</ns3:hr>
            <ns3:cad>92</ns3:cad>
          </ns3:TrackPointExtension>
        </extensions>
      </trkpt>
      <trkpt lat="22.60742372833192348480224609375" lon="113.88571567833423614501953125">
        <ele>14</ele>
        <time>2026-09-14T22:50:41.000Z</time>
        <extensions>
          <ns3:TrackPointExtension>
            <ns3:hr>141</ns3:hr>
            <ns3:cad>94</ns3:cad>
          </ns3:TrackPointExtension>
        </extensions>
      </trkpt>
      <trkpt lat="22.60739422403275966644287109375" lon="113.88573118485510349273681640625">
        <ele>14</ele>
        <time>2026-09-14T22:50:42.000Z</time>
        <extensions>
          <ns3:TrackPointExtension>
            <ns3:hr>141</ns3:hr>
            <ns3:cad>94</ns3:cad>
          </ns3:TrackPointExtension>
        </extensions>
      </trkpt>
      <trkpt lat="22.60736539028584957122802734375" lon="113.88575079850852489471435546875">
        <ele>14</ele>
        <time>2026-09-14T22:50:43.000Z</time>
        <extensions>
          <ns3:TrackPointExtension>
            <ns3:hr>141</ns3:hr>
            <ns3:cad>94</ns3:cad>
          </ns3:TrackPointExtension>
        </extensions>
      </trkpt>
      <trkpt lat="22.60734275914728641510009765625" lon="113.88577007688581943511962890625">
        <ele>14.19999980926513671875</ele>
        <time>2026-09-14T22:50:44.000Z</time>
        <extensions>
          <ns3:TrackPointExtension>
            <ns3:hr>142</ns3:hr>
            <ns3:cad>94</ns3:cad>
          </ns3:TrackPointExtension>
        </extensions>
      </trkpt>
      <trkpt lat="22.6073193736374378204345703125" lon="113.88579019345343112945556640625">
        <ele>14</ele>
        <time>2026-09-14T22:50:45.000Z</time>
        <extensions>
          <ns3:TrackPointExtension>
            <ns3:hr>142</ns3:hr>
            <ns3:cad>94</ns3:cad>
          </ns3:TrackPointExtension>
        </extensions>
      </trkpt>
      <trkpt lat="22.6073009334504604339599609375" lon="113.8858053646981716156005859375">
        <ele>14</ele>
        <time>2026-09-14T22:50:46.000Z</time>
        <extensions>
          <ns3:TrackPointExtension>
            <ns3:hr>142</ns3:hr>
            <ns3:cad>93</ns3:cad>
          </ns3:TrackPointExtension>
        </extensions>
      </trkpt>
      <trkpt lat="22.60727838613092899322509765625" lon="113.88582087121903896331787109375">
        <ele>14</ele>
        <time>2026-09-14T22:50:47.000Z</time>
        <extensions>
          <ns3:TrackPointExtension>
            <ns3:hr>142</ns3:hr>
            <ns3:cad>93</ns3:cad>
          </ns3:TrackPointExtension>
        </extensions>
      </trkpt>
      <trkpt lat="22.6072442717850208282470703125" lon="113.88584308326244354248046875">
        <ele>14</ele>
        <time>2026-09-14T22:50:48.000Z</time>
        <extensions>
          <ns3:TrackPointExtension>
            <ns3:hr>143</ns3:hr>
            <ns3:cad>93</ns3:cad>
          </ns3:TrackPointExtension>
        </extensions>
      </trkpt>
      <trkpt lat="22.60721661150455474853515625" lon="113.8858583383262157440185546875">
        <ele>13.80000019073486328125</ele>
        <time>2026-09-14T22:50:49.000Z</time>
        <extensions>
          <ns3:TrackPointExtension>
            <ns3:hr>143</ns3:hr>
            <ns3:cad>93</ns3:cad>
          </ns3:TrackPointExtension>
        </extensions>
      </trkpt>
      <trkpt lat="22.6071899570524692535400390625" lon="113.8858828134834766387939453125">
        <ele>13.80000019073486328125</ele>
        <time>2026-09-14T22:50:50.000Z</time>
        <extensions>
          <ns3:TrackPointExtension>
            <ns3:hr>143</ns3:hr>
            <ns3:cad>94</ns3:cad>
          </ns3:TrackPointExtension>
        </extensions>
      </trkpt>
      <trkpt lat="22.60716623626649379730224609375" lon="113.88590586371719837188720703125">
        <ele>14</ele>
        <time>2026-09-14T22:50:51.000Z</time>
        <extensions>
          <ns3:TrackPointExtension>
            <ns3:hr>144</ns3:hr>
            <ns3:cad>94</ns3:cad>
          </ns3:TrackPointExtension>
        </extensions>
      </trkpt>
      <trkpt lat="22.6071373187005519866943359375" lon="113.8859290815889835357666015625">
        <ele>13.80000019073486328125</ele>
        <time>2026-09-14T22:50:52.000Z</time>
        <extensions>
          <ns3:TrackPointExtension>
            <ns3:hr>145</ns3:hr>
            <ns3:cad>94</ns3:cad>
          </ns3:TrackPointExtension>
        </extensions>
      </trkpt>
      <trkpt lat="22.607114352285861968994140625" lon="113.88594676740467548370361328125">
        <ele>13.80000019073486328125</ele>
        <time>2026-09-14T22:50:53.000Z</time>
        <extensions>
          <ns3:TrackPointExtension>
            <ns3:hr>145</ns3:hr>
            <ns3:cad>94</ns3:cad>
          </ns3:TrackPointExtension>
        </extensions>
      </trkpt>
      <trkpt lat="22.60709130205214023590087890625" lon="113.88595950789749622344970703125">
        <ele>13.80000019073486328125</ele>
        <time>2026-09-14T22:50:54.000Z</time>
        <extensions>
          <ns3:TrackPointExtension>
            <ns3:hr>145</ns3:hr>
            <ns3:cad>93</ns3:cad>
          </ns3:TrackPointExtension>
        </extensions>
      </trkpt>
      <trkpt lat="22.60706062428653240203857421875" lon="113.885977528989315032958984375">
        <ele>13.80000019073486328125</ele>
        <time>2026-09-14T22:50:55.000Z</time>
        <extensions>
          <ns3:TrackPointExtension>
            <ns3:hr>145</ns3:hr>
            <ns3:cad>93</ns3:cad>
          </ns3:TrackPointExtension>
        </extensions>
      </trkpt>
      <trkpt lat="22.607037909328937530517578125" lon="113.885991610586643218994140625">
        <ele>13.80000019073486328125</ele>
        <time>2026-09-14T22:50:56.000Z</time>
        <extensions>
          <ns3:TrackPointExtension>
            <ns3:hr>145</ns3:hr>
            <ns3:cad>94</ns3:cad>
          </ns3:TrackPointExtension>
        </extensions>
      </trkpt>
      <trkpt lat="22.60701217688620090484619140625" lon="113.88600929640233516693115234375">
        <ele>13.80000019073486328125</ele>
        <time>2026-09-14T22:50:57.000Z</time>
        <extensions>
          <ns3:TrackPointExtension>
            <ns3:hr>145</ns3:hr>
            <ns3:cad>94</ns3:cad>
          </ns3:TrackPointExtension>
        </extensions>
      </trkpt>
      <trkpt lat="22.6069892942905426025390625" lon="113.88602119870483875274658203125">
        <ele>13.80000019073486328125</ele>
        <time>2026-09-14T22:50:58.000Z</time>
        <extensions>
          <ns3:TrackPointExtension>
            <ns3:hr>146</ns3:hr>
            <ns3:cad>94</ns3:cad>
          </ns3:TrackPointExtension>
        </extensions>
      </trkpt>
      <trkpt lat="22.606960795819759368896484375" lon="113.88603243045508861541748046875">
        <ele>13.80000019073486328125</ele>
        <time>2026-09-14T22:50:59.000Z</time>
        <extensions>
          <ns3:TrackPointExtension>
            <ns3:hr>146</ns3:hr>
            <ns3:cad>94</ns3:cad>
          </ns3:TrackPointExtension>
        </extensions>
      </trkpt>
      <trkpt lat="22.6069344766438007354736328125" lon="113.886044584214687347412109375">
        <ele>13.80000019073486328125</ele>
        <time>2026-09-14T22:51:00.000Z</time>
        <extensions>
          <ns3:TrackPointExtension>
            <ns3:hr>146</ns3:hr>
            <ns3:cad>94</ns3:cad>
          </ns3:TrackPointExtension>
        </extensions>
      </trkpt>
      <trkpt lat="22.60690371505916118621826171875" lon="113.8860569894313812255859375">
        <ele>13.80000019073486328125</ele>
        <time>2026-09-14T22:51:01.000Z</time>
        <extensions>
          <ns3:TrackPointExtension>
            <ns3:hr>146</ns3:hr>
            <ns3:cad>93</ns3:cad>
          </ns3:TrackPointExtension>
        </extensions>
      </trkpt>
      <trkpt lat="22.60687739588320255279541015625" lon="113.88607249595224857330322265625">
        <ele>13.80000019073486328125</ele>
        <time>2026-09-14T22:51:02.000Z</time>
        <extensions>
          <ns3:TrackPointExtension>
            <ns3:hr>146</ns3:hr>
            <ns3:cad>93</ns3:cad>
          </ns3:TrackPointExtension>
        </extensions>
      </trkpt>
      <trkpt lat="22.60684839449822902679443359375" lon="113.88608456589281558990478515625">
        <ele>13.80000019073486328125</ele>
        <time>2026-09-14T22:51:03.000Z</time>
        <extensions>
          <ns3:TrackPointExtension>
            <ns3:hr>146</ns3:hr>
            <ns3:cad>94</ns3:cad>
          </ns3:TrackPointExtension>
        </extensions>
      </trkpt>
      <trkpt lat="22.60681805200874805450439453125" lon="113.8860930316150188446044921875">
        <ele>13.6000003814697265625</ele>
        <time>2026-09-14T22:51:04.000Z</time>
        <extensions>
          <ns3:TrackPointExtension>
            <ns3:hr>147</ns3:hr>
            <ns3:cad>94</ns3:cad>
          </ns3:TrackPointExtension>
        </extensions>
      </trkpt>
      <trkpt lat="22.60679173283278942108154296875" lon="113.886101245880126953125">
        <ele>13.6000003814697265625</ele>
        <time>2026-09-14T22:51:05.000Z</time>
        <extensions>
          <ns3:TrackPointExtension>
            <ns3:hr>147</ns3:hr>
            <ns3:cad>94</ns3:cad>
          </ns3:TrackPointExtension>
        </extensions>
      </trkpt>
      <trkpt lat="22.60675929486751556396484375" lon="113.8861171714961528778076171875">
        <ele>13.6000003814697265625</ele>
        <time>2026-09-14T22:51:06.000Z</time>
        <extensions>
          <ns3:TrackPointExtension>
            <ns3:hr>147</ns3:hr>
            <ns3:cad>93</ns3:cad>
          </ns3:TrackPointExtension>
        </extensions>
      </trkpt>
      <trkpt lat="22.6067299582064151763916015625" lon="113.88613016344606876373291015625">
        <ele>13.6000003814697265625</ele>
        <time>2026-09-14T22:51:07.000Z</time>
        <extensions>
          <ns3:TrackPointExtension>
            <ns3:hr>147</ns3:hr>
            <ns3:cad>93</ns3:cad>
          </ns3:TrackPointExtension>
        </extensions>
      </trkpt>
      <trkpt lat="22.60669785551726818084716796875" lon="113.88613955117762088775634765625">
        <ele>13.6000003814697265625</ele>
        <time>2026-09-14T22:51:08.000Z</time>
        <extensions>
          <ns3:TrackPointExtension>
            <ns3:hr>147</ns3:hr>
            <ns3:cad>93</ns3:cad>
          </ns3:TrackPointExtension>
        </extensions>
      </trkpt>
      <trkpt lat="22.60666566900908946990966796875" lon="113.8861493580043315887451171875">
        <ele>13.6000003814697265625</ele>
        <time>2026-09-14T22:51:09.000Z</time>
        <extensions>
          <ns3:TrackPointExtension>
            <ns3:hr>147</ns3:hr>
            <ns3:cad>93</ns3:cad>
          </ns3:TrackPointExtension>
        </extensions>
      </trkpt>
      <trkpt lat="22.60663297958672046661376953125" lon="113.886158578097820281982421875">
        <ele>13.6000003814697265625</ele>
        <time>2026-09-14T22:51:10.000Z</time>
        <extensions>
          <ns3:TrackPointExtension>
            <ns3:hr>146</ns3:hr>
            <ns3:cad>94</ns3:cad>
          </ns3:TrackPointExtension>
        </extensions>
      </trkpt>
      <trkpt lat="22.60659970343112945556640625" lon="113.88617324642837047576904296875">
        <ele>13.6000003814697265625</ele>
        <time>2026-09-14T22:51:11.000Z</time>
        <extensions>
          <ns3:TrackPointExtension>
            <ns3:hr>147</ns3:hr>
            <ns3:cad>95</ns3:cad>
          </ns3:TrackPointExtension>
        </extensions>
      </trkpt>
      <trkpt lat="22.6065680198371410369873046875" lon="113.88618213124573230743408203125">
        <ele>13.6000003814697265625</ele>
        <time>2026-09-14T22:51:12.000Z</time>
        <extensions>
          <ns3:TrackPointExtension>
            <ns3:hr>147</ns3:hr>
            <ns3:cad>94</ns3:cad>
          </ns3:TrackPointExtension>
        </extensions>
      </trkpt>
      <trkpt lat="22.606527619063854217529296875" lon="113.8861926086246967315673828125">
        <ele>13.3999996185302734375</ele>
        <time>2026-09-14T22:51:13.000Z</time>
        <extensions>
          <ns3:TrackPointExtension>
            <ns3:hr>147</ns3:hr>
            <ns3:cad>93</ns3:cad>
          </ns3:TrackPointExtension>
        </extensions>
      </trkpt>
      <trkpt lat="22.606498785316944122314453125" lon="113.8862009905278682708740234375">
        <ele>13.3999996185302734375</ele>
        <time>2026-09-14T22:51:14.000Z</time>
        <extensions>
          <ns3:TrackPointExtension>
            <ns3:hr>147</ns3:hr>
            <ns3:cad>93</ns3:cad>
          </ns3:TrackPointExtension>
        </extensions>
      </trkpt>
      <trkpt lat="22.6064644195139408111572265625" lon="113.8862107135355472564697265625">
        <ele>13.3999996185302734375</ele>
        <time>2026-09-14T22:51:15.000Z</time>
        <extensions>
          <ns3:TrackPointExtension>
            <ns3:hr>147</ns3:hr>
            <ns3:cad>93</ns3:cad>
          </ns3:TrackPointExtension>
        </extensions>
      </trkpt>
      <trkpt lat="22.60643483139574527740478515625" lon="113.8862221129238605499267578125">
        <ele>13.3999996185302734375</ele>
        <time>2026-09-14T22:51:16.000Z</time>
        <extensions>
          <ns3:TrackPointExtension>
            <ns3:hr>146</ns3:hr>
            <ns3:cad>93</ns3:cad>
          </ns3:TrackPointExtension>
        </extensions>
      </trkpt>
      <trkpt lat="22.6064087636768817901611328125" lon="113.8862291537225246429443359375">
        <ele>13.3999996185302734375</ele>
        <time>2026-09-14T22:51:17.000Z</time>
        <extensions>
          <ns3:TrackPointExtension>
            <ns3:hr>147</ns3:hr>
            <ns3:cad>94</ns3:cad>
          </ns3:TrackPointExtension>
        </extensions>
      </trkpt>
      <trkpt lat="22.606378756463527679443359375" lon="113.8862415589392185211181640625">
        <ele>13.3999996185302734375</ele>
        <time>2026-09-14T22:51:18.000Z</time>
        <extensions>
          <ns3:TrackPointExtension>
            <ns3:hr>147</ns3:hr>
            <ns3:cad>94</ns3:cad>
          </ns3:TrackPointExtension>
        </extensions>
      </trkpt>
      <trkpt lat="22.6063549518585205078125" lon="113.886244408786296844482421875">
        <ele>13.3999996185302734375</ele>
        <time>2026-09-14T22:51:19.000Z</time>
        <extensions>
          <ns3:TrackPointExtension>
            <ns3:hr>147</ns3:hr>
            <ns3:cad>93</ns3:cad>
          </ns3:TrackPointExtension>
        </extensions>
      </trkpt>
      <trkpt lat="22.60632670484483242034912109375" lon="113.88625388033688068389892578125">
        <ele>13.3999996185302734375</ele>
        <time>2026-09-14T22:51:20.000Z</time>
        <extensions>
          <ns3:TrackPointExtension>
            <ns3:hr>147</ns3:hr>
            <ns3:cad>93</ns3:cad>
          </ns3:TrackPointExtension>
        </extensions>
      </trkpt>
      <trkpt lat="22.606298960745334625244140625" lon="113.8862635195255279541015625">
        <ele>13.19999980926513671875</ele>
        <time>2026-09-14T22:51:21.000Z</time>
        <extensions>
          <ns3:TrackPointExtension>
            <ns3:hr>148</ns3:hr>
            <ns3:cad>93</ns3:cad>
          </ns3:TrackPointExtension>
        </extensions>
      </trkpt>
      <trkpt lat="22.6062679477035999298095703125" lon="113.8862720690667629241943359375">
        <ele>13.19999980926513671875</ele>
        <time>2026-09-14T22:51:22.000Z</time>
        <extensions>
          <ns3:TrackPointExtension>
            <ns3:hr>147</ns3:hr>
            <ns3:cad>93</ns3:cad>
          </ns3:TrackPointExtension>
        </extensions>
      </trkpt>
      <trkpt lat="22.60623903013765811920166015625" lon="113.88628321699798107147216796875">
        <ele>13.19999980926513671875</ele>
        <time>2026-09-14T22:51:23.000Z</time>
        <extensions>
          <ns3:TrackPointExtension>
            <ns3:hr>147</ns3:hr>
            <ns3:cad>94</ns3:cad>
          </ns3:TrackPointExtension>
        </extensions>
      </trkpt>
      <trkpt lat="22.6062082685530185699462890625" lon="113.88628556393086910247802734375">
        <ele>13.19999980926513671875</ele>
        <time>2026-09-14T22:51:24.000Z</time>
        <extensions>
          <ns3:TrackPointExtension>
            <ns3:hr>147</ns3:hr>
            <ns3:cad>94</ns3:cad>
          </ns3:TrackPointExtension>
        </extensions>
      </trkpt>
      <trkpt lat="22.606181614100933074951171875" lon="113.8862955383956432342529296875">
        <ele>13.19999980926513671875</ele>
        <time>2026-09-14T22:51:25.000Z</time>
        <extensions>
          <ns3:TrackPointExtension>
            <ns3:hr>147</ns3:hr>
            <ns3:cad>94</ns3:cad>
          </ns3:TrackPointExtension>
        </extensions>
      </trkpt>
      <trkpt lat="22.60615085251629352569580078125" lon="113.88629964552819728851318359375">
        <ele>13.19999980926513671875</ele>
        <time>2026-09-14T22:51:26.000Z</time>
        <extensions>
          <ns3:TrackPointExtension>
            <ns3:hr>147</ns3:hr>
            <ns3:cad>94</ns3:cad>
          </ns3:TrackPointExtension>
        </extensions>
      </trkpt>
      <trkpt lat="22.606115229427814483642578125" lon="113.88630752451717853546142578125">
        <ele>13.19999980926513671875</ele>
        <time>2026-09-14T22:51:27.000Z</time>
        <extensions>
          <ns3:TrackPointExtension>
            <ns3:hr>147</ns3:hr>
            <ns3:cad>93</ns3:cad>
          </ns3:TrackPointExtension>
        </extensions>
      </trkpt>
      <trkpt lat="22.60608740150928497314453125" lon="113.8863153196871280670166015625">
        <ele>13.19999980926513671875</ele>
        <time>2026-09-14T22:51:28.000Z</time>
        <extensions>
          <ns3:TrackPointExtension>
            <ns3:hr>146</ns3:hr>
            <ns3:cad>93</ns3:cad>
          </ns3:TrackPointExtension>
        </extensions>
      </trkpt>
      <trkpt lat="22.60605529882013797760009765625" lon="113.8863265514373779296875">
        <ele>13.19999980926513671875</ele>
        <time>2026-09-14T22:51:29.000Z</time>
        <extensions>
          <ns3:TrackPointExtension>
            <ns3:hr>147</ns3:hr>
            <ns3:cad>93</ns3:cad>
          </ns3:TrackPointExtension>
        </extensions>
      </trkpt>
      <trkpt lat="22.6060292311012744903564453125" lon="113.8863361068069934844970703125">
        <ele>13.19999980926513671875</ele>
        <time>2026-09-14T22:51:30.000Z</time>
        <extensions>
          <ns3:TrackPointExtension>
            <ns3:hr>147</ns3:hr>
            <ns3:cad>93</ns3:cad>
          </ns3:TrackPointExtension>
        </extensions>
      </trkpt>
      <trkpt lat="22.60600349865853786468505859375" lon="113.88634792529046535491943359375">
        <ele>13</ele>
        <time>2026-09-14T22:51:31.000Z</time>
        <extensions>
          <ns3:TrackPointExtension>
            <ns3:hr>146</ns3:hr>
            <ns3:cad>94</ns3:cad>
          </ns3:TrackPointExtension>
        </extensions>
      </trkpt>
      <trkpt lat="22.60597064159810543060302734375" lon="113.88636033050715923309326171875">
        <ele>13.19999980926513671875</ele>
        <time>2026-09-14T22:51:32.000Z</time>
        <extensions>
          <ns3:TrackPointExtension>
            <ns3:hr>146</ns3:hr>
            <ns3:cad>94</ns3:cad>
          </ns3:TrackPointExtension>
        </extensions>
      </trkpt>
      <trkpt lat="22.60594264604151248931884765625" lon="113.88636611402034759521484375">
        <ele>13.19999980926513671875</ele>
        <time>2026-09-14T22:51:33.000Z</time>
        <extensions>
          <ns3:TrackPointExtension>
            <ns3:hr>147</ns3:hr>
            <ns3:cad>95</ns3:cad>
          </ns3:TrackPointExtension>
        </extensions>
      </trkpt>
      <trkpt lat="22.6059088669717311859130859375" lon="113.88637776486575603485107421875">
        <ele>13.19999980926513671875</ele>
        <time>2026-09-14T22:51:34.000Z</time>
        <extensions>
          <ns3:TrackPointExtension>
            <ns3:hr>147</ns3:hr>
            <ns3:cad>94</ns3:cad>
          </ns3:TrackPointExtension>
        </extensions>
      </trkpt>
      <trkpt lat="22.60588363744318485260009765625" lon="113.88638229109346866607666015625">
        <ele>13.19999980926513671875</ele>
        <time>2026-09-14T22:51:35.000Z</time>
        <extensions>
          <ns3:TrackPointExtension>
            <ns3:hr>147</ns3:hr>
            <ns3:cad>94</ns3:cad>
          </ns3:TrackPointExtension>
        </extensions>
      </trkpt>
      <trkpt lat="22.60585111565887928009033203125" lon="113.88639301992952823638916015625">
        <ele>13.19999980926513671875</ele>
        <time>2026-09-14T22:51:36.000Z</time>
        <extensions>
          <ns3:TrackPointExtension>
            <ns3:hr>147</ns3:hr>
            <ns3:cad>94</ns3:cad>
          </ns3:TrackPointExtension>
        </extensions>
      </trkpt>
      <trkpt lat="22.60582429356873035430908203125" lon="113.8863981328904628753662109375">
        <ele>13</ele>
        <time>2026-09-14T22:51:37.000Z</time>
        <extensions>
          <ns3:TrackPointExtension>
            <ns3:hr>147</ns3:hr>
            <ns3:cad>94</ns3:cad>
          </ns3:TrackPointExtension>
        </extensions>
      </trkpt>
      <trkpt lat="22.6057931967079639434814453125" lon="113.88640777207911014556884765625">
        <ele>13</ele>
        <time>2026-09-14T22:51:38.000Z</time>
        <extensions>
          <ns3:TrackPointExtension>
            <ns3:hr>147</ns3:hr>
            <ns3:cad>94</ns3:cad>
          </ns3:TrackPointExtension>
        </extensions>
      </trkpt>
      <trkpt lat="22.605764530599117279052734375" lon="113.8864164054393768310546875">
        <ele>13</ele>
        <time>2026-09-14T22:51:39.000Z</time>
        <extensions>
          <ns3:TrackPointExtension>
            <ns3:hr>147</ns3:hr>
            <ns3:cad>93</ns3:cad>
          </ns3:TrackPointExtension>
        </extensions>
      </trkpt>
      <trkpt lat="22.60573879815638065338134765625" lon="113.88642252422869205474853515625">
        <ele>13</ele>
        <time>2026-09-14T22:51:40.000Z</time>
        <extensions>
          <ns3:TrackPointExtension>
            <ns3:hr>147</ns3:hr>
            <ns3:cad>93</ns3:cad>
          </ns3:TrackPointExtension>
        </extensions>
      </trkpt>
      <trkpt lat="22.605710215866565704345703125" lon="113.8864333368837833404541015625">
        <ele>13</ele>
        <time>2026-09-14T22:51:41.000Z</time>
        <extensions>
          <ns3:TrackPointExtension>
            <ns3:hr>147</ns3:hr>
            <ns3:cad>93</ns3:cad>
          </ns3:TrackPointExtension>
        </extensions>
      </trkpt>
      <trkpt lat="22.60568364523351192474365234375" lon="113.8864417187869548797607421875">
        <ele>13</ele>
        <time>2026-09-14T22:51:42.000Z</time>
        <extensions>
          <ns3:TrackPointExtension>
            <ns3:hr>147</ns3:hr>
            <ns3:cad>93</ns3:cad>
          </ns3:TrackPointExtension>
        </extensions>
      </trkpt>
      <trkpt lat="22.6056550629436969757080078125" lon="113.88644901104271411895751953125">
        <ele>12.80000019073486328125</ele>
        <time>2026-09-14T22:51:43.000Z</time>
        <extensions>
          <ns3:TrackPointExtension>
            <ns3:hr>147</ns3:hr>
            <ns3:cad>94</ns3:cad>
          </ns3:TrackPointExtension>
        </extensions>
      </trkpt>
      <trkpt lat="22.60562949813902378082275390625" lon="113.88645504601299762725830078125">
        <ele>12.80000019073486328125</ele>
        <time>2026-09-14T22:51:44.000Z</time>
        <extensions>
          <ns3:TrackPointExtension>
            <ns3:hr>147</ns3:hr>
            <ns3:cad>94</ns3:cad>
          </ns3:TrackPointExtension>
        </extensions>
      </trkpt>
      <trkpt lat="22.60560250841081142425537109375" lon="113.88646292500197887420654296875">
        <ele>13</ele>
        <time>2026-09-14T22:51:45.000Z</time>
        <extensions>
          <ns3:TrackPointExtension>
            <ns3:hr>148</ns3:hr>
            <ns3:cad>94</ns3:cad>
          </ns3:TrackPointExtension>
        </extensions>
      </trkpt>
      <trkpt lat="22.60557887144386768341064453125" lon="113.886469043791294097900390625">
        <ele>12.80000019073486328125</ele>
        <time>2026-09-14T22:51:46.000Z</time>
        <extensions>
          <ns3:TrackPointExtension>
            <ns3:hr>149</ns3:hr>
            <ns3:cad>94</ns3:cad>
          </ns3:TrackPointExtension>
        </extensions>
      </trkpt>
      <trkpt lat="22.6055591739714145660400390625" lon="113.8864806108176708221435546875">
        <ele>13</ele>
        <time>2026-09-14T22:51:47.000Z</time>
        <extensions>
          <ns3:TrackPointExtension>
            <ns3:hr>149</ns3:hr>
            <ns3:cad>94</ns3:cad>
          </ns3:TrackPointExtension>
        </extensions>
      </trkpt>
      <trkpt lat="22.60553360916674137115478515625" lon="113.886491842567920684814453125">
        <ele>13</ele>
        <time>2026-09-14T22:51:48.000Z</time>
        <extensions>
          <ns3:TrackPointExtension>
            <ns3:hr>149</ns3:hr>
            <ns3:cad>94</ns3:cad>
          </ns3:TrackPointExtension>
        </extensions>
      </trkpt>
      <trkpt lat="22.60550913400948047637939453125" lon="113.88650299049913883209228515625">
        <ele>12.80000019073486328125</ele>
        <time>2026-09-14T22:51:49.000Z</time>
        <extensions>
          <ns3:TrackPointExtension>
            <ns3:hr>149</ns3:hr>
            <ns3:cad>95</ns3:cad>
          </ns3:TrackPointExtension>
        </extensions>
      </trkpt>
      <trkpt lat="22.60546957142651081085205078125" lon="113.8865168206393718719482421875">
        <ele>12.80000019073486328125</ele>
        <time>2026-09-14T22:51:50.000Z</time>
        <extensions>
          <ns3:TrackPointExtension>
            <ns3:hr>148</ns3:hr>
            <ns3:cad>95</ns3:cad>
          </ns3:TrackPointExtension>
        </extensions>
      </trkpt>
      <trkpt lat="22.60543906129896640777587890625" lon="113.88652562163770198822021484375">
        <ele>12.80000019073486328125</ele>
        <time>2026-09-14T22:51:51.000Z</time>
        <extensions>
          <ns3:TrackPointExtension>
            <ns3:hr>149</ns3:hr>
            <ns3:cad>95</ns3:cad>
          </ns3:TrackPointExtension>
        </extensions>
      </trkpt>
      <trkpt lat="22.6053908653557300567626953125" lon="113.8865372724831104278564453125">
        <ele>12.6000003814697265625</ele>
        <time>2026-09-14T22:51:52.000Z</time>
        <extensions>
          <ns3:TrackPointExtension>
            <ns3:hr>149</ns3:hr>
            <ns3:cad>94</ns3:cad>
          </ns3:TrackPointExtension>
        </extensions>
      </trkpt>
      <trkpt lat="22.605363540351390838623046875" lon="113.8865459896624088287353515625">
        <ele>12.6000003814697265625</ele>
        <time>2026-09-14T22:51:53.000Z</time>
        <extensions>
          <ns3:TrackPointExtension>
            <ns3:hr>149</ns3:hr>
            <ns3:cad>94</ns3:cad>
          </ns3:TrackPointExtension>
        </extensions>
      </trkpt>
      <trkpt lat="22.60533546097576618194580078125" lon="113.8865459896624088287353515625">
        <ele>12.6000003814697265625</ele>
        <time>2026-09-14T22:51:54.000Z</time>
        <extensions>
          <ns3:TrackPointExtension>
            <ns3:hr>149</ns3:hr>
            <ns3:cad>93</ns3:cad>
          </ns3:TrackPointExtension>
        </extensions>
      </trkpt>
      <trkpt lat="22.60530687868595123291015625" lon="113.886550180613994598388671875">
        <ele>12.3999996185302734375</ele>
        <time>2026-09-14T22:51:55.000Z</time>
        <extensions>
          <ns3:TrackPointExtension>
            <ns3:hr>149</ns3:hr>
            <ns3:cad>93</ns3:cad>
          </ns3:TrackPointExtension>
        </extensions>
      </trkpt>
      <trkpt lat="22.60528139770030975341796875" lon="113.88655562885105609893798828125">
        <ele>12.3999996185302734375</ele>
        <time>2026-09-14T22:51:56.000Z</time>
        <extensions>
          <ns3:TrackPointExtension>
            <ns3:hr>149</ns3:hr>
            <ns3:cad>94</ns3:cad>
          </ns3:TrackPointExtension>
        </extensions>
      </trkpt>
      <trkpt lat="22.60525650344789028167724609375" lon="113.8865614123642444610595703125">
        <ele>12.3999996185302734375</ele>
        <time>2026-09-14T22:51:57.000Z</time>
        <extensions>
          <ns3:TrackPointExtension>
            <ns3:hr>150</ns3:hr>
            <ns3:cad>94</ns3:cad>
          </ns3:TrackPointExtension>
        </extensions>
      </trkpt>
      <trkpt lat="22.60523454286158084869384765625" lon="113.88656769879162311553955078125">
        <ele>12.3999996185302734375</ele>
        <time>2026-09-14T22:51:58.000Z</time>
        <extensions>
          <ns3:TrackPointExtension>
            <ns3:hr>150</ns3:hr>
            <ns3:cad>94</ns3:cad>
          </ns3:TrackPointExtension>
        </extensions>
      </trkpt>
      <trkpt lat="22.60520721785724163055419921875" lon="113.88657876290380954742431640625">
        <ele>12.6000003814697265625</ele>
        <time>2026-09-14T22:51:59.000Z</time>
        <extensions>
          <ns3:TrackPointExtension>
            <ns3:hr>150</ns3:hr>
            <ns3:cad>94</ns3:cad>
          </ns3:TrackPointExtension>
        </extensions>
      </trkpt>
      <trkpt lat="22.60518089868128299713134765625" lon="113.8865865580737590789794921875">
        <ele>12.6000003814697265625</ele>
        <time>2026-09-14T22:52:00.000Z</time>
        <extensions>
          <ns3:TrackPointExtension>
            <ns3:hr>150</ns3:hr>
            <ns3:cad>93</ns3:cad>
          </ns3:TrackPointExtension>
        </extensions>
      </trkpt>
      <trkpt lat="22.60515256784856319427490234375" lon="113.88659753836691379547119140625">
        <ele>12.6000003814697265625</ele>
        <time>2026-09-14T22:52:01.000Z</time>
        <extensions>
          <ns3:TrackPointExtension>
            <ns3:hr>149</ns3:hr>
            <ns3:cad>93</ns3:cad>
          </ns3:TrackPointExtension>
        </extensions>
      </trkpt>
      <trkpt lat="22.60512306354939937591552734375" lon="113.886610530316829681396484375">
        <ele>12.6000003814697265625</ele>
        <time>2026-09-14T22:52:02.000Z</time>
        <extensions>
          <ns3:TrackPointExtension>
            <ns3:hr>150</ns3:hr>
            <ns3:cad>93</ns3:cad>
          </ns3:TrackPointExtension>
        </extensions>
      </trkpt>
      <trkpt lat="22.6050871051847934722900390625" lon="113.886615894734859466552734375">
        <ele>12.80000019073486328125</ele>
        <time>2026-09-14T22:52:03.000Z</time>
        <extensions>
          <ns3:TrackPointExtension>
            <ns3:hr>150</ns3:hr>
            <ns3:cad>93</ns3:cad>
          </ns3:TrackPointExtension>
        </extensions>
      </trkpt>
      <trkpt lat="22.60504259727895259857177734375" lon="113.8866294734179973602294921875">
        <ele>12.80000019073486328125</ele>
        <time>2026-09-14T22:52:04.000Z</time>
        <extensions>
          <ns3:TrackPointExtension>
            <ns3:hr>150</ns3:hr>
            <ns3:cad>95</ns3:cad>
          </ns3:TrackPointExtension>
        </extensions>
      </trkpt>
      <trkpt lat="22.605012841522693634033203125" lon="113.886635005474090576171875">
        <ele>12.6000003814697265625</ele>
        <time>2026-09-14T22:52:05.000Z</time>
        <extensions>
          <ns3:TrackPointExtension>
            <ns3:hr>149</ns3:hr>
            <ns3:cad>96</ns3:cad>
          </ns3:TrackPointExtension>
        </extensions>
      </trkpt>
      <trkpt lat="22.60498509742319583892822265625" lon="113.8866445608437061309814453125">
        <ele>12.6000003814697265625</ele>
        <time>2026-09-14T22:52:06.000Z</time>
        <extensions>
          <ns3:TrackPointExtension>
            <ns3:hr>149</ns3:hr>
            <ns3:cad>96</ns3:cad>
          </ns3:TrackPointExtension>
        </extensions>
      </trkpt>
      <trkpt lat="22.604959197342395782470703125" lon="113.88665503822267055511474609375">
        <ele>12.6000003814697265625</ele>
        <time>2026-09-14T22:52:07.000Z</time>
        <extensions>
          <ns3:TrackPointExtension>
            <ns3:hr>149</ns3:hr>
            <ns3:cad>96</ns3:cad>
          </ns3:TrackPointExtension>
        </extensions>
      </trkpt>
      <trkpt lat="22.60493145324289798736572265625" lon="113.886661492288112640380859375">
        <ele>12.80000019073486328125</ele>
        <time>2026-09-14T22:52:08.000Z</time>
        <extensions>
          <ns3:TrackPointExtension>
            <ns3:hr>149</ns3:hr>
            <ns3:cad>96</ns3:cad>
          </ns3:TrackPointExtension>
        </extensions>
      </trkpt>
      <trkpt lat="22.6048953272402286529541015625" lon="113.88667582534253597259521484375">
        <ele>12.6000003814697265625</ele>
        <time>2026-09-14T22:52:09.000Z</time>
        <extensions>
          <ns3:TrackPointExtension>
            <ns3:hr>149</ns3:hr>
            <ns3:cad>96</ns3:cad>
          </ns3:TrackPointExtension>
        </extensions>
      </trkpt>
      <trkpt lat="22.6048725284636020660400390625" lon="113.886684961616992950439453125">
        <ele>12.6000003814697265625</ele>
        <time>2026-09-14T22:52:10.000Z</time>
        <extensions>
          <ns3:TrackPointExtension>
            <ns3:hr>149</ns3:hr>
            <ns3:cad>95</ns3:cad>
          </ns3:TrackPointExtension>
        </extensions>
      </trkpt>
      <trkpt lat="22.6048416830599308013916015625" lon="113.88669141568243503570556640625">
        <ele>12.6000003814697265625</ele>
        <time>2026-09-14T22:52:11.000Z</time>
        <extensions>
          <ns3:TrackPointExtension>
            <ns3:hr>149</ns3:hr>
            <ns3:cad>95</ns3:cad>
          </ns3:TrackPointExtension>
        </extensions>
      </trkpt>
      <trkpt lat="22.60481745935976505279541015625" lon="113.8867032341659069061279296875">
        <ele>12.6000003814697265625</ele>
        <time>2026-09-14T22:52:12.000Z</time>
        <extensions>
          <ns3:TrackPointExtension>
            <ns3:hr>148</ns3:hr>
            <ns3:cad>95</ns3:cad>
          </ns3:TrackPointExtension>
        </extensions>
      </trkpt>
      <trkpt lat="22.6047866977751255035400390625" lon="113.88671220280230045318603515625">
        <ele>12.6000003814697265625</ele>
        <time>2026-09-14T22:52:13.000Z</time>
        <extensions>
          <ns3:TrackPointExtension>
            <ns3:hr>149</ns3:hr>
            <ns3:cad>95</ns3:cad>
          </ns3:TrackPointExtension>
        </extensions>
      </trkpt>
      <trkpt lat="22.60475526563823223114013671875" lon="113.88671974651515483856201171875">
        <ele>12.6000003814697265625</ele>
        <time>2026-09-14T22:52:14.000Z</time>
        <extensions>
          <ns3:TrackPointExtension>
            <ns3:hr>149</ns3:hr>
            <ns3:cad>95</ns3:cad>
          </ns3:TrackPointExtension>
        </extensions>
      </trkpt>
      <trkpt lat="22.60472894646227359771728515625" lon="113.88672511093318462371826171875">
        <ele>12.6000003814697265625</ele>
        <time>2026-09-14T22:52:15.000Z</time>
        <extensions>
          <ns3:TrackPointExtension>
            <ns3:hr>149</ns3:hr>
            <ns3:cad>94</ns3:cad>
          </ns3:TrackPointExtension>
        </extensions>
      </trkpt>
      <trkpt lat="22.6046887971460819244384765625" lon="113.88673332519829273223876953125">
        <ele>12.6000003814697265625</ele>
        <time>2026-09-14T22:52:16.000Z</time>
        <extensions>
          <ns3:TrackPointExtension>
            <ns3:hr>148</ns3:hr>
            <ns3:cad>95</ns3:cad>
          </ns3:TrackPointExtension>
        </extensions>
      </trkpt>
      <trkpt lat="22.60466239415109157562255859375" lon="113.8867471553385257720947265625">
        <ele>12.6000003814697265625</ele>
        <time>2026-09-14T22:52:17.000Z</time>
        <extensions>
          <ns3:TrackPointExtension>
            <ns3:hr>149</ns3:hr>
            <ns3:cad>95</ns3:cad>
          </ns3:TrackPointExtension>
        </extensions>
      </trkpt>
      <trkpt lat="22.60462434031069278717041015625" lon="113.88675210066139698028564453125">
        <ele>12.6000003814697265625</ele>
        <time>2026-09-14T22:52:18.000Z</time>
        <extensions>
          <ns3:TrackPointExtension>
            <ns3:hr>149</ns3:hr>
            <ns3:cad>95</ns3:cad>
          </ns3:TrackPointExtension>
        </extensions>
      </trkpt>
      <trkpt lat="22.6045967638492584228515625" lon="113.8867615722119808197021484375">
        <ele>12.6000003814697265625</ele>
        <time>2026-09-14T22:52:19.000Z</time>
        <extensions>
          <ns3:TrackPointExtension>
            <ns3:hr>148</ns3:hr>
            <ns3:cad>95</ns3:cad>
          </ns3:TrackPointExtension>
        </extensions>
      </trkpt>
      <trkpt lat="22.60456164367496967315673828125" lon="113.88676685281097888946533203125">
        <ele>12.6000003814697265625</ele>
        <time>2026-09-14T22:52:20.000Z</time>
        <extensions>
          <ns3:TrackPointExtension>
            <ns3:hr>148</ns3:hr>
            <ns3:cad>95</ns3:cad>
          </ns3:TrackPointExtension>
        </extensions>
      </trkpt>
      <trkpt lat="22.60452409274876117706298828125" lon="113.88677380979061126708984375">
        <ele>12.6000003814697265625</ele>
        <time>2026-09-14T22:52:21.000Z</time>
        <extensions>
          <ns3:TrackPointExtension>
            <ns3:hr>148</ns3:hr>
            <ns3:cad>94</ns3:cad>
          </ns3:TrackPointExtension>
        </extensions>
      </trkpt>
      <trkpt lat="22.6044966839253902435302734375" lon="113.88678411953151226043701171875">
        <ele>12.6000003814697265625</ele>
        <time>2026-09-14T22:52:22.000Z</time>
        <extensions>
          <ns3:TrackPointExtension>
            <ns3:hr>148</ns3:hr>
            <ns3:cad>94</ns3:cad>
          </ns3:TrackPointExtension>
        </extensions>
      </trkpt>
      <trkpt lat="22.604465670883655548095703125" lon="113.88678680174052715301513671875">
        <ele>12.6000003814697265625</ele>
        <time>2026-09-14T22:52:23.000Z</time>
        <extensions>
          <ns3:TrackPointExtension>
            <ns3:hr>148</ns3:hr>
            <ns3:cad>94</ns3:cad>
          </ns3:TrackPointExtension>
        </extensions>
      </trkpt>
      <trkpt lat="22.60443675331771373748779296875" lon="113.8868007995188236236572265625">
        <ele>12.6000003814697265625</ele>
        <time>2026-09-14T22:52:24.000Z</time>
        <extensions>
          <ns3:TrackPointExtension>
            <ns3:hr>148</ns3:hr>
            <ns3:cad>95</ns3:cad>
          </ns3:TrackPointExtension>
        </extensions>
      </trkpt>
      <trkpt lat="22.6044078357517719268798828125" lon="113.88680909760296344757080078125">
        <ele>12.6000003814697265625</ele>
        <time>2026-09-14T22:52:25.000Z</time>
        <extensions>
          <ns3:TrackPointExtension>
            <ns3:hr>149</ns3:hr>
            <ns3:cad>95</ns3:cad>
          </ns3:TrackPointExtension>
        </extensions>
      </trkpt>
      <trkpt lat="22.60437824763357639312744140625" lon="113.88681940734386444091796875">
        <ele>12.6000003814697265625</ele>
        <time>2026-09-14T22:52:26.000Z</time>
        <extensions>
          <ns3:TrackPointExtension>
            <ns3:hr>149</ns3:hr>
            <ns3:cad>95</ns3:cad>
          </ns3:TrackPointExtension>
        </extensions>
      </trkpt>
      <trkpt lat="22.604352347552776336669921875" lon="113.88683290220797061920166015625">
        <ele>12.6000003814697265625</ele>
        <time>2026-09-14T22:52:27.000Z</time>
        <extensions>
          <ns3:TrackPointExtension>
            <ns3:hr>149</ns3:hr>
            <ns3:cad>95</ns3:cad>
          </ns3:TrackPointExtension>
        </extensions>
      </trkpt>
      <trkpt lat="22.60431756265461444854736328125" lon="113.88683659024536609649658203125">
        <ele>12.6000003814697265625</ele>
        <time>2026-09-14T22:52:28.000Z</time>
        <extensions>
          <ns3:TrackPointExtension>
            <ns3:hr>149</ns3:hr>
            <ns3:cad>95</ns3:cad>
          </ns3:TrackPointExtension>
        </extensions>
      </trkpt>
      <trkpt lat="22.6042908243834972381591796875" lon="113.88684354722499847412109375">
        <ele>12.6000003814697265625</ele>
        <time>2026-09-14T22:52:29.000Z</time>
        <extensions>
          <ns3:TrackPointExtension>
            <ns3:hr>150</ns3:hr>
            <ns3:cad>95</ns3:cad>
          </ns3:TrackPointExtension>
        </extensions>
      </trkpt>
      <trkpt lat="22.60426056571304798126220703125" lon="113.88684245757758617401123046875">
        <ele>12.6000003814697265625</ele>
        <time>2026-09-14T22:52:30.000Z</time>
        <extensions>
          <ns3:TrackPointExtension>
            <ns3:hr>150</ns3:hr>
            <ns3:cad>95</ns3:cad>
          </ns3:TrackPointExtension>
        </extensions>
      </trkpt>
      <trkpt lat="22.6042284630239009857177734375" lon="113.88685025274753570556640625">
        <ele>12.6000003814697265625</ele>
        <time>2026-09-14T22:52:31.000Z</time>
        <extensions>
          <ns3:TrackPointExtension>
            <ns3:hr>151</ns3:hr>
            <ns3:cad>96</ns3:cad>
          </ns3:TrackPointExtension>
        </extensions>
      </trkpt>
      <trkpt lat="22.60420390404760837554931640625" lon="113.88685486279428005218505859375">
        <ele>12.6000003814697265625</ele>
        <time>2026-09-14T22:52:32.000Z</time>
        <extensions>
          <ns3:TrackPointExtension>
            <ns3:hr>150</ns3:hr>
            <ns3:cad>96</ns3:cad>
          </ns3:TrackPointExtension>
        </extensions>
      </trkpt>
      <trkpt lat="22.6041718013584613800048828125" lon="113.88686743564903736114501953125">
        <ele>12.6000003814697265625</ele>
        <time>2026-09-14T22:52:33.000Z</time>
        <extensions>
          <ns3:TrackPointExtension>
            <ns3:hr>151</ns3:hr>
            <ns3:cad>94</ns3:cad>
          </ns3:TrackPointExtension>
        </extensions>
      </trkpt>
      <trkpt lat="22.6041469909250736236572265625" lon="113.88687313534319400787353515625">
        <ele>12.3999996185302734375</ele>
        <time>2026-09-14T22:52:34.000Z</time>
        <extensions>
          <ns3:TrackPointExtension>
            <ns3:hr>151</ns3:hr>
            <ns3:cad>94</ns3:cad>
          </ns3:TrackPointExtension>
        </extensions>
      </trkpt>
      <trkpt lat="22.60410751216113567352294921875" lon="113.8868715427815914154052734375">
        <ele>12.3999996185302734375</ele>
        <time>2026-09-14T22:52:35.000Z</time>
        <extensions>
          <ns3:TrackPointExtension>
            <ns3:hr>150</ns3:hr>
            <ns3:cad>94</ns3:cad>
          </ns3:TrackPointExtension>
        </extensions>
      </trkpt>
      <trkpt lat="22.60407649911940097808837890625" lon="113.88688017614185810089111328125">
        <ele>12.19999980926513671875</ele>
        <time>2026-09-14T22:52:36.000Z</time>
        <extensions>
          <ns3:TrackPointExtension>
            <ns3:hr>150</ns3:hr>
            <ns3:cad>94</ns3:cad>
          </ns3:TrackPointExtension>
        </extensions>
      </trkpt>
      <trkpt lat="22.60403811000287532806396484375" lon="113.8868873007595539093017578125">
        <ele>12.19999980926513671875</ele>
        <time>2026-09-14T22:52:37.000Z</time>
        <extensions>
          <ns3:TrackPointExtension>
            <ns3:hr>151</ns3:hr>
            <ns3:cad>94</ns3:cad>
          </ns3:TrackPointExtension>
        </extensions>
      </trkpt>
      <trkpt lat="22.6040105335414409637451171875" lon="113.88690054416656494140625">
        <ele>12.19999980926513671875</ele>
        <time>2026-09-14T22:52:38.000Z</time>
        <extensions>
          <ns3:TrackPointExtension>
            <ns3:hr>151</ns3:hr>
            <ns3:cad>94</ns3:cad>
          </ns3:TrackPointExtension>
        </extensions>
      </trkpt>
      <trkpt lat="22.60397826321423053741455078125" lon="113.88690364547073841094970703125">
        <ele>12.19999980926513671875</ele>
        <time>2026-09-14T22:52:39.000Z</time>
        <extensions>
          <ns3:TrackPointExtension>
            <ns3:hr>151</ns3:hr>
            <ns3:cad>94</ns3:cad>
          </ns3:TrackPointExtension>
        </extensions>
      </trkpt>
      <trkpt lat="22.60394222103059291839599609375" lon="113.88690833933651447296142578125">
        <ele>12.19999980926513671875</ele>
        <time>2026-09-14T22:52:40.000Z</time>
        <extensions>
          <ns3:TrackPointExtension>
            <ns3:hr>151</ns3:hr>
            <ns3:cad>95</ns3:cad>
          </ns3:TrackPointExtension>
        </extensions>
      </trkpt>
      <trkpt lat="22.60391439311206340789794921875" lon="113.886921666562557220458984375">
        <ele>12.19999980926513671875</ele>
        <time>2026-09-14T22:52:41.000Z</time>
        <extensions>
          <ns3:TrackPointExtension>
            <ns3:hr>151</ns3:hr>
            <ns3:cad>95</ns3:cad>
          </ns3:TrackPointExtension>
        </extensions>
      </trkpt>
      <trkpt lat="22.60389209724962711334228515625" lon="113.8869469799101352691650390625">
        <ele>12.19999980926513671875</ele>
        <time>2026-09-14T22:52:42.000Z</time>
        <extensions>
          <ns3:TrackPointExtension>
            <ns3:hr>151</ns3:hr>
            <ns3:cad>93</ns3:cad>
          </ns3:TrackPointExtension>
        </extensions>
      </trkpt>
      <trkpt lat="22.6038807816803455352783203125" lon="113.8869727961719036102294921875">
        <ele>12.3999996185302734375</ele>
        <time>2026-09-14T22:52:43.000Z</time>
        <extensions>
          <ns3:TrackPointExtension>
            <ns3:hr>151</ns3:hr>
            <ns3:cad>93</ns3:cad>
          </ns3:TrackPointExtension>
        </extensions>
      </trkpt>
      <trkpt lat="22.60387583635747432708740234375" lon="113.887010179460048675537109375">
        <ele>12.3999996185302734375</ele>
        <time>2026-09-14T22:52:44.000Z</time>
        <extensions>
          <ns3:TrackPointExtension>
            <ns3:hr>151</ns3:hr>
            <ns3:cad>93</ns3:cad>
          </ns3:TrackPointExtension>
        </extensions>
      </trkpt>
      <trkpt lat="22.60387583635747432708740234375" lon="113.887036330997943878173828125">
        <ele>12.6000003814697265625</ele>
        <time>2026-09-14T22:52:45.000Z</time>
        <extensions>
          <ns3:TrackPointExtension>
            <ns3:hr>151</ns3:hr>
            <ns3:cad>93</ns3:cad>
          </ns3:TrackPointExtension>
        </extensions>
      </trkpt>
      <trkpt lat="22.6038636825978755950927734375" lon="113.88707153499126434326171875">
        <ele>12.6000003814697265625</ele>
        <time>2026-09-14T22:52:46.000Z</time>
        <extensions>
          <ns3:TrackPointExtension>
            <ns3:hr>150</ns3:hr>
            <ns3:cad>93</ns3:cad>
          </ns3:TrackPointExtension>
        </extensions>
      </trkpt>
      <trkpt lat="22.6038556359708309173583984375" lon="113.8870965130627155303955078125">
        <ele>12.6000003814697265625</ele>
        <time>2026-09-14T22:52:47.000Z</time>
        <extensions>
          <ns3:TrackPointExtension>
            <ns3:hr>150</ns3:hr>
            <ns3:cad>91</ns3:cad>
          </ns3:TrackPointExtension>
        </extensions>
      </trkpt>
      <trkpt lat="22.6038269698619842529296875" lon="113.88711101375520229339599609375">
        <ele>12.6000003814697265625</ele>
        <time>2026-09-14T22:52:48.000Z</time>
        <extensions>
          <ns3:TrackPointExtension>
            <ns3:hr>149</ns3:hr>
            <ns3:cad>91</ns3:cad>
          </ns3:TrackPointExtension>
        </extensions>
      </trkpt>
      <trkpt lat="22.60380777530372142791748046875" lon="113.88712241314351558685302734375">
        <ele>12.6000003814697265625</ele>
        <time>2026-09-14T22:52:49.000Z</time>
        <extensions>
          <ns3:TrackPointExtension>
            <ns3:hr>149</ns3:hr>
            <ns3:cad>91</ns3:cad>
          </ns3:TrackPointExtension>
        </extensions>
      </trkpt>
      <trkpt lat="22.603782713413238525390625" lon="113.88711989857256412506103515625">
        <ele>12.80000019073486328125</ele>
        <time>2026-09-14T22:52:50.000Z</time>
        <extensions>
          <ns3:TrackPointExtension>
            <ns3:hr>148</ns3:hr>
            <ns3:cad>93</ns3:cad>
          </ns3:TrackPointExtension>
        </extensions>
      </trkpt>
      <trkpt lat="22.60375731624662876129150390625" lon="113.88712006621062755584716796875">
        <ele>12.80000019073486328125</ele>
        <time>2026-09-14T22:52:51.000Z</time>
        <extensions>
          <ns3:TrackPointExtension>
            <ns3:hr>148</ns3:hr>
            <ns3:cad>94</ns3:cad>
          </ns3:TrackPointExtension>
        </extensions>
      </trkpt>
      <trkpt lat="22.6037384569644927978515625" lon="113.8871137797832489013671875">
        <ele>12.80000019073486328125</ele>
        <time>2026-09-14T22:52:52.000Z</time>
        <extensions>
          <ns3:TrackPointExtension>
            <ns3:hr>148</ns3:hr>
            <ns3:cad>93</ns3:cad>
          </ns3:TrackPointExtension>
        </extensions>
      </trkpt>
      <trkpt lat="22.60371255688369274139404296875" lon="113.8871116004884243011474609375">
        <ele>12.80000019073486328125</ele>
        <time>2026-09-14T22:52:53.000Z</time>
        <extensions>
          <ns3:TrackPointExtension>
            <ns3:hr>148</ns3:hr>
            <ns3:cad>91</ns3:cad>
          </ns3:TrackPointExtension>
        </extensions>
      </trkpt>
      <trkpt lat="22.60369084775447845458984375" lon="113.88710514642298221588134765625">
        <ele>12.80000019073486328125</ele>
        <time>2026-09-14T22:52:54.000Z</time>
        <extensions>
          <ns3:TrackPointExtension>
            <ns3:hr>148</ns3:hr>
            <ns3:cad>91</ns3:cad>
          </ns3:TrackPointExtension>
        </extensions>
      </trkpt>
      <trkpt lat="22.60366159491240978240966796875" lon="113.88709793798625469207763671875">
        <ele>12.80000019073486328125</ele>
        <time>2026-09-14T22:52:55.000Z</time>
        <extensions>
          <ns3:TrackPointExtension>
            <ns3:hr>148</ns3:hr>
            <ns3:cad>91</ns3:cad>
          </ns3:TrackPointExtension>
        </extensions>
      </trkpt>
      <trkpt lat="22.603643238544464111328125" lon="113.88709391467273235321044921875">
        <ele>12.80000019073486328125</ele>
        <time>2026-09-14T22:52:56.000Z</time>
        <extensions>
          <ns3:TrackPointExtension>
            <ns3:hr>148</ns3:hr>
            <ns3:cad>91</ns3:cad>
          </ns3:TrackPointExtension>
        </extensions>
      </trkpt>
      <trkpt lat="22.603615410625934600830078125" lon="113.88708385638892650604248046875">
        <ele>12.6000003814697265625</ele>
        <time>2026-09-14T22:52:57.000Z</time>
        <extensions>
          <ns3:TrackPointExtension>
            <ns3:hr>148</ns3:hr>
            <ns3:cad>94</ns3:cad>
          </ns3:TrackPointExtension>
        </extensions>
      </trkpt>
      <trkpt lat="22.6035924442112445831298828125" lon="113.88707782141864299774169921875">
        <ele>12.6000003814697265625</ele>
        <time>2026-09-14T22:52:58.000Z</time>
        <extensions>
          <ns3:TrackPointExtension>
            <ns3:hr>148</ns3:hr>
            <ns3:cad>94</ns3:cad>
          </ns3:TrackPointExtension>
        </extensions>
      </trkpt>
      <trkpt lat="22.60356478393077850341796875" lon="113.88706156052649021148681640625">
        <ele>12.6000003814697265625</ele>
        <time>2026-09-14T22:52:59.000Z</time>
        <extensions>
          <ns3:TrackPointExtension>
            <ns3:hr>148</ns3:hr>
            <ns3:cad>93</ns3:cad>
          </ns3:TrackPointExtension>
        </extensions>
      </trkpt>
      <trkpt lat="22.603541314601898193359375" lon="113.88705317862331867218017578125">
        <ele>12.6000003814697265625</ele>
        <time>2026-09-14T22:53:00.000Z</time>
        <extensions>
          <ns3:TrackPointExtension>
            <ns3:hr>148</ns3:hr>
            <ns3:cad>93</ns3:cad>
          </ns3:TrackPointExtension>
        </extensions>
      </trkpt>
      <trkpt lat="22.60351574979722499847412109375" lon="113.88703943230211734771728515625">
        <ele>12.6000003814697265625</ele>
        <time>2026-09-14T22:53:01.000Z</time>
        <extensions>
          <ns3:TrackPointExtension>
            <ns3:hr>148</ns3:hr>
            <ns3:cad>93</ns3:cad>
          </ns3:TrackPointExtension>
        </extensions>
      </trkpt>
      <trkpt lat="22.60349328629672527313232421875" lon="113.88703004457056522369384765625">
        <ele>12.6000003814697265625</ele>
        <time>2026-09-14T22:53:02.000Z</time>
        <extensions>
          <ns3:TrackPointExtension>
            <ns3:hr>148</ns3:hr>
            <ns3:cad>93</ns3:cad>
          </ns3:TrackPointExtension>
        </extensions>
      </trkpt>
      <trkpt lat="22.60346696712076663970947265625" lon="113.88702283613383769989013671875">
        <ele>12.6000003814697265625</ele>
        <time>2026-09-14T22:53:03.000Z</time>
        <extensions>
          <ns3:TrackPointExtension>
            <ns3:hr>148</ns3:hr>
            <ns3:cad>93</ns3:cad>
          </ns3:TrackPointExtension>
        </extensions>
      </trkpt>
      <trkpt lat="22.60343578644096851348876953125" lon="113.88702183030545711517333984375">
        <ele>12.3999996185302734375</ele>
        <time>2026-09-14T22:53:04.000Z</time>
        <extensions>
          <ns3:TrackPointExtension>
            <ns3:hr>149</ns3:hr>
            <ns3:cad>92</ns3:cad>
          </ns3:TrackPointExtension>
        </extensions>
      </trkpt>
      <trkpt lat="22.6034080423414707183837890625" lon="113.88702166266739368438720703125">
        <ele>12.3999996185302734375</ele>
        <time>2026-09-14T22:53:05.000Z</time>
        <extensions>
          <ns3:TrackPointExtension>
            <ns3:hr>149</ns3:hr>
            <ns3:cad>92</ns3:cad>
          </ns3:TrackPointExtension>
        </extensions>
      </trkpt>
      <trkpt lat="22.60337459854781627655029296875" lon="113.887028954923152923583984375">
        <ele>12.3999996185302734375</ele>
        <time>2026-09-14T22:53:06.000Z</time>
        <extensions>
          <ns3:TrackPointExtension>
            <ns3:hr>149</ns3:hr>
            <ns3:cad>92</ns3:cad>
          </ns3:TrackPointExtension>
        </extensions>
      </trkpt>
      <trkpt lat="22.60334794409573078155517578125" lon="113.88703658245503902435302734375">
        <ele>12.3999996185302734375</ele>
        <time>2026-09-14T22:53:07.000Z</time>
        <extensions>
          <ns3:TrackPointExtension>
            <ns3:hr>149</ns3:hr>
            <ns3:cad>93</ns3:cad>
          </ns3:TrackPointExtension>
        </extensions>
      </trkpt>
      <trkpt lat="22.603322379291057586669921875" lon="113.88703809119760990142822265625">
        <ele>12.19999980926513671875</ele>
        <time>2026-09-14T22:53:08.000Z</time>
        <extensions>
          <ns3:TrackPointExtension>
            <ns3:hr>149</ns3:hr>
            <ns3:cad>94</ns3:cad>
          </ns3:TrackPointExtension>
        </extensions>
      </trkpt>
      <trkpt lat="22.60330192744731903076171875" lon="113.88703440316021442413330078125">
        <ele>12.19999980926513671875</ele>
        <time>2026-09-14T22:53:09.000Z</time>
        <extensions>
          <ns3:TrackPointExtension>
            <ns3:hr>149</ns3:hr>
            <ns3:cad>94</ns3:cad>
          </ns3:TrackPointExtension>
        </extensions>
      </trkpt>
      <trkpt lat="22.603278458118438720703125" lon="113.88702820055186748504638671875">
        <ele>12.19999980926513671875</ele>
        <time>2026-09-14T22:53:10.000Z</time>
        <extensions>
          <ns3:TrackPointExtension>
            <ns3:hr>148</ns3:hr>
            <ns3:cad>94</ns3:cad>
          </ns3:TrackPointExtension>
        </extensions>
      </trkpt>
      <trkpt lat="22.60325901210308074951171875" lon="113.88702115975320339202880859375">
        <ele>12.19999980926513671875</ele>
        <time>2026-09-14T22:53:11.000Z</time>
        <extensions>
          <ns3:TrackPointExtension>
            <ns3:hr>148</ns3:hr>
            <ns3:cad>93</ns3:cad>
          </ns3:TrackPointExtension>
        </extensions>
      </trkpt>
      <trkpt lat="22.6032424159348011016845703125" lon="113.887015879154205322265625">
        <ele>12</ele>
        <time>2026-09-14T22:53:12.000Z</time>
        <extensions>
          <ns3:TrackPointExtension>
            <ns3:hr>147</ns3:hr>
            <ns3:cad>90</ns3:cad>
          </ns3:TrackPointExtension>
        </extensions>
      </trkpt>
      <trkpt lat="22.60322690941393375396728515625" lon="113.88700640760362148284912109375">
        <ele>12</ele>
        <time>2026-09-14T22:53:13.000Z</time>
        <extensions>
          <ns3:TrackPointExtension>
            <ns3:hr>147</ns3:hr>
            <ns3:cad>89</ns3:cad>
          </ns3:TrackPointExtension>
        </extensions>
      </trkpt>
      <trkpt lat="22.6032082177698612213134765625" lon="113.88698880560696125030517578125">
        <ele>12</ele>
        <time>2026-09-14T22:53:14.000Z</time>
        <extensions>
          <ns3:TrackPointExtension>
            <ns3:hr>146</ns3:hr>
            <ns3:cad>89</ns3:cad>
          </ns3:TrackPointExtension>
        </extensions>
      </trkpt>
      <trkpt lat="22.60319036431610584259033203125" lon="113.88697103597223758697509765625">
        <ele>12</ele>
        <time>2026-09-14T22:53:15.000Z</time>
        <extensions>
          <ns3:TrackPointExtension>
            <ns3:hr>145</ns3:hr>
            <ns3:cad>89</ns3:cad>
          </ns3:TrackPointExtension>
        </extensions>
      </trkpt>
      <trkpt lat="22.60316605679690837860107421875" lon="113.886956535279750823974609375">
        <ele>11.80000019073486328125</ele>
        <time>2026-09-14T22:53:16.000Z</time>
        <extensions>
          <ns3:TrackPointExtension>
            <ns3:hr>145</ns3:hr>
            <ns3:cad>89</ns3:cad>
          </ns3:TrackPointExtension>
        </extensions>
      </trkpt>
      <trkpt lat="22.6031508855521678924560546875" lon="113.88694538734853267669677734375">
        <ele>11.80000019073486328125</ele>
        <time>2026-09-14T22:53:17.000Z</time>
        <extensions>
          <ns3:TrackPointExtension>
            <ns3:hr>145</ns3:hr>
            <ns3:cad>90</ns3:cad>
          </ns3:TrackPointExtension>
        </extensions>
      </trkpt>
      <trkpt lat="22.6031287573277950286865234375" lon="113.88692979700863361358642578125">
        <ele>11.80000019073486328125</ele>
        <time>2026-09-14T22:53:18.000Z</time>
        <extensions>
          <ns3:TrackPointExtension>
            <ns3:hr>145</ns3:hr>
            <ns3:cad>90</ns3:cad>
          </ns3:TrackPointExtension>
        </extensions>
      </trkpt>
      <trkpt lat="22.60310805402696132659912109375" lon="113.88692258857190608978271484375">
        <ele>11.80000019073486328125</ele>
        <time>2026-09-14T22:53:19.000Z</time>
        <extensions>
          <ns3:TrackPointExtension>
            <ns3:hr>145</ns3:hr>
            <ns3:cad>91</ns3:cad>
          </ns3:TrackPointExtension>
        </extensions>
      </trkpt>
      <trkpt lat="22.60308575816452503204345703125" lon="113.88691001571714878082275390625">
        <ele>11.80000019073486328125</ele>
        <time>2026-09-14T22:53:20.000Z</time>
        <extensions>
          <ns3:TrackPointExtension>
            <ns3:hr>145</ns3:hr>
            <ns3:cad>92</ns3:cad>
          </ns3:TrackPointExtension>
        </extensions>
      </trkpt>
      <trkpt lat="22.6030657254159450531005859375" lon="113.88689987361431121826171875">
        <ele>11.80000019073486328125</ele>
        <time>2026-09-14T22:53:21.000Z</time>
        <extensions>
          <ns3:TrackPointExtension>
            <ns3:hr>145</ns3:hr>
            <ns3:cad>92</ns3:cad>
          </ns3:TrackPointExtension>
        </extensions>
      </trkpt>
      <trkpt lat="22.60304485447704792022705078125" lon="113.886883445084095001220703125">
        <ele>11.80000019073486328125</ele>
        <time>2026-09-14T22:53:22.000Z</time>
        <extensions>
          <ns3:TrackPointExtension>
            <ns3:hr>145</ns3:hr>
            <ns3:cad>92</ns3:cad>
          </ns3:TrackPointExtension>
        </extensions>
      </trkpt>
      <trkpt lat="22.60302700102329254150390625" lon="113.88686978258192539215087890625">
        <ele>11.80000019073486328125</ele>
        <time>2026-09-14T22:53:23.000Z</time>
        <extensions>
          <ns3:TrackPointExtension>
            <ns3:hr>144</ns3:hr>
            <ns3:cad>93</ns3:cad>
          </ns3:TrackPointExtension>
        </extensions>
      </trkpt>
      <trkpt lat="22.60301199741661548614501953125" lon="113.88686022721230983734130859375">
        <ele>11.80000019073486328125</ele>
        <time>2026-09-14T22:53:24.000Z</time>
        <extensions>
          <ns3:TrackPointExtension>
            <ns3:hr>144</ns3:hr>
            <ns3:cad>93</ns3:cad>
          </ns3:TrackPointExtension>
        </extensions>
      </trkpt>
      <trkpt lat="22.6029835827648639678955078125" lon="113.88684916310012340545654296875">
        <ele>11.6000003814697265625</ele>
        <time>2026-09-14T22:53:25.000Z</time>
        <extensions>
          <ns3:TrackPointExtension>
            <ns3:hr>144</ns3:hr>
            <ns3:cad>91</ns3:cad>
          </ns3:TrackPointExtension>
        </extensions>
      </trkpt>
      <trkpt lat="22.60296338237822055816650390625" lon="113.88683944009244441986083984375">
        <ele>11.6000003814697265625</ele>
        <time>2026-09-14T22:53:26.000Z</time>
        <extensions>
          <ns3:TrackPointExtension>
            <ns3:hr>144</ns3:hr>
            <ns3:cad>91</ns3:cad>
          </ns3:TrackPointExtension>
        </extensions>
      </trkpt>
      <trkpt lat="22.60292834602296352386474609375" lon="113.88683558441698551177978515625">
        <ele>11.3999996185302734375</ele>
        <time>2026-09-14T22:53:27.000Z</time>
        <extensions>
          <ns3:TrackPointExtension>
            <ns3:hr>143</ns3:hr>
            <ns3:cad>91</ns3:cad>
          </ns3:TrackPointExtension>
        </extensions>
      </trkpt>
      <trkpt lat="22.60289297439157962799072265625" lon="113.88682887889444828033447265625">
        <ele>11.3999996185302734375</ele>
        <time>2026-09-14T22:53:28.000Z</time>
        <extensions>
          <ns3:TrackPointExtension>
            <ns3:hr>143</ns3:hr>
            <ns3:cad>92</ns3:cad>
          </ns3:TrackPointExtension>
        </extensions>
      </trkpt>
      <trkpt lat="22.60287101380527019500732421875" lon="113.88681848533451557159423828125">
        <ele>11.3999996185302734375</ele>
        <time>2026-09-14T22:53:29.000Z</time>
        <extensions>
          <ns3:TrackPointExtension>
            <ns3:hr>143</ns3:hr>
            <ns3:cad>93</ns3:cad>
          </ns3:TrackPointExtension>
        </extensions>
      </trkpt>
      <trkpt lat="22.60284955613315105438232421875" lon="113.88680758886039257049560546875">
        <ele>11.19999980926513671875</ele>
        <time>2026-09-14T22:53:30.000Z</time>
        <extensions>
          <ns3:TrackPointExtension>
            <ns3:hr>142</ns3:hr>
            <ns3:cad>95</ns3:cad>
          </ns3:TrackPointExtension>
        </extensions>
      </trkpt>
      <trkpt lat="22.60282658971846103668212890625" lon="113.88679769821465015411376953125">
        <ele>11.19999980926513671875</ele>
        <time>2026-09-14T22:53:31.000Z</time>
        <extensions>
          <ns3:TrackPointExtension>
            <ns3:hr>142</ns3:hr>
            <ns3:cad>95</ns3:cad>
          </ns3:TrackPointExtension>
        </extensions>
      </trkpt>
      <trkpt lat="22.60280362330377101898193359375" lon="113.8867883943021297454833984375">
        <ele>11.19999980926513671875</ele>
        <time>2026-09-14T22:53:32.000Z</time>
        <extensions>
          <ns3:TrackPointExtension>
            <ns3:hr>141</ns3:hr>
            <ns3:cad>95</ns3:cad>
          </ns3:TrackPointExtension>
        </extensions>
      </trkpt>
      <trkpt lat="22.60277881287038326263427734375" lon="113.8867803476750850677490234375">
        <ele>11.19999980926513671875</ele>
        <time>2026-09-14T22:53:33.000Z</time>
        <extensions>
          <ns3:TrackPointExtension>
            <ns3:hr>141</ns3:hr>
            <ns3:cad>95</ns3:cad>
          </ns3:TrackPointExtension>
        </extensions>
      </trkpt>
      <trkpt lat="22.60275467298924922943115234375" lon="113.88677204959094524383544921875">
        <ele>11.19999980926513671875</ele>
        <time>2026-09-14T22:53:34.000Z</time>
        <extensions>
          <ns3:TrackPointExtension>
            <ns3:hr>141</ns3:hr>
            <ns3:cad>94</ns3:cad>
          </ns3:TrackPointExtension>
        </extensions>
      </trkpt>
      <trkpt lat="22.60272500105202198028564453125" lon="113.8867588900029659271240234375">
        <ele>11.3999996185302734375</ele>
        <time>2026-09-14T22:53:35.000Z</time>
        <extensions>
          <ns3:TrackPointExtension>
            <ns3:hr>141</ns3:hr>
            <ns3:cad>94</ns3:cad>
          </ns3:TrackPointExtension>
        </extensions>
      </trkpt>
      <trkpt lat="22.60269482620060443878173828125" lon="113.88674472458660602569580078125">
        <ele>11.3999996185302734375</ele>
        <time>2026-09-14T22:53:36.000Z</time>
        <extensions>
          <ns3:TrackPointExtension>
            <ns3:hr>140</ns3:hr>
            <ns3:cad>94</ns3:cad>
          </ns3:TrackPointExtension>
        </extensions>
      </trkpt>
      <trkpt lat="22.6026724465191364288330078125" lon="113.88673089444637298583984375">
        <ele>11.3999996185302734375</ele>
        <time>2026-09-14T22:53:37.000Z</time>
        <extensions>
          <ns3:TrackPointExtension>
            <ns3:hr>141</ns3:hr>
            <ns3:cad>94</ns3:cad>
          </ns3:TrackPointExtension>
        </extensions>
      </trkpt>
      <trkpt lat="22.6026466302573680877685546875" lon="113.88672527857124805450439453125">
        <ele>11.3999996185302734375</ele>
        <time>2026-09-14T22:53:38.000Z</time>
        <extensions>
          <ns3:TrackPointExtension>
            <ns3:hr>141</ns3:hr>
            <ns3:cad>94</ns3:cad>
          </ns3:TrackPointExtension>
        </extensions>
      </trkpt>
      <trkpt lat="22.60261586867272853851318359375" lon="113.88671924360096454620361328125">
        <ele>11.3999996185302734375</ele>
        <time>2026-09-14T22:53:39.000Z</time>
        <extensions>
          <ns3:TrackPointExtension>
            <ns3:hr>141</ns3:hr>
            <ns3:cad>92</ns3:cad>
          </ns3:TrackPointExtension>
        </extensions>
      </trkpt>
      <trkpt lat="22.60257747955620288848876953125" lon="113.88671815395355224609375">
        <ele>11.3999996185302734375</ele>
        <time>2026-09-14T22:53:40.000Z</time>
        <extensions>
          <ns3:TrackPointExtension>
            <ns3:hr>141</ns3:hr>
            <ns3:cad>92</ns3:cad>
          </ns3:TrackPointExtension>
        </extensions>
      </trkpt>
      <trkpt lat="22.60256021283566951751708984375" lon="113.88669292442500591278076171875">
        <ele>11.6000003814697265625</ele>
        <time>2026-09-14T22:53:41.000Z</time>
        <extensions>
          <ns3:TrackPointExtension>
            <ns3:hr>141</ns3:hr>
            <ns3:cad>92</ns3:cad>
          </ns3:TrackPointExtension>
        </extensions>
      </trkpt>
      <trkpt lat="22.60254763998091220855712890625" lon="113.88667347840964794158935546875">
        <ele>11.6000003814697265625</ele>
        <time>2026-09-14T22:53:42.000Z</time>
        <extensions>
          <ns3:TrackPointExtension>
            <ns3:hr>141</ns3:hr>
            <ns3:cad>92</ns3:cad>
          </ns3:TrackPointExtension>
        </extensions>
      </trkpt>
      <trkpt lat="22.60252551175653934478759765625" lon="113.8866495899856090545654296875">
        <ele>11.6000003814697265625</ele>
        <time>2026-09-14T22:53:43.000Z</time>
        <extensions>
          <ns3:TrackPointExtension>
            <ns3:hr>141</ns3:hr>
            <ns3:cad>93</ns3:cad>
          </ns3:TrackPointExtension>
        </extensions>
      </trkpt>
      <trkpt lat="22.6025148667395114898681640625" lon="113.88663844205439090728759765625">
        <ele>11.6000003814697265625</ele>
        <time>2026-09-14T22:53:44.000Z</time>
        <extensions>
          <ns3:TrackPointExtension>
            <ns3:hr>140</ns3:hr>
            <ns3:cad>92</ns3:cad>
          </ns3:TrackPointExtension>
        </extensions>
      </trkpt>
      <trkpt lat="22.60249298997223377227783203125" lon="113.88661690056324005126953125">
        <ele>11.6000003814697265625</ele>
        <time>2026-09-14T22:53:45.000Z</time>
        <extensions>
          <ns3:TrackPointExtension>
            <ns3:hr>140</ns3:hr>
            <ns3:cad>92</ns3:cad>
          </ns3:TrackPointExtension>
        </extensions>
      </trkpt>
      <trkpt lat="22.6024732924997806549072265625" lon="113.8865999691188335418701171875">
        <ele>11.6000003814697265625</ele>
        <time>2026-09-14T22:53:46.000Z</time>
        <extensions>
          <ns3:TrackPointExtension>
            <ns3:hr>140</ns3:hr>
            <ns3:cad>92</ns3:cad>
          </ns3:TrackPointExtension>
        </extensions>
      </trkpt>
      <trkpt lat="22.602458707988262176513671875" lon="113.8865751586854457855224609375">
        <ele>11.6000003814697265625</ele>
        <time>2026-09-14T22:53:47.000Z</time>
        <extensions>
          <ns3:TrackPointExtension>
            <ns3:hr>139</ns3:hr>
            <ns3:cad>92</ns3:cad>
          </ns3:TrackPointExtension>
        </extensions>
      </trkpt>
      <trkpt lat="22.60243699885904788970947265625" lon="113.88655244372785091400146484375">
        <ele>11.6000003814697265625</ele>
        <time>2026-09-14T22:53:48.000Z</time>
        <extensions>
          <ns3:TrackPointExtension>
            <ns3:hr>139</ns3:hr>
            <ns3:cad>92</ns3:cad>
          </ns3:TrackPointExtension>
        </extensions>
      </trkpt>
      <trkpt lat="22.60241654701530933380126953125" lon="113.88652629218995571136474609375">
        <ele>11.6000003814697265625</ele>
        <time>2026-09-14T22:53:49.000Z</time>
        <extensions>
          <ns3:TrackPointExtension>
            <ns3:hr>139</ns3:hr>
            <ns3:cad>93</ns3:cad>
          </ns3:TrackPointExtension>
        </extensions>
      </trkpt>
      <trkpt lat="22.60239207185804843902587890625" lon="113.88650290668010711669921875">
        <ele>11.6000003814697265625</ele>
        <time>2026-09-14T22:53:50.000Z</time>
        <extensions>
          <ns3:TrackPointExtension>
            <ns3:hr>139</ns3:hr>
            <ns3:cad>93</ns3:cad>
          </ns3:TrackPointExtension>
        </extensions>
      </trkpt>
      <trkpt lat="22.6023727096617221832275390625" lon="113.88648455031216144561767578125">
        <ele>11.6000003814697265625</ele>
        <time>2026-09-14T22:53:51.000Z</time>
        <extensions>
          <ns3:TrackPointExtension>
            <ns3:hr>140</ns3:hr>
            <ns3:cad>92</ns3:cad>
          </ns3:TrackPointExtension>
        </extensions>
      </trkpt>
      <trkpt lat="22.602348066866397857666015625" lon="113.8864628411829471588134765625">
        <ele>11.6000003814697265625</ele>
        <time>2026-09-14T22:53:52.000Z</time>
        <extensions>
          <ns3:TrackPointExtension>
            <ns3:hr>139</ns3:hr>
            <ns3:cad>92</ns3:cad>
          </ns3:TrackPointExtension>
        </extensions>
      </trkpt>
      <trkpt lat="22.60232828557491302490234375" lon="113.886446245014667510986328125">
        <ele>11.80000019073486328125</ele>
        <time>2026-09-14T22:53:53.000Z</time>
        <extensions>
          <ns3:TrackPointExtension>
            <ns3:hr>139</ns3:hr>
            <ns3:cad>92</ns3:cad>
          </ns3:TrackPointExtension>
        </extensions>
      </trkpt>
      <trkpt lat="22.6023076660931110382080078125" lon="113.88642109930515289306640625">
        <ele>11.80000019073486328125</ele>
        <time>2026-09-14T22:53:54.000Z</time>
        <extensions>
          <ns3:TrackPointExtension>
            <ns3:hr>140</ns3:hr>
            <ns3:cad>93</ns3:cad>
          </ns3:TrackPointExtension>
        </extensions>
      </trkpt>
      <trkpt lat="22.60228897444903850555419921875" lon="113.886404000222682952880859375">
        <ele>11.80000019073486328125</ele>
        <time>2026-09-14T22:53:55.000Z</time>
        <extensions>
          <ns3:TrackPointExtension>
            <ns3:hr>139</ns3:hr>
            <ns3:cad>94</ns3:cad>
          </ns3:TrackPointExtension>
        </extensions>
      </trkpt>
      <trkpt lat="22.6022711209952831268310546875" lon="113.8863842189311981201171875">
        <ele>11.6000003814697265625</ele>
        <time>2026-09-14T22:53:56.000Z</time>
        <extensions>
          <ns3:TrackPointExtension>
            <ns3:hr>139</ns3:hr>
            <ns3:cad>95</ns3:cad>
          </ns3:TrackPointExtension>
        </extensions>
      </trkpt>
      <trkpt lat="22.60224672965705394744873046875" lon="113.8863605819642543792724609375">
        <ele>11.6000003814697265625</ele>
        <time>2026-09-14T22:53:57.000Z</time>
        <extensions>
          <ns3:TrackPointExtension>
            <ns3:hr>140</ns3:hr>
            <ns3:cad>95</ns3:cad>
          </ns3:TrackPointExtension>
        </extensions>
      </trkpt>
      <trkpt lat="22.6022271998226642608642578125" lon="113.88634038157761096954345703125">
        <ele>11.80000019073486328125</ele>
        <time>2026-09-14T22:53:58.000Z</time>
        <extensions>
          <ns3:TrackPointExtension>
            <ns3:hr>140</ns3:hr>
            <ns3:cad>95</ns3:cad>
          </ns3:TrackPointExtension>
        </extensions>
      </trkpt>
      <trkpt lat="22.60220213793218135833740234375" lon="113.88631858862936496734619140625">
        <ele>11.80000019073486328125</ele>
        <time>2026-09-14T22:53:59.000Z</time>
        <extensions>
          <ns3:TrackPointExtension>
            <ns3:hr>140</ns3:hr>
            <ns3:cad>95</ns3:cad>
          </ns3:TrackPointExtension>
        </extensions>
      </trkpt>
      <trkpt lat="22.60218000970780849456787109375" lon="113.88629771769046783447265625">
        <ele>11.80000019073486328125</ele>
        <time>2026-09-14T22:54:00.000Z</time>
        <extensions>
          <ns3:TrackPointExtension>
            <ns3:hr>140</ns3:hr>
            <ns3:cad>94</ns3:cad>
          </ns3:TrackPointExtension>
        </extensions>
      </trkpt>
      <trkpt lat="22.602156288921833038330078125" lon="113.8862688839435577392578125">
        <ele>11.80000019073486328125</ele>
        <time>2026-09-14T22:54:01.000Z</time>
        <extensions>
          <ns3:TrackPointExtension>
            <ns3:hr>140</ns3:hr>
            <ns3:cad>93</ns3:cad>
          </ns3:TrackPointExtension>
        </extensions>
      </trkpt>
      <trkpt lat="22.602135501801967620849609375" lon="113.886245749890804290771484375">
        <ele>11.80000019073486328125</ele>
        <time>2026-09-14T22:54:02.000Z</time>
        <extensions>
          <ns3:TrackPointExtension>
            <ns3:hr>139</ns3:hr>
            <ns3:cad>93</ns3:cad>
          </ns3:TrackPointExtension>
        </extensions>
      </trkpt>
      <trkpt lat="22.60211748071014881134033203125" lon="113.8862214423716068267822265625">
        <ele>11.80000019073486328125</ele>
        <time>2026-09-14T22:54:03.000Z</time>
        <extensions>
          <ns3:TrackPointExtension>
            <ns3:hr>140</ns3:hr>
            <ns3:cad>93</ns3:cad>
          </ns3:TrackPointExtension>
        </extensions>
      </trkpt>
      <trkpt lat="22.6021021418273448944091796875" lon="113.88619235716760158538818359375">
        <ele>11.80000019073486328125</ele>
        <time>2026-09-14T22:54:04.000Z</time>
        <extensions>
          <ns3:TrackPointExtension>
            <ns3:hr>140</ns3:hr>
            <ns3:cad>93</ns3:cad>
          </ns3:TrackPointExtension>
        </extensions>
      </trkpt>
      <trkpt lat="22.60208630003035068511962890625" lon="113.88617006130516529083251953125">
        <ele>11.80000019073486328125</ele>
        <time>2026-09-14T22:54:05.000Z</time>
        <extensions>
          <ns3:TrackPointExtension>
            <ns3:hr>140</ns3:hr>
            <ns3:cad>93</ns3:cad>
          </ns3:TrackPointExtension>
        </extensions>
      </trkpt>
      <trkpt lat="22.60206450708210468292236328125" lon="113.88614223338663578033447265625">
        <ele>11.6000003814697265625</ele>
        <time>2026-09-14T22:54:06.000Z</time>
        <extensions>
          <ns3:TrackPointExtension>
            <ns3:hr>140</ns3:hr>
            <ns3:cad>93</ns3:cad>
          </ns3:TrackPointExtension>
        </extensions>
      </trkpt>
      <trkpt lat="22.60204740799963474273681640625" lon="113.88612312264740467071533203125">
        <ele>11.6000003814697265625</ele>
        <time>2026-09-14T22:54:07.000Z</time>
        <extensions>
          <ns3:TrackPointExtension>
            <ns3:hr>141</ns3:hr>
            <ns3:cad>93</ns3:cad>
          </ns3:TrackPointExtension>
        </extensions>
      </trkpt>
      <trkpt lat="22.602034918963909149169921875" lon="113.88609512709081172943115234375">
        <ele>11.6000003814697265625</ele>
        <time>2026-09-14T22:54:08.000Z</time>
        <extensions>
          <ns3:TrackPointExtension>
            <ns3:hr>141</ns3:hr>
            <ns3:cad>93</ns3:cad>
          </ns3:TrackPointExtension>
        </extensions>
      </trkpt>
      <trkpt lat="22.6020205020904541015625" lon="113.8860742561519145965576171875">
        <ele>11.80000019073486328125</ele>
        <time>2026-09-14T22:54:09.000Z</time>
        <extensions>
          <ns3:TrackPointExtension>
            <ns3:hr>142</ns3:hr>
            <ns3:cad>95</ns3:cad>
          </ns3:TrackPointExtension>
        </extensions>
      </trkpt>
      <trkpt lat="22.60200616903603076934814453125" lon="113.88605271466076374053955078125">
        <ele>11.80000019073486328125</ele>
        <time>2026-09-14T22:54:10.000Z</time>
        <extensions>
          <ns3:TrackPointExtension>
            <ns3:hr>143</ns3:hr>
            <ns3:cad>95</ns3:cad>
          </ns3:TrackPointExtension>
        </extensions>
      </trkpt>
      <trkpt lat="22.6019868068397045135498046875" lon="113.88602941296994686126708984375">
        <ele>11.80000019073486328125</ele>
        <time>2026-09-14T22:54:11.000Z</time>
        <extensions>
          <ns3:TrackPointExtension>
            <ns3:hr>142</ns3:hr>
            <ns3:cad>95</ns3:cad>
          </ns3:TrackPointExtension>
        </extensions>
      </trkpt>
      <trkpt lat="22.6019774191081523895263671875" lon="113.8860058598220348358154296875">
        <ele>11.80000019073486328125</ele>
        <time>2026-09-14T22:54:12.000Z</time>
        <extensions>
          <ns3:TrackPointExtension>
            <ns3:hr>142</ns3:hr>
            <ns3:cad>94</ns3:cad>
          </ns3:TrackPointExtension>
        </extensions>
      </trkpt>
      <trkpt lat="22.6019616611301898956298828125" lon="113.88597476296126842498779296875">
        <ele>11.80000019073486328125</ele>
        <time>2026-09-14T22:54:13.000Z</time>
        <extensions>
          <ns3:TrackPointExtension>
            <ns3:hr>142</ns3:hr>
            <ns3:cad>94</ns3:cad>
          </ns3:TrackPointExtension>
        </extensions>
      </trkpt>
      <trkpt lat="22.601949088275432586669921875" lon="113.88595414347946643829345703125">
        <ele>11.80000019073486328125</ele>
        <time>2026-09-14T22:54:14.000Z</time>
        <extensions>
          <ns3:TrackPointExtension>
            <ns3:hr>142</ns3:hr>
            <ns3:cad>94</ns3:cad>
          </ns3:TrackPointExtension>
        </extensions>
      </trkpt>
      <trkpt lat="22.6019338332116603851318359375" lon="113.88592413626611232757568359375">
        <ele>11.80000019073486328125</ele>
        <time>2026-09-14T22:54:15.000Z</time>
        <extensions>
          <ns3:TrackPointExtension>
            <ns3:hr>142</ns3:hr>
            <ns3:cad>95</ns3:cad>
          </ns3:TrackPointExtension>
        </extensions>
      </trkpt>
      <trkpt lat="22.60191497392952442169189453125" lon="113.88590477406978607177734375">
        <ele>11.6000003814697265625</ele>
        <time>2026-09-14T22:54:16.000Z</time>
        <extensions>
          <ns3:TrackPointExtension>
            <ns3:hr>141</ns3:hr>
            <ns3:cad>95</ns3:cad>
          </ns3:TrackPointExtension>
        </extensions>
      </trkpt>
      <trkpt lat="22.60190374217927455902099609375" lon="113.88587635941803455352783203125">
        <ele>11.6000003814697265625</ele>
        <time>2026-09-14T22:54:17.000Z</time>
        <extensions>
          <ns3:TrackPointExtension>
            <ns3:hr>141</ns3:hr>
            <ns3:cad>95</ns3:cad>
          </ns3:TrackPointExtension>
        </extensions>
      </trkpt>
      <trkpt lat="22.60188815183937549591064453125" lon="113.88584417290985584259033203125">
        <ele>11.80000019073486328125</ele>
        <time>2026-09-14T22:54:18.000Z</time>
        <extensions>
          <ns3:TrackPointExtension>
            <ns3:hr>141</ns3:hr>
            <ns3:cad>95</ns3:cad>
          </ns3:TrackPointExtension>
        </extensions>
      </trkpt>
      <trkpt lat="22.60187876410782337188720703125" lon="113.88582154177129268646240234375">
        <ele>11.6000003814697265625</ele>
        <time>2026-09-14T22:54:19.000Z</time>
        <extensions>
          <ns3:TrackPointExtension>
            <ns3:hr>141</ns3:hr>
            <ns3:cad>95</ns3:cad>
          </ns3:TrackPointExtension>
        </extensions>
      </trkpt>
      <trkpt lat="22.60186250321567058563232421875" lon="113.8857855834066867828369140625">
        <ele>11.6000003814697265625</ele>
        <time>2026-09-14T22:54:20.000Z</time>
        <extensions>
          <ns3:TrackPointExtension>
            <ns3:hr>141</ns3:hr>
            <ns3:cad>93</ns3:cad>
          </ns3:TrackPointExtension>
        </extensions>
      </trkpt>
      <trkpt lat="22.6018513552844524383544921875" lon="113.88575666584074497222900390625">
        <ele>11.6000003814697265625</ele>
        <time>2026-09-14T22:54:21.000Z</time>
        <extensions>
          <ns3:TrackPointExtension>
            <ns3:hr>141</ns3:hr>
            <ns3:cad>94</ns3:cad>
          </ns3:TrackPointExtension>
        </extensions>
      </trkpt>
      <trkpt lat="22.60184171609580516815185546875" lon="113.8857245631515979766845703125">
        <ele>11.80000019073486328125</ele>
        <time>2026-09-14T22:54:22.000Z</time>
        <extensions>
          <ns3:TrackPointExtension>
            <ns3:hr>141</ns3:hr>
            <ns3:cad>94</ns3:cad>
          </ns3:TrackPointExtension>
        </extensions>
      </trkpt>
      <trkpt lat="22.6018272154033184051513671875" lon="113.88569430448114871978759765625">
        <ele>11.6000003814697265625</ele>
        <time>2026-09-14T22:54:23.000Z</time>
        <extensions>
          <ns3:TrackPointExtension>
            <ns3:hr>141</ns3:hr>
            <ns3:cad>95</ns3:cad>
          </ns3:TrackPointExtension>
        </extensions>
      </trkpt>
      <trkpt lat="22.60181724093854427337646484375" lon="113.88566312380135059356689453125">
        <ele>11.80000019073486328125</ele>
        <time>2026-09-14T22:54:24.000Z</time>
        <extensions>
          <ns3:TrackPointExtension>
            <ns3:hr>141</ns3:hr>
            <ns3:cad>95</ns3:cad>
          </ns3:TrackPointExtension>
        </extensions>
      </trkpt>
      <trkpt lat="22.60180902667343616485595703125" lon="113.885634206235408782958984375">
        <ele>11.80000019073486328125</ele>
        <time>2026-09-14T22:54:25.000Z</time>
        <extensions>
          <ns3:TrackPointExtension>
            <ns3:hr>141</ns3:hr>
            <ns3:cad>95</ns3:cad>
          </ns3:TrackPointExtension>
        </extensions>
      </trkpt>
      <trkpt lat="22.60180332697927951812744140625" lon="113.885608054697513580322265625">
        <ele>11.80000019073486328125</ele>
        <time>2026-09-14T22:54:26.000Z</time>
        <extensions>
          <ns3:TrackPointExtension>
            <ns3:hr>142</ns3:hr>
            <ns3:cad>94</ns3:cad>
          </ns3:TrackPointExtension>
        </extensions>
      </trkpt>
      <trkpt lat="22.60179611854255199432373046875" lon="113.88557494617998600006103515625">
        <ele>11.80000019073486328125</ele>
        <time>2026-09-14T22:54:27.000Z</time>
        <extensions>
          <ns3:TrackPointExtension>
            <ns3:hr>141</ns3:hr>
            <ns3:cad>94</ns3:cad>
          </ns3:TrackPointExtension>
        </extensions>
      </trkpt>
      <trkpt lat="22.60179075412452220916748046875" lon="113.88554762117564678192138671875">
        <ele>11.80000019073486328125</ele>
        <time>2026-09-14T22:54:28.000Z</time>
        <extensions>
          <ns3:TrackPointExtension>
            <ns3:hr>142</ns3:hr>
            <ns3:cad>94</ns3:cad>
          </ns3:TrackPointExtension>
        </extensions>
      </trkpt>
      <trkpt lat="22.6017844676971435546875" lon="113.88551258482038974761962890625">
        <ele>11.80000019073486328125</ele>
        <time>2026-09-14T22:54:29.000Z</time>
        <extensions>
          <ns3:TrackPointExtension>
            <ns3:hr>142</ns3:hr>
            <ns3:cad>94</ns3:cad>
          </ns3:TrackPointExtension>
        </extensions>
      </trkpt>
      <trkpt lat="22.60177399031817913055419921875" lon="113.88548073358833789825439453125">
        <ele>11.6000003814697265625</ele>
        <time>2026-09-14T22:54:30.000Z</time>
        <extensions>
          <ns3:TrackPointExtension>
            <ns3:hr>142</ns3:hr>
            <ns3:cad>94</ns3:cad>
          </ns3:TrackPointExtension>
        </extensions>
      </trkpt>
      <trkpt lat="22.6017702184617519378662109375" lon="113.885453827679157257080078125">
        <ele>11.6000003814697265625</ele>
        <time>2026-09-14T22:54:31.000Z</time>
        <extensions>
          <ns3:TrackPointExtension>
            <ns3:hr>143</ns3:hr>
            <ns3:cad>94</ns3:cad>
          </ns3:TrackPointExtension>
        </extensions>
      </trkpt>
      <trkpt lat="22.601761333644390106201171875" lon="113.885417617857456207275390625">
        <ele>11.6000003814697265625</ele>
        <time>2026-09-14T22:54:32.000Z</time>
        <extensions>
          <ns3:TrackPointExtension>
            <ns3:hr>143</ns3:hr>
            <ns3:cad>94</ns3:cad>
          </ns3:TrackPointExtension>
        </extensions>
      </trkpt>
      <trkpt lat="22.60175337083637714385986328125" lon="113.8853909634053707122802734375">
        <ele>11.80000019073486328125</ele>
        <time>2026-09-14T22:54:33.000Z</time>
        <extensions>
          <ns3:TrackPointExtension>
            <ns3:hr>143</ns3:hr>
            <ns3:cad>94</ns3:cad>
          </ns3:TrackPointExtension>
        </extensions>
      </trkpt>
      <trkpt lat="22.6017455756664276123046875" lon="113.885353915393352508544921875">
        <ele>11.80000019073486328125</ele>
        <time>2026-09-14T22:54:34.000Z</time>
        <extensions>
          <ns3:TrackPointExtension>
            <ns3:hr>142</ns3:hr>
            <ns3:cad>94</ns3:cad>
          </ns3:TrackPointExtension>
        </extensions>
      </trkpt>
      <trkpt lat="22.60173928923904895782470703125" lon="113.8853274285793304443359375">
        <ele>11.80000019073486328125</ele>
        <time>2026-09-14T22:54:35.000Z</time>
        <extensions>
          <ns3:TrackPointExtension>
            <ns3:hr>143</ns3:hr>
            <ns3:cad>95</ns3:cad>
          </ns3:TrackPointExtension>
        </extensions>
      </trkpt>
      <trkpt lat="22.6017313264310359954833984375" lon="113.885296247899532318115234375">
        <ele>11.80000019073486328125</ele>
        <time>2026-09-14T22:54:36.000Z</time>
        <extensions>
          <ns3:TrackPointExtension>
            <ns3:hr>143</ns3:hr>
            <ns3:cad>95</ns3:cad>
          </ns3:TrackPointExtension>
        </extensions>
      </trkpt>
      <trkpt lat="22.60172101669013500213623046875" lon="113.88526347465813159942626953125">
        <ele>11.80000019073486328125</ele>
        <time>2026-09-14T22:54:37.000Z</time>
        <extensions>
          <ns3:TrackPointExtension>
            <ns3:hr>143</ns3:hr>
            <ns3:cad>93</ns3:cad>
          </ns3:TrackPointExtension>
        </extensions>
      </trkpt>
      <trkpt lat="22.6017080247402191162109375" lon="113.88522776775062084197998046875">
        <ele>11.6000003814697265625</ele>
        <time>2026-09-14T22:54:38.000Z</time>
        <extensions>
          <ns3:TrackPointExtension>
            <ns3:hr>143</ns3:hr>
            <ns3:cad>93</ns3:cad>
          </ns3:TrackPointExtension>
        </extensions>
      </trkpt>
      <trkpt lat="22.60168950073421001434326171875" lon="113.88519725762307643890380859375">
        <ele>11.6000003814697265625</ele>
        <time>2026-09-14T22:54:39.000Z</time>
        <extensions>
          <ns3:TrackPointExtension>
            <ns3:hr>143</ns3:hr>
            <ns3:cad>93</ns3:cad>
          </ns3:TrackPointExtension>
        </extensions>
      </trkpt>
      <trkpt lat="22.60166754014790058135986328125" lon="113.88518267311155796051025390625">
        <ele>11.80000019073486328125</ele>
        <time>2026-09-14T22:54:40.000Z</time>
        <extensions>
          <ns3:TrackPointExtension>
            <ns3:hr>144</ns3:hr>
            <ns3:cad>94</ns3:cad>
          </ns3:TrackPointExtension>
        </extensions>
      </trkpt>
      <trkpt lat="22.60164340026676654815673828125" lon="113.88516138307750225067138671875">
        <ele>11.80000019073486328125</ele>
        <time>2026-09-14T22:54:41.000Z</time>
        <extensions>
          <ns3:TrackPointExtension>
            <ns3:hr>144</ns3:hr>
            <ns3:cad>94</ns3:cad>
          </ns3:TrackPointExtension>
        </extensions>
      </trkpt>
      <trkpt lat="22.6016270555555820465087890625" lon="113.88513774611055850982666015625">
        <ele>11.80000019073486328125</ele>
        <time>2026-09-14T22:54:42.000Z</time>
        <extensions>
          <ns3:TrackPointExtension>
            <ns3:hr>145</ns3:hr>
            <ns3:cad>95</ns3:cad>
          </ns3:TrackPointExtension>
        </extensions>
      </trkpt>
      <trkpt lat="22.6016143150627613067626953125" lon="113.88511209748685359954833984375">
        <ele>11.80000019073486328125</ele>
        <time>2026-09-14T22:54:43.000Z</time>
        <extensions>
          <ns3:TrackPointExtension>
            <ns3:hr>145</ns3:hr>
            <ns3:cad>95</ns3:cad>
          </ns3:TrackPointExtension>
        </extensions>
      </trkpt>
      <trkpt lat="22.601601071655750274658203125" lon="113.885082341730594635009765625">
        <ele>11.80000019073486328125</ele>
        <time>2026-09-14T22:54:44.000Z</time>
        <extensions>
          <ns3:TrackPointExtension>
            <ns3:hr>145</ns3:hr>
            <ns3:cad>95</ns3:cad>
          </ns3:TrackPointExtension>
        </extensions>
      </trkpt>
      <trkpt lat="22.601595036685466766357421875" lon="113.8850550167262554168701171875">
        <ele>11.80000019073486328125</ele>
        <time>2026-09-14T22:54:45.000Z</time>
        <extensions>
          <ns3:TrackPointExtension>
            <ns3:hr>145</ns3:hr>
            <ns3:cad>95</ns3:cad>
          </ns3:TrackPointExtension>
        </extensions>
      </trkpt>
      <trkpt lat="22.60158724151551723480224609375" lon="113.8850178010761737823486328125">
        <ele>11.80000019073486328125</ele>
        <time>2026-09-14T22:54:46.000Z</time>
        <extensions>
          <ns3:TrackPointExtension>
            <ns3:hr>145</ns3:hr>
            <ns3:cad>94</ns3:cad>
          </ns3:TrackPointExtension>
        </extensions>
      </trkpt>
      <trkpt lat="22.6015801168978214263916015625" lon="113.88499039225280284881591796875">
        <ele>11.80000019073486328125</ele>
        <time>2026-09-14T22:54:47.000Z</time>
        <extensions>
          <ns3:TrackPointExtension>
            <ns3:hr>145</ns3:hr>
            <ns3:cad>93</ns3:cad>
          </ns3:TrackPointExtension>
        </extensions>
      </trkpt>
      <trkpt lat="22.6015700586140155792236328125" lon="113.88495300896465778350830078125">
        <ele>11.80000019073486328125</ele>
        <time>2026-09-14T22:54:48.000Z</time>
        <extensions>
          <ns3:TrackPointExtension>
            <ns3:hr>146</ns3:hr>
            <ns3:cad>94</ns3:cad>
          </ns3:TrackPointExtension>
        </extensions>
      </trkpt>
      <trkpt lat="22.60155689902603626251220703125" lon="113.8849215768277645111083984375">
        <ele>11.80000019073486328125</ele>
        <time>2026-09-14T22:54:49.000Z</time>
        <extensions>
          <ns3:TrackPointExtension>
            <ns3:hr>146</ns3:hr>
            <ns3:cad>94</ns3:cad>
          </ns3:TrackPointExtension>
        </extensions>
      </trkpt>
      <trkpt lat="22.60154399089515209197998046875" lon="113.88489425182342529296875">
        <ele>11.80000019073486328125</ele>
        <time>2026-09-14T22:54:50.000Z</time>
        <extensions>
          <ns3:TrackPointExtension>
            <ns3:hr>146</ns3:hr>
            <ns3:cad>94</ns3:cad>
          </ns3:TrackPointExtension>
        </extensions>
      </trkpt>
      <trkpt lat="22.6015294902026653289794921875" lon="113.88486013747751712799072265625">
        <ele>11.80000019073486328125</ele>
        <time>2026-09-14T22:54:51.000Z</time>
        <extensions>
          <ns3:TrackPointExtension>
            <ns3:hr>147</ns3:hr>
            <ns3:cad>93</ns3:cad>
          </ns3:TrackPointExtension>
        </extensions>
      </trkpt>
      <trkpt lat="22.60152203030884265899658203125" lon="113.8848307169973850250244140625">
        <ele>11.80000019073486328125</ele>
        <time>2026-09-14T22:54:52.000Z</time>
        <extensions>
          <ns3:TrackPointExtension>
            <ns3:hr>147</ns3:hr>
            <ns3:cad>94</ns3:cad>
          </ns3:TrackPointExtension>
        </extensions>
      </trkpt>
      <trkpt lat="22.60151566006243228912353515625" lon="113.88479442335665225982666015625">
        <ele>11.80000019073486328125</ele>
        <time>2026-09-14T22:54:53.000Z</time>
        <extensions>
          <ns3:TrackPointExtension>
            <ns3:hr>146</ns3:hr>
            <ns3:cad>94</ns3:cad>
          </ns3:TrackPointExtension>
        </extensions>
      </trkpt>
      <trkpt lat="22.60150752961635589599609375" lon="113.8847641646862030029296875">
        <ele>11.80000019073486328125</ele>
        <time>2026-09-14T22:54:54.000Z</time>
        <extensions>
          <ns3:TrackPointExtension>
            <ns3:hr>146</ns3:hr>
            <ns3:cad>96</ns3:cad>
          </ns3:TrackPointExtension>
        </extensions>
      </trkpt>
      <trkpt lat="22.60150208137929439544677734375" lon="113.88473290018737316131591796875">
        <ele>11.80000019073486328125</ele>
        <time>2026-09-14T22:54:55.000Z</time>
        <extensions>
          <ns3:TrackPointExtension>
            <ns3:hr>146</ns3:hr>
            <ns3:cad>96</ns3:cad>
          </ns3:TrackPointExtension>
        </extensions>
      </trkpt>
      <trkpt lat="22.60149520821869373321533203125" lon="113.88469970785081386566162109375">
        <ele>11.80000019073486328125</ele>
        <time>2026-09-14T22:54:56.000Z</time>
        <extensions>
          <ns3:TrackPointExtension>
            <ns3:hr>146</ns3:hr>
            <ns3:cad>96</ns3:cad>
          </ns3:TrackPointExtension>
        </extensions>
      </trkpt>
      <trkpt lat="22.60149143636226654052734375" lon="113.8846721313893795013427734375">
        <ele>11.80000019073486328125</ele>
        <time>2026-09-14T22:54:57.000Z</time>
        <extensions>
          <ns3:TrackPointExtension>
            <ns3:hr>146</ns3:hr>
            <ns3:cad>95</ns3:cad>
          </ns3:TrackPointExtension>
        </extensions>
      </trkpt>
      <trkpt lat="22.60148473083972930908203125" lon="113.88463432900607585906982421875">
        <ele>11.80000019073486328125</ele>
        <time>2026-09-14T22:54:58.000Z</time>
        <extensions>
          <ns3:TrackPointExtension>
            <ns3:hr>146</ns3:hr>
            <ns3:cad>94</ns3:cad>
          </ns3:TrackPointExtension>
        </extensions>
      </trkpt>
      <trkpt lat="22.60147961787879467010498046875" lon="113.8846077583730220794677734375">
        <ele>11.80000019073486328125</ele>
        <time>2026-09-14T22:54:59.000Z</time>
        <extensions>
          <ns3:TrackPointExtension>
            <ns3:hr>147</ns3:hr>
            <ns3:cad>94</ns3:cad>
          </ns3:TrackPointExtension>
        </extensions>
      </trkpt>
      <trkpt lat="22.6014765165746212005615234375" lon="113.88457381166517734527587890625">
        <ele>11.80000019073486328125</ele>
        <time>2026-09-14T22:55:00.000Z</time>
        <extensions>
          <ns3:TrackPointExtension>
            <ns3:hr>146</ns3:hr>
            <ns3:cad>94</ns3:cad>
          </ns3:TrackPointExtension>
        </extensions>
      </trkpt>
      <trkpt lat="22.60147090069949626922607421875" lon="113.8845417089760303497314453125">
        <ele>12</ele>
        <time>2026-09-14T22:55:01.000Z</time>
        <extensions>
          <ns3:TrackPointExtension>
            <ns3:hr>146</ns3:hr>
            <ns3:cad>95</ns3:cad>
          </ns3:TrackPointExtension>
        </extensions>
      </trkpt>
      <trkpt lat="22.6014666259288787841796875" lon="113.88450943864881992340087890625">
        <ele>12</ele>
        <time>2026-09-14T22:55:02.000Z</time>
        <extensions>
          <ns3:TrackPointExtension>
            <ns3:hr>146</ns3:hr>
            <ns3:cad>95</ns3:cad>
          </ns3:TrackPointExtension>
        </extensions>
      </trkpt>
      <trkpt lat="22.6014626026153564453125" lon="113.88447658158838748931884765625">
        <ele>12.19999980926513671875</ele>
        <time>2026-09-14T22:55:03.000Z</time>
        <extensions>
          <ns3:TrackPointExtension>
            <ns3:hr>146</ns3:hr>
            <ns3:cad>95</ns3:cad>
          </ns3:TrackPointExtension>
        </extensions>
      </trkpt>
      <trkpt lat="22.6014550589025020599365234375" lon="113.8844515196979045867919921875">
        <ele>12.19999980926513671875</ele>
        <time>2026-09-14T22:55:04.000Z</time>
        <extensions>
          <ns3:TrackPointExtension>
            <ns3:hr>145</ns3:hr>
            <ns3:cad>94</ns3:cad>
          </ns3:TrackPointExtension>
        </extensions>
      </trkpt>
      <trkpt lat="22.60144994594156742095947265625" lon="113.88441472314298152923583984375">
        <ele>12.19999980926513671875</ele>
        <time>2026-09-14T22:55:05.000Z</time>
        <extensions>
          <ns3:TrackPointExtension>
            <ns3:hr>146</ns3:hr>
            <ns3:cad>94</ns3:cad>
          </ns3:TrackPointExtension>
        </extensions>
      </trkpt>
      <trkpt lat="22.601442821323871612548828125" lon="113.884386979043483734130859375">
        <ele>12.19999980926513671875</ele>
        <time>2026-09-14T22:55:06.000Z</time>
        <extensions>
          <ns3:TrackPointExtension>
            <ns3:hr>146</ns3:hr>
            <ns3:cad>94</ns3:cad>
          </ns3:TrackPointExtension>
        </extensions>
      </trkpt>
      <trkpt lat="22.601437456905841827392578125" lon="113.8843522779643535614013671875">
        <ele>12.19999980926513671875</ele>
        <time>2026-09-14T22:55:07.000Z</time>
        <extensions>
          <ns3:TrackPointExtension>
            <ns3:hr>146</ns3:hr>
            <ns3:cad>94</ns3:cad>
          </ns3:TrackPointExtension>
        </extensions>
      </trkpt>
      <trkpt lat="22.6014262251555919647216796875" lon="113.88432067818939685821533203125">
        <ele>12</ele>
        <time>2026-09-14T22:55:08.000Z</time>
        <extensions>
          <ns3:TrackPointExtension>
            <ns3:hr>146</ns3:hr>
            <ns3:cad>95</ns3:cad>
          </ns3:TrackPointExtension>
        </extensions>
      </trkpt>
      <trkpt lat="22.6014196872711181640625" lon="113.88429117389023303985595703125">
        <ele>12.19999980926513671875</ele>
        <time>2026-09-14T22:55:09.000Z</time>
        <extensions>
          <ns3:TrackPointExtension>
            <ns3:hr>146</ns3:hr>
            <ns3:cad>95</ns3:cad>
          </ns3:TrackPointExtension>
        </extensions>
      </trkpt>
      <trkpt lat="22.60140887461602687835693359375" lon="113.88425479643046855926513671875">
        <ele>12.19999980926513671875</ele>
        <time>2026-09-14T22:55:10.000Z</time>
        <extensions>
          <ns3:TrackPointExtension>
            <ns3:hr>146</ns3:hr>
            <ns3:cad>94</ns3:cad>
          </ns3:TrackPointExtension>
        </extensions>
      </trkpt>
      <trkpt lat="22.60139579884707927703857421875" lon="113.88422797434031963348388671875">
        <ele>12.19999980926513671875</ele>
        <time>2026-09-14T22:55:11.000Z</time>
        <extensions>
          <ns3:TrackPointExtension>
            <ns3:hr>146</ns3:hr>
            <ns3:cad>94</ns3:cad>
          </ns3:TrackPointExtension>
        </extensions>
      </trkpt>
      <trkpt lat="22.6013886742293834686279296875" lon="113.884190507233142852783203125">
        <ele>12.19999980926513671875</ele>
        <time>2026-09-14T22:55:12.000Z</time>
        <extensions>
          <ns3:TrackPointExtension>
            <ns3:hr>147</ns3:hr>
            <ns3:cad>94</ns3:cad>
          </ns3:TrackPointExtension>
        </extensions>
      </trkpt>
      <trkpt lat="22.6013752631843090057373046875" lon="113.88416326604783535003662109375">
        <ele>12.19999980926513671875</ele>
        <time>2026-09-14T22:55:13.000Z</time>
        <extensions>
          <ns3:TrackPointExtension>
            <ns3:hr>147</ns3:hr>
            <ns3:cad>96</ns3:cad>
          </ns3:TrackPointExtension>
        </extensions>
      </trkpt>
      <trkpt lat="22.60136864148080348968505859375" lon="113.8841311633586883544921875">
        <ele>12.3999996185302734375</ele>
        <time>2026-09-14T22:55:14.000Z</time>
        <extensions>
          <ns3:TrackPointExtension>
            <ns3:hr>147</ns3:hr>
            <ns3:cad>96</ns3:cad>
          </ns3:TrackPointExtension>
        </extensions>
      </trkpt>
      <trkpt lat="22.60135732591152191162109375" lon="113.8840962946414947509765625">
        <ele>12.3999996185302734375</ele>
        <time>2026-09-14T22:55:15.000Z</time>
        <extensions>
          <ns3:TrackPointExtension>
            <ns3:hr>147</ns3:hr>
            <ns3:cad>96</ns3:cad>
          </ns3:TrackPointExtension>
        </extensions>
      </trkpt>
      <trkpt lat="22.60135070420801639556884765625" lon="113.8840652815997600555419921875">
        <ele>12.19999980926513671875</ele>
        <time>2026-09-14T22:55:16.000Z</time>
        <extensions>
          <ns3:TrackPointExtension>
            <ns3:hr>147</ns3:hr>
            <ns3:cad>96</ns3:cad>
          </ns3:TrackPointExtension>
        </extensions>
      </trkpt>
      <trkpt lat="22.60134081356227397918701171875" lon="113.8840284012258052825927734375">
        <ele>12.19999980926513671875</ele>
        <time>2026-09-14T22:55:17.000Z</time>
        <extensions>
          <ns3:TrackPointExtension>
            <ns3:hr>147</ns3:hr>
            <ns3:cad>95</ns3:cad>
          </ns3:TrackPointExtension>
        </extensions>
      </trkpt>
      <trkpt lat="22.601328827440738677978515625" lon="113.88400317169725894927978515625">
        <ele>12.19999980926513671875</ele>
        <time>2026-09-14T22:55:18.000Z</time>
        <extensions>
          <ns3:TrackPointExtension>
            <ns3:hr>147</ns3:hr>
            <ns3:cad>93</ns3:cad>
          </ns3:TrackPointExtension>
        </extensions>
      </trkpt>
      <trkpt lat="22.60131633840501308441162109375" lon="113.88396562077105045318603515625">
        <ele>12.19999980926513671875</ele>
        <time>2026-09-14T22:55:19.000Z</time>
        <extensions>
          <ns3:TrackPointExtension>
            <ns3:hr>148</ns3:hr>
            <ns3:cad>94</ns3:cad>
          </ns3:TrackPointExtension>
        </extensions>
      </trkpt>
      <trkpt lat="22.6013028435409069061279296875" lon="113.883937038481235504150390625">
        <ele>12.19999980926513671875</ele>
        <time>2026-09-14T22:55:20.000Z</time>
        <extensions>
          <ns3:TrackPointExtension>
            <ns3:hr>147</ns3:hr>
            <ns3:cad>95</ns3:cad>
          </ns3:TrackPointExtension>
        </extensions>
      </trkpt>
      <trkpt lat="22.60129429399967193603515625" lon="113.88391080312430858612060546875">
        <ele>12.19999980926513671875</ele>
        <time>2026-09-14T22:55:21.000Z</time>
        <extensions>
          <ns3:TrackPointExtension>
            <ns3:hr>147</ns3:hr>
            <ns3:cad>95</ns3:cad>
          </ns3:TrackPointExtension>
        </extensions>
      </trkpt>
      <trkpt lat="22.60128214024007320404052734375" lon="113.883877359330654144287109375">
        <ele>12.19999980926513671875</ele>
        <time>2026-09-14T22:55:22.000Z</time>
        <extensions>
          <ns3:TrackPointExtension>
            <ns3:hr>147</ns3:hr>
            <ns3:cad>95</ns3:cad>
          </ns3:TrackPointExtension>
        </extensions>
      </trkpt>
      <trkpt lat="22.60127576999366283416748046875" lon="113.8838553987443447113037109375">
        <ele>12</ele>
        <time>2026-09-14T22:55:23.000Z</time>
        <extensions>
          <ns3:TrackPointExtension>
            <ns3:hr>147</ns3:hr>
            <ns3:cad>93</ns3:cad>
          </ns3:TrackPointExtension>
        </extensions>
      </trkpt>
      <trkpt lat="22.6012632809579372406005859375" lon="113.88382296077907085418701171875">
        <ele>12</ele>
        <time>2026-09-14T22:55:24.000Z</time>
        <extensions>
          <ns3:TrackPointExtension>
            <ns3:hr>148</ns3:hr>
            <ns3:cad>93</ns3:cad>
          </ns3:TrackPointExtension>
        </extensions>
      </trkpt>
      <trkpt lat="22.60124609805643558502197265625" lon="113.88379915617406368255615234375">
        <ele>12</ele>
        <time>2026-09-14T22:55:25.000Z</time>
        <extensions>
          <ns3:TrackPointExtension>
            <ns3:hr>147</ns3:hr>
            <ns3:cad>94</ns3:cad>
          </ns3:TrackPointExtension>
        </extensions>
      </trkpt>
      <trkpt lat="22.60123201645910739898681640625" lon="113.8837665505707263946533203125">
        <ele>12</ele>
        <time>2026-09-14T22:55:26.000Z</time>
        <extensions>
          <ns3:TrackPointExtension>
            <ns3:hr>147</ns3:hr>
            <ns3:cad>94</ns3:cad>
          </ns3:TrackPointExtension>
        </extensions>
      </trkpt>
      <trkpt lat="22.6012203656136989593505859375" lon="113.883737213909626007080078125">
        <ele>12</ele>
        <time>2026-09-14T22:55:27.000Z</time>
        <extensions>
          <ns3:TrackPointExtension>
            <ns3:hr>148</ns3:hr>
            <ns3:cad>95</ns3:cad>
          </ns3:TrackPointExtension>
        </extensions>
      </trkpt>
      <trkpt lat="22.60121516883373260498046875" lon="113.88370938599109649658203125">
        <ele>12</ele>
        <time>2026-09-14T22:55:28.000Z</time>
        <extensions>
          <ns3:TrackPointExtension>
            <ns3:hr>148</ns3:hr>
            <ns3:cad>95</ns3:cad>
          </ns3:TrackPointExtension>
        </extensions>
      </trkpt>
      <trkpt lat="22.6011968962848186492919921875" lon="113.883679546415805816650390625">
        <ele>12</ele>
        <time>2026-09-14T22:55:29.000Z</time>
        <extensions>
          <ns3:TrackPointExtension>
            <ns3:hr>147</ns3:hr>
            <ns3:cad>94</ns3:cad>
          </ns3:TrackPointExtension>
        </extensions>
      </trkpt>
      <trkpt lat="22.601186670362949371337890625" lon="113.88365414924919605255126953125">
        <ele>12</ele>
        <time>2026-09-14T22:55:30.000Z</time>
        <extensions>
          <ns3:TrackPointExtension>
            <ns3:hr>147</ns3:hr>
            <ns3:cad>94</ns3:cad>
          </ns3:TrackPointExtension>
        </extensions>
      </trkpt>
      <trkpt lat="22.601173929870128631591796875" lon="113.88361894525587558746337890625">
        <ele>12</ele>
        <time>2026-09-14T22:55:31.000Z</time>
        <extensions>
          <ns3:TrackPointExtension>
            <ns3:hr>147</ns3:hr>
            <ns3:cad>94</ns3:cad>
          </ns3:TrackPointExtension>
        </extensions>
      </trkpt>
      <trkpt lat="22.60115942917764186859130859375" lon="113.88359078206121921539306640625">
        <ele>12</ele>
        <time>2026-09-14T22:55:32.000Z</time>
        <extensions>
          <ns3:TrackPointExtension>
            <ns3:hr>147</ns3:hr>
            <ns3:cad>94</ns3:cad>
          </ns3:TrackPointExtension>
        </extensions>
      </trkpt>
      <trkpt lat="22.601148448884487152099609375" lon="113.88356010429561138153076171875">
        <ele>12.19999980926513671875</ele>
        <time>2026-09-14T22:55:33.000Z</time>
        <extensions>
          <ns3:TrackPointExtension>
            <ns3:hr>147</ns3:hr>
            <ns3:cad>94</ns3:cad>
          </ns3:TrackPointExtension>
        </extensions>
      </trkpt>
      <trkpt lat="22.60112908668816089630126953125" lon="113.88352992944419384002685546875">
        <ele>12.19999980926513671875</ele>
        <time>2026-09-14T22:55:34.000Z</time>
        <extensions>
          <ns3:TrackPointExtension>
            <ns3:hr>147</ns3:hr>
            <ns3:cad>95</ns3:cad>
          </ns3:TrackPointExtension>
        </extensions>
      </trkpt>
      <trkpt lat="22.6011152565479278564453125" lon="113.8835040293633937835693359375">
        <ele>12</ele>
        <time>2026-09-14T22:55:35.000Z</time>
        <extensions>
          <ns3:TrackPointExtension>
            <ns3:hr>147</ns3:hr>
            <ns3:cad>95</ns3:cad>
          </ns3:TrackPointExtension>
        </extensions>
      </trkpt>
      <trkpt lat="22.60109924711287021636962890625" lon="113.883473016321659088134765625">
        <ele>12</ele>
        <time>2026-09-14T22:55:36.000Z</time>
        <extensions>
          <ns3:TrackPointExtension>
            <ns3:hr>147</ns3:hr>
            <ns3:cad>95</ns3:cad>
          </ns3:TrackPointExtension>
        </extensions>
      </trkpt>
      <trkpt lat="22.6010855846107006072998046875" lon="113.8834527321159839630126953125">
        <ele>11.80000019073486328125</ele>
        <time>2026-09-14T22:55:37.000Z</time>
        <extensions>
          <ns3:TrackPointExtension>
            <ns3:hr>147</ns3:hr>
            <ns3:cad>95</ns3:cad>
          </ns3:TrackPointExtension>
        </extensions>
      </trkpt>
      <trkpt lat="22.6010725088417530059814453125" lon="113.8834255747497081756591796875">
        <ele>11.6000003814697265625</ele>
        <time>2026-09-14T22:55:38.000Z</time>
        <extensions>
          <ns3:TrackPointExtension>
            <ns3:hr>147</ns3:hr>
            <ns3:cad>96</ns3:cad>
          </ns3:TrackPointExtension>
        </extensions>
      </trkpt>
      <trkpt lat="22.60105968452990055084228515625" lon="113.88339749537408351898193359375">
        <ele>11.80000019073486328125</ele>
        <time>2026-09-14T22:55:39.000Z</time>
        <extensions>
          <ns3:TrackPointExtension>
            <ns3:hr>148</ns3:hr>
            <ns3:cad>96</ns3:cad>
          </ns3:TrackPointExtension>
        </extensions>
      </trkpt>
      <trkpt lat="22.60104945860803127288818359375" lon="113.8833675719797611236572265625">
        <ele>11.80000019073486328125</ele>
        <time>2026-09-14T22:55:40.000Z</time>
        <extensions>
          <ns3:TrackPointExtension>
            <ns3:hr>147</ns3:hr>
            <ns3:cad>96</ns3:cad>
          </ns3:TrackPointExtension>
        </extensions>
      </trkpt>
      <trkpt lat="22.60103487409651279449462890625" lon="113.88333546929061412811279296875">
        <ele>11.80000019073486328125</ele>
        <time>2026-09-14T22:55:41.000Z</time>
        <extensions>
          <ns3:TrackPointExtension>
            <ns3:hr>147</ns3:hr>
            <ns3:cad>96</ns3:cad>
          </ns3:TrackPointExtension>
        </extensions>
      </trkpt>
      <trkpt lat="22.60101978667080402374267578125" lon="113.88330973684787750244140625">
        <ele>11.80000019073486328125</ele>
        <time>2026-09-14T22:55:42.000Z</time>
        <extensions>
          <ns3:TrackPointExtension>
            <ns3:hr>147</ns3:hr>
            <ns3:cad>96</ns3:cad>
          </ns3:TrackPointExtension>
        </extensions>
      </trkpt>
      <trkpt lat="22.60100587271153926849365234375" lon="113.88327780179679393768310546875">
        <ele>11.80000019073486328125</ele>
        <time>2026-09-14T22:55:43.000Z</time>
        <extensions>
          <ns3:TrackPointExtension>
            <ns3:hr>147</ns3:hr>
            <ns3:cad>96</ns3:cad>
          </ns3:TrackPointExtension>
        </extensions>
      </trkpt>
      <trkpt lat="22.60099120438098907470703125" lon="113.88324075378477573394775390625">
        <ele>11.80000019073486328125</ele>
        <time>2026-09-14T22:55:44.000Z</time>
        <extensions>
          <ns3:TrackPointExtension>
            <ns3:hr>147</ns3:hr>
            <ns3:cad>96</ns3:cad>
          </ns3:TrackPointExtension>
        </extensions>
      </trkpt>
      <trkpt lat="22.60098005644977092742919921875" lon="113.8832146860659122467041015625">
        <ele>11.80000019073486328125</ele>
        <time>2026-09-14T22:55:45.000Z</time>
        <extensions>
          <ns3:TrackPointExtension>
            <ns3:hr>147</ns3:hr>
            <ns3:cad>96</ns3:cad>
          </ns3:TrackPointExtension>
        </extensions>
      </trkpt>
      <trkpt lat="22.6009662263095378875732421875" lon="113.8831788115203380584716796875">
        <ele>11.80000019073486328125</ele>
        <time>2026-09-14T22:55:46.000Z</time>
        <extensions>
          <ns3:TrackPointExtension>
            <ns3:hr>147</ns3:hr>
            <ns3:cad>96</ns3:cad>
          </ns3:TrackPointExtension>
        </extensions>
      </trkpt>
      <trkpt lat="22.6009497977793216705322265625" lon="113.88315257616341114044189453125">
        <ele>11.6000003814697265625</ele>
        <time>2026-09-14T22:55:47.000Z</time>
        <extensions>
          <ns3:TrackPointExtension>
            <ns3:hr>147</ns3:hr>
            <ns3:cad>96</ns3:cad>
          </ns3:TrackPointExtension>
        </extensions>
      </trkpt>
      <trkpt lat="22.6009390689432621002197265625" lon="113.88312776573002338409423828125">
        <ele>11.80000019073486328125</ele>
        <time>2026-09-14T22:55:48.000Z</time>
        <extensions>
          <ns3:TrackPointExtension>
            <ns3:hr>147</ns3:hr>
            <ns3:cad>96</ns3:cad>
          </ns3:TrackPointExtension>
        </extensions>
      </trkpt>
      <trkpt lat="22.6009248197078704833984375" lon="113.8830926455557346343994140625">
        <ele>11.80000019073486328125</ele>
        <time>2026-09-14T22:55:49.000Z</time>
        <extensions>
          <ns3:TrackPointExtension>
            <ns3:hr>147</ns3:hr>
            <ns3:cad>96</ns3:cad>
          </ns3:TrackPointExtension>
        </extensions>
      </trkpt>
      <trkpt lat="22.6009048707783222198486328125" lon="113.88307361863553524017333984375">
        <ele>11.6000003814697265625</ele>
        <time>2026-09-14T22:55:50.000Z</time>
        <extensions>
          <ns3:TrackPointExtension>
            <ns3:hr>147</ns3:hr>
            <ns3:cad>96</ns3:cad>
          </ns3:TrackPointExtension>
        </extensions>
      </trkpt>
      <trkpt lat="22.6008832454681396484375" lon="113.8830443657934665679931640625">
        <ele>11.6000003814697265625</ele>
        <time>2026-09-14T22:55:51.000Z</time>
        <extensions>
          <ns3:TrackPointExtension>
            <ns3:hr>147</ns3:hr>
            <ns3:cad>96</ns3:cad>
          </ns3:TrackPointExtension>
        </extensions>
      </trkpt>
      <trkpt lat="22.600863464176654815673828125" lon="113.88302550651133060455322265625">
        <ele>11.80000019073486328125</ele>
        <time>2026-09-14T22:55:52.000Z</time>
        <extensions>
          <ns3:TrackPointExtension>
            <ns3:hr>147</ns3:hr>
            <ns3:cad>96</ns3:cad>
          </ns3:TrackPointExtension>
        </extensions>
      </trkpt>
      <trkpt lat="22.60084644891321659088134765625" lon="113.882995583117008209228515625">
        <ele>11.80000019073486328125</ele>
        <time>2026-09-14T22:55:53.000Z</time>
        <extensions>
          <ns3:TrackPointExtension>
            <ns3:hr>147</ns3:hr>
            <ns3:cad>96</ns3:cad>
          </ns3:TrackPointExtension>
        </extensions>
      </trkpt>
      <trkpt lat="22.600829601287841796875" lon="113.88296498917043209075927734375">
        <ele>11.6000003814697265625</ele>
        <time>2026-09-14T22:55:54.000Z</time>
        <extensions>
          <ns3:TrackPointExtension>
            <ns3:hr>147</ns3:hr>
            <ns3:cad>95</ns3:cad>
          </ns3:TrackPointExtension>
        </extensions>
      </trkpt>
      <trkpt lat="22.6008257456123828887939453125" lon="113.88294135220348834991455078125">
        <ele>11.6000003814697265625</ele>
        <time>2026-09-14T22:55:55.000Z</time>
        <extensions>
          <ns3:TrackPointExtension>
            <ns3:hr>147</ns3:hr>
            <ns3:cad>95</ns3:cad>
          </ns3:TrackPointExtension>
        </extensions>
      </trkpt>
      <trkpt lat="22.6008143462240695953369140625" lon="113.8829018734395503997802734375">
        <ele>11.6000003814697265625</ele>
        <time>2026-09-14T22:55:56.000Z</time>
        <extensions>
          <ns3:TrackPointExtension>
            <ns3:hr>147</ns3:hr>
            <ns3:cad>94</ns3:cad>
          </ns3:TrackPointExtension>
        </extensions>
      </trkpt>
      <trkpt lat="22.600797079503536224365234375" lon="113.8828787393867969512939453125">
        <ele>11.6000003814697265625</ele>
        <time>2026-09-14T22:55:57.000Z</time>
        <extensions>
          <ns3:TrackPointExtension>
            <ns3:hr>147</ns3:hr>
            <ns3:cad>94</ns3:cad>
          </ns3:TrackPointExtension>
        </extensions>
      </trkpt>
      <trkpt lat="22.600780986249446868896484375" lon="113.882843367755413055419921875">
        <ele>11.6000003814697265625</ele>
        <time>2026-09-14T22:55:58.000Z</time>
        <extensions>
          <ns3:TrackPointExtension>
            <ns3:hr>147</ns3:hr>
            <ns3:cad>94</ns3:cad>
          </ns3:TrackPointExtension>
        </extensions>
      </trkpt>
      <trkpt lat="22.60076648555696010589599609375" lon="113.88280992396175861358642578125">
        <ele>11.6000003814697265625</ele>
        <time>2026-09-14T22:55:59.000Z</time>
        <extensions>
          <ns3:TrackPointExtension>
            <ns3:hr>147</ns3:hr>
            <ns3:cad>95</ns3:cad>
          </ns3:TrackPointExtension>
        </extensions>
      </trkpt>
      <trkpt lat="22.60075257159769535064697265625" lon="113.8827801682054996490478515625">
        <ele>11.6000003814697265625</ele>
        <time>2026-09-14T22:56:00.000Z</time>
        <extensions>
          <ns3:TrackPointExtension>
            <ns3:hr>147</ns3:hr>
            <ns3:cad>95</ns3:cad>
          </ns3:TrackPointExtension>
        </extensions>
      </trkpt>
      <trkpt lat="22.60073916055262088775634765625" lon="113.8827473111450672149658203125">
        <ele>11.6000003814697265625</ele>
        <time>2026-09-14T22:56:01.000Z</time>
        <extensions>
          <ns3:TrackPointExtension>
            <ns3:hr>147</ns3:hr>
            <ns3:cad>95</ns3:cad>
          </ns3:TrackPointExtension>
        </extensions>
      </trkpt>
      <trkpt lat="22.60072306729853153228759765625" lon="113.88272409327328205108642578125">
        <ele>11.6000003814697265625</ele>
        <time>2026-09-14T22:56:02.000Z</time>
        <extensions>
          <ns3:TrackPointExtension>
            <ns3:hr>148</ns3:hr>
            <ns3:cad>94</ns3:cad>
          </ns3:TrackPointExtension>
        </extensions>
      </trkpt>
      <trkpt lat="22.6007073931396007537841796875" lon="113.88269014656543731689453125">
        <ele>11.6000003814697265625</ele>
        <time>2026-09-14T22:56:03.000Z</time>
        <extensions>
          <ns3:TrackPointExtension>
            <ns3:hr>148</ns3:hr>
            <ns3:cad>94</ns3:cad>
          </ns3:TrackPointExtension>
        </extensions>
      </trkpt>
      <trkpt lat="22.6006929762661457061767578125" lon="113.8826641626656055450439453125">
        <ele>11.6000003814697265625</ele>
        <time>2026-09-14T22:56:04.000Z</time>
        <extensions>
          <ns3:TrackPointExtension>
            <ns3:hr>148</ns3:hr>
            <ns3:cad>94</ns3:cad>
          </ns3:TrackPointExtension>
        </extensions>
      </trkpt>
      <trkpt lat="22.6006795652210712432861328125" lon="113.88263490982353687286376953125">
        <ele>11.6000003814697265625</ele>
        <time>2026-09-14T22:56:05.000Z</time>
        <extensions>
          <ns3:TrackPointExtension>
            <ns3:hr>148</ns3:hr>
            <ns3:cad>96</ns3:cad>
          </ns3:TrackPointExtension>
        </extensions>
      </trkpt>
      <trkpt lat="22.60066472925245761871337890625" lon="113.88260071165859699249267578125">
        <ele>11.6000003814697265625</ele>
        <time>2026-09-14T22:56:06.000Z</time>
        <extensions>
          <ns3:TrackPointExtension>
            <ns3:hr>149</ns3:hr>
            <ns3:cad>96</ns3:cad>
          </ns3:TrackPointExtension>
        </extensions>
      </trkpt>
      <trkpt lat="22.60065458714962005615234375" lon="113.8825746439397335052490234375">
        <ele>11.6000003814697265625</ele>
        <time>2026-09-14T22:56:07.000Z</time>
        <extensions>
          <ns3:TrackPointExtension>
            <ns3:hr>149</ns3:hr>
            <ns3:cad>96</ns3:cad>
          </ns3:TrackPointExtension>
        </extensions>
      </trkpt>
      <trkpt lat="22.60064109228551387786865234375" lon="113.8825347460806369781494140625">
        <ele>11.6000003814697265625</ele>
        <time>2026-09-14T22:56:08.000Z</time>
        <extensions>
          <ns3:TrackPointExtension>
            <ns3:hr>150</ns3:hr>
            <ns3:cad>96</ns3:cad>
          </ns3:TrackPointExtension>
        </extensions>
      </trkpt>
      <trkpt lat="22.60063237510621547698974609375" lon="113.8825039006769657135009765625">
        <ele>11.6000003814697265625</ele>
        <time>2026-09-14T22:56:09.000Z</time>
        <extensions>
          <ns3:TrackPointExtension>
            <ns3:hr>150</ns3:hr>
            <ns3:cad>96</ns3:cad>
          </ns3:TrackPointExtension>
        </extensions>
      </trkpt>
      <trkpt lat="22.60061963461339473724365234375" lon="113.88247280381619930267333984375">
        <ele>11.6000003814697265625</ele>
        <time>2026-09-14T22:56:10.000Z</time>
        <extensions>
          <ns3:TrackPointExtension>
            <ns3:hr>150</ns3:hr>
            <ns3:cad>96</ns3:cad>
          </ns3:TrackPointExtension>
        </extensions>
      </trkpt>
      <trkpt lat="22.60060488246381282806396484375" lon="113.88244011439383029937744140625">
        <ele>11.6000003814697265625</ele>
        <time>2026-09-14T22:56:11.000Z</time>
        <extensions>
          <ns3:TrackPointExtension>
            <ns3:hr>150</ns3:hr>
            <ns3:cad>96</ns3:cad>
          </ns3:TrackPointExtension>
        </extensions>
      </trkpt>
      <trkpt lat="22.6005910523235797882080078125" lon="113.88241580687463283538818359375">
        <ele>11.6000003814697265625</ele>
        <time>2026-09-14T22:56:12.000Z</time>
        <extensions>
          <ns3:TrackPointExtension>
            <ns3:hr>150</ns3:hr>
            <ns3:cad>96</ns3:cad>
          </ns3:TrackPointExtension>
        </extensions>
      </trkpt>
      <trkpt lat="22.6005739532411098480224609375" lon="113.88237976469099521636962890625">
        <ele>11.6000003814697265625</ele>
        <time>2026-09-14T22:56:13.000Z</time>
        <extensions>
          <ns3:TrackPointExtension>
            <ns3:hr>150</ns3:hr>
            <ns3:cad>96</ns3:cad>
          </ns3:TrackPointExtension>
        </extensions>
      </trkpt>
      <trkpt lat="22.6005581952631473541259765625" lon="113.88235847465693950653076171875">
        <ele>11.6000003814697265625</ele>
        <time>2026-09-14T22:56:14.000Z</time>
        <extensions>
          <ns3:TrackPointExtension>
            <ns3:hr>149</ns3:hr>
            <ns3:cad>96</ns3:cad>
          </ns3:TrackPointExtension>
        </extensions>
      </trkpt>
      <trkpt lat="22.60054402984678745269775390625" lon="113.882328383624553680419921875">
        <ele>11.6000003814697265625</ele>
        <time>2026-09-14T22:56:15.000Z</time>
        <extensions>
          <ns3:TrackPointExtension>
            <ns3:hr>150</ns3:hr>
            <ns3:cad>96</ns3:cad>
          </ns3:TrackPointExtension>
        </extensions>
      </trkpt>
      <trkpt lat="22.6005320437252521514892578125" lon="113.882298879325389862060546875">
        <ele>11.6000003814697265625</ele>
        <time>2026-09-14T22:56:16.000Z</time>
        <extensions>
          <ns3:TrackPointExtension>
            <ns3:hr>150</ns3:hr>
            <ns3:cad>96</ns3:cad>
          </ns3:TrackPointExtension>
        </extensions>
      </trkpt>
      <trkpt lat="22.6005236618220806121826171875" lon="113.88227616436779499053955078125">
        <ele>11.6000003814697265625</ele>
        <time>2026-09-14T22:56:17.000Z</time>
        <extensions>
          <ns3:TrackPointExtension>
            <ns3:hr>150</ns3:hr>
            <ns3:cad>96</ns3:cad>
          </ns3:TrackPointExtension>
        </extensions>
      </trkpt>
      <trkpt lat="22.6005058921873569488525390625" lon="113.88223844580352306365966796875">
        <ele>11.6000003814697265625</ele>
        <time>2026-09-14T22:56:18.000Z</time>
        <extensions>
          <ns3:TrackPointExtension>
            <ns3:hr>150</ns3:hr>
            <ns3:cad>96</ns3:cad>
          </ns3:TrackPointExtension>
        </extensions>
      </trkpt>
      <trkpt lat="22.60048921220004558563232421875" lon="113.882213048636913299560546875">
        <ele>11.80000019073486328125</ele>
        <time>2026-09-14T22:56:19.000Z</time>
        <extensions>
          <ns3:TrackPointExtension>
            <ns3:hr>150</ns3:hr>
            <ns3:cad>96</ns3:cad>
          </ns3:TrackPointExtension>
        </extensions>
      </trkpt>
      <trkpt lat="22.60047714225947856903076171875" lon="113.8821810297667980194091796875">
        <ele>11.80000019073486328125</ele>
        <time>2026-09-14T22:56:20.000Z</time>
        <extensions>
          <ns3:TrackPointExtension>
            <ns3:hr>149</ns3:hr>
            <ns3:cad>95</ns3:cad>
          </ns3:TrackPointExtension>
        </extensions>
      </trkpt>
      <trkpt lat="22.60046423412859439849853515625" lon="113.88215077109634876251220703125">
        <ele>11.80000019073486328125</ele>
        <time>2026-09-14T22:56:21.000Z</time>
        <extensions>
          <ns3:TrackPointExtension>
            <ns3:hr>149</ns3:hr>
            <ns3:cad>95</ns3:cad>
          </ns3:TrackPointExtension>
        </extensions>
      </trkpt>
      <trkpt lat="22.6004529185593128204345703125" lon="113.88212646357715129852294921875">
        <ele>11.80000019073486328125</ele>
        <time>2026-09-14T22:56:22.000Z</time>
        <extensions>
          <ns3:TrackPointExtension>
            <ns3:hr>149</ns3:hr>
            <ns3:cad>96</ns3:cad>
          </ns3:TrackPointExtension>
        </extensions>
      </trkpt>
      <trkpt lat="22.6004364900290966033935546875" lon="113.88209545053541660308837890625">
        <ele>11.80000019073486328125</ele>
        <time>2026-09-14T22:56:23.000Z</time>
        <extensions>
          <ns3:TrackPointExtension>
            <ns3:hr>149</ns3:hr>
            <ns3:cad>96</ns3:cad>
          </ns3:TrackPointExtension>
        </extensions>
      </trkpt>
      <trkpt lat="22.6004180498421192169189453125" lon="113.88207466341555118560791015625">
        <ele>11.80000019073486328125</ele>
        <time>2026-09-14T22:56:24.000Z</time>
        <extensions>
          <ns3:TrackPointExtension>
            <ns3:hr>149</ns3:hr>
            <ns3:cad>95</ns3:cad>
          </ns3:TrackPointExtension>
        </extensions>
      </trkpt>
      <trkpt lat="22.60040245950222015380859375" lon="113.88204130344092845916748046875">
        <ele>11.6000003814697265625</ele>
        <time>2026-09-14T22:56:25.000Z</time>
        <extensions>
          <ns3:TrackPointExtension>
            <ns3:hr>149</ns3:hr>
            <ns3:cad>96</ns3:cad>
          </ns3:TrackPointExtension>
        </extensions>
      </trkpt>
      <trkpt lat="22.60038745589554309844970703125" lon="113.8820107094943523406982421875">
        <ele>11.6000003814697265625</ele>
        <time>2026-09-14T22:56:26.000Z</time>
        <extensions>
          <ns3:TrackPointExtension>
            <ns3:hr>149</ns3:hr>
            <ns3:cad>96</ns3:cad>
          </ns3:TrackPointExtension>
        </extensions>
      </trkpt>
      <trkpt lat="22.600378654897212982177734375" lon="113.88198497705161571502685546875">
        <ele>11.6000003814697265625</ele>
        <time>2026-09-14T22:56:27.000Z</time>
        <extensions>
          <ns3:TrackPointExtension>
            <ns3:hr>149</ns3:hr>
            <ns3:cad>96</ns3:cad>
          </ns3:TrackPointExtension>
        </extensions>
      </trkpt>
      <trkpt lat="22.60036314837634563446044921875" lon="113.88195161707699298858642578125">
        <ele>11.6000003814697265625</ele>
        <time>2026-09-14T22:56:28.000Z</time>
        <extensions>
          <ns3:TrackPointExtension>
            <ns3:hr>149</ns3:hr>
            <ns3:cad>96</ns3:cad>
          </ns3:TrackPointExtension>
        </extensions>
      </trkpt>
      <trkpt lat="22.600352503359317779541015625" lon="113.88192295096814632415771484375">
        <ele>11.6000003814697265625</ele>
        <time>2026-09-14T22:56:29.000Z</time>
        <extensions>
          <ns3:TrackPointExtension>
            <ns3:hr>150</ns3:hr>
            <ns3:cad>96</ns3:cad>
          </ns3:TrackPointExtension>
        </extensions>
      </trkpt>
      <trkpt lat="22.60033951140940189361572265625" lon="113.88188540004193782806396484375">
        <ele>11.6000003814697265625</ele>
        <time>2026-09-14T22:56:30.000Z</time>
        <extensions>
          <ns3:TrackPointExtension>
            <ns3:hr>149</ns3:hr>
            <ns3:cad>96</ns3:cad>
          </ns3:TrackPointExtension>
        </extensions>
      </trkpt>
      <trkpt lat="22.60032895021140575408935546875" lon="113.8818581588566303253173828125">
        <ele>11.6000003814697265625</ele>
        <time>2026-09-14T22:56:31.000Z</time>
        <extensions>
          <ns3:TrackPointExtension>
            <ns3:hr>149</ns3:hr>
            <ns3:cad>95</ns3:cad>
          </ns3:TrackPointExtension>
        </extensions>
      </trkpt>
      <trkpt lat="22.60031738318502902984619140625" lon="113.881824128329753875732421875">
        <ele>11.80000019073486328125</ele>
        <time>2026-09-14T22:56:32.000Z</time>
        <extensions>
          <ns3:TrackPointExtension>
            <ns3:hr>149</ns3:hr>
            <ns3:cad>95</ns3:cad>
          </ns3:TrackPointExtension>
        </extensions>
      </trkpt>
      <trkpt lat="22.60030531324446201324462890625" lon="113.88179420493543148040771484375">
        <ele>11.80000019073486328125</ele>
        <time>2026-09-14T22:56:33.000Z</time>
        <extensions>
          <ns3:TrackPointExtension>
            <ns3:hr>149</ns3:hr>
            <ns3:cad>95</ns3:cad>
          </ns3:TrackPointExtension>
        </extensions>
      </trkpt>
      <trkpt lat="22.6002971827983856201171875" lon="113.88176771812140941619873046875">
        <ele>11.80000019073486328125</ele>
        <time>2026-09-14T22:56:34.000Z</time>
        <extensions>
          <ns3:TrackPointExtension>
            <ns3:hr>149</ns3:hr>
            <ns3:cad>95</ns3:cad>
          </ns3:TrackPointExtension>
        </extensions>
      </trkpt>
      <trkpt lat="22.6002815924584865570068359375" lon="113.881738968193531036376953125">
        <ele>12</ele>
        <time>2026-09-14T22:56:35.000Z</time>
        <extensions>
          <ns3:TrackPointExtension>
            <ns3:hr>149</ns3:hr>
            <ns3:cad>94</ns3:cad>
          </ns3:TrackPointExtension>
        </extensions>
      </trkpt>
      <trkpt lat="22.60026742704212665557861328125" lon="113.8817153312265872955322265625">
        <ele>12</ele>
        <time>2026-09-14T22:56:36.000Z</time>
        <extensions>
          <ns3:TrackPointExtension>
            <ns3:hr>149</ns3:hr>
            <ns3:cad>94</ns3:cad>
          </ns3:TrackPointExtension>
        </extensions>
      </trkpt>
      <trkpt lat="22.6002534292638301849365234375" lon="113.88168272562325000762939453125">
        <ele>12</ele>
        <time>2026-09-14T22:56:37.000Z</time>
        <extensions>
          <ns3:TrackPointExtension>
            <ns3:hr>148</ns3:hr>
            <ns3:cad>94</ns3:cad>
          </ns3:TrackPointExtension>
        </extensions>
      </trkpt>
      <trkpt lat="22.60023943148553371429443359375" lon="113.88165657408535480499267578125">
        <ele>12</ele>
        <time>2026-09-14T22:56:38.000Z</time>
        <extensions>
          <ns3:TrackPointExtension>
            <ns3:hr>149</ns3:hr>
            <ns3:cad>95</ns3:cad>
          </ns3:TrackPointExtension>
        </extensions>
      </trkpt>
      <trkpt lat="22.60022920556366443634033203125" lon="113.88162489049136638641357421875">
        <ele>12</ele>
        <time>2026-09-14T22:56:39.000Z</time>
        <extensions>
          <ns3:TrackPointExtension>
            <ns3:hr>149</ns3:hr>
            <ns3:cad>95</ns3:cad>
          </ns3:TrackPointExtension>
        </extensions>
      </trkpt>
      <trkpt lat="22.60021260939538478851318359375" lon="113.8815936259925365447998046875">
        <ele>12</ele>
        <time>2026-09-14T22:56:40.000Z</time>
        <extensions>
          <ns3:TrackPointExtension>
            <ns3:hr>148</ns3:hr>
            <ns3:cad>95</ns3:cad>
          </ns3:TrackPointExtension>
        </extensions>
      </trkpt>
      <trkpt lat="22.600199617445468902587890625" lon="113.881566636264324188232421875">
        <ele>12</ele>
        <time>2026-09-14T22:56:41.000Z</time>
        <extensions>
          <ns3:TrackPointExtension>
            <ns3:hr>149</ns3:hr>
            <ns3:cad>96</ns3:cad>
          </ns3:TrackPointExtension>
        </extensions>
      </trkpt>
      <trkpt lat="22.6001853682100772857666015625" lon="113.88153302483260631561279296875">
        <ele>12</ele>
        <time>2026-09-14T22:56:42.000Z</time>
        <extensions>
          <ns3:TrackPointExtension>
            <ns3:hr>149</ns3:hr>
            <ns3:cad>96</ns3:cad>
          </ns3:TrackPointExtension>
        </extensions>
      </trkpt>
      <trkpt lat="22.6001736335456371307373046875" lon="113.88150938786566257476806640625">
        <ele>12.19999980926513671875</ele>
        <time>2026-09-14T22:56:43.000Z</time>
        <extensions>
          <ns3:TrackPointExtension>
            <ns3:hr>149</ns3:hr>
            <ns3:cad>96</ns3:cad>
          </ns3:TrackPointExtension>
        </extensions>
      </trkpt>
      <trkpt lat="22.60016449727118015289306640625" lon="113.881476111710071563720703125">
        <ele>12.19999980926513671875</ele>
        <time>2026-09-14T22:56:44.000Z</time>
        <extensions>
          <ns3:TrackPointExtension>
            <ns3:hr>149</ns3:hr>
            <ns3:cad>96</ns3:cad>
          </ns3:TrackPointExtension>
        </extensions>
      </trkpt>
      <trkpt lat="22.6001508347690105438232421875" lon="113.8814461044967174530029296875">
        <ele>12.19999980926513671875</ele>
        <time>2026-09-14T22:56:45.000Z</time>
        <extensions>
          <ns3:TrackPointExtension>
            <ns3:hr>149</ns3:hr>
            <ns3:cad>96</ns3:cad>
          </ns3:TrackPointExtension>
        </extensions>
      </trkpt>
      <trkpt lat="22.60013918392360210418701171875" lon="113.88141634874045848846435546875">
        <ele>12.19999980926513671875</ele>
        <time>2026-09-14T22:56:46.000Z</time>
        <extensions>
          <ns3:TrackPointExtension>
            <ns3:hr>149</ns3:hr>
            <ns3:cad>96</ns3:cad>
          </ns3:TrackPointExtension>
        </extensions>
      </trkpt>
      <trkpt lat="22.6001173071563243865966796875" lon="113.88137678615748882293701171875">
        <ele>12.19999980926513671875</ele>
        <time>2026-09-14T22:56:47.000Z</time>
        <extensions>
          <ns3:TrackPointExtension>
            <ns3:hr>149</ns3:hr>
            <ns3:cad>95</ns3:cad>
          </ns3:TrackPointExtension>
        </extensions>
      </trkpt>
      <trkpt lat="22.60009878315031528472900390625" lon="113.88135080225765705108642578125">
        <ele>12.19999980926513671875</ele>
        <time>2026-09-14T22:56:48.000Z</time>
        <extensions>
          <ns3:TrackPointExtension>
            <ns3:hr>150</ns3:hr>
            <ns3:cad>95</ns3:cad>
          </ns3:TrackPointExtension>
        </extensions>
      </trkpt>
      <trkpt lat="22.60008201934397220611572265625" lon="113.88132129795849323272705078125">
        <ele>12.19999980926513671875</ele>
        <time>2026-09-14T22:56:49.000Z</time>
        <extensions>
          <ns3:TrackPointExtension>
            <ns3:hr>150</ns3:hr>
            <ns3:cad>96</ns3:cad>
          </ns3:TrackPointExtension>
        </extensions>
      </trkpt>
      <trkpt lat="22.60006642900407314300537109375" lon="113.88128005899488925933837890625">
        <ele>12.19999980926513671875</ele>
        <time>2026-09-14T22:56:50.000Z</time>
        <extensions>
          <ns3:TrackPointExtension>
            <ns3:hr>150</ns3:hr>
            <ns3:cad>96</ns3:cad>
          </ns3:TrackPointExtension>
        </extensions>
      </trkpt>
      <trkpt lat="22.6000562869012355804443359375" lon="113.881251476705074310302734375">
        <ele>12.19999980926513671875</ele>
        <time>2026-09-14T22:56:51.000Z</time>
        <extensions>
          <ns3:TrackPointExtension>
            <ns3:hr>150</ns3:hr>
            <ns3:cad>96</ns3:cad>
          </ns3:TrackPointExtension>
        </extensions>
      </trkpt>
      <trkpt lat="22.60004078038036823272705078125" lon="113.88121903873980045318603515625">
        <ele>12.19999980926513671875</ele>
        <time>2026-09-14T22:56:52.000Z</time>
        <extensions>
          <ns3:TrackPointExtension>
            <ns3:hr>150</ns3:hr>
            <ns3:cad>96</ns3:cad>
          </ns3:TrackPointExtension>
        </extensions>
      </trkpt>
      <trkpt lat="22.6000287942588329315185546875" lon="113.8811906240880489349365234375">
        <ele>12.19999980926513671875</ele>
        <time>2026-09-14T22:56:53.000Z</time>
        <extensions>
          <ns3:TrackPointExtension>
            <ns3:hr>151</ns3:hr>
            <ns3:cad>96</ns3:cad>
          </ns3:TrackPointExtension>
        </extensions>
      </trkpt>
      <trkpt lat="22.60001831687986850738525390625" lon="113.88115868903696537017822265625">
        <ele>12.19999980926513671875</ele>
        <time>2026-09-14T22:56:54.000Z</time>
        <extensions>
          <ns3:TrackPointExtension>
            <ns3:hr>151</ns3:hr>
            <ns3:cad>95</ns3:cad>
          </ns3:TrackPointExtension>
        </extensions>
      </trkpt>
      <trkpt lat="22.60000306181609630584716796875" lon="113.88111845590174198150634765625">
        <ele>12.19999980926513671875</ele>
        <time>2026-09-14T22:56:55.000Z</time>
        <extensions>
          <ns3:TrackPointExtension>
            <ns3:hr>151</ns3:hr>
            <ns3:cad>95</ns3:cad>
          </ns3:TrackPointExtension>
        </extensions>
      </trkpt>
      <trkpt lat="22.59998939931392669677734375" lon="113.88109398074448108673095703125">
        <ele>12.19999980926513671875</ele>
        <time>2026-09-14T22:56:56.000Z</time>
        <extensions>
          <ns3:TrackPointExtension>
            <ns3:hr>151</ns3:hr>
            <ns3:cad>95</ns3:cad>
          </ns3:TrackPointExtension>
        </extensions>
      </trkpt>
      <trkpt lat="22.5999738089740276336669921875" lon="113.8810591958463191986083984375">
        <ele>12</ele>
        <time>2026-09-14T22:56:57.000Z</time>
        <extensions>
          <ns3:TrackPointExtension>
            <ns3:hr>151</ns3:hr>
            <ns3:cad>95</ns3:cad>
          </ns3:TrackPointExtension>
        </extensions>
      </trkpt>
      <trkpt lat="22.59995981119573116302490234375" lon="113.8810310326516628265380859375">
        <ele>12</ele>
        <time>2026-09-14T22:56:58.000Z</time>
        <extensions>
          <ns3:TrackPointExtension>
            <ns3:hr>151</ns3:hr>
            <ns3:cad>95</ns3:cad>
          </ns3:TrackPointExtension>
        </extensions>
      </trkpt>
      <trkpt lat="22.59994539432227611541748046875" lon="113.881001360714435577392578125">
        <ele>12</ele>
        <time>2026-09-14T22:56:59.000Z</time>
        <extensions>
          <ns3:TrackPointExtension>
            <ns3:hr>151</ns3:hr>
            <ns3:cad>95</ns3:cad>
          </ns3:TrackPointExtension>
        </extensions>
      </trkpt>
      <trkpt lat="22.59993181563913822174072265625" lon="113.8809653185307979583740234375">
        <ele>12.19999980926513671875</ele>
        <time>2026-09-14T22:57:00.000Z</time>
        <extensions>
          <ns3:TrackPointExtension>
            <ns3:hr>151</ns3:hr>
            <ns3:cad>95</ns3:cad>
          </ns3:TrackPointExtension>
        </extensions>
      </trkpt>
      <trkpt lat="22.59992041625082492828369140625" lon="113.88093975372612476348876953125">
        <ele>12.19999980926513671875</ele>
        <time>2026-09-14T22:57:01.000Z</time>
        <extensions>
          <ns3:TrackPointExtension>
            <ns3:hr>152</ns3:hr>
            <ns3:cad>95</ns3:cad>
          </ns3:TrackPointExtension>
        </extensions>
      </trkpt>
      <trkpt lat="22.5999047420918941497802734375" lon="113.88090488500893115997314453125">
        <ele>12.19999980926513671875</ele>
        <time>2026-09-14T22:57:02.000Z</time>
        <extensions>
          <ns3:TrackPointExtension>
            <ns3:hr>152</ns3:hr>
            <ns3:cad>95</ns3:cad>
          </ns3:TrackPointExtension>
        </extensions>
      </trkpt>
      <trkpt lat="22.59988806210458278656005859375" lon="113.88087487779557704925537109375">
        <ele>12.19999980926513671875</ele>
        <time>2026-09-14T22:57:03.000Z</time>
        <extensions>
          <ns3:TrackPointExtension>
            <ns3:hr>152</ns3:hr>
            <ns3:cad>96</ns3:cad>
          </ns3:TrackPointExtension>
        </extensions>
      </trkpt>
      <trkpt lat="22.5998789258301258087158203125" lon="113.8808402605354785919189453125">
        <ele>12.19999980926513671875</ele>
        <time>2026-09-14T22:57:04.000Z</time>
        <extensions>
          <ns3:TrackPointExtension>
            <ns3:hr>152</ns3:hr>
            <ns3:cad>96</ns3:cad>
          </ns3:TrackPointExtension>
        </extensions>
      </trkpt>
      <trkpt lat="22.59986610151827335357666015625" lon="113.88080514036118984222412109375">
        <ele>12.19999980926513671875</ele>
        <time>2026-09-14T22:57:05.000Z</time>
        <extensions>
          <ns3:TrackPointExtension>
            <ns3:hr>153</ns3:hr>
            <ns3:cad>97</ns3:cad>
          </ns3:TrackPointExtension>
        </extensions>
      </trkpt>
      <trkpt lat="22.5998531095683574676513671875" lon="113.8807822577655315399169921875">
        <ele>12.19999980926513671875</ele>
        <time>2026-09-14T22:57:06.000Z</time>
        <extensions>
          <ns3:TrackPointExtension>
            <ns3:hr>152</ns3:hr>
            <ns3:cad>97</ns3:cad>
          </ns3:TrackPointExtension>
        </extensions>
      </trkpt>
      <trkpt lat="22.59983626194298267364501953125" lon="113.880751915276050567626953125">
        <ele>12.19999980926513671875</ele>
        <time>2026-09-14T22:57:07.000Z</time>
        <extensions>
          <ns3:TrackPointExtension>
            <ns3:hr>152</ns3:hr>
            <ns3:cad>97</ns3:cad>
          </ns3:TrackPointExtension>
        </extensions>
      </trkpt>
      <trkpt lat="22.59982251562178134918212890625" lon="113.88072467409074306488037109375">
        <ele>12.19999980926513671875</ele>
        <time>2026-09-14T22:57:08.000Z</time>
        <extensions>
          <ns3:TrackPointExtension>
            <ns3:hr>153</ns3:hr>
            <ns3:cad>97</ns3:cad>
          </ns3:TrackPointExtension>
        </extensions>
      </trkpt>
      <trkpt lat="22.59981262497603893280029296875" lon="113.88069466687738895416259765625">
        <ele>12.19999980926513671875</ele>
        <time>2026-09-14T22:57:09.000Z</time>
        <extensions>
          <ns3:TrackPointExtension>
            <ns3:hr>153</ns3:hr>
            <ns3:cad>97</ns3:cad>
          </ns3:TrackPointExtension>
        </extensions>
      </trkpt>
      <trkpt lat="22.59979787282645702362060546875" lon="113.88065376318991184234619140625">
        <ele>12.19999980926513671875</ele>
        <time>2026-09-14T22:57:10.000Z</time>
        <extensions>
          <ns3:TrackPointExtension>
            <ns3:hr>153</ns3:hr>
            <ns3:cad>96</ns3:cad>
          </ns3:TrackPointExtension>
        </extensions>
      </trkpt>
      <trkpt lat="22.5997884012758731842041015625" lon="113.88062744401395320892333984375">
        <ele>12.19999980926513671875</ele>
        <time>2026-09-14T22:57:11.000Z</time>
        <extensions>
          <ns3:TrackPointExtension>
            <ns3:hr>153</ns3:hr>
            <ns3:cad>96</ns3:cad>
          </ns3:TrackPointExtension>
        </extensions>
      </trkpt>
      <trkpt lat="22.5997773371636867523193359375" lon="113.88059089891612529754638671875">
        <ele>12.19999980926513671875</ele>
        <time>2026-09-14T22:57:12.000Z</time>
        <extensions>
          <ns3:TrackPointExtension>
            <ns3:hr>153</ns3:hr>
            <ns3:cad>96</ns3:cad>
          </ns3:TrackPointExtension>
        </extensions>
      </trkpt>
      <trkpt lat="22.59976702742278575897216796875" lon="113.8805636577308177947998046875">
        <ele>12.19999980926513671875</ele>
        <time>2026-09-14T22:57:13.000Z</time>
        <extensions>
          <ns3:TrackPointExtension>
            <ns3:hr>153</ns3:hr>
            <ns3:cad>96</ns3:cad>
          </ns3:TrackPointExtension>
        </extensions>
      </trkpt>
      <trkpt lat="22.59975613094866275787353515625" lon="113.88053909875452518463134765625">
        <ele>12.19999980926513671875</ele>
        <time>2026-09-14T22:57:14.000Z</time>
        <extensions>
          <ns3:TrackPointExtension>
            <ns3:hr>153</ns3:hr>
            <ns3:cad>96</ns3:cad>
          </ns3:TrackPointExtension>
        </extensions>
      </trkpt>
      <trkpt lat="22.59974263608455657958984375" lon="113.88050816953182220458984375">
        <ele>12.19999980926513671875</ele>
        <time>2026-09-14T22:57:15.000Z</time>
        <extensions>
          <ns3:TrackPointExtension>
            <ns3:hr>153</ns3:hr>
            <ns3:cad>96</ns3:cad>
          </ns3:TrackPointExtension>
        </extensions>
      </trkpt>
      <trkpt lat="22.5997283868491649627685546875" lon="113.88048428110778331756591796875">
        <ele>12.19999980926513671875</ele>
        <time>2026-09-14T22:57:16.000Z</time>
        <extensions>
          <ns3:TrackPointExtension>
            <ns3:hr>153</ns3:hr>
            <ns3:cad>96</ns3:cad>
          </ns3:TrackPointExtension>
        </extensions>
      </trkpt>
      <trkpt lat="22.599710784852504730224609375" lon="113.88044781982898712158203125">
        <ele>12.19999980926513671875</ele>
        <time>2026-09-14T22:57:17.000Z</time>
        <extensions>
          <ns3:TrackPointExtension>
            <ns3:hr>153</ns3:hr>
            <ns3:cad>96</ns3:cad>
          </ns3:TrackPointExtension>
        </extensions>
      </trkpt>
      <trkpt lat="22.5996931828558444976806640625" lon="113.88042032718658447265625">
        <ele>12.19999980926513671875</ele>
        <time>2026-09-14T22:57:18.000Z</time>
        <extensions>
          <ns3:TrackPointExtension>
            <ns3:hr>153</ns3:hr>
            <ns3:cad>96</ns3:cad>
          </ns3:TrackPointExtension>
        </extensions>
      </trkpt>
      <trkpt lat="22.59967851452529430389404296875" lon="113.88038923032581806182861328125">
        <ele>12.19999980926513671875</ele>
        <time>2026-09-14T22:57:19.000Z</time>
        <extensions>
          <ns3:TrackPointExtension>
            <ns3:hr>153</ns3:hr>
            <ns3:cad>96</ns3:cad>
          </ns3:TrackPointExtension>
        </extensions>
      </trkpt>
      <trkpt lat="22.59965890087187290191650390625" lon="113.88035528361797332763671875">
        <ele>12</ele>
        <time>2026-09-14T22:57:20.000Z</time>
        <extensions>
          <ns3:TrackPointExtension>
            <ns3:hr>153</ns3:hr>
            <ns3:cad>96</ns3:cad>
          </ns3:TrackPointExtension>
        </extensions>
      </trkpt>
      <trkpt lat="22.59964473545551300048828125" lon="113.88033005408942699432373046875">
        <ele>12.19999980926513671875</ele>
        <time>2026-09-14T22:57:21.000Z</time>
        <extensions>
          <ns3:TrackPointExtension>
            <ns3:hr>152</ns3:hr>
            <ns3:cad>96</ns3:cad>
          </ns3:TrackPointExtension>
        </extensions>
      </trkpt>
      <trkpt lat="22.5996266305446624755859375" lon="113.88029384426772594451904296875">
        <ele>12</ele>
        <time>2026-09-14T22:57:22.000Z</time>
        <extensions>
          <ns3:TrackPointExtension>
            <ns3:hr>153</ns3:hr>
            <ns3:cad>96</ns3:cad>
          </ns3:TrackPointExtension>
        </extensions>
      </trkpt>
      <trkpt lat="22.5996078550815582275390625" lon="113.8802719675004482269287109375">
        <ele>12</ele>
        <time>2026-09-14T22:57:23.000Z</time>
        <extensions>
          <ns3:TrackPointExtension>
            <ns3:hr>153</ns3:hr>
            <ns3:cad>97</ns3:cad>
          </ns3:TrackPointExtension>
        </extensions>
      </trkpt>
      <trkpt lat="22.59959469549357891082763671875" lon="113.88024187646806240081787109375">
        <ele>12</ele>
        <time>2026-09-14T22:57:24.000Z</time>
        <extensions>
          <ns3:TrackPointExtension>
            <ns3:hr>152</ns3:hr>
            <ns3:cad>97</ns3:cad>
          </ns3:TrackPointExtension>
        </extensions>
      </trkpt>
      <trkpt lat="22.5995729863643646240234375" lon="113.880210109055042266845703125">
        <ele>12</ele>
        <time>2026-09-14T22:57:25.000Z</time>
        <extensions>
          <ns3:TrackPointExtension>
            <ns3:hr>153</ns3:hr>
            <ns3:cad>97</ns3:cad>
          </ns3:TrackPointExtension>
        </extensions>
      </trkpt>
      <trkpt lat="22.59955496527254581451416015625" lon="113.8801894895732402801513671875">
        <ele>12</ele>
        <time>2026-09-14T22:57:26.000Z</time>
        <extensions>
          <ns3:TrackPointExtension>
            <ns3:hr>153</ns3:hr>
            <ns3:cad>97</ns3:cad>
          </ns3:TrackPointExtension>
        </extensions>
      </trkpt>
      <trkpt lat="22.59953820146620273590087890625" lon="113.880155794322490692138671875">
        <ele>12</ele>
        <time>2026-09-14T22:57:27.000Z</time>
        <extensions>
          <ns3:TrackPointExtension>
            <ns3:hr>153</ns3:hr>
            <ns3:cad>97</ns3:cad>
          </ns3:TrackPointExtension>
        </extensions>
      </trkpt>
      <trkpt lat="22.59952160529792308807373046875" lon="113.8801274634897708892822265625">
        <ele>12</ele>
        <time>2026-09-14T22:57:28.000Z</time>
        <extensions>
          <ns3:TrackPointExtension>
            <ns3:hr>152</ns3:hr>
            <ns3:cad>97</ns3:cad>
          </ns3:TrackPointExtension>
        </extensions>
      </trkpt>
      <trkpt lat="22.5995077751576900482177734375" lon="113.88009645044803619384765625">
        <ele>12</ele>
        <time>2026-09-14T22:57:29.000Z</time>
        <extensions>
          <ns3:TrackPointExtension>
            <ns3:hr>152</ns3:hr>
            <ns3:cad>97</ns3:cad>
          </ns3:TrackPointExtension>
        </extensions>
      </trkpt>
      <trkpt lat="22.59948824532330036163330078125" lon="113.88006149791181087493896484375">
        <ele>11.80000019073486328125</ele>
        <time>2026-09-14T22:57:30.000Z</time>
        <extensions>
          <ns3:TrackPointExtension>
            <ns3:hr>152</ns3:hr>
            <ns3:cad>97</ns3:cad>
          </ns3:TrackPointExtension>
        </extensions>
      </trkpt>
      <trkpt lat="22.5994710624217987060546875" lon="113.88003735803067684173583984375">
        <ele>11.80000019073486328125</ele>
        <time>2026-09-14T22:57:31.000Z</time>
        <extensions>
          <ns3:TrackPointExtension>
            <ns3:hr>153</ns3:hr>
            <ns3:cad>97</ns3:cad>
          </ns3:TrackPointExtension>
        </extensions>
      </trkpt>
      <trkpt lat="22.5994504429399967193603515625" lon="113.880007266998291015625">
        <ele>12</ele>
        <time>2026-09-14T22:57:32.000Z</time>
        <extensions>
          <ns3:TrackPointExtension>
            <ns3:hr>153</ns3:hr>
            <ns3:cad>97</ns3:cad>
          </ns3:TrackPointExtension>
        </extensions>
      </trkpt>
      <trkpt lat="22.59943158365786075592041015625" lon="113.8799812830984592437744140625">
        <ele>12</ele>
        <time>2026-09-14T22:57:33.000Z</time>
        <extensions>
          <ns3:TrackPointExtension>
            <ns3:hr>152</ns3:hr>
            <ns3:cad>97</ns3:cad>
          </ns3:TrackPointExtension>
        </extensions>
      </trkpt>
      <trkpt lat="22.5994132272899150848388671875" lon="113.87995454482734203338623046875">
        <ele>11.80000019073486328125</ele>
        <time>2026-09-14T22:57:34.000Z</time>
        <extensions>
          <ns3:TrackPointExtension>
            <ns3:hr>153</ns3:hr>
            <ns3:cad>97</ns3:cad>
          </ns3:TrackPointExtension>
        </extensions>
      </trkpt>
      <trkpt lat="22.59939529001712799072265625" lon="113.879921771585941314697265625">
        <ele>12</ele>
        <time>2026-09-14T22:57:35.000Z</time>
        <extensions>
          <ns3:TrackPointExtension>
            <ns3:hr>153</ns3:hr>
            <ns3:cad>96</ns3:cad>
          </ns3:TrackPointExtension>
        </extensions>
      </trkpt>
      <trkpt lat="22.5993820466101169586181640625" lon="113.87990056537091732025146484375">
        <ele>11.80000019073486328125</ele>
        <time>2026-09-14T22:57:36.000Z</time>
        <extensions>
          <ns3:TrackPointExtension>
            <ns3:hr>153</ns3:hr>
            <ns3:cad>96</ns3:cad>
          </ns3:TrackPointExtension>
        </extensions>
      </trkpt>
      <trkpt lat="22.5993637740612030029296875" lon="113.8798656128346920013427734375">
        <ele>11.80000019073486328125</ele>
        <time>2026-09-14T22:57:37.000Z</time>
        <extensions>
          <ns3:TrackPointExtension>
            <ns3:hr>153</ns3:hr>
            <ns3:cad>96</ns3:cad>
          </ns3:TrackPointExtension>
        </extensions>
      </trkpt>
      <trkpt lat="22.599349357187747955322265625" lon="113.879839964210987091064453125">
        <ele>11.80000019073486328125</ele>
        <time>2026-09-14T22:57:38.000Z</time>
        <extensions>
          <ns3:TrackPointExtension>
            <ns3:hr>152</ns3:hr>
            <ns3:cad>97</ns3:cad>
          </ns3:TrackPointExtension>
        </extensions>
      </trkpt>
      <trkpt lat="22.59933351539075374603271484375" lon="113.87981154955923557281494140625">
        <ele>11.80000019073486328125</ele>
        <time>2026-09-14T22:57:39.000Z</time>
        <extensions>
          <ns3:TrackPointExtension>
            <ns3:hr>153</ns3:hr>
            <ns3:cad>96</ns3:cad>
          </ns3:TrackPointExtension>
        </extensions>
      </trkpt>
      <trkpt lat="22.59931105189025402069091796875" lon="113.87978129088878631591796875">
        <ele>11.80000019073486328125</ele>
        <time>2026-09-14T22:57:40.000Z</time>
        <extensions>
          <ns3:TrackPointExtension>
            <ns3:hr>153</ns3:hr>
            <ns3:cad>96</ns3:cad>
          </ns3:TrackPointExtension>
        </extensions>
      </trkpt>
      <trkpt lat="22.59929831139743328094482421875" lon="113.87976176105439662933349609375">
        <ele>11.80000019073486328125</ele>
        <time>2026-09-14T22:57:41.000Z</time>
        <extensions>
          <ns3:TrackPointExtension>
            <ns3:hr>153</ns3:hr>
            <ns3:cad>96</ns3:cad>
          </ns3:TrackPointExtension>
        </extensions>
      </trkpt>
      <trkpt lat="22.59927886538207530975341796875" lon="113.87973368167877197265625">
        <ele>11.80000019073486328125</ele>
        <time>2026-09-14T22:57:42.000Z</time>
        <extensions>
          <ns3:TrackPointExtension>
            <ns3:hr>153</ns3:hr>
            <ns3:cad>96</ns3:cad>
          </ns3:TrackPointExtension>
        </extensions>
      </trkpt>
      <trkpt lat="22.599266208708286285400390625" lon="113.87971180491149425506591796875">
        <ele>11.80000019073486328125</ele>
        <time>2026-09-14T22:57:43.000Z</time>
        <extensions>
          <ns3:TrackPointExtension>
            <ns3:hr>153</ns3:hr>
            <ns3:cad>96</ns3:cad>
          </ns3:TrackPointExtension>
        </extensions>
      </trkpt>
      <trkpt lat="22.5992484390735626220703125" lon="113.87968766503036022186279296875">
        <ele>11.6000003814697265625</ele>
        <time>2026-09-14T22:57:44.000Z</time>
        <extensions>
          <ns3:TrackPointExtension>
            <ns3:hr>153</ns3:hr>
            <ns3:cad>95</ns3:cad>
          </ns3:TrackPointExtension>
        </extensions>
      </trkpt>
      <trkpt lat="22.59922840632498264312744140625" lon="113.87966469861567020416259765625">
        <ele>11.6000003814697265625</ele>
        <time>2026-09-14T22:57:45.000Z</time>
        <extensions>
          <ns3:TrackPointExtension>
            <ns3:hr>153</ns3:hr>
            <ns3:cad>96</ns3:cad>
          </ns3:TrackPointExtension>
        </extensions>
      </trkpt>
      <trkpt lat="22.59921097196638584136962890625" lon="113.87964357621967792510986328125">
        <ele>11.6000003814697265625</ele>
        <time>2026-09-14T22:57:46.000Z</time>
        <extensions>
          <ns3:TrackPointExtension>
            <ns3:hr>153</ns3:hr>
            <ns3:cad>96</ns3:cad>
          </ns3:TrackPointExtension>
        </extensions>
      </trkpt>
      <trkpt lat="22.5991889275610446929931640625" lon="113.87961658649146556854248046875">
        <ele>11.6000003814697265625</ele>
        <time>2026-09-14T22:57:47.000Z</time>
        <extensions>
          <ns3:TrackPointExtension>
            <ns3:hr>153</ns3:hr>
            <ns3:cad>96</ns3:cad>
          </ns3:TrackPointExtension>
        </extensions>
      </trkpt>
      <trkpt lat="22.59917509742081165313720703125" lon="113.8795950450003147125244140625">
        <ele>11.6000003814697265625</ele>
        <time>2026-09-14T22:57:48.000Z</time>
        <extensions>
          <ns3:TrackPointExtension>
            <ns3:hr>153</ns3:hr>
            <ns3:cad>96</ns3:cad>
          </ns3:TrackPointExtension>
        </extensions>
      </trkpt>
      <trkpt lat="22.59915749542415142059326171875" lon="113.87956679798662662506103515625">
        <ele>11.6000003814697265625</ele>
        <time>2026-09-14T22:57:49.000Z</time>
        <extensions>
          <ns3:TrackPointExtension>
            <ns3:hr>153</ns3:hr>
            <ns3:cad>95</ns3:cad>
          </ns3:TrackPointExtension>
        </extensions>
      </trkpt>
      <trkpt lat="22.5991369597613811492919921875" lon="113.8795346952974796295166015625">
        <ele>11.6000003814697265625</ele>
        <time>2026-09-14T22:57:50.000Z</time>
        <extensions>
          <ns3:TrackPointExtension>
            <ns3:hr>153</ns3:hr>
            <ns3:cad>95</ns3:cad>
          </ns3:TrackPointExtension>
        </extensions>
      </trkpt>
      <trkpt lat="22.5991245545446872711181640625" lon="113.87951633892953395843505859375">
        <ele>11.6000003814697265625</ele>
        <time>2026-09-14T22:57:51.000Z</time>
        <extensions>
          <ns3:TrackPointExtension>
            <ns3:hr>153</ns3:hr>
            <ns3:cad>95</ns3:cad>
          </ns3:TrackPointExtension>
        </extensions>
      </trkpt>
      <trkpt lat="22.59909898974001407623291015625" lon="113.87948851101100444793701171875">
        <ele>11.6000003814697265625</ele>
        <time>2026-09-14T22:57:52.000Z</time>
        <extensions>
          <ns3:TrackPointExtension>
            <ns3:hr>153</ns3:hr>
            <ns3:cad>95</ns3:cad>
          </ns3:TrackPointExtension>
        </extensions>
      </trkpt>
      <trkpt lat="22.5990809686481952667236328125" lon="113.879471160471439361572265625">
        <ele>11.6000003814697265625</ele>
        <time>2026-09-14T22:57:53.000Z</time>
        <extensions>
          <ns3:TrackPointExtension>
            <ns3:hr>153</ns3:hr>
            <ns3:cad>95</ns3:cad>
          </ns3:TrackPointExtension>
        </extensions>
      </trkpt>
      <trkpt lat="22.59905825369060039520263671875" lon="113.8794435001909732818603515625">
        <ele>11.6000003814697265625</ele>
        <time>2026-09-14T22:57:54.000Z</time>
        <extensions>
          <ns3:TrackPointExtension>
            <ns3:hr>152</ns3:hr>
            <ns3:cad>95</ns3:cad>
          </ns3:TrackPointExtension>
        </extensions>
      </trkpt>
      <trkpt lat="22.5990330241620540618896484375" lon="113.87942430563271045684814453125">
        <ele>11.80000019073486328125</ele>
        <time>2026-09-14T22:57:55.000Z</time>
        <extensions>
          <ns3:TrackPointExtension>
            <ns3:hr>152</ns3:hr>
            <ns3:cad>96</ns3:cad>
          </ns3:TrackPointExtension>
        </extensions>
      </trkpt>
      <trkpt lat="22.599014081060886383056640625" lon="113.87940100394189357757568359375">
        <ele>11.80000019073486328125</ele>
        <time>2026-09-14T22:57:56.000Z</time>
        <extensions>
          <ns3:TrackPointExtension>
            <ns3:hr>152</ns3:hr>
            <ns3:cad>96</ns3:cad>
          </ns3:TrackPointExtension>
        </extensions>
      </trkpt>
      <trkpt lat="22.59898516349494457244873046875" lon="113.87937434948980808258056640625">
        <ele>11.80000019073486328125</ele>
        <time>2026-09-14T22:57:57.000Z</time>
        <extensions>
          <ns3:TrackPointExtension>
            <ns3:hr>152</ns3:hr>
            <ns3:cad>96</ns3:cad>
          </ns3:TrackPointExtension>
        </extensions>
      </trkpt>
      <trkpt lat="22.59896303527057170867919921875" lon="113.87936144135892391204833984375">
        <ele>11.6000003814697265625</ele>
        <time>2026-09-14T22:57:58.000Z</time>
        <extensions>
          <ns3:TrackPointExtension>
            <ns3:hr>152</ns3:hr>
            <ns3:cad>96</ns3:cad>
          </ns3:TrackPointExtension>
        </extensions>
      </trkpt>
      <trkpt lat="22.5989384762942790985107421875" lon="113.8793382234871387481689453125">
        <ele>11.6000003814697265625</ele>
        <time>2026-09-14T22:57:59.000Z</time>
        <extensions>
          <ns3:TrackPointExtension>
            <ns3:hr>151</ns3:hr>
            <ns3:cad>96</ns3:cad>
          </ns3:TrackPointExtension>
        </extensions>
      </trkpt>
      <trkpt lat="22.5989119894802570343017578125" lon="113.879321627318859100341796875">
        <ele>11.6000003814697265625</ele>
        <time>2026-09-14T22:58:00.000Z</time>
        <extensions>
          <ns3:TrackPointExtension>
            <ns3:hr>151</ns3:hr>
            <ns3:cad>96</ns3:cad>
          </ns3:TrackPointExtension>
        </extensions>
      </trkpt>
      <trkpt lat="22.5988848321139812469482421875" lon="113.879299163818359375">
        <ele>11.6000003814697265625</ele>
        <time>2026-09-14T22:58:01.000Z</time>
        <extensions>
          <ns3:TrackPointExtension>
            <ns3:hr>151</ns3:hr>
            <ns3:cad>96</ns3:cad>
          </ns3:TrackPointExtension>
        </extensions>
      </trkpt>
      <trkpt lat="22.59886094368994235992431640625" lon="113.87927569448947906494140625">
        <ele>11.6000003814697265625</ele>
        <time>2026-09-14T22:58:02.000Z</time>
        <extensions>
          <ns3:TrackPointExtension>
            <ns3:hr>151</ns3:hr>
            <ns3:cad>96</ns3:cad>
          </ns3:TrackPointExtension>
        </extensions>
      </trkpt>
      <trkpt lat="22.598837055265903472900390625" lon="113.87926320545375347137451171875">
        <ele>11.80000019073486328125</ele>
        <time>2026-09-14T22:58:03.000Z</time>
        <extensions>
          <ns3:TrackPointExtension>
            <ns3:hr>151</ns3:hr>
            <ns3:cad>96</ns3:cad>
          </ns3:TrackPointExtension>
        </extensions>
      </trkpt>
      <trkpt lat="22.59880830533802509307861328125" lon="113.8792433403432369232177734375">
        <ele>11.6000003814697265625</ele>
        <time>2026-09-14T22:58:04.000Z</time>
        <extensions>
          <ns3:TrackPointExtension>
            <ns3:hr>151</ns3:hr>
            <ns3:cad>96</ns3:cad>
          </ns3:TrackPointExtension>
        </extensions>
      </trkpt>
      <trkpt lat="22.59878232143819332122802734375" lon="113.87922481633722782135009765625">
        <ele>11.6000003814697265625</ele>
        <time>2026-09-14T22:58:05.000Z</time>
        <extensions>
          <ns3:TrackPointExtension>
            <ns3:hr>151</ns3:hr>
            <ns3:cad>96</ns3:cad>
          </ns3:TrackPointExtension>
        </extensions>
      </trkpt>
      <trkpt lat="22.59875935502350330352783203125" lon="113.8792064599692821502685546875">
        <ele>11.6000003814697265625</ele>
        <time>2026-09-14T22:58:06.000Z</time>
        <extensions>
          <ns3:TrackPointExtension>
            <ns3:hr>152</ns3:hr>
            <ns3:cad>95</ns3:cad>
          </ns3:TrackPointExtension>
        </extensions>
      </trkpt>
      <trkpt lat="22.59873035363852977752685546875" lon="113.87918793596327304840087890625">
        <ele>11.6000003814697265625</ele>
        <time>2026-09-14T22:58:07.000Z</time>
        <extensions>
          <ns3:TrackPointExtension>
            <ns3:hr>151</ns3:hr>
            <ns3:cad>95</ns3:cad>
          </ns3:TrackPointExtension>
        </extensions>
      </trkpt>
      <trkpt lat="22.5987108238041400909423828125" lon="113.879173435270786285400390625">
        <ele>11.3999996185302734375</ele>
        <time>2026-09-14T22:58:08.000Z</time>
        <extensions>
          <ns3:TrackPointExtension>
            <ns3:hr>151</ns3:hr>
            <ns3:cad>95</ns3:cad>
          </ns3:TrackPointExtension>
        </extensions>
      </trkpt>
      <trkpt lat="22.59868240915238857269287109375" lon="113.87915424071252346038818359375">
        <ele>11.6000003814697265625</ele>
        <time>2026-09-14T22:58:09.000Z</time>
        <extensions>
          <ns3:TrackPointExtension>
            <ns3:hr>151</ns3:hr>
            <ns3:cad>95</ns3:cad>
          </ns3:TrackPointExtension>
        </extensions>
      </trkpt>
      <trkpt lat="22.598654329776763916015625" lon="113.879140578210353851318359375">
        <ele>11.6000003814697265625</ele>
        <time>2026-09-14T22:58:10.000Z</time>
        <extensions>
          <ns3:TrackPointExtension>
            <ns3:hr>152</ns3:hr>
            <ns3:cad>97</ns3:cad>
          </ns3:TrackPointExtension>
        </extensions>
      </trkpt>
      <trkpt lat="22.59863044135272502899169921875" lon="113.879130184650421142578125">
        <ele>11.6000003814697265625</ele>
        <time>2026-09-14T22:58:11.000Z</time>
        <extensions>
          <ns3:TrackPointExtension>
            <ns3:hr>151</ns3:hr>
            <ns3:cad>97</ns3:cad>
          </ns3:TrackPointExtension>
        </extensions>
      </trkpt>
      <trkpt lat="22.59859255515038967132568359375" lon="113.87911819852888584136962890625">
        <ele>11.6000003814697265625</ele>
        <time>2026-09-14T22:58:12.000Z</time>
        <extensions>
          <ns3:TrackPointExtension>
            <ns3:hr>151</ns3:hr>
            <ns3:cad>96</ns3:cad>
          </ns3:TrackPointExtension>
        </extensions>
      </trkpt>
      <trkpt lat="22.59856657125055789947509765625" lon="113.879108726978302001953125">
        <ele>11.6000003814697265625</ele>
        <time>2026-09-14T22:58:13.000Z</time>
        <extensions>
          <ns3:TrackPointExtension>
            <ns3:hr>152</ns3:hr>
            <ns3:cad>96</ns3:cad>
          </ns3:TrackPointExtension>
        </extensions>
      </trkpt>
      <trkpt lat="22.59853295981884002685546875" lon="113.8790859282016754150390625">
        <ele>11.6000003814697265625</ele>
        <time>2026-09-14T22:58:14.000Z</time>
        <extensions>
          <ns3:TrackPointExtension>
            <ns3:hr>152</ns3:hr>
            <ns3:cad>96</ns3:cad>
          </ns3:TrackPointExtension>
        </extensions>
      </trkpt>
      <trkpt lat="22.5985093228518962860107421875" lon="113.8790738582611083984375">
        <ele>11.6000003814697265625</ele>
        <time>2026-09-14T22:58:15.000Z</time>
        <extensions>
          <ns3:TrackPointExtension>
            <ns3:hr>152</ns3:hr>
            <ns3:cad>94</ns3:cad>
          </ns3:TrackPointExtension>
        </extensions>
      </trkpt>
      <trkpt lat="22.5984794832766056060791015625" lon="113.87905349023640155792236328125">
        <ele>11.6000003814697265625</ele>
        <time>2026-09-14T22:58:16.000Z</time>
        <extensions>
          <ns3:TrackPointExtension>
            <ns3:hr>152</ns3:hr>
            <ns3:cad>95</ns3:cad>
          </ns3:TrackPointExtension>
        </extensions>
      </trkpt>
      <trkpt lat="22.598452158272266387939453125" lon="113.87903521768748760223388671875">
        <ele>11.6000003814697265625</ele>
        <time>2026-09-14T22:58:17.000Z</time>
        <extensions>
          <ns3:TrackPointExtension>
            <ns3:hr>152</ns3:hr>
            <ns3:cad>95</ns3:cad>
          </ns3:TrackPointExtension>
        </extensions>
      </trkpt>
      <trkpt lat="22.598425336182117462158203125" lon="113.879023231565952301025390625">
        <ele>11.6000003814697265625</ele>
        <time>2026-09-14T22:58:18.000Z</time>
        <extensions>
          <ns3:TrackPointExtension>
            <ns3:hr>152</ns3:hr>
            <ns3:cad>95</ns3:cad>
          </ns3:TrackPointExtension>
        </extensions>
      </trkpt>
      <trkpt lat="22.59839616715908050537109375" lon="113.87900319881737232208251953125">
        <ele>11.6000003814697265625</ele>
        <time>2026-09-14T22:58:19.000Z</time>
        <extensions>
          <ns3:TrackPointExtension>
            <ns3:hr>152</ns3:hr>
            <ns3:cad>95</ns3:cad>
          </ns3:TrackPointExtension>
        </extensions>
      </trkpt>
      <trkpt lat="22.5983732007443904876708984375" lon="113.87899112887680530548095703125">
        <ele>11.6000003814697265625</ele>
        <time>2026-09-14T22:58:20.000Z</time>
        <extensions>
          <ns3:TrackPointExtension>
            <ns3:hr>152</ns3:hr>
            <ns3:cad>94</ns3:cad>
          </ns3:TrackPointExtension>
        </extensions>
      </trkpt>
      <trkpt lat="22.598341517150402069091796875" lon="113.87897922657430171966552734375">
        <ele>11.6000003814697265625</ele>
        <time>2026-09-14T22:58:21.000Z</time>
        <extensions>
          <ns3:TrackPointExtension>
            <ns3:hr>153</ns3:hr>
            <ns3:cad>94</ns3:cad>
          </ns3:TrackPointExtension>
        </extensions>
      </trkpt>
      <trkpt lat="22.59831125847995281219482421875" lon="113.878967575728893280029296875">
        <ele>11.6000003814697265625</ele>
        <time>2026-09-14T22:58:22.000Z</time>
        <extensions>
          <ns3:TrackPointExtension>
            <ns3:hr>153</ns3:hr>
            <ns3:cad>94</ns3:cad>
          </ns3:TrackPointExtension>
        </extensions>
      </trkpt>
      <trkpt lat="22.59828359819948673248291015625" lon="113.87896162457764148712158203125">
        <ele>11.6000003814697265625</ele>
        <time>2026-09-14T22:58:23.000Z</time>
        <extensions>
          <ns3:TrackPointExtension>
            <ns3:hr>153</ns3:hr>
            <ns3:cad>94</ns3:cad>
          </ns3:TrackPointExtension>
        </extensions>
      </trkpt>
      <trkpt lat="22.59825107641518115997314453125" lon="113.8789462856948375701904296875">
        <ele>11.6000003814697265625</ele>
        <time>2026-09-14T22:58:24.000Z</time>
        <extensions>
          <ns3:TrackPointExtension>
            <ns3:hr>153</ns3:hr>
            <ns3:cad>94</ns3:cad>
          </ns3:TrackPointExtension>
        </extensions>
      </trkpt>
      <trkpt lat="22.5982291996479034423828125" lon="113.87893832288682460784912109375">
        <ele>11.6000003814697265625</ele>
        <time>2026-09-14T22:58:25.000Z</time>
        <extensions>
          <ns3:TrackPointExtension>
            <ns3:hr>153</ns3:hr>
            <ns3:cad>95</ns3:cad>
          </ns3:TrackPointExtension>
        </extensions>
      </trkpt>
      <trkpt lat="22.5981958396732807159423828125" lon="113.87892155908048152923583984375">
        <ele>11.6000003814697265625</ele>
        <time>2026-09-14T22:58:26.000Z</time>
        <extensions>
          <ns3:TrackPointExtension>
            <ns3:hr>152</ns3:hr>
            <ns3:cad>94</ns3:cad>
          </ns3:TrackPointExtension>
        </extensions>
      </trkpt>
      <trkpt lat="22.59817144833505153656005859375" lon="113.878903202712535858154296875">
        <ele>11.6000003814697265625</ele>
        <time>2026-09-14T22:58:27.000Z</time>
        <extensions>
          <ns3:TrackPointExtension>
            <ns3:hr>152</ns3:hr>
            <ns3:cad>94</ns3:cad>
          </ns3:TrackPointExtension>
        </extensions>
      </trkpt>
      <trkpt lat="22.5981442071497440338134765625" lon="113.87888803146779537200927734375">
        <ele>11.3999996185302734375</ele>
        <time>2026-09-14T22:58:28.000Z</time>
        <extensions>
          <ns3:TrackPointExtension>
            <ns3:hr>152</ns3:hr>
            <ns3:cad>94</ns3:cad>
          </ns3:TrackPointExtension>
        </extensions>
      </trkpt>
      <trkpt lat="22.59811478666961193084716796875" lon="113.87887344695627689361572265625">
        <ele>11.3999996185302734375</ele>
        <time>2026-09-14T22:58:29.000Z</time>
        <extensions>
          <ns3:TrackPointExtension>
            <ns3:hr>151</ns3:hr>
            <ns3:cad>95</ns3:cad>
          </ns3:TrackPointExtension>
        </extensions>
      </trkpt>
      <trkpt lat="22.59808796457946300506591796875" lon="113.8788658194243907928466796875">
        <ele>11.3999996185302734375</ele>
        <time>2026-09-14T22:58:30.000Z</time>
        <extensions>
          <ns3:TrackPointExtension>
            <ns3:hr>152</ns3:hr>
            <ns3:cad>95</ns3:cad>
          </ns3:TrackPointExtension>
        </extensions>
      </trkpt>
      <trkpt lat="22.59805141948163509368896484375" lon="113.87885064817965030670166015625">
        <ele>11.3999996185302734375</ele>
        <time>2026-09-14T22:58:31.000Z</time>
        <extensions>
          <ns3:TrackPointExtension>
            <ns3:hr>152</ns3:hr>
            <ns3:cad>95</ns3:cad>
          </ns3:TrackPointExtension>
        </extensions>
      </trkpt>
      <trkpt lat="22.598025016486644744873046875" lon="113.878841511905193328857421875">
        <ele>11.3999996185302734375</ele>
        <time>2026-09-14T22:58:32.000Z</time>
        <extensions>
          <ns3:TrackPointExtension>
            <ns3:hr>152</ns3:hr>
            <ns3:cad>94</ns3:cad>
          </ns3:TrackPointExtension>
        </extensions>
      </trkpt>
      <trkpt lat="22.5979933328926563262939453125" lon="113.8788265921175479888916015625">
        <ele>11.3999996185302734375</ele>
        <time>2026-09-14T22:58:33.000Z</time>
        <extensions>
          <ns3:TrackPointExtension>
            <ns3:hr>152</ns3:hr>
            <ns3:cad>94</ns3:cad>
          </ns3:TrackPointExtension>
        </extensions>
      </trkpt>
      <trkpt lat="22.597963325679302215576171875" lon="113.87881309725344181060791015625">
        <ele>11.3999996185302734375</ele>
        <time>2026-09-14T22:58:34.000Z</time>
        <extensions>
          <ns3:TrackPointExtension>
            <ns3:hr>152</ns3:hr>
            <ns3:cad>94</ns3:cad>
          </ns3:TrackPointExtension>
        </extensions>
      </trkpt>
      <trkpt lat="22.59793910197913646697998046875" lon="113.878797255456447601318359375">
        <ele>11.3999996185302734375</ele>
        <time>2026-09-14T22:58:35.000Z</time>
        <extensions>
          <ns3:TrackPointExtension>
            <ns3:hr>152</ns3:hr>
            <ns3:cad>96</ns3:cad>
          </ns3:TrackPointExtension>
        </extensions>
      </trkpt>
      <trkpt lat="22.5979058258235454559326171875" lon="113.87877873145043849945068359375">
        <ele>11.3999996185302734375</ele>
        <time>2026-09-14T22:58:36.000Z</time>
        <extensions>
          <ns3:TrackPointExtension>
            <ns3:hr>152</ns3:hr>
            <ns3:cad>96</ns3:cad>
          </ns3:TrackPointExtension>
        </extensions>
      </trkpt>
      <trkpt lat="22.59788160212337970733642578125" lon="113.878768421709537506103515625">
        <ele>11.3999996185302734375</ele>
        <time>2026-09-14T22:58:37.000Z</time>
        <extensions>
          <ns3:TrackPointExtension>
            <ns3:hr>152</ns3:hr>
            <ns3:cad>96</ns3:cad>
          </ns3:TrackPointExtension>
        </extensions>
      </trkpt>
      <trkpt lat="22.59785427711904048919677734375" lon="113.878752999007701873779296875">
        <ele>11.6000003814697265625</ele>
        <time>2026-09-14T22:58:38.000Z</time>
        <extensions>
          <ns3:TrackPointExtension>
            <ns3:hr>152</ns3:hr>
            <ns3:cad>96</ns3:cad>
          </ns3:TrackPointExtension>
        </extensions>
      </trkpt>
      <trkpt lat="22.597830556333065032958984375" lon="113.87874453328549861907958984375">
        <ele>11.6000003814697265625</ele>
        <time>2026-09-14T22:58:39.000Z</time>
        <extensions>
          <ns3:TrackPointExtension>
            <ns3:hr>152</ns3:hr>
            <ns3:cad>96</ns3:cad>
          </ns3:TrackPointExtension>
        </extensions>
      </trkpt>
      <trkpt lat="22.59780214168131351470947265625" lon="113.8787353970110416412353515625">
        <ele>11.80000019073486328125</ele>
        <time>2026-09-14T22:58:40.000Z</time>
        <extensions>
          <ns3:TrackPointExtension>
            <ns3:hr>153</ns3:hr>
            <ns3:cad>96</ns3:cad>
          </ns3:TrackPointExtension>
        </extensions>
      </trkpt>
      <trkpt lat="22.5977660156786441802978515625" lon="113.87872408144176006317138671875">
        <ele>11.80000019073486328125</ele>
        <time>2026-09-14T22:58:41.000Z</time>
        <extensions>
          <ns3:TrackPointExtension>
            <ns3:hr>153</ns3:hr>
            <ns3:cad>95</ns3:cad>
          </ns3:TrackPointExtension>
        </extensions>
      </trkpt>
      <trkpt lat="22.59773693047463893890380859375" lon="113.87871620245277881622314453125">
        <ele>11.80000019073486328125</ele>
        <time>2026-09-14T22:58:42.000Z</time>
        <extensions>
          <ns3:TrackPointExtension>
            <ns3:hr>153</ns3:hr>
            <ns3:cad>95</ns3:cad>
          </ns3:TrackPointExtension>
        </extensions>
      </trkpt>
      <trkpt lat="22.59769854135811328887939453125" lon="113.8787005282938480377197265625">
        <ele>11.80000019073486328125</ele>
        <time>2026-09-14T22:58:43.000Z</time>
        <extensions>
          <ns3:TrackPointExtension>
            <ns3:hr>153</ns3:hr>
            <ns3:cad>95</ns3:cad>
          </ns3:TrackPointExtension>
        </extensions>
      </trkpt>
      <trkpt lat="22.59766987524926662445068359375" lon="113.878695331513881683349609375">
        <ele>11.80000019073486328125</ele>
        <time>2026-09-14T22:58:44.000Z</time>
        <extensions>
          <ns3:TrackPointExtension>
            <ns3:hr>153</ns3:hr>
            <ns3:cad>95</ns3:cad>
          </ns3:TrackPointExtension>
        </extensions>
      </trkpt>
      <trkpt lat="22.5976298935711383819580078125" lon="113.87868736870586872100830078125">
        <ele>11.80000019073486328125</ele>
        <time>2026-09-14T22:58:45.000Z</time>
        <extensions>
          <ns3:TrackPointExtension>
            <ns3:hr>153</ns3:hr>
            <ns3:cad>94</ns3:cad>
          </ns3:TrackPointExtension>
        </extensions>
      </trkpt>
      <trkpt lat="22.59759359993040561676025390625" lon="113.87868518941104412078857421875">
        <ele>11.80000019073486328125</ele>
        <time>2026-09-14T22:58:46.000Z</time>
        <extensions>
          <ns3:TrackPointExtension>
            <ns3:hr>153</ns3:hr>
            <ns3:cad>94</ns3:cad>
          </ns3:TrackPointExtension>
        </extensions>
      </trkpt>
      <trkpt lat="22.59756577201187610626220703125" lon="113.878679238259792327880859375">
        <ele>11.6000003814697265625</ele>
        <time>2026-09-14T22:58:47.000Z</time>
        <extensions>
          <ns3:TrackPointExtension>
            <ns3:hr>153</ns3:hr>
            <ns3:cad>94</ns3:cad>
          </ns3:TrackPointExtension>
        </extensions>
      </trkpt>
      <trkpt lat="22.59752838872373104095458984375" lon="113.87866356410086154937744140625">
        <ele>11.6000003814697265625</ele>
        <time>2026-09-14T22:58:48.000Z</time>
        <extensions>
          <ns3:TrackPointExtension>
            <ns3:hr>153</ns3:hr>
            <ns3:cad>95</ns3:cad>
          </ns3:TrackPointExtension>
        </extensions>
      </trkpt>
      <trkpt lat="22.5975018180906772613525390625" lon="113.87864897958934307098388671875">
        <ele>11.6000003814697265625</ele>
        <time>2026-09-14T22:58:49.000Z</time>
        <extensions>
          <ns3:TrackPointExtension>
            <ns3:hr>152</ns3:hr>
            <ns3:cad>95</ns3:cad>
          </ns3:TrackPointExtension>
        </extensions>
      </trkpt>
      <trkpt lat="22.59746141731739044189453125" lon="113.87863573618233203887939453125">
        <ele>11.3999996185302734375</ele>
        <time>2026-09-14T22:58:50.000Z</time>
        <extensions>
          <ns3:TrackPointExtension>
            <ns3:hr>152</ns3:hr>
            <ns3:cad>95</ns3:cad>
          </ns3:TrackPointExtension>
        </extensions>
      </trkpt>
      <trkpt lat="22.5974334217607975006103515625" lon="113.87862081639468669891357421875">
        <ele>11.3999996185302734375</ele>
        <time>2026-09-14T22:58:51.000Z</time>
        <extensions>
          <ns3:TrackPointExtension>
            <ns3:hr>152</ns3:hr>
            <ns3:cad>95</ns3:cad>
          </ns3:TrackPointExtension>
        </extensions>
      </trkpt>
      <trkpt lat="22.597398050129413604736328125" lon="113.87860648334026336669921875">
        <ele>11.19999980926513671875</ele>
        <time>2026-09-14T22:58:52.000Z</time>
        <extensions>
          <ns3:TrackPointExtension>
            <ns3:hr>152</ns3:hr>
            <ns3:cad>95</ns3:cad>
          </ns3:TrackPointExtension>
        </extensions>
      </trkpt>
      <trkpt lat="22.597369886934757232666015625" lon="113.87859131209552288055419921875">
        <ele>11.19999980926513671875</ele>
        <time>2026-09-14T22:58:53.000Z</time>
        <extensions>
          <ns3:TrackPointExtension>
            <ns3:hr>153</ns3:hr>
            <ns3:cad>96</ns3:cad>
          </ns3:TrackPointExtension>
        </extensions>
      </trkpt>
      <trkpt lat="22.59734876453876495361328125" lon="113.87858091853559017181396484375">
        <ele>11.19999980926513671875</ele>
        <time>2026-09-14T22:58:54.000Z</time>
        <extensions>
          <ns3:TrackPointExtension>
            <ns3:hr>153</ns3:hr>
            <ns3:cad>96</ns3:cad>
          </ns3:TrackPointExtension>
        </extensions>
      </trkpt>
      <trkpt lat="22.59731900878250598907470703125" lon="113.8785640709102153778076171875">
        <ele>11.19999980926513671875</ele>
        <time>2026-09-14T22:58:55.000Z</time>
        <extensions>
          <ns3:TrackPointExtension>
            <ns3:hr>153</ns3:hr>
            <ns3:cad>96</ns3:cad>
          </ns3:TrackPointExtension>
        </extensions>
      </trkpt>
      <trkpt lat="22.5972926057875156402587890625" lon="113.87855242006480693817138671875">
        <ele>11.19999980926513671875</ele>
        <time>2026-09-14T22:58:56.000Z</time>
        <extensions>
          <ns3:TrackPointExtension>
            <ns3:hr>153</ns3:hr>
            <ns3:cad>96</ns3:cad>
          </ns3:TrackPointExtension>
        </extensions>
      </trkpt>
      <trkpt lat="22.59726134128868579864501953125" lon="113.8785409368574619293212890625">
        <ele>11</ele>
        <time>2026-09-14T22:58:57.000Z</time>
        <extensions>
          <ns3:TrackPointExtension>
            <ns3:hr>153</ns3:hr>
            <ns3:cad>95</ns3:cad>
          </ns3:TrackPointExtension>
        </extensions>
      </trkpt>
      <trkpt lat="22.59723351337015628814697265625" lon="113.878529369831085205078125">
        <ele>11</ele>
        <time>2026-09-14T22:58:58.000Z</time>
        <extensions>
          <ns3:TrackPointExtension>
            <ns3:hr>153</ns3:hr>
            <ns3:cad>94</ns3:cad>
          </ns3:TrackPointExtension>
        </extensions>
      </trkpt>
      <trkpt lat="22.59720467962324619293212890625" lon="113.87852207757532596588134765625">
        <ele>11.19999980926513671875</ele>
        <time>2026-09-14T22:58:59.000Z</time>
        <extensions>
          <ns3:TrackPointExtension>
            <ns3:hr>153</ns3:hr>
            <ns3:cad>94</ns3:cad>
          </ns3:TrackPointExtension>
        </extensions>
      </trkpt>
      <trkpt lat="22.597174756228923797607421875" lon="113.878492154181003570556640625">
        <ele>11.19999980926513671875</ele>
        <time>2026-09-14T22:59:00.000Z</time>
        <extensions>
          <ns3:TrackPointExtension>
            <ns3:hr>153</ns3:hr>
            <ns3:cad>94</ns3:cad>
          </ns3:TrackPointExtension>
        </extensions>
      </trkpt>
      <trkpt lat="22.59714751504361629486083984375" lon="113.87847916223108768463134765625">
        <ele>11.19999980926513671875</ele>
        <time>2026-09-14T22:59:01.000Z</time>
        <extensions>
          <ns3:TrackPointExtension>
            <ns3:hr>153</ns3:hr>
            <ns3:cad>94</ns3:cad>
          </ns3:TrackPointExtension>
        </extensions>
      </trkpt>
      <trkpt lat="22.597117088735103607177734375" lon="113.87846038676798343658447265625">
        <ele>11</ele>
        <time>2026-09-14T22:59:02.000Z</time>
        <extensions>
          <ns3:TrackPointExtension>
            <ns3:hr>152</ns3:hr>
            <ns3:cad>94</ns3:cad>
          </ns3:TrackPointExtension>
        </extensions>
      </trkpt>
      <trkpt lat="22.5970961339771747589111328125" lon="113.878446556627750396728515625">
        <ele>11</ele>
        <time>2026-09-14T22:59:03.000Z</time>
        <extensions>
          <ns3:TrackPointExtension>
            <ns3:hr>153</ns3:hr>
            <ns3:cad>95</ns3:cad>
          </ns3:TrackPointExtension>
        </extensions>
      </trkpt>
      <trkpt lat="22.59707207791507244110107421875" lon="113.8784292899072170257568359375">
        <ele>10.80000019073486328125</ele>
        <time>2026-09-14T22:59:04.000Z</time>
        <extensions>
          <ns3:TrackPointExtension>
            <ns3:hr>153</ns3:hr>
            <ns3:cad>95</ns3:cad>
          </ns3:TrackPointExtension>
        </extensions>
      </trkpt>
      <trkpt lat="22.597053050994873046875" lon="113.8784155435860157012939453125">
        <ele>10.80000019073486328125</ele>
        <time>2026-09-14T22:59:05.000Z</time>
        <extensions>
          <ns3:TrackPointExtension>
            <ns3:hr>152</ns3:hr>
            <ns3:cad>95</ns3:cad>
          </ns3:TrackPointExtension>
        </extensions>
      </trkpt>
      <trkpt lat="22.5970287434756755828857421875" lon="113.87839366681873798370361328125">
        <ele>10.80000019073486328125</ele>
        <time>2026-09-14T22:59:06.000Z</time>
        <extensions>
          <ns3:TrackPointExtension>
            <ns3:hr>153</ns3:hr>
            <ns3:cad>95</ns3:cad>
          </ns3:TrackPointExtension>
        </extensions>
      </trkpt>
      <trkpt lat="22.59701105765998363494873046875" lon="113.87837472371757030487060546875">
        <ele>10.80000019073486328125</ele>
        <time>2026-09-14T22:59:07.000Z</time>
        <extensions>
          <ns3:TrackPointExtension>
            <ns3:hr>152</ns3:hr>
            <ns3:cad>92</ns3:cad>
          </ns3:TrackPointExtension>
        </extensions>
      </trkpt>
      <trkpt lat="22.59698976762592792510986328125" lon="113.87835544534027576446533203125">
        <ele>10.6000003814697265625</ele>
        <time>2026-09-14T22:59:08.000Z</time>
        <extensions>
          <ns3:TrackPointExtension>
            <ns3:hr>152</ns3:hr>
            <ns3:cad>90</ns3:cad>
          </ns3:TrackPointExtension>
        </extensions>
      </trkpt>
      <trkpt lat="22.59696948342025279998779296875" lon="113.87833734042942523956298828125">
        <ele>10.80000019073486328125</ele>
        <time>2026-09-14T22:59:09.000Z</time>
        <extensions>
          <ns3:TrackPointExtension>
            <ns3:hr>152</ns3:hr>
            <ns3:cad>90</ns3:cad>
          </ns3:TrackPointExtension>
        </extensions>
      </trkpt>
      <trkpt lat="22.59694584645330905914306640625" lon="113.87832510285079479217529296875">
        <ele>10.80000019073486328125</ele>
        <time>2026-09-14T22:59:10.000Z</time>
        <extensions>
          <ns3:TrackPointExtension>
            <ns3:hr>152</ns3:hr>
            <ns3:cad>90</ns3:cad>
          </ns3:TrackPointExtension>
        </extensions>
      </trkpt>
      <trkpt lat="22.59692874737083911895751953125" lon="113.87831454165279865264892578125">
        <ele>11</ele>
        <time>2026-09-14T22:59:11.000Z</time>
        <extensions>
          <ns3:TrackPointExtension>
            <ns3:hr>151</ns3:hr>
            <ns3:cad>90</ns3:cad>
          </ns3:TrackPointExtension>
        </extensions>
      </trkpt>
      <trkpt lat="22.59690846316516399383544921875" lon="113.87830280698835849761962890625">
        <ele>11</ele>
        <time>2026-09-14T22:59:12.000Z</time>
        <extensions>
          <ns3:TrackPointExtension>
            <ns3:hr>151</ns3:hr>
            <ns3:cad>91</ns3:cad>
          </ns3:TrackPointExtension>
        </extensions>
      </trkpt>
      <trkpt lat="22.59688734076917171478271484375" lon="113.8782834447920322418212890625">
        <ele>11</ele>
        <time>2026-09-14T22:59:13.000Z</time>
        <extensions>
          <ns3:TrackPointExtension>
            <ns3:hr>150</ns3:hr>
            <ns3:cad>92</ns3:cad>
          </ns3:TrackPointExtension>
        </extensions>
      </trkpt>
      <trkpt lat="22.59686906822025775909423828125" lon="113.87827045284211635589599609375">
        <ele>11.19999980926513671875</ele>
        <time>2026-09-14T22:59:14.000Z</time>
        <extensions>
          <ns3:TrackPointExtension>
            <ns3:hr>149</ns3:hr>
            <ns3:cad>92</ns3:cad>
          </ns3:TrackPointExtension>
        </extensions>
      </trkpt>
      <trkpt lat="22.59684626944363117218017578125" lon="113.8782599754631519317626953125">
        <ele>11.19999980926513671875</ele>
        <time>2026-09-14T22:59:15.000Z</time>
        <extensions>
          <ns3:TrackPointExtension>
            <ns3:hr>149</ns3:hr>
            <ns3:cad>92</ns3:cad>
          </ns3:TrackPointExtension>
        </extensions>
      </trkpt>
      <trkpt lat="22.59683168493211269378662109375" lon="113.87824572622776031494140625">
        <ele>11</ele>
        <time>2026-09-14T22:59:16.000Z</time>
        <extensions>
          <ns3:TrackPointExtension>
            <ns3:hr>149</ns3:hr>
            <ns3:cad>92</ns3:cad>
          </ns3:TrackPointExtension>
        </extensions>
      </trkpt>
      <trkpt lat="22.59681441821157932281494140625" lon="113.87822049669921398162841796875">
        <ele>11</ele>
        <time>2026-09-14T22:59:17.000Z</time>
        <extensions>
          <ns3:TrackPointExtension>
            <ns3:hr>149</ns3:hr>
            <ns3:cad>92</ns3:cad>
          </ns3:TrackPointExtension>
        </extensions>
      </trkpt>
      <trkpt lat="22.596796564757823944091796875" lon="113.8782023079693317413330078125">
        <ele>11</ele>
        <time>2026-09-14T22:59:18.000Z</time>
        <extensions>
          <ns3:TrackPointExtension>
            <ns3:hr>149</ns3:hr>
            <ns3:cad>93</ns3:cad>
          </ns3:TrackPointExtension>
        </extensions>
      </trkpt>
      <trkpt lat="22.59678038768470287322998046875" lon="113.87818478979170322418212890625">
        <ele>11</ele>
        <time>2026-09-14T22:59:19.000Z</time>
        <extensions>
          <ns3:TrackPointExtension>
            <ns3:hr>149</ns3:hr>
            <ns3:cad>93</ns3:cad>
          </ns3:TrackPointExtension>
        </extensions>
      </trkpt>
      <trkpt lat="22.5967615284025669097900390625" lon="113.87816660106182098388671875">
        <ele>11.19999980926513671875</ele>
        <time>2026-09-14T22:59:20.000Z</time>
        <extensions>
          <ns3:TrackPointExtension>
            <ns3:hr>148</ns3:hr>
            <ns3:cad>93</ns3:cad>
          </ns3:TrackPointExtension>
        </extensions>
      </trkpt>
      <trkpt lat="22.59674132801592350006103515625" lon="113.87815050780773162841796875">
        <ele>11.19999980926513671875</ele>
        <time>2026-09-14T22:59:21.000Z</time>
        <extensions>
          <ns3:TrackPointExtension>
            <ns3:hr>148</ns3:hr>
            <ns3:cad>94</ns3:cad>
          </ns3:TrackPointExtension>
        </extensions>
      </trkpt>
      <trkpt lat="22.59671710431575775146484375" lon="113.878128044307231903076171875">
        <ele>11.19999980926513671875</ele>
        <time>2026-09-14T22:59:22.000Z</time>
        <extensions>
          <ns3:TrackPointExtension>
            <ns3:hr>148</ns3:hr>
            <ns3:cad>94</ns3:cad>
          </ns3:TrackPointExtension>
        </extensions>
      </trkpt>
      <trkpt lat="22.59669489227235317230224609375" lon="113.87811488471925258636474609375">
        <ele>11.3999996185302734375</ele>
        <time>2026-09-14T22:59:23.000Z</time>
        <extensions>
          <ns3:TrackPointExtension>
            <ns3:hr>148</ns3:hr>
            <ns3:cad>94</ns3:cad>
          </ns3:TrackPointExtension>
        </extensions>
      </trkpt>
      <trkpt lat="22.5966699980199337005615234375" lon="113.87809745036065578460693359375">
        <ele>11.3999996185302734375</ele>
        <time>2026-09-14T22:59:24.000Z</time>
        <extensions>
          <ns3:TrackPointExtension>
            <ns3:hr>148</ns3:hr>
            <ns3:cad>94</ns3:cad>
          </ns3:TrackPointExtension>
        </extensions>
      </trkpt>
      <trkpt lat="22.59664258919656276702880859375" lon="113.8780800998210906982421875">
        <ele>11.3999996185302734375</ele>
        <time>2026-09-14T22:59:25.000Z</time>
        <extensions>
          <ns3:TrackPointExtension>
            <ns3:hr>148</ns3:hr>
            <ns3:cad>94</ns3:cad>
          </ns3:TrackPointExtension>
        </extensions>
      </trkpt>
      <trkpt lat="22.5966227240860462188720703125" lon="113.87806308455765247344970703125">
        <ele>11.3999996185302734375</ele>
        <time>2026-09-14T22:59:26.000Z</time>
        <extensions>
          <ns3:TrackPointExtension>
            <ns3:hr>148</ns3:hr>
            <ns3:cad>94</ns3:cad>
          </ns3:TrackPointExtension>
        </extensions>
      </trkpt>
      <trkpt lat="22.59659129194915294647216796875" lon="113.87804212979972362518310546875">
        <ele>11.19999980926513671875</ele>
        <time>2026-09-14T22:59:27.000Z</time>
        <extensions>
          <ns3:TrackPointExtension>
            <ns3:hr>148</ns3:hr>
            <ns3:cad>95</ns3:cad>
          </ns3:TrackPointExtension>
        </extensions>
      </trkpt>
      <trkpt lat="22.59656363166868686676025390625" lon="113.87803383171558380126953125">
        <ele>11.3999996185302734375</ele>
        <time>2026-09-14T22:59:28.000Z</time>
        <extensions>
          <ns3:TrackPointExtension>
            <ns3:hr>148</ns3:hr>
            <ns3:cad>95</ns3:cad>
          </ns3:TrackPointExtension>
        </extensions>
      </trkpt>
      <trkpt lat="22.596531026065349578857421875" lon="113.8780172355473041534423828125">
        <ele>11.3999996185302734375</ele>
        <time>2026-09-14T22:59:29.000Z</time>
        <extensions>
          <ns3:TrackPointExtension>
            <ns3:hr>148</ns3:hr>
            <ns3:cad>95</ns3:cad>
          </ns3:TrackPointExtension>
        </extensions>
      </trkpt>
      <trkpt lat="22.5965047068893909454345703125" lon="113.8780014775693416595458984375">
        <ele>11.3999996185302734375</ele>
        <time>2026-09-14T22:59:30.000Z</time>
        <extensions>
          <ns3:TrackPointExtension>
            <ns3:hr>147</ns3:hr>
            <ns3:cad>95</ns3:cad>
          </ns3:TrackPointExtension>
        </extensions>
      </trkpt>
      <trkpt lat="22.59648115374147891998291015625" lon="113.8779920898377895355224609375">
        <ele>11.3999996185302734375</ele>
        <time>2026-09-14T22:59:31.000Z</time>
        <extensions>
          <ns3:TrackPointExtension>
            <ns3:hr>147</ns3:hr>
            <ns3:cad>94</ns3:cad>
          </ns3:TrackPointExtension>
        </extensions>
      </trkpt>
      <trkpt lat="22.59644947014749050140380859375" lon="113.8779773376882076263427734375">
        <ele>11.3999996185302734375</ele>
        <time>2026-09-14T22:59:32.000Z</time>
        <extensions>
          <ns3:TrackPointExtension>
            <ns3:hr>147</ns3:hr>
            <ns3:cad>95</ns3:cad>
          </ns3:TrackPointExtension>
        </extensions>
      </trkpt>
      <trkpt lat="22.59642549790441989898681640625" lon="113.87796719558537006378173828125">
        <ele>11.3999996185302734375</ele>
        <time>2026-09-14T22:59:33.000Z</time>
        <extensions>
          <ns3:TrackPointExtension>
            <ns3:hr>147</ns3:hr>
            <ns3:cad>95</ns3:cad>
          </ns3:TrackPointExtension>
        </extensions>
      </trkpt>
      <trkpt lat="22.5963972508907318115234375" lon="113.87794774957001209259033203125">
        <ele>11.19999980926513671875</ele>
        <time>2026-09-14T22:59:34.000Z</time>
        <extensions>
          <ns3:TrackPointExtension>
            <ns3:hr>148</ns3:hr>
            <ns3:cad>96</ns3:cad>
          </ns3:TrackPointExtension>
        </extensions>
      </trkpt>
      <trkpt lat="22.596370764076709747314453125" lon="113.87793190777301788330078125">
        <ele>11.19999980926513671875</ele>
        <time>2026-09-14T22:59:35.000Z</time>
        <extensions>
          <ns3:TrackPointExtension>
            <ns3:hr>148</ns3:hr>
            <ns3:cad>96</ns3:cad>
          </ns3:TrackPointExtension>
        </extensions>
      </trkpt>
      <trkpt lat="22.59634469635784626007080078125" lon="113.87791975401341915130615234375">
        <ele>11.3999996185302734375</ele>
        <time>2026-09-14T22:59:36.000Z</time>
        <extensions>
          <ns3:TrackPointExtension>
            <ns3:hr>148</ns3:hr>
            <ns3:cad>96</ns3:cad>
          </ns3:TrackPointExtension>
        </extensions>
      </trkpt>
      <trkpt lat="22.59630940854549407958984375" lon="113.87789997272193431854248046875">
        <ele>11.3999996185302734375</ele>
        <time>2026-09-14T22:59:37.000Z</time>
        <extensions>
          <ns3:TrackPointExtension>
            <ns3:hr>148</ns3:hr>
            <ns3:cad>94</ns3:cad>
          </ns3:TrackPointExtension>
        </extensions>
      </trkpt>
      <trkpt lat="22.596277557313442230224609375" lon="113.8778965361416339874267578125">
        <ele>11.3999996185302734375</ele>
        <time>2026-09-14T22:59:38.000Z</time>
        <extensions>
          <ns3:TrackPointExtension>
            <ns3:hr>148</ns3:hr>
            <ns3:cad>94</ns3:cad>
          </ns3:TrackPointExtension>
        </extensions>
      </trkpt>
      <trkpt lat="22.59624612517654895782470703125" lon="113.87788899242877960205078125">
        <ele>11.19999980926513671875</ele>
        <time>2026-09-14T22:59:39.000Z</time>
        <extensions>
          <ns3:TrackPointExtension>
            <ns3:hr>148</ns3:hr>
            <ns3:cad>96</ns3:cad>
          </ns3:TrackPointExtension>
        </extensions>
      </trkpt>
      <trkpt lat="22.59621419012546539306640625" lon="113.8778834603726863861083984375">
        <ele>11.19999980926513671875</ele>
        <time>2026-09-14T22:59:40.000Z</time>
        <extensions>
          <ns3:TrackPointExtension>
            <ns3:hr>148</ns3:hr>
            <ns3:cad>96</ns3:cad>
          </ns3:TrackPointExtension>
        </extensions>
      </trkpt>
      <trkpt lat="22.59618560783565044403076171875" lon="113.87787784449756145477294921875">
        <ele>11.19999980926513671875</ele>
        <time>2026-09-14T22:59:41.000Z</time>
        <extensions>
          <ns3:TrackPointExtension>
            <ns3:hr>148</ns3:hr>
            <ns3:cad>96</ns3:cad>
          </ns3:TrackPointExtension>
        </extensions>
      </trkpt>
      <trkpt lat="22.596153505146503448486328125" lon="113.877859823405742645263671875">
        <ele>11.19999980926513671875</ele>
        <time>2026-09-14T22:59:42.000Z</time>
        <extensions>
          <ns3:TrackPointExtension>
            <ns3:hr>149</ns3:hr>
            <ns3:cad>96</ns3:cad>
          </ns3:TrackPointExtension>
        </extensions>
      </trkpt>
      <trkpt lat="22.59613229893147945404052734375" lon="113.8778539560735225677490234375">
        <ele>11.19999980926513671875</ele>
        <time>2026-09-14T22:59:43.000Z</time>
        <extensions>
          <ns3:TrackPointExtension>
            <ns3:hr>149</ns3:hr>
            <ns3:cad>95</ns3:cad>
          </ns3:TrackPointExtension>
        </extensions>
      </trkpt>
      <trkpt lat="22.59610396809875965118408203125" lon="113.87784431688487529754638671875">
        <ele>11.19999980926513671875</ele>
        <time>2026-09-14T22:59:44.000Z</time>
        <extensions>
          <ns3:TrackPointExtension>
            <ns3:hr>149</ns3:hr>
            <ns3:cad>95</ns3:cad>
          </ns3:TrackPointExtension>
        </extensions>
      </trkpt>
      <trkpt lat="22.59607463143765926361083984375" lon="113.87783937156200408935546875">
        <ele>11.19999980926513671875</ele>
        <time>2026-09-14T22:59:45.000Z</time>
        <extensions>
          <ns3:TrackPointExtension>
            <ns3:hr>149</ns3:hr>
            <ns3:cad>95</ns3:cad>
          </ns3:TrackPointExtension>
        </extensions>
      </trkpt>
      <trkpt lat="22.5960473902523517608642578125" lon="113.8778355158865451812744140625">
        <ele>11.19999980926513671875</ele>
        <time>2026-09-14T22:59:46.000Z</time>
        <extensions>
          <ns3:TrackPointExtension>
            <ns3:hr>150</ns3:hr>
            <ns3:cad>95</ns3:cad>
          </ns3:TrackPointExtension>
        </extensions>
      </trkpt>
      <trkpt lat="22.5960165448486804962158203125" lon="113.87782839126884937286376953125">
        <ele>11.3999996185302734375</ele>
        <time>2026-09-14T22:59:47.000Z</time>
        <extensions>
          <ns3:TrackPointExtension>
            <ns3:hr>150</ns3:hr>
            <ns3:cad>97</ns3:cad>
          </ns3:TrackPointExtension>
        </extensions>
      </trkpt>
      <trkpt lat="22.59598494507372379302978515625" lon="113.87783090583980083465576171875">
        <ele>11.3999996185302734375</ele>
        <time>2026-09-14T22:59:48.000Z</time>
        <extensions>
          <ns3:TrackPointExtension>
            <ns3:hr>150</ns3:hr>
            <ns3:cad>96</ns3:cad>
          </ns3:TrackPointExtension>
        </extensions>
      </trkpt>
      <trkpt lat="22.59594865143299102783203125" lon="113.8778271339833736419677734375">
        <ele>11.3999996185302734375</ele>
        <time>2026-09-14T22:59:49.000Z</time>
        <extensions>
          <ns3:TrackPointExtension>
            <ns3:hr>150</ns3:hr>
            <ns3:cad>96</ns3:cad>
          </ns3:TrackPointExtension>
        </extensions>
      </trkpt>
      <trkpt lat="22.5959171354770660400390625" lon="113.87782235629856586456298828125">
        <ele>11.3999996185302734375</ele>
        <time>2026-09-14T22:59:50.000Z</time>
        <extensions>
          <ns3:TrackPointExtension>
            <ns3:hr>151</ns3:hr>
            <ns3:cad>96</ns3:cad>
          </ns3:TrackPointExtension>
        </extensions>
      </trkpt>
      <trkpt lat="22.5958837755024433135986328125" lon="113.8778224401175975799560546875">
        <ele>11.3999996185302734375</ele>
        <time>2026-09-14T22:59:51.000Z</time>
        <extensions>
          <ns3:TrackPointExtension>
            <ns3:hr>151</ns3:hr>
            <ns3:cad>96</ns3:cad>
          </ns3:TrackPointExtension>
        </extensions>
      </trkpt>
      <trkpt lat="22.59584412910044193267822265625" lon="113.877822272479534149169921875">
        <ele>11.19999980926513671875</ele>
        <time>2026-09-14T22:59:52.000Z</time>
        <extensions>
          <ns3:TrackPointExtension>
            <ns3:hr>151</ns3:hr>
            <ns3:cad>96</ns3:cad>
          </ns3:TrackPointExtension>
        </extensions>
      </trkpt>
      <trkpt lat="22.59580959565937519073486328125" lon="113.87782922945916652679443359375">
        <ele>11.3999996185302734375</ele>
        <time>2026-09-14T22:59:53.000Z</time>
        <extensions>
          <ns3:TrackPointExtension>
            <ns3:hr>151</ns3:hr>
            <ns3:cad>97</ns3:cad>
          </ns3:TrackPointExtension>
        </extensions>
      </trkpt>
      <trkpt lat="22.5957788340747356414794921875" lon="113.877833671867847442626953125">
        <ele>11.3999996185302734375</ele>
        <time>2026-09-14T22:59:54.000Z</time>
        <extensions>
          <ns3:TrackPointExtension>
            <ns3:hr>151</ns3:hr>
            <ns3:cad>96</ns3:cad>
          </ns3:TrackPointExtension>
        </extensions>
      </trkpt>
      <trkpt lat="22.59574891068041324615478515625" lon="113.87783945538103580474853515625">
        <ele>11.3999996185302734375</ele>
        <time>2026-09-14T22:59:55.000Z</time>
        <extensions>
          <ns3:TrackPointExtension>
            <ns3:hr>151</ns3:hr>
            <ns3:cad>96</ns3:cad>
          </ns3:TrackPointExtension>
        </extensions>
      </trkpt>
      <trkpt lat="22.5957181490957736968994140625" lon="113.87784146703779697418212890625">
        <ele>11.3999996185302734375</ele>
        <time>2026-09-14T22:59:56.000Z</time>
        <extensions>
          <ns3:TrackPointExtension>
            <ns3:hr>151</ns3:hr>
            <ns3:cad>96</ns3:cad>
          </ns3:TrackPointExtension>
        </extensions>
      </trkpt>
      <trkpt lat="22.595684789121150970458984375" lon="113.87784582562744617462158203125">
        <ele>11.3999996185302734375</ele>
        <time>2026-09-14T22:59:57.000Z</time>
        <extensions>
          <ns3:TrackPointExtension>
            <ns3:hr>151</ns3:hr>
            <ns3:cad>96</ns3:cad>
          </ns3:TrackPointExtension>
        </extensions>
      </trkpt>
      <trkpt lat="22.59566257707774639129638671875" lon="113.87785068713128566741943359375">
        <ele>11.6000003814697265625</ele>
        <time>2026-09-14T22:59:58.000Z</time>
        <extensions>
          <ns3:TrackPointExtension>
            <ns3:hr>151</ns3:hr>
            <ns3:cad>96</ns3:cad>
          </ns3:TrackPointExtension>
        </extensions>
      </trkpt>
      <trkpt lat="22.59563751518726348876953125" lon="113.8778542913496494293212890625">
        <ele>11.80000019073486328125</ele>
        <time>2026-09-14T22:59:59.000Z</time>
        <extensions>
          <ns3:TrackPointExtension>
            <ns3:hr>151</ns3:hr>
            <ns3:cad>96</ns3:cad>
          </ns3:TrackPointExtension>
        </extensions>
      </trkpt>
      <trkpt lat="22.59561127983033657073974609375" lon="113.87785672210156917572021484375">
        <ele>11.80000019073486328125</ele>
        <time>2026-09-14T23:00:00.000Z</time>
        <extensions>
          <ns3:TrackPointExtension>
            <ns3:hr>151</ns3:hr>
            <ns3:cad>96</ns3:cad>
          </ns3:TrackPointExtension>
        </extensions>
      </trkpt>
      <trkpt lat="22.595577500760555267333984375" lon="113.8778700493276119232177734375">
        <ele>12</ele>
        <time>2026-09-14T23:00:01.000Z</time>
        <extensions>
          <ns3:TrackPointExtension>
            <ns3:hr>151</ns3:hr>
            <ns3:cad>96</ns3:cad>
          </ns3:TrackPointExtension>
        </extensions>
      </trkpt>
      <trkpt lat="22.59554858319461345672607421875" lon="113.87787734158337116241455078125">
        <ele>12</ele>
        <time>2026-09-14T23:00:02.000Z</time>
        <extensions>
          <ns3:TrackPointExtension>
            <ns3:hr>151</ns3:hr>
            <ns3:cad>92</ns3:cad>
          </ns3:TrackPointExtension>
        </extensions>
      </trkpt>
      <trkpt lat="22.5955169834196567535400390625" lon="113.87788823805749416351318359375">
        <ele>11.80000019073486328125</ele>
        <time>2026-09-14T23:00:03.000Z</time>
        <extensions>
          <ns3:TrackPointExtension>
            <ns3:hr>150</ns3:hr>
            <ns3:cad>92</ns3:cad>
          </ns3:TrackPointExtension>
        </extensions>
      </trkpt>
      <trkpt lat="22.5954935140907764434814453125" lon="113.8779069297015666961669921875">
        <ele>11.80000019073486328125</ele>
        <time>2026-09-14T23:00:04.000Z</time>
        <extensions>
          <ns3:TrackPointExtension>
            <ns3:hr>150</ns3:hr>
            <ns3:cad>92</ns3:cad>
          </ns3:TrackPointExtension>
        </extensions>
      </trkpt>
      <trkpt lat="22.59546375833451747894287109375" lon="113.87791790999472141265869140625">
        <ele>11.80000019073486328125</ele>
        <time>2026-09-14T23:00:05.000Z</time>
        <extensions>
          <ns3:TrackPointExtension>
            <ns3:hr>150</ns3:hr>
            <ns3:cad>92</ns3:cad>
          </ns3:TrackPointExtension>
        </extensions>
      </trkpt>
      <trkpt lat="22.59543844498693943023681640625" lon="113.8779230229556560516357421875">
        <ele>11.80000019073486328125</ele>
        <time>2026-09-14T23:00:06.000Z</time>
        <extensions>
          <ns3:TrackPointExtension>
            <ns3:hr>150</ns3:hr>
            <ns3:cad>92</ns3:cad>
          </ns3:TrackPointExtension>
        </extensions>
      </trkpt>
      <trkpt lat="22.595404498279094696044921875" lon="113.87792796827852725982666015625">
        <ele>11.80000019073486328125</ele>
        <time>2026-09-14T23:00:07.000Z</time>
        <extensions>
          <ns3:TrackPointExtension>
            <ns3:hr>150</ns3:hr>
            <ns3:cad>92</ns3:cad>
          </ns3:TrackPointExtension>
        </extensions>
      </trkpt>
      <trkpt lat="22.595373652875423431396484375" lon="113.87793752364814281463623046875">
        <ele>11.6000003814697265625</ele>
        <time>2026-09-14T23:00:08.000Z</time>
        <extensions>
          <ns3:TrackPointExtension>
            <ns3:hr>150</ns3:hr>
            <ns3:cad>93</ns3:cad>
          </ns3:TrackPointExtension>
        </extensions>
      </trkpt>
      <trkpt lat="22.5953426398336887359619140625" lon="113.87794992886483669281005859375">
        <ele>11.6000003814697265625</ele>
        <time>2026-09-14T23:00:09.000Z</time>
        <extensions>
          <ns3:TrackPointExtension>
            <ns3:hr>150</ns3:hr>
            <ns3:cad>93</ns3:cad>
          </ns3:TrackPointExtension>
        </extensions>
      </trkpt>
      <trkpt lat="22.5953087769448757171630859375" lon="113.8779615797102451324462890625">
        <ele>11.3999996185302734375</ele>
        <time>2026-09-14T23:00:10.000Z</time>
        <extensions>
          <ns3:TrackPointExtension>
            <ns3:hr>150</ns3:hr>
            <ns3:cad>93</ns3:cad>
          </ns3:TrackPointExtension>
        </extensions>
      </trkpt>
      <trkpt lat="22.5952920131385326385498046875" lon="113.87797054834663867950439453125">
        <ele>11.19999980926513671875</ele>
        <time>2026-09-14T23:00:11.000Z</time>
        <extensions>
          <ns3:TrackPointExtension>
            <ns3:hr>150</ns3:hr>
            <ns3:cad>93</ns3:cad>
          </ns3:TrackPointExtension>
        </extensions>
      </trkpt>
      <trkpt lat="22.59525940753519535064697265625" lon="113.87798010371625423431396484375">
        <ele>11.19999980926513671875</ele>
        <time>2026-09-14T23:00:12.000Z</time>
        <extensions>
          <ns3:TrackPointExtension>
            <ns3:hr>150</ns3:hr>
            <ns3:cad>93</ns3:cad>
          </ns3:TrackPointExtension>
        </extensions>
      </trkpt>
      <trkpt lat="22.59523862041532993316650390625" lon="113.87798898853361606597900390625">
        <ele>11.19999980926513671875</ele>
        <time>2026-09-14T23:00:13.000Z</time>
        <extensions>
          <ns3:TrackPointExtension>
            <ns3:hr>150</ns3:hr>
            <ns3:cad>94</ns3:cad>
          </ns3:TrackPointExtension>
        </extensions>
      </trkpt>
      <trkpt lat="22.5952048413455486297607421875" lon="113.8779977895319461822509765625">
        <ele>11.3999996185302734375</ele>
        <time>2026-09-14T23:00:14.000Z</time>
        <extensions>
          <ns3:TrackPointExtension>
            <ns3:hr>150</ns3:hr>
            <ns3:cad>94</ns3:cad>
          </ns3:TrackPointExtension>
        </extensions>
      </trkpt>
      <trkpt lat="22.59517709724605083465576171875" lon="113.878011368215084075927734375">
        <ele>11.3999996185302734375</ele>
        <time>2026-09-14T23:00:15.000Z</time>
        <extensions>
          <ns3:TrackPointExtension>
            <ns3:hr>150</ns3:hr>
            <ns3:cad>93</ns3:cad>
          </ns3:TrackPointExtension>
        </extensions>
      </trkpt>
      <trkpt lat="22.595153041183948516845703125" lon="113.87802603654563426971435546875">
        <ele>11.3999996185302734375</ele>
        <time>2026-09-14T23:00:16.000Z</time>
        <extensions>
          <ns3:TrackPointExtension>
            <ns3:hr>150</ns3:hr>
            <ns3:cad>93</ns3:cad>
          </ns3:TrackPointExtension>
        </extensions>
      </trkpt>
      <trkpt lat="22.59511993266642093658447265625" lon="113.87802771292626857757568359375">
        <ele>11.3999996185302734375</ele>
        <time>2026-09-14T23:00:17.000Z</time>
        <extensions>
          <ns3:TrackPointExtension>
            <ns3:hr>150</ns3:hr>
            <ns3:cad>93</ns3:cad>
          </ns3:TrackPointExtension>
        </extensions>
      </trkpt>
      <trkpt lat="22.5951002351939678192138671875" lon="113.87803508900105953216552734375">
        <ele>11.3999996185302734375</ele>
        <time>2026-09-14T23:00:18.000Z</time>
        <extensions>
          <ns3:TrackPointExtension>
            <ns3:hr>150</ns3:hr>
            <ns3:cad>95</ns3:cad>
          </ns3:TrackPointExtension>
        </extensions>
      </trkpt>
      <trkpt lat="22.5950703956186771392822265625" lon="113.8780423812568187713623046875">
        <ele>11.19999980926513671875</ele>
        <time>2026-09-14T23:00:19.000Z</time>
        <extensions>
          <ns3:TrackPointExtension>
            <ns3:hr>150</ns3:hr>
            <ns3:cad>95</ns3:cad>
          </ns3:TrackPointExtension>
        </extensions>
      </trkpt>
      <trkpt lat="22.59503779001533985137939453125" lon="113.878044895827770233154296875">
        <ele>11.19999980926513671875</ele>
        <time>2026-09-14T23:00:20.000Z</time>
        <extensions>
          <ns3:TrackPointExtension>
            <ns3:hr>150</ns3:hr>
            <ns3:cad>95</ns3:cad>
          </ns3:TrackPointExtension>
        </extensions>
      </trkpt>
      <trkpt lat="22.59500593878328800201416015625" lon="113.87805252335965633392333984375">
        <ele>11.19999980926513671875</ele>
        <time>2026-09-14T23:00:21.000Z</time>
        <extensions>
          <ns3:TrackPointExtension>
            <ns3:hr>150</ns3:hr>
            <ns3:cad>94</ns3:cad>
          </ns3:TrackPointExtension>
        </extensions>
      </trkpt>
      <trkpt lat="22.5949837267398834228515625" lon="113.87805872596800327301025390625">
        <ele>11.19999980926513671875</ele>
        <time>2026-09-14T23:00:22.000Z</time>
        <extensions>
          <ns3:TrackPointExtension>
            <ns3:hr>150</ns3:hr>
            <ns3:cad>94</ns3:cad>
          </ns3:TrackPointExtension>
        </extensions>
      </trkpt>
      <trkpt lat="22.59496101178228855133056640625" lon="113.87806492857635021209716796875">
        <ele>11.19999980926513671875</ele>
        <time>2026-09-14T23:00:23.000Z</time>
        <extensions>
          <ns3:TrackPointExtension>
            <ns3:hr>150</ns3:hr>
            <ns3:cad>94</ns3:cad>
          </ns3:TrackPointExtension>
        </extensions>
      </trkpt>
      <trkpt lat="22.594929747283458709716796875" lon="113.87807247228920459747314453125">
        <ele>11.3999996185302734375</ele>
        <time>2026-09-14T23:00:24.000Z</time>
        <extensions>
          <ns3:TrackPointExtension>
            <ns3:hr>150</ns3:hr>
            <ns3:cad>94</ns3:cad>
          </ns3:TrackPointExtension>
        </extensions>
      </trkpt>
      <trkpt lat="22.5949054397642612457275390625" lon="113.87808001600205898284912109375">
        <ele>11.3999996185302734375</ele>
        <time>2026-09-14T23:00:25.000Z</time>
        <extensions>
          <ns3:TrackPointExtension>
            <ns3:hr>150</ns3:hr>
            <ns3:cad>94</ns3:cad>
          </ns3:TrackPointExtension>
        </extensions>
      </trkpt>
      <trkpt lat="22.5948712415993213653564453125" lon="113.8780940137803554534912109375">
        <ele>11.3999996185302734375</ele>
        <time>2026-09-14T23:00:26.000Z</time>
        <extensions>
          <ns3:TrackPointExtension>
            <ns3:hr>150</ns3:hr>
            <ns3:cad>94</ns3:cad>
          </ns3:TrackPointExtension>
        </extensions>
      </trkpt>
      <trkpt lat="22.5948415696620941162109375" lon="113.87810625135898590087890625">
        <ele>11.3999996185302734375</ele>
        <time>2026-09-14T23:00:27.000Z</time>
        <extensions>
          <ns3:TrackPointExtension>
            <ns3:hr>150</ns3:hr>
            <ns3:cad>94</ns3:cad>
          </ns3:TrackPointExtension>
        </extensions>
      </trkpt>
      <trkpt lat="22.5948092155158519744873046875" lon="113.87810097075998783111572265625">
        <ele>11.3999996185302734375</ele>
        <time>2026-09-14T23:00:28.000Z</time>
        <extensions>
          <ns3:TrackPointExtension>
            <ns3:hr>150</ns3:hr>
            <ns3:cad>95</ns3:cad>
          </ns3:TrackPointExtension>
        </extensions>
      </trkpt>
      <trkpt lat="22.59477225132286548614501953125" lon="113.8781017251312732696533203125">
        <ele>11.3999996185302734375</ele>
        <time>2026-09-14T23:00:29.000Z</time>
        <extensions>
          <ns3:TrackPointExtension>
            <ns3:hr>150</ns3:hr>
            <ns3:cad>95</ns3:cad>
          </ns3:TrackPointExtension>
        </extensions>
      </trkpt>
      <trkpt lat="22.5947418250143527984619140625" lon="113.8781013898551464080810546875">
        <ele>11.19999980926513671875</ele>
        <time>2026-09-14T23:00:30.000Z</time>
        <extensions>
          <ns3:TrackPointExtension>
            <ns3:hr>150</ns3:hr>
            <ns3:cad>95</ns3:cad>
          </ns3:TrackPointExtension>
        </extensions>
      </trkpt>
      <trkpt lat="22.59470469318330287933349609375" lon="113.8781096041202545166015625">
        <ele>11.19999980926513671875</ele>
        <time>2026-09-14T23:00:31.000Z</time>
        <extensions>
          <ns3:TrackPointExtension>
            <ns3:hr>151</ns3:hr>
            <ns3:cad>95</ns3:cad>
          </ns3:TrackPointExtension>
        </extensions>
      </trkpt>
      <trkpt lat="22.59467854164540767669677734375" lon="113.878108598291873931884765625">
        <ele>11.19999980926513671875</ele>
        <time>2026-09-14T23:00:32.000Z</time>
        <extensions>
          <ns3:TrackPointExtension>
            <ns3:hr>151</ns3:hr>
            <ns3:cad>95</ns3:cad>
          </ns3:TrackPointExtension>
        </extensions>
      </trkpt>
      <trkpt lat="22.5946430861949920654296875" lon="113.8781127892434597015380859375">
        <ele>11.19999980926513671875</ele>
        <time>2026-09-14T23:00:33.000Z</time>
        <extensions>
          <ns3:TrackPointExtension>
            <ns3:hr>151</ns3:hr>
            <ns3:cad>96</ns3:cad>
          </ns3:TrackPointExtension>
        </extensions>
      </trkpt>
      <trkpt lat="22.594617269933223724365234375" lon="113.87812376953661441802978515625">
        <ele>11</ele>
        <time>2026-09-14T23:00:34.000Z</time>
        <extensions>
          <ns3:TrackPointExtension>
            <ns3:hr>151</ns3:hr>
            <ns3:cad>95</ns3:cad>
          </ns3:TrackPointExtension>
        </extensions>
      </trkpt>
      <trkpt lat="22.59458608925342559814453125" lon="113.8781329058110713958740234375">
        <ele>10.80000019073486328125</ele>
        <time>2026-09-14T23:00:35.000Z</time>
        <extensions>
          <ns3:TrackPointExtension>
            <ns3:hr>151</ns3:hr>
            <ns3:cad>94</ns3:cad>
          </ns3:TrackPointExtension>
        </extensions>
      </trkpt>
      <trkpt lat="22.59454895742237567901611328125" lon="113.87814070098102092742919921875">
        <ele>10.80000019073486328125</ele>
        <time>2026-09-14T23:00:36.000Z</time>
        <extensions>
          <ns3:TrackPointExtension>
            <ns3:hr>151</ns3:hr>
            <ns3:cad>94</ns3:cad>
          </ns3:TrackPointExtension>
        </extensions>
      </trkpt>
      <trkpt lat="22.59452171623706817626953125" lon="113.87814539484679698944091796875">
        <ele>10.6000003814697265625</ele>
        <time>2026-09-14T23:00:37.000Z</time>
        <extensions>
          <ns3:TrackPointExtension>
            <ns3:hr>151</ns3:hr>
            <ns3:cad>94</ns3:cad>
          </ns3:TrackPointExtension>
        </extensions>
      </trkpt>
      <trkpt lat="22.59448349475860595703125" lon="113.87815377674996852874755859375">
        <ele>10.6000003814697265625</ele>
        <time>2026-09-14T23:00:38.000Z</time>
        <extensions>
          <ns3:TrackPointExtension>
            <ns3:hr>150</ns3:hr>
            <ns3:cad>94</ns3:cad>
          </ns3:TrackPointExtension>
        </extensions>
      </trkpt>
      <trkpt lat="22.5944508053362369537353515625" lon="113.87815880589187145233154296875">
        <ele>10.3999996185302734375</ele>
        <time>2026-09-14T23:00:39.000Z</time>
        <extensions>
          <ns3:TrackPointExtension>
            <ns3:hr>150</ns3:hr>
            <ns3:cad>95</ns3:cad>
          </ns3:TrackPointExtension>
        </extensions>
      </trkpt>
      <trkpt lat="22.59442113339900970458984375" lon="113.87815989553928375244140625">
        <ele>10.3999996185302734375</ele>
        <time>2026-09-14T23:00:40.000Z</time>
        <extensions>
          <ns3:TrackPointExtension>
            <ns3:hr>150</ns3:hr>
            <ns3:cad>95</ns3:cad>
          </ns3:TrackPointExtension>
        </extensions>
      </trkpt>
      <trkpt lat="22.59439028799533843994140625" lon="113.87815964408218860626220703125">
        <ele>10.3999996185302734375</ele>
        <time>2026-09-14T23:00:41.000Z</time>
        <extensions>
          <ns3:TrackPointExtension>
            <ns3:hr>150</ns3:hr>
            <ns3:cad>96</ns3:cad>
          </ns3:TrackPointExtension>
        </extensions>
      </trkpt>
      <trkpt lat="22.5943622924387454986572265625" lon="113.87816391885280609130859375">
        <ele>10.3999996185302734375</ele>
        <time>2026-09-14T23:00:42.000Z</time>
        <extensions>
          <ns3:TrackPointExtension>
            <ns3:hr>151</ns3:hr>
            <ns3:cad>96</ns3:cad>
          </ns3:TrackPointExtension>
        </extensions>
      </trkpt>
      <trkpt lat="22.5943244062364101409912109375" lon="113.87816869653761386871337890625">
        <ele>10.3999996185302734375</ele>
        <time>2026-09-14T23:00:43.000Z</time>
        <extensions>
          <ns3:TrackPointExtension>
            <ns3:hr>151</ns3:hr>
            <ns3:cad>96</ns3:cad>
          </ns3:TrackPointExtension>
        </extensions>
      </trkpt>
      <trkpt lat="22.59429146535694599151611328125" lon="113.8781717978417873382568359375">
        <ele>10.3999996185302734375</ele>
        <time>2026-09-14T23:00:44.000Z</time>
        <extensions>
          <ns3:TrackPointExtension>
            <ns3:hr>151</ns3:hr>
            <ns3:cad>96</ns3:cad>
          </ns3:TrackPointExtension>
        </extensions>
      </trkpt>
      <trkpt lat="22.59425793774425983428955078125" lon="113.87817473150789737701416015625">
        <ele>10.3999996185302734375</ele>
        <time>2026-09-14T23:00:45.000Z</time>
        <extensions>
          <ns3:TrackPointExtension>
            <ns3:hr>151</ns3:hr>
            <ns3:cad>96</ns3:cad>
          </ns3:TrackPointExtension>
        </extensions>
      </trkpt>
      <trkpt lat="22.59421569295227527618408203125" lon="113.87816685251891613006591796875">
        <ele>10.6000003814697265625</ele>
        <time>2026-09-14T23:00:46.000Z</time>
        <extensions>
          <ns3:TrackPointExtension>
            <ns3:hr>151</ns3:hr>
            <ns3:cad>96</ns3:cad>
          </ns3:TrackPointExtension>
        </extensions>
      </trkpt>
      <trkpt lat="22.59418132714927196502685546875" lon="113.87816601432859897613525390625">
        <ele>10.6000003814697265625</ele>
        <time>2026-09-14T23:00:47.000Z</time>
        <extensions>
          <ns3:TrackPointExtension>
            <ns3:hr>152</ns3:hr>
            <ns3:cad>96</ns3:cad>
          </ns3:TrackPointExtension>
        </extensions>
      </trkpt>
      <trkpt lat="22.5941416807472705841064453125" lon="113.87816391885280609130859375">
        <ele>10.6000003814697265625</ele>
        <time>2026-09-14T23:00:48.000Z</time>
        <extensions>
          <ns3:TrackPointExtension>
            <ns3:hr>152</ns3:hr>
            <ns3:cad>96</ns3:cad>
          </ns3:TrackPointExtension>
        </extensions>
      </trkpt>
      <trkpt lat="22.59411402046680450439453125" lon="113.8781659305095672607421875">
        <ele>10.6000003814697265625</ele>
        <time>2026-09-14T23:00:49.000Z</time>
        <extensions>
          <ns3:TrackPointExtension>
            <ns3:hr>151</ns3:hr>
            <ns3:cad>96</ns3:cad>
          </ns3:TrackPointExtension>
        </extensions>
      </trkpt>
      <trkpt lat="22.594080828130245208740234375" lon="113.87816215865314006805419921875">
        <ele>10.6000003814697265625</ele>
        <time>2026-09-14T23:00:50.000Z</time>
        <extensions>
          <ns3:TrackPointExtension>
            <ns3:hr>152</ns3:hr>
            <ns3:cad>95</ns3:cad>
          </ns3:TrackPointExtension>
        </extensions>
      </trkpt>
      <trkpt lat="22.5940511561930179595947265625" lon="113.87815662659704685211181640625">
        <ele>10.6000003814697265625</ele>
        <time>2026-09-14T23:00:51.000Z</time>
        <extensions>
          <ns3:TrackPointExtension>
            <ns3:hr>152</ns3:hr>
            <ns3:cad>95</ns3:cad>
          </ns3:TrackPointExtension>
        </extensions>
      </trkpt>
      <trkpt lat="22.59401603601872920989990234375" lon="113.87814824469387531280517578125">
        <ele>10.6000003814697265625</ele>
        <time>2026-09-14T23:00:52.000Z</time>
        <extensions>
          <ns3:TrackPointExtension>
            <ns3:hr>153</ns3:hr>
            <ns3:cad>95</ns3:cad>
          </ns3:TrackPointExtension>
        </extensions>
      </trkpt>
      <trkpt lat="22.5939767248928546905517578125" lon="113.87813952751457691192626953125">
        <ele>10.80000019073486328125</ele>
        <time>2026-09-14T23:00:53.000Z</time>
        <extensions>
          <ns3:TrackPointExtension>
            <ns3:hr>153</ns3:hr>
            <ns3:cad>95</ns3:cad>
          </ns3:TrackPointExtension>
        </extensions>
      </trkpt>
      <trkpt lat="22.59394730441272258758544921875" lon="113.87813173234462738037109375">
        <ele>10.80000019073486328125</ele>
        <time>2026-09-14T23:00:54.000Z</time>
        <extensions>
          <ns3:TrackPointExtension>
            <ns3:hr>153</ns3:hr>
            <ns3:cad>95</ns3:cad>
          </ns3:TrackPointExtension>
        </extensions>
      </trkpt>
      <trkpt lat="22.59391612373292446136474609375" lon="113.87812259607017040252685546875">
        <ele>10.80000019073486328125</ele>
        <time>2026-09-14T23:00:55.000Z</time>
        <extensions>
          <ns3:TrackPointExtension>
            <ns3:hr>152</ns3:hr>
            <ns3:cad>95</ns3:cad>
          </ns3:TrackPointExtension>
        </extensions>
      </trkpt>
      <trkpt lat="22.5938878767192363739013671875" lon="113.87811295688152313232421875">
        <ele>10.80000019073486328125</ele>
        <time>2026-09-14T23:00:56.000Z</time>
        <extensions>
          <ns3:TrackPointExtension>
            <ns3:hr>152</ns3:hr>
            <ns3:cad>95</ns3:cad>
          </ns3:TrackPointExtension>
        </extensions>
      </trkpt>
      <trkpt lat="22.59384823031723499298095703125" lon="113.87810097075998783111572265625">
        <ele>10.6000003814697265625</ele>
        <time>2026-09-14T23:00:57.000Z</time>
        <extensions>
          <ns3:TrackPointExtension>
            <ns3:hr>152</ns3:hr>
            <ns3:cad>95</ns3:cad>
          </ns3:TrackPointExtension>
        </extensions>
      </trkpt>
      <trkpt lat="22.5938224978744983673095703125" lon="113.87808186002075672149658203125">
        <ele>10.6000003814697265625</ele>
        <time>2026-09-14T23:00:58.000Z</time>
        <extensions>
          <ns3:TrackPointExtension>
            <ns3:hr>152</ns3:hr>
            <ns3:cad>95</ns3:cad>
          </ns3:TrackPointExtension>
        </extensions>
      </trkpt>
      <trkpt lat="22.593792490661144256591796875" lon="113.8780601508915424346923828125">
        <ele>10.6000003814697265625</ele>
        <time>2026-09-14T23:00:59.000Z</time>
        <extensions>
          <ns3:TrackPointExtension>
            <ns3:hr>152</ns3:hr>
            <ns3:cad>95</ns3:cad>
          </ns3:TrackPointExtension>
        </extensions>
      </trkpt>
      <trkpt lat="22.59376466274261474609375" lon="113.87803927995264530181884765625">
        <ele>10.6000003814697265625</ele>
        <time>2026-09-14T23:01:00.000Z</time>
        <extensions>
          <ns3:TrackPointExtension>
            <ns3:hr>152</ns3:hr>
            <ns3:cad>95</ns3:cad>
          </ns3:TrackPointExtension>
        </extensions>
      </trkpt>
      <trkpt lat="22.5937443785369396209716796875" lon="113.87802737765014171600341796875">
        <ele>10.6000003814697265625</ele>
        <time>2026-09-14T23:01:01.000Z</time>
        <extensions>
          <ns3:TrackPointExtension>
            <ns3:hr>153</ns3:hr>
            <ns3:cad>94</ns3:cad>
          </ns3:TrackPointExtension>
        </extensions>
      </trkpt>
      <trkpt lat="22.59370791725814342498779296875" lon="113.8780068419873714447021484375">
        <ele>10.3999996185302734375</ele>
        <time>2026-09-14T23:01:02.000Z</time>
        <extensions>
          <ns3:TrackPointExtension>
            <ns3:hr>153</ns3:hr>
            <ns3:cad>94</ns3:cad>
          </ns3:TrackPointExtension>
        </extensions>
      </trkpt>
      <trkpt lat="22.593675144016742706298828125" lon="113.87798513285815715789794921875">
        <ele>10.3999996185302734375</ele>
        <time>2026-09-14T23:01:03.000Z</time>
        <extensions>
          <ns3:TrackPointExtension>
            <ns3:hr>153</ns3:hr>
            <ns3:cad>94</ns3:cad>
          </ns3:TrackPointExtension>
        </extensions>
      </trkpt>
      <trkpt lat="22.593644969165325164794921875" lon="113.87797188945114612579345703125">
        <ele>10.3999996185302734375</ele>
        <time>2026-09-14T23:01:04.000Z</time>
        <extensions>
          <ns3:TrackPointExtension>
            <ns3:hr>153</ns3:hr>
            <ns3:cad>95</ns3:cad>
          </ns3:TrackPointExtension>
        </extensions>
      </trkpt>
      <trkpt lat="22.59361378848552703857421875" lon="113.8779662735760211944580078125">
        <ele>10.3999996185302734375</ele>
        <time>2026-09-14T23:01:05.000Z</time>
        <extensions>
          <ns3:TrackPointExtension>
            <ns3:hr>153</ns3:hr>
            <ns3:cad>95</ns3:cad>
          </ns3:TrackPointExtension>
        </extensions>
      </trkpt>
      <trkpt lat="22.5935888104140758514404296875" lon="113.8779726438224315643310546875">
        <ele>10.3999996185302734375</ele>
        <time>2026-09-14T23:01:06.000Z</time>
        <extensions>
          <ns3:TrackPointExtension>
            <ns3:hr>153</ns3:hr>
            <ns3:cad>95</ns3:cad>
          </ns3:TrackPointExtension>
        </extensions>
      </trkpt>
      <trkpt lat="22.593570537865161895751953125" lon="113.8779853843152523040771484375">
        <ele>10.3999996185302734375</ele>
        <time>2026-09-14T23:01:07.000Z</time>
        <extensions>
          <ns3:TrackPointExtension>
            <ns3:hr>153</ns3:hr>
            <ns3:cad>93</ns3:cad>
          </ns3:TrackPointExtension>
        </extensions>
      </trkpt>
      <trkpt lat="22.593558467924594879150390625" lon="113.87800105847418308258056640625">
        <ele>10.3999996185302734375</ele>
        <time>2026-09-14T23:01:08.000Z</time>
        <extensions>
          <ns3:TrackPointExtension>
            <ns3:hr>153</ns3:hr>
            <ns3:cad>93</ns3:cad>
          </ns3:TrackPointExtension>
        </extensions>
      </trkpt>
      <trkpt lat="22.5935398600995540618896484375" lon="113.8780185766518115997314453125">
        <ele>10.3999996185302734375</ele>
        <time>2026-09-14T23:01:09.000Z</time>
        <extensions>
          <ns3:TrackPointExtension>
            <ns3:hr>153</ns3:hr>
            <ns3:cad>93</ns3:cad>
          </ns3:TrackPointExtension>
        </extensions>
      </trkpt>
      <trkpt lat="22.59352250955998897552490234375" lon="113.87803927995264530181884765625">
        <ele>10.3999996185302734375</ele>
        <time>2026-09-14T23:01:10.000Z</time>
        <extensions>
          <ns3:TrackPointExtension>
            <ns3:hr>153</ns3:hr>
            <ns3:cad>95</ns3:cad>
          </ns3:TrackPointExtension>
        </extensions>
      </trkpt>
      <trkpt lat="22.5935043208301067352294921875" lon="113.878057301044464111328125">
        <ele>10.19999980926513671875</ele>
        <time>2026-09-14T23:01:11.000Z</time>
        <extensions>
          <ns3:TrackPointExtension>
            <ns3:hr>153</ns3:hr>
            <ns3:cad>95</ns3:cad>
          </ns3:TrackPointExtension>
        </extensions>
      </trkpt>
      <trkpt lat="22.593480683863162994384765625" lon="113.8780816085636615753173828125">
        <ele>10.19999980926513671875</ele>
        <time>2026-09-14T23:01:12.000Z</time>
        <extensions>
          <ns3:TrackPointExtension>
            <ns3:hr>152</ns3:hr>
            <ns3:cad>94</ns3:cad>
          </ns3:TrackPointExtension>
        </extensions>
      </trkpt>
      <trkpt lat="22.59346702136099338531494140625" lon="113.87810097075998783111572265625">
        <ele>10.19999980926513671875</ele>
        <time>2026-09-14T23:01:13.000Z</time>
        <extensions>
          <ns3:TrackPointExtension>
            <ns3:hr>151</ns3:hr>
            <ns3:cad>94</ns3:cad>
          </ns3:TrackPointExtension>
        </extensions>
      </trkpt>
      <trkpt lat="22.5934389419853687286376953125" lon="113.87811790220439434051513671875">
        <ele>10.19999980926513671875</ele>
        <time>2026-09-14T23:01:14.000Z</time>
        <extensions>
          <ns3:TrackPointExtension>
            <ns3:hr>151</ns3:hr>
            <ns3:cad>93</ns3:cad>
          </ns3:TrackPointExtension>
        </extensions>
      </trkpt>
      <trkpt lat="22.59341932833194732666015625" lon="113.87813902460038661956787109375">
        <ele>10.19999980926513671875</ele>
        <time>2026-09-14T23:01:15.000Z</time>
        <extensions>
          <ns3:TrackPointExtension>
            <ns3:hr>151</ns3:hr>
            <ns3:cad>94</ns3:cad>
          </ns3:TrackPointExtension>
        </extensions>
      </trkpt>
      <trkpt lat="22.5933960266411304473876953125" lon="113.8781553693115711212158203125">
        <ele>10.19999980926513671875</ele>
        <time>2026-09-14T23:01:16.000Z</time>
        <extensions>
          <ns3:TrackPointExtension>
            <ns3:hr>151</ns3:hr>
            <ns3:cad>94</ns3:cad>
          </ns3:TrackPointExtension>
        </extensions>
      </trkpt>
      <trkpt lat="22.5933678634464740753173828125" lon="113.878177665174007415771484375">
        <ele>10.19999980926513671875</ele>
        <time>2026-09-14T23:01:17.000Z</time>
        <extensions>
          <ns3:TrackPointExtension>
            <ns3:hr>151</ns3:hr>
            <ns3:cad>95</ns3:cad>
          </ns3:TrackPointExtension>
        </extensions>
      </trkpt>
      <trkpt lat="22.59334933944046497344970703125" lon="113.87819384224712848663330078125">
        <ele>10.19999980926513671875</ele>
        <time>2026-09-14T23:01:18.000Z</time>
        <extensions>
          <ns3:TrackPointExtension>
            <ns3:hr>151</ns3:hr>
            <ns3:cad>95</ns3:cad>
          </ns3:TrackPointExtension>
        </extensions>
      </trkpt>
      <trkpt lat="22.59331765584647655487060546875" lon="113.8782123662531375885009765625">
        <ele>10.19999980926513671875</ele>
        <time>2026-09-14T23:01:19.000Z</time>
        <extensions>
          <ns3:TrackPointExtension>
            <ns3:hr>151</ns3:hr>
            <ns3:cad>95</ns3:cad>
          </ns3:TrackPointExtension>
        </extensions>
      </trkpt>
      <trkpt lat="22.59329720400273799896240234375" lon="113.87823156081140041351318359375">
        <ele>10.3999996185302734375</ele>
        <time>2026-09-14T23:01:20.000Z</time>
        <extensions>
          <ns3:TrackPointExtension>
            <ns3:hr>151</ns3:hr>
            <ns3:cad>94</ns3:cad>
          </ns3:TrackPointExtension>
        </extensions>
      </trkpt>
      <trkpt lat="22.59326769970357418060302734375" lon="113.87824798934161663055419921875">
        <ele>10.3999996185302734375</ele>
        <time>2026-09-14T23:01:21.000Z</time>
        <extensions>
          <ns3:TrackPointExtension>
            <ns3:hr>151</ns3:hr>
            <ns3:cad>95</ns3:cad>
          </ns3:TrackPointExtension>
        </extensions>
      </trkpt>
      <trkpt lat="22.593246996402740478515625" lon="113.87826986610889434814453125">
        <ele>10.6000003814697265625</ele>
        <time>2026-09-14T23:01:22.000Z</time>
        <extensions>
          <ns3:TrackPointExtension>
            <ns3:hr>151</ns3:hr>
            <ns3:cad>95</ns3:cad>
          </ns3:TrackPointExtension>
        </extensions>
      </trkpt>
      <trkpt lat="22.59322344325482845306396484375" lon="113.8782881386578083038330078125">
        <ele>10.6000003814697265625</ele>
        <time>2026-09-14T23:01:23.000Z</time>
        <extensions>
          <ns3:TrackPointExtension>
            <ns3:hr>151</ns3:hr>
            <ns3:cad>95</ns3:cad>
          </ns3:TrackPointExtension>
        </extensions>
      </trkpt>
      <trkpt lat="22.5931968726217746734619140625" lon="113.87831521220505237579345703125">
        <ele>10.6000003814697265625</ele>
        <time>2026-09-14T23:01:24.000Z</time>
        <extensions>
          <ns3:TrackPointExtension>
            <ns3:hr>152</ns3:hr>
            <ns3:cad>95</ns3:cad>
          </ns3:TrackPointExtension>
        </extensions>
      </trkpt>
      <trkpt lat="22.5931834615767002105712890625" lon="113.87833499349653720855712890625">
        <ele>10.6000003814697265625</ele>
        <time>2026-09-14T23:01:25.000Z</time>
        <extensions>
          <ns3:TrackPointExtension>
            <ns3:hr>152</ns3:hr>
            <ns3:cad>95</ns3:cad>
          </ns3:TrackPointExtension>
        </extensions>
      </trkpt>
      <trkpt lat="22.59315303526818752288818359375" lon="113.8783608935773372650146484375">
        <ele>10.6000003814697265625</ele>
        <time>2026-09-14T23:01:26.000Z</time>
        <extensions>
          <ns3:TrackPointExtension>
            <ns3:hr>151</ns3:hr>
            <ns3:cad>93</ns3:cad>
          </ns3:TrackPointExtension>
        </extensions>
      </trkpt>
      <trkpt lat="22.59313677437603473663330078125" lon="113.87838075868785381317138671875">
        <ele>10.6000003814697265625</ele>
        <time>2026-09-14T23:01:27.000Z</time>
        <extensions>
          <ns3:TrackPointExtension>
            <ns3:hr>151</ns3:hr>
            <ns3:cad>93</ns3:cad>
          </ns3:TrackPointExtension>
        </extensions>
      </trkpt>
      <trkpt lat="22.59311146102845668792724609375" lon="113.8784017972648143768310546875">
        <ele>10.6000003814697265625</ele>
        <time>2026-09-14T23:01:28.000Z</time>
        <extensions>
          <ns3:TrackPointExtension>
            <ns3:hr>151</ns3:hr>
            <ns3:cad>94</ns3:cad>
          </ns3:TrackPointExtension>
        </extensions>
      </trkpt>
      <trkpt lat="22.5930895842611789703369140625" lon="113.87842887081205844879150390625">
        <ele>10.6000003814697265625</ele>
        <time>2026-09-14T23:01:29.000Z</time>
        <extensions>
          <ns3:TrackPointExtension>
            <ns3:hr>150</ns3:hr>
            <ns3:cad>94</ns3:cad>
          </ns3:TrackPointExtension>
        </extensions>
      </trkpt>
      <trkpt lat="22.593069635331630706787109375" lon="113.87844714336097240447998046875">
        <ele>10.6000003814697265625</ele>
        <time>2026-09-14T23:01:30.000Z</time>
        <extensions>
          <ns3:TrackPointExtension>
            <ns3:hr>150</ns3:hr>
            <ns3:cad>94</ns3:cad>
          </ns3:TrackPointExtension>
        </extensions>
      </trkpt>
      <trkpt lat="22.5930433161556720733642578125" lon="113.87847262434661388397216796875">
        <ele>10.6000003814697265625</ele>
        <time>2026-09-14T23:01:31.000Z</time>
        <extensions>
          <ns3:TrackPointExtension>
            <ns3:hr>150</ns3:hr>
            <ns3:cad>94</ns3:cad>
          </ns3:TrackPointExtension>
        </extensions>
      </trkpt>
      <trkpt lat="22.593026719987392425537109375" lon="113.8784919865429401397705078125">
        <ele>10.80000019073486328125</ele>
        <time>2026-09-14T23:01:32.000Z</time>
        <extensions>
          <ns3:TrackPointExtension>
            <ns3:hr>151</ns3:hr>
            <ns3:cad>94</ns3:cad>
          </ns3:TrackPointExtension>
        </extensions>
      </trkpt>
      <trkpt lat="22.59299662895500659942626953125" lon="113.8785121031105518341064453125">
        <ele>10.80000019073486328125</ele>
        <time>2026-09-14T23:01:33.000Z</time>
        <extensions>
          <ns3:TrackPointExtension>
            <ns3:hr>151</ns3:hr>
            <ns3:cad>94</ns3:cad>
          </ns3:TrackPointExtension>
        </extensions>
      </trkpt>
      <trkpt lat="22.59297735057771205902099609375" lon="113.8785325549542903900146484375">
        <ele>10.80000019073486328125</ele>
        <time>2026-09-14T23:01:34.000Z</time>
        <extensions>
          <ns3:TrackPointExtension>
            <ns3:hr>151</ns3:hr>
            <ns3:cad>94</ns3:cad>
          </ns3:TrackPointExtension>
        </extensions>
      </trkpt>
      <trkpt lat="22.592955641448497772216796875" lon="113.8785516656935214996337890625">
        <ele>10.80000019073486328125</ele>
        <time>2026-09-14T23:01:35.000Z</time>
        <extensions>
          <ns3:TrackPointExtension>
            <ns3:hr>151</ns3:hr>
            <ns3:cad>94</ns3:cad>
          </ns3:TrackPointExtension>
        </extensions>
      </trkpt>
      <trkpt lat="22.59292907081544399261474609375" lon="113.87858024798333644866943359375">
        <ele>10.80000019073486328125</ele>
        <time>2026-09-14T23:01:36.000Z</time>
        <extensions>
          <ns3:TrackPointExtension>
            <ns3:hr>150</ns3:hr>
            <ns3:cad>95</ns3:cad>
          </ns3:TrackPointExtension>
        </extensions>
      </trkpt>
      <trkpt lat="22.592913396656513214111328125" lon="113.87860086746513843536376953125">
        <ele>10.80000019073486328125</ele>
        <time>2026-09-14T23:01:37.000Z</time>
        <extensions>
          <ns3:TrackPointExtension>
            <ns3:hr>150</ns3:hr>
            <ns3:cad>95</ns3:cad>
          </ns3:TrackPointExtension>
        </extensions>
      </trkpt>
      <trkpt lat="22.59288950823247432708740234375" lon="113.87862668372690677642822265625">
        <ele>10.6000003814697265625</ele>
        <time>2026-09-14T23:01:38.000Z</time>
        <extensions>
          <ns3:TrackPointExtension>
            <ns3:hr>150</ns3:hr>
            <ns3:cad>96</ns3:cad>
          </ns3:TrackPointExtension>
        </extensions>
      </trkpt>
      <trkpt lat="22.592876851558685302734375" lon="113.87865342199802398681640625">
        <ele>10.6000003814697265625</ele>
        <time>2026-09-14T23:01:39.000Z</time>
        <extensions>
          <ns3:TrackPointExtension>
            <ns3:hr>150</ns3:hr>
            <ns3:cad>96</ns3:cad>
          </ns3:TrackPointExtension>
        </extensions>
      </trkpt>
      <trkpt lat="22.59285832755267620086669921875" lon="113.8786784000694751739501953125">
        <ele>10.80000019073486328125</ele>
        <time>2026-09-14T23:01:40.000Z</time>
        <extensions>
          <ns3:TrackPointExtension>
            <ns3:hr>150</ns3:hr>
            <ns3:cad>96</ns3:cad>
          </ns3:TrackPointExtension>
        </extensions>
      </trkpt>
      <trkpt lat="22.59284265339374542236328125" lon="113.87870681472122669219970703125">
        <ele>10.6000003814697265625</ele>
        <time>2026-09-14T23:01:41.000Z</time>
        <extensions>
          <ns3:TrackPointExtension>
            <ns3:hr>150</ns3:hr>
            <ns3:cad>96</ns3:cad>
          </ns3:TrackPointExtension>
        </extensions>
      </trkpt>
      <trkpt lat="22.59283016435801982879638671875" lon="113.8787273503839969635009765625">
        <ele>10.6000003814697265625</ele>
        <time>2026-09-14T23:01:42.000Z</time>
        <extensions>
          <ns3:TrackPointExtension>
            <ns3:hr>150</ns3:hr>
            <ns3:cad>95</ns3:cad>
          </ns3:TrackPointExtension>
        </extensions>
      </trkpt>
      <trkpt lat="22.5928143225610256195068359375" lon="113.87875911779701709747314453125">
        <ele>10.80000019073486328125</ele>
        <time>2026-09-14T23:01:43.000Z</time>
        <extensions>
          <ns3:TrackPointExtension>
            <ns3:hr>150</ns3:hr>
            <ns3:cad>95</ns3:cad>
          </ns3:TrackPointExtension>
        </extensions>
      </trkpt>
      <trkpt lat="22.592804431915283203125" lon="113.878777809441089630126953125">
        <ele>10.80000019073486328125</ele>
        <time>2026-09-14T23:01:44.000Z</time>
        <extensions>
          <ns3:TrackPointExtension>
            <ns3:hr>150</ns3:hr>
            <ns3:cad>95</ns3:cad>
          </ns3:TrackPointExtension>
        </extensions>
      </trkpt>
      <trkpt lat="22.59279244579374790191650390625" lon="113.878791220486164093017578125">
        <ele>10.80000019073486328125</ele>
        <time>2026-09-14T23:01:45.000Z</time>
        <extensions>
          <ns3:TrackPointExtension>
            <ns3:hr>150</ns3:hr>
            <ns3:cad>93</ns3:cad>
          </ns3:TrackPointExtension>
        </extensions>
      </trkpt>
      <trkpt lat="22.59277283214032649993896484375" lon="113.87878007255494594573974609375">
        <ele>10.80000019073486328125</ele>
        <time>2026-09-14T23:01:46.000Z</time>
        <extensions>
          <ns3:TrackPointExtension>
            <ns3:hr>150</ns3:hr>
            <ns3:cad>93</ns3:cad>
          </ns3:TrackPointExtension>
        </extensions>
      </trkpt>
      <trkpt lat="22.592760510742664337158203125" lon="113.878769092261791229248046875">
        <ele>10.80000019073486328125</ele>
        <time>2026-09-14T23:01:47.000Z</time>
        <extensions>
          <ns3:TrackPointExtension>
            <ns3:hr>150</ns3:hr>
            <ns3:cad>93</ns3:cad>
          </ns3:TrackPointExtension>
        </extensions>
      </trkpt>
      <trkpt lat="22.5927392207086086273193359375" lon="113.87875534594058990478515625">
        <ele>10.80000019073486328125</ele>
        <time>2026-09-14T23:01:48.000Z</time>
        <extensions>
          <ns3:TrackPointExtension>
            <ns3:hr>150</ns3:hr>
            <ns3:cad>91</ns3:cad>
          </ns3:TrackPointExtension>
        </extensions>
      </trkpt>
      <trkpt lat="22.5927254743874073028564453125" lon="113.87874436564743518829345703125">
        <ele>10.80000019073486328125</ele>
        <time>2026-09-14T23:01:49.000Z</time>
        <extensions>
          <ns3:TrackPointExtension>
            <ns3:hr>150</ns3:hr>
            <ns3:cad>91</ns3:cad>
          </ns3:TrackPointExtension>
        </extensions>
      </trkpt>
      <trkpt lat="22.5927144102752208709716796875" lon="113.8787280209362506866455078125">
        <ele>10.80000019073486328125</ele>
        <time>2026-09-14T23:01:50.000Z</time>
        <extensions>
          <ns3:TrackPointExtension>
            <ns3:hr>150</ns3:hr>
            <ns3:cad>90</ns3:cad>
          </ns3:TrackPointExtension>
        </extensions>
      </trkpt>
      <trkpt lat="22.5927103869616985321044921875" lon="113.87871569953858852386474609375">
        <ele>10.80000019073486328125</ele>
        <time>2026-09-14T23:01:51.000Z</time>
        <extensions>
          <ns3:TrackPointExtension>
            <ns3:hr>150</ns3:hr>
            <ns3:cad>90</ns3:cad>
          </ns3:TrackPointExtension>
        </extensions>
      </trkpt>
      <trkpt lat="22.59270250797271728515625" lon="113.8787055574357509613037109375">
        <ele>10.80000019073486328125</ele>
        <time>2026-09-14T23:01:52.000Z</time>
        <extensions>
          <ns3:TrackPointExtension>
            <ns3:hr>150</ns3:hr>
            <ns3:cad>90</ns3:cad>
          </ns3:TrackPointExtension>
        </extensions>
      </trkpt>
      <trkpt lat="22.59269102476537227630615234375" lon="113.87869105674326419830322265625">
        <ele>10.80000019073486328125</ele>
        <time>2026-09-14T23:01:53.000Z</time>
        <extensions>
          <ns3:TrackPointExtension>
            <ns3:hr>149</ns3:hr>
            <ns3:cad>88</ns3:cad>
          </ns3:TrackPointExtension>
        </extensions>
      </trkpt>
      <trkpt lat="22.592683397233486175537109375" lon="113.87868267484009265899658203125">
        <ele>10.80000019073486328125</ele>
        <time>2026-09-14T23:01:54.000Z</time>
        <extensions>
          <ns3:TrackPointExtension>
            <ns3:hr>149</ns3:hr>
            <ns3:cad>88</ns3:cad>
          </ns3:TrackPointExtension>
        </extensions>
      </trkpt>
      <trkpt lat="22.5926725007593631744384765625" lon="113.87865585274994373321533203125">
        <ele>10.6000003814697265625</ele>
        <time>2026-09-14T23:01:55.000Z</time>
        <extensions>
          <ns3:TrackPointExtension>
            <ns3:hr>149</ns3:hr>
            <ns3:cad>88</ns3:cad>
          </ns3:TrackPointExtension>
        </extensions>
      </trkpt>
      <trkpt lat="22.5926617719233036041259765625" lon="113.8786405138671398162841796875">
        <ele>10.6000003814697265625</ele>
        <time>2026-09-14T23:01:56.000Z</time>
        <extensions>
          <ns3:TrackPointExtension>
            <ns3:hr>149</ns3:hr>
            <ns3:cad>88</ns3:cad>
          </ns3:TrackPointExtension>
        </extensions>
      </trkpt>
      <trkpt lat="22.59265431202948093414306640625" lon="113.87861511670053005218505859375">
        <ele>10.80000019073486328125</ele>
        <time>2026-09-14T23:01:57.000Z</time>
        <extensions>
          <ns3:TrackPointExtension>
            <ns3:hr>148</ns3:hr>
            <ns3:cad>87</ns3:cad>
          </ns3:TrackPointExtension>
        </extensions>
      </trkpt>
      <trkpt lat="22.59265028871595859527587890625" lon="113.87859600596129894256591796875">
        <ele>10.80000019073486328125</ele>
        <time>2026-09-14T23:01:58.000Z</time>
        <extensions>
          <ns3:TrackPointExtension>
            <ns3:hr>148</ns3:hr>
            <ns3:cad>86</ns3:cad>
          </ns3:TrackPointExtension>
        </extensions>
      </trkpt>
      <trkpt lat="22.59250679053366184234619140625" lon="113.8784074969589710235595703125">
        <ele>10.19999980926513671875</ele>
        <time>2026-09-14T23:04:08.000Z</time>
        <extensions>
          <ns3:TrackPointExtension>
            <ns3:hr>99</ns3:hr>
            <ns3:cad>0</ns3:cad>
          </ns3:TrackPointExtension>
        </extensions>
      </trkpt>
      <trkpt lat="22.59250444360077381134033203125" lon="113.87841328047215938568115234375">
        <ele>10.19999980926513671875</ele>
        <time>2026-09-14T23:04:09.000Z</time>
        <extensions>
          <ns3:TrackPointExtension>
            <ns3:hr>99</ns3:hr>
            <ns3:cad>45</ns3:cad>
          </ns3:TrackPointExtension>
        </extensions>
      </trkpt>
      <trkpt lat="22.5924834050238132476806640625" lon="113.87843482196331024169921875">
        <ele>10.19999980926513671875</ele>
        <time>2026-09-14T23:04:10.000Z</time>
        <extensions>
          <ns3:TrackPointExtension>
            <ns3:hr>99</ns3:hr>
            <ns3:cad>45</ns3:cad>
          </ns3:TrackPointExtension>
        </extensions>
      </trkpt>
      <trkpt lat="22.5924396514892578125" lon="113.8784701935946941375732421875">
        <ele>9.80000019073486328125</ele>
        <time>2026-09-14T23:04:13.000Z</time>
        <extensions>
          <ns3:TrackPointExtension>
            <ns3:hr>102</ns3:hr>
            <ns3:cad>45</ns3:cad>
          </ns3:TrackPointExtension>
        </extensions>
      </trkpt>
      <trkpt lat="22.59242012165486812591552734375" lon="113.8784919865429401397705078125">
        <ele>9.80000019073486328125</ele>
        <time>2026-09-14T23:04:14.000Z</time>
        <extensions>
          <ns3:TrackPointExtension>
            <ns3:hr>102</ns3:hr>
            <ns3:cad>91</ns3:cad>
          </ns3:TrackPointExtension>
        </extensions>
      </trkpt>
      <trkpt lat="22.59240184910595417022705078125" lon="113.878516294062137603759765625">
        <ele>9.80000019073486328125</ele>
        <time>2026-09-14T23:04:15.000Z</time>
        <extensions>
          <ns3:TrackPointExtension>
            <ns3:hr>102</ns3:hr>
            <ns3:cad>91</ns3:cad>
          </ns3:TrackPointExtension>
        </extensions>
      </trkpt>
      <trkpt lat="22.592383660376071929931640625" lon="113.8785439543426036834716796875">
        <ele>10</ele>
        <time>2026-09-14T23:04:16.000Z</time>
        <extensions>
          <ns3:TrackPointExtension>
            <ns3:hr>103</ns3:hr>
            <ns3:cad>91</ns3:cad>
          </ns3:TrackPointExtension>
        </extensions>
      </trkpt>
      <trkpt lat="22.59236949495971202850341796875" lon="113.87856935150921344757080078125">
        <ele>10</ele>
        <time>2026-09-14T23:04:17.000Z</time>
        <extensions>
          <ns3:TrackPointExtension>
            <ns3:hr>104</ns3:hr>
            <ns3:cad>91</ns3:cad>
          </ns3:TrackPointExtension>
        </extensions>
      </trkpt>
      <trkpt lat="22.59234988130629062652587890625" lon="113.87858427129685878753662109375">
        <ele>10</ele>
        <time>2026-09-14T23:04:18.000Z</time>
        <extensions>
          <ns3:TrackPointExtension>
            <ns3:hr>106</ns3:hr>
            <ns3:cad>92</ns3:cad>
          </ns3:TrackPointExtension>
        </extensions>
      </trkpt>
      <trkpt lat="22.59232657961547374725341796875" lon="113.87860220856964588165283203125">
        <ele>10</ele>
        <time>2026-09-14T23:04:19.000Z</time>
        <extensions>
          <ns3:TrackPointExtension>
            <ns3:hr>107</ns3:hr>
            <ns3:cad>92</ns3:cad>
          </ns3:TrackPointExtension>
        </extensions>
      </trkpt>
      <trkpt lat="22.59230629540979862213134765625" lon="113.87861696071922779083251953125">
        <ele>10</ele>
        <time>2026-09-14T23:04:20.000Z</time>
        <extensions>
          <ns3:TrackPointExtension>
            <ns3:hr>108</ns3:hr>
            <ns3:cad>94</ns3:cad>
          </ns3:TrackPointExtension>
        </extensions>
      </trkpt>
      <trkpt lat="22.59227612055838108062744140625" lon="113.878636993467807769775390625">
        <ele>10</ele>
        <time>2026-09-14T23:04:21.000Z</time>
        <extensions>
          <ns3:TrackPointExtension>
            <ns3:hr>110</ns3:hr>
            <ns3:cad>94</ns3:cad>
          </ns3:TrackPointExtension>
        </extensions>
      </trkpt>
      <trkpt lat="22.59225700981914997100830078125" lon="113.87865073978900909423828125">
        <ele>10</ele>
        <time>2026-09-14T23:04:22.000Z</time>
        <extensions>
          <ns3:TrackPointExtension>
            <ns3:hr>111</ns3:hr>
            <ns3:cad>94</ns3:cad>
          </ns3:TrackPointExtension>
        </extensions>
      </trkpt>
      <trkpt lat="22.59222649969160556793212890625" lon="113.87866775505244731903076171875">
        <ele>10</ele>
        <time>2026-09-14T23:04:23.000Z</time>
        <extensions>
          <ns3:TrackPointExtension>
            <ns3:hr>112</ns3:hr>
            <ns3:cad>94</ns3:cad>
          </ns3:TrackPointExtension>
        </extensions>
      </trkpt>
      <trkpt lat="22.59220889769494533538818359375" lon="113.87868602760136127471923828125">
        <ele>10</ele>
        <time>2026-09-14T23:04:24.000Z</time>
        <extensions>
          <ns3:TrackPointExtension>
            <ns3:hr>114</ns3:hr>
            <ns3:cad>94</ns3:cad>
          </ns3:TrackPointExtension>
        </extensions>
      </trkpt>
      <trkpt lat="22.59218408726155757904052734375" lon="113.87870027683675289154052734375">
        <ele>10</ele>
        <time>2026-09-14T23:04:25.000Z</time>
        <extensions>
          <ns3:TrackPointExtension>
            <ns3:hr>119</ns3:hr>
            <ns3:cad>94</ns3:cad>
          </ns3:TrackPointExtension>
        </extensions>
      </trkpt>
      <trkpt lat="22.5921662338078022003173828125" lon="113.87871854938566684722900390625">
        <ele>10</ele>
        <time>2026-09-14T23:04:26.000Z</time>
        <extensions>
          <ns3:TrackPointExtension>
            <ns3:hr>121</ns3:hr>
            <ns3:cad>94</ns3:cad>
          </ns3:TrackPointExtension>
        </extensions>
      </trkpt>
      <trkpt lat="22.59214662015438079833984375" lon="113.87873011641204357147216796875">
        <ele>10</ele>
        <time>2026-09-14T23:04:27.000Z</time>
        <extensions>
          <ns3:TrackPointExtension>
            <ns3:hr>122</ns3:hr>
            <ns3:cad>94</ns3:cad>
          </ns3:TrackPointExtension>
        </extensions>
      </trkpt>
      <trkpt lat="22.59212910197675228118896484375" lon="113.87874570675194263458251953125">
        <ele>10</ele>
        <time>2026-09-14T23:04:28.000Z</time>
        <extensions>
          <ns3:TrackPointExtension>
            <ns3:hr>123</ns3:hr>
            <ns3:cad>93</ns3:cad>
          </ns3:TrackPointExtension>
        </extensions>
      </trkpt>
      <trkpt lat="22.59210948832333087921142578125" lon="113.8787531666457653045654296875">
        <ele>10</ele>
        <time>2026-09-14T23:04:29.000Z</time>
        <extensions>
          <ns3:TrackPointExtension>
            <ns3:hr>123</ns3:hr>
            <ns3:cad>92</ns3:cad>
          </ns3:TrackPointExtension>
        </extensions>
      </trkpt>
      <trkpt lat="22.59208199568092823028564453125" lon="113.87876448221504688262939453125">
        <ele>10</ele>
        <time>2026-09-14T23:04:30.000Z</time>
        <extensions>
          <ns3:TrackPointExtension>
            <ns3:hr>123</ns3:hr>
            <ns3:cad>92</ns3:cad>
          </ns3:TrackPointExtension>
        </extensions>
      </trkpt>
      <trkpt lat="22.59206254966557025909423828125" lon="113.8787776418030261993408203125">
        <ele>9.80000019073486328125</ele>
        <time>2026-09-14T23:04:31.000Z</time>
        <extensions>
          <ns3:TrackPointExtension>
            <ns3:hr>123</ns3:hr>
            <ns3:cad>92</ns3:cad>
          </ns3:TrackPointExtension>
        </extensions>
      </trkpt>
      <trkpt lat="22.59204478003084659576416015625" lon="113.8788101635873317718505859375">
        <ele>9.80000019073486328125</ele>
        <time>2026-09-14T23:04:32.000Z</time>
        <extensions>
          <ns3:TrackPointExtension>
            <ns3:hr>123</ns3:hr>
            <ns3:cad>92</ns3:cad>
          </ns3:TrackPointExtension>
        </extensions>
      </trkpt>
      <trkpt lat="22.59203388355672359466552734375" lon="113.87883245944976806640625">
        <ele>9.80000019073486328125</ele>
        <time>2026-09-14T23:04:33.000Z</time>
        <extensions>
          <ns3:TrackPointExtension>
            <ns3:hr>123</ns3:hr>
            <ns3:cad>93</ns3:cad>
          </ns3:TrackPointExtension>
        </extensions>
      </trkpt>
      <trkpt lat="22.59202214889228343963623046875" lon="113.878867663443088531494140625">
        <ele>9.80000019073486328125</ele>
        <time>2026-09-14T23:04:34.000Z</time>
        <extensions>
          <ns3:TrackPointExtension>
            <ns3:hr>124</ns3:hr>
            <ns3:cad>92</ns3:cad>
          </ns3:TrackPointExtension>
        </extensions>
      </trkpt>
      <trkpt lat="22.59201359935104846954345703125" lon="113.878889791667461395263671875">
        <ele>9.80000019073486328125</ele>
        <time>2026-09-14T23:04:35.000Z</time>
        <extensions>
          <ns3:TrackPointExtension>
            <ns3:hr>124</ns3:hr>
            <ns3:cad>92</ns3:cad>
          </ns3:TrackPointExtension>
        </extensions>
      </trkpt>
      <trkpt lat="22.59198971092700958251953125" lon="113.87891921214759349822998046875">
        <ele>9.80000019073486328125</ele>
        <time>2026-09-14T23:04:36.000Z</time>
        <extensions>
          <ns3:TrackPointExtension>
            <ns3:hr>125</ns3:hr>
            <ns3:cad>92</ns3:cad>
          </ns3:TrackPointExtension>
        </extensions>
      </trkpt>
      <trkpt lat="22.59197336621582508087158203125" lon="113.87894704006612300872802734375">
        <ele>9.80000019073486328125</ele>
        <time>2026-09-14T23:04:37.000Z</time>
        <extensions>
          <ns3:TrackPointExtension>
            <ns3:hr>126</ns3:hr>
            <ns3:cad>92</ns3:cad>
          </ns3:TrackPointExtension>
        </extensions>
      </trkpt>
      <trkpt lat="22.59195291437208652496337890625" lon="113.87897185049951076507568359375">
        <ele>9.80000019073486328125</ele>
        <time>2026-09-14T23:04:38.000Z</time>
        <extensions>
          <ns3:TrackPointExtension>
            <ns3:hr>126</ns3:hr>
            <ns3:cad>93</ns3:cad>
          </ns3:TrackPointExtension>
        </extensions>
      </trkpt>
      <trkpt lat="22.591932713985443115234375" lon="113.87900076806545257568359375">
        <ele>9.80000019073486328125</ele>
        <time>2026-09-14T23:04:39.000Z</time>
        <extensions>
          <ns3:TrackPointExtension>
            <ns3:hr>126</ns3:hr>
            <ns3:cad>93</ns3:cad>
          </ns3:TrackPointExtension>
        </extensions>
      </trkpt>
      <trkpt lat="22.591916620731353759765625" lon="113.8790197111666202545166015625">
        <ele>9.6000003814697265625</ele>
        <time>2026-09-14T23:04:40.000Z</time>
        <extensions>
          <ns3:TrackPointExtension>
            <ns3:hr>126</ns3:hr>
            <ns3:cad>92</ns3:cad>
          </ns3:TrackPointExtension>
        </extensions>
      </trkpt>
      <trkpt lat="22.59189340285956859588623046875" lon="113.87904779054224491119384765625">
        <ele>9.6000003814697265625</ele>
        <time>2026-09-14T23:04:41.000Z</time>
        <extensions>
          <ns3:TrackPointExtension>
            <ns3:hr>126</ns3:hr>
            <ns3:cad>92</ns3:cad>
          </ns3:TrackPointExtension>
        </extensions>
      </trkpt>
      <trkpt lat="22.59187764488160610198974609375" lon="113.87906539253890514373779296875">
        <ele>9.6000003814697265625</ele>
        <time>2026-09-14T23:04:42.000Z</time>
        <extensions>
          <ns3:TrackPointExtension>
            <ns3:hr>127</ns3:hr>
            <ns3:cad>93</ns3:cad>
          </ns3:TrackPointExtension>
        </extensions>
      </trkpt>
      <trkpt lat="22.59185451082885265350341796875" lon="113.879090957343578338623046875">
        <ele>9.6000003814697265625</ele>
        <time>2026-09-14T23:04:43.000Z</time>
        <extensions>
          <ns3:TrackPointExtension>
            <ns3:hr>128</ns3:hr>
            <ns3:cad>94</ns3:cad>
          </ns3:TrackPointExtension>
        </extensions>
      </trkpt>
      <trkpt lat="22.5918423570692539215087890625" lon="113.87910914607346057891845703125">
        <ele>9.6000003814697265625</ele>
        <time>2026-09-14T23:04:44.000Z</time>
        <extensions>
          <ns3:TrackPointExtension>
            <ns3:hr>128</ns3:hr>
            <ns3:cad>94</ns3:cad>
          </ns3:TrackPointExtension>
        </extensions>
      </trkpt>
      <trkpt lat="22.59181729517877101898193359375" lon="113.8791315257549285888671875">
        <ele>9.6000003814697265625</ele>
        <time>2026-09-14T23:04:45.000Z</time>
        <extensions>
          <ns3:TrackPointExtension>
            <ns3:hr>129</ns3:hr>
            <ns3:cad>94</ns3:cad>
          </ns3:TrackPointExtension>
        </extensions>
      </trkpt>
      <trkpt lat="22.59179986082017421722412109375" lon="113.8791494630277156829833984375">
        <ele>9.6000003814697265625</ele>
        <time>2026-09-14T23:04:46.000Z</time>
        <extensions>
          <ns3:TrackPointExtension>
            <ns3:hr>130</ns3:hr>
            <ns3:cad>94</ns3:cad>
          </ns3:TrackPointExtension>
        </extensions>
      </trkpt>
      <trkpt lat="22.591777481138706207275390625" lon="113.8791658915579319000244140625">
        <ele>9.6000003814697265625</ele>
        <time>2026-09-14T23:04:47.000Z</time>
        <extensions>
          <ns3:TrackPointExtension>
            <ns3:hr>130</ns3:hr>
            <ns3:cad>93</ns3:cad>
          </ns3:TrackPointExtension>
        </extensions>
      </trkpt>
      <trkpt lat="22.591755352914333343505859375" lon="113.879184834659099578857421875">
        <ele>9.6000003814697265625</ele>
        <time>2026-09-14T23:04:48.000Z</time>
        <extensions>
          <ns3:TrackPointExtension>
            <ns3:hr>131</ns3:hr>
            <ns3:cad>92</ns3:cad>
          </ns3:TrackPointExtension>
        </extensions>
      </trkpt>
      <trkpt lat="22.59173758327960968017578125" lon="113.879201598465442657470703125">
        <ele>9.6000003814697265625</ele>
        <time>2026-09-14T23:04:49.000Z</time>
        <extensions>
          <ns3:TrackPointExtension>
            <ns3:hr>130</ns3:hr>
            <ns3:cad>93</ns3:cad>
          </ns3:TrackPointExtension>
        </extensions>
      </trkpt>
      <trkpt lat="22.591713108122348785400390625" lon="113.87922263704240322113037109375">
        <ele>9.6000003814697265625</ele>
        <time>2026-09-14T23:04:50.000Z</time>
        <extensions>
          <ns3:TrackPointExtension>
            <ns3:hr>131</ns3:hr>
            <ns3:cad>94</ns3:cad>
          </ns3:TrackPointExtension>
        </extensions>
      </trkpt>
      <trkpt lat="22.59169341064989566802978515625" lon="113.87924208305776119232177734375">
        <ele>9.6000003814697265625</ele>
        <time>2026-09-14T23:04:51.000Z</time>
        <extensions>
          <ns3:TrackPointExtension>
            <ns3:hr>131</ns3:hr>
            <ns3:cad>94</ns3:cad>
          </ns3:TrackPointExtension>
        </extensions>
      </trkpt>
      <trkpt lat="22.5916713662445545196533203125" lon="113.8792627863585948944091796875">
        <ele>9.6000003814697265625</ele>
        <time>2026-09-14T23:04:52.000Z</time>
        <extensions>
          <ns3:TrackPointExtension>
            <ns3:hr>131</ns3:hr>
            <ns3:cad>94</ns3:cad>
          </ns3:TrackPointExtension>
        </extensions>
      </trkpt>
      <trkpt lat="22.59165116585791110992431640625" lon="113.8792795501649379730224609375">
        <ele>9.6000003814697265625</ele>
        <time>2026-09-14T23:04:53.000Z</time>
        <extensions>
          <ns3:TrackPointExtension>
            <ns3:hr>132</ns3:hr>
            <ns3:cad>93</ns3:cad>
          </ns3:TrackPointExtension>
        </extensions>
      </trkpt>
      <trkpt lat="22.59163473732769489288330078125" lon="113.87929740361869335174560546875">
        <ele>9.6000003814697265625</ele>
        <time>2026-09-14T23:04:54.000Z</time>
        <extensions>
          <ns3:TrackPointExtension>
            <ns3:hr>132</ns3:hr>
            <ns3:cad>93</ns3:cad>
          </ns3:TrackPointExtension>
        </extensions>
      </trkpt>
      <trkpt lat="22.5916135311126708984375" lon="113.8793160952627658843994140625">
        <ele>9.6000003814697265625</ele>
        <time>2026-09-14T23:04:55.000Z</time>
        <extensions>
          <ns3:TrackPointExtension>
            <ns3:hr>132</ns3:hr>
            <ns3:cad>95</ns3:cad>
          </ns3:TrackPointExtension>
        </extensions>
      </trkpt>
      <trkpt lat="22.59159970097243785858154296875" lon="113.87933864258229732513427734375">
        <ele>9.6000003814697265625</ele>
        <time>2026-09-14T23:04:56.000Z</time>
        <extensions>
          <ns3:TrackPointExtension>
            <ns3:hr>132</ns3:hr>
            <ns3:cad>95</ns3:cad>
          </ns3:TrackPointExtension>
        </extensions>
      </trkpt>
      <trkpt lat="22.59157908149063587188720703125" lon="113.87936362065374851226806640625">
        <ele>9.6000003814697265625</ele>
        <time>2026-09-14T23:04:57.000Z</time>
        <extensions>
          <ns3:TrackPointExtension>
            <ns3:hr>132</ns3:hr>
            <ns3:cad>95</ns3:cad>
          </ns3:TrackPointExtension>
        </extensions>
      </trkpt>
      <trkpt lat="22.59156047366559505462646484375" lon="113.87937770225107669830322265625">
        <ele>9.6000003814697265625</ele>
        <time>2026-09-14T23:04:58.000Z</time>
        <extensions>
          <ns3:TrackPointExtension>
            <ns3:hr>133</ns3:hr>
            <ns3:cad>94</ns3:cad>
          </ns3:TrackPointExtension>
        </extensions>
      </trkpt>
      <trkpt lat="22.591535411775112152099609375" lon="113.87939731590449810028076171875">
        <ele>9.6000003814697265625</ele>
        <time>2026-09-14T23:04:59.000Z</time>
        <extensions>
          <ns3:TrackPointExtension>
            <ns3:hr>133</ns3:hr>
            <ns3:cad>94</ns3:cad>
          </ns3:TrackPointExtension>
        </extensions>
      </trkpt>
      <trkpt lat="22.59151755832135677337646484375" lon="113.87942053377628326416015625">
        <ele>9.6000003814697265625</ele>
        <time>2026-09-14T23:05:00.000Z</time>
        <extensions>
          <ns3:TrackPointExtension>
            <ns3:hr>134</ns3:hr>
            <ns3:cad>93</ns3:cad>
          </ns3:TrackPointExtension>
        </extensions>
      </trkpt>
      <trkpt lat="22.5914997048676013946533203125" lon="113.87944190762937068939208984375">
        <ele>9.6000003814697265625</ele>
        <time>2026-09-14T23:05:01.000Z</time>
        <extensions>
          <ns3:TrackPointExtension>
            <ns3:hr>134</ns3:hr>
            <ns3:cad>93</ns3:cad>
          </ns3:TrackPointExtension>
        </extensions>
      </trkpt>
      <trkpt lat="22.591474056243896484375" lon="113.879462443292140960693359375">
        <ele>9.6000003814697265625</ele>
        <time>2026-09-14T23:05:02.000Z</time>
        <extensions>
          <ns3:TrackPointExtension>
            <ns3:hr>134</ns3:hr>
            <ns3:cad>93</ns3:cad>
          </ns3:TrackPointExtension>
        </extensions>
      </trkpt>
      <trkpt lat="22.59145251475274562835693359375" lon="113.87948482297360897064208984375">
        <ele>9.6000003814697265625</ele>
        <time>2026-09-14T23:05:03.000Z</time>
        <extensions>
          <ns3:TrackPointExtension>
            <ns3:hr>135</ns3:hr>
            <ns3:cad>95</ns3:cad>
          </ns3:TrackPointExtension>
        </extensions>
      </trkpt>
      <trkpt lat="22.591424770653247833251953125" lon="113.8795125670731067657470703125">
        <ele>9.6000003814697265625</ele>
        <time>2026-09-14T23:05:04.000Z</time>
        <extensions>
          <ns3:TrackPointExtension>
            <ns3:hr>135</ns3:hr>
            <ns3:cad>95</ns3:cad>
          </ns3:TrackPointExtension>
        </extensions>
      </trkpt>
      <trkpt lat="22.591407336294651031494140625" lon="113.87953142635524272918701171875">
        <ele>9.6000003814697265625</ele>
        <time>2026-09-14T23:05:05.000Z</time>
        <extensions>
          <ns3:TrackPointExtension>
            <ns3:hr>135</ns3:hr>
            <ns3:cad>95</ns3:cad>
          </ns3:TrackPointExtension>
        </extensions>
      </trkpt>
      <trkpt lat="22.5913857109844684600830078125" lon="113.87955539859831333160400390625">
        <ele>9.6000003814697265625</ele>
        <time>2026-09-14T23:05:06.000Z</time>
        <extensions>
          <ns3:TrackPointExtension>
            <ns3:hr>136</ns3:hr>
            <ns3:cad>95</ns3:cad>
          </ns3:TrackPointExtension>
        </extensions>
      </trkpt>
      <trkpt lat="22.59136701934039592742919921875" lon="113.87957987375557422637939453125">
        <ele>9.6000003814697265625</ele>
        <time>2026-09-14T23:05:07.000Z</time>
        <extensions>
          <ns3:TrackPointExtension>
            <ns3:hr>136</ns3:hr>
            <ns3:cad>95</ns3:cad>
          </ns3:TrackPointExtension>
        </extensions>
      </trkpt>
      <trkpt lat="22.59134774096310138702392578125" lon="113.8795997388660907745361328125">
        <ele>9.6000003814697265625</ele>
        <time>2026-09-14T23:05:08.000Z</time>
        <extensions>
          <ns3:TrackPointExtension>
            <ns3:hr>137</ns3:hr>
            <ns3:cad>95</ns3:cad>
          </ns3:TrackPointExtension>
        </extensions>
      </trkpt>
      <trkpt lat="22.59132578037679195404052734375" lon="113.87962630949914455413818359375">
        <ele>9.6000003814697265625</ele>
        <time>2026-09-14T23:05:09.000Z</time>
        <extensions>
          <ns3:TrackPointExtension>
            <ns3:hr>137</ns3:hr>
            <ns3:cad>95</ns3:cad>
          </ns3:TrackPointExtension>
        </extensions>
      </trkpt>
      <trkpt lat="22.59131086058914661407470703125" lon="113.87964592315256595611572265625">
        <ele>9.6000003814697265625</ele>
        <time>2026-09-14T23:05:10.000Z</time>
        <extensions>
          <ns3:TrackPointExtension>
            <ns3:hr>138</ns3:hr>
            <ns3:cad>95</ns3:cad>
          </ns3:TrackPointExtension>
        </extensions>
      </trkpt>
      <trkpt lat="22.59128957055509090423583984375" lon="113.8796704821288585662841796875">
        <ele>9.6000003814697265625</ele>
        <time>2026-09-14T23:05:11.000Z</time>
        <extensions>
          <ns3:TrackPointExtension>
            <ns3:hr>138</ns3:hr>
            <ns3:cad>95</ns3:cad>
          </ns3:TrackPointExtension>
        </extensions>
      </trkpt>
      <trkpt lat="22.59127347730100154876708984375" lon="113.87969118542969226837158203125">
        <ele>9.3999996185302734375</ele>
        <time>2026-09-14T23:05:12.000Z</time>
        <extensions>
          <ns3:TrackPointExtension>
            <ns3:hr>138</ns3:hr>
            <ns3:cad>95</ns3:cad>
          </ns3:TrackPointExtension>
        </extensions>
      </trkpt>
      <trkpt lat="22.591249085962772369384765625" lon="113.8797108829021453857421875">
        <ele>9.3999996185302734375</ele>
        <time>2026-09-14T23:05:13.000Z</time>
        <extensions>
          <ns3:TrackPointExtension>
            <ns3:hr>138</ns3:hr>
            <ns3:cad>93</ns3:cad>
          </ns3:TrackPointExtension>
        </extensions>
      </trkpt>
      <trkpt lat="22.591230310499668121337890625" lon="113.87973208911716938018798828125">
        <ele>9.3999996185302734375</ele>
        <time>2026-09-14T23:05:14.000Z</time>
        <extensions>
          <ns3:TrackPointExtension>
            <ns3:hr>138</ns3:hr>
            <ns3:cad>95</ns3:cad>
          </ns3:TrackPointExtension>
        </extensions>
      </trkpt>
      <trkpt lat="22.59120893664658069610595703125" lon="113.87975044548511505126953125">
        <ele>9.3999996185302734375</ele>
        <time>2026-09-14T23:05:15.000Z</time>
        <extensions>
          <ns3:TrackPointExtension>
            <ns3:hr>138</ns3:hr>
            <ns3:cad>95</ns3:cad>
          </ns3:TrackPointExtension>
        </extensions>
      </trkpt>
      <trkpt lat="22.59118546731770038604736328125" lon="113.8797754235565662384033203125">
        <ele>9.6000003814697265625</ele>
        <time>2026-09-14T23:05:16.000Z</time>
        <extensions>
          <ns3:TrackPointExtension>
            <ns3:hr>137</ns3:hr>
            <ns3:cad>95</ns3:cad>
          </ns3:TrackPointExtension>
        </extensions>
      </trkpt>
      <trkpt lat="22.59116736240684986114501953125" lon="113.879797719419002532958984375">
        <ele>9.6000003814697265625</ele>
        <time>2026-09-14T23:05:17.000Z</time>
        <extensions>
          <ns3:TrackPointExtension>
            <ns3:hr>138</ns3:hr>
            <ns3:cad>96</ns3:cad>
          </ns3:TrackPointExtension>
        </extensions>
      </trkpt>
      <trkpt lat="22.591142468154430389404296875" lon="113.87981657870113849639892578125">
        <ele>9.6000003814697265625</ele>
        <time>2026-09-14T23:05:18.000Z</time>
        <extensions>
          <ns3:TrackPointExtension>
            <ns3:hr>138</ns3:hr>
            <ns3:cad>95</ns3:cad>
          </ns3:TrackPointExtension>
        </extensions>
      </trkpt>
      <trkpt lat="22.5911238603293895721435546875" lon="113.87983971275389194488525390625">
        <ele>9.6000003814697265625</ele>
        <time>2026-09-14T23:05:19.000Z</time>
        <extensions>
          <ns3:TrackPointExtension>
            <ns3:hr>138</ns3:hr>
            <ns3:cad>93</ns3:cad>
          </ns3:TrackPointExtension>
        </extensions>
      </trkpt>
      <trkpt lat="22.59110927581787109375" lon="113.879863433539867401123046875">
        <ele>9.3999996185302734375</ele>
        <time>2026-09-14T23:05:20.000Z</time>
        <extensions>
          <ns3:TrackPointExtension>
            <ns3:hr>139</ns3:hr>
            <ns3:cad>93</ns3:cad>
          </ns3:TrackPointExtension>
        </extensions>
      </trkpt>
      <trkpt lat="22.5910869799554347991943359375" lon="113.87988665141165256500244140625">
        <ele>9.3999996185302734375</ele>
        <time>2026-09-14T23:05:21.000Z</time>
        <extensions>
          <ns3:TrackPointExtension>
            <ns3:hr>139</ns3:hr>
            <ns3:cad>93</ns3:cad>
          </ns3:TrackPointExtension>
        </extensions>
      </trkpt>
      <trkpt lat="22.5910645164549350738525390625" lon="113.87990735471248626708984375">
        <ele>9.3999996185302734375</ele>
        <time>2026-09-14T23:05:22.000Z</time>
        <extensions>
          <ns3:TrackPointExtension>
            <ns3:hr>139</ns3:hr>
            <ns3:cad>93</ns3:cad>
          </ns3:TrackPointExtension>
        </extensions>
      </trkpt>
      <trkpt lat="22.5910381972789764404296875" lon="113.87993275187909603118896484375">
        <ele>9.3999996185302734375</ele>
        <time>2026-09-14T23:05:23.000Z</time>
        <extensions>
          <ns3:TrackPointExtension>
            <ns3:hr>139</ns3:hr>
            <ns3:cad>96</ns3:cad>
          </ns3:TrackPointExtension>
        </extensions>
      </trkpt>
      <trkpt lat="22.5910169072449207305908203125" lon="113.87995965778827667236328125">
        <ele>9.3999996185302734375</ele>
        <time>2026-09-14T23:05:24.000Z</time>
        <extensions>
          <ns3:TrackPointExtension>
            <ns3:hr>139</ns3:hr>
            <ns3:cad>96</ns3:cad>
          </ns3:TrackPointExtension>
        </extensions>
      </trkpt>
      <trkpt lat="22.5909984670579433441162109375" lon="113.87997734360396862030029296875">
        <ele>9.3999996185302734375</ele>
        <time>2026-09-14T23:05:25.000Z</time>
        <extensions>
          <ns3:TrackPointExtension>
            <ns3:hr>138</ns3:hr>
            <ns3:cad>96</ns3:cad>
          </ns3:TrackPointExtension>
        </extensions>
      </trkpt>
      <trkpt lat="22.59097223170101642608642578125" lon="113.88000315986573696136474609375">
        <ele>9.3999996185302734375</ele>
        <time>2026-09-14T23:05:26.000Z</time>
        <extensions>
          <ns3:TrackPointExtension>
            <ns3:hr>139</ns3:hr>
            <ns3:cad>96</ns3:cad>
          </ns3:TrackPointExtension>
        </extensions>
      </trkpt>
      <trkpt lat="22.59095848537981510162353515625" lon="113.8800247013568878173828125">
        <ele>9.3999996185302734375</ele>
        <time>2026-09-14T23:05:27.000Z</time>
        <extensions>
          <ns3:TrackPointExtension>
            <ns3:hr>139</ns3:hr>
            <ns3:cad>96</ns3:cad>
          </ns3:TrackPointExtension>
        </extensions>
      </trkpt>
      <trkpt lat="22.59093560278415679931640625" lon="113.88004641048610210418701171875">
        <ele>9.19999980926513671875</ele>
        <time>2026-09-14T23:05:28.000Z</time>
        <extensions>
          <ns3:TrackPointExtension>
            <ns3:hr>138</ns3:hr>
            <ns3:cad>96</ns3:cad>
          </ns3:TrackPointExtension>
        </extensions>
      </trkpt>
      <trkpt lat="22.5909233652055263519287109375" lon="113.88007021509110927581787109375">
        <ele>9.19999980926513671875</ele>
        <time>2026-09-14T23:05:29.000Z</time>
        <extensions>
          <ns3:TrackPointExtension>
            <ns3:hr>139</ns3:hr>
            <ns3:cad>95</ns3:cad>
          </ns3:TrackPointExtension>
        </extensions>
      </trkpt>
      <trkpt lat="22.59089763276278972625732421875" lon="113.880085386335849761962890625">
        <ele>9.19999980926513671875</ele>
        <time>2026-09-14T23:05:30.000Z</time>
        <extensions>
          <ns3:TrackPointExtension>
            <ns3:hr>139</ns3:hr>
            <ns3:cad>95</ns3:cad>
          </ns3:TrackPointExtension>
        </extensions>
      </trkpt>
      <trkpt lat="22.59087667800486087799072265625" lon="113.8801024854183197021484375">
        <ele>9.19999980926513671875</ele>
        <time>2026-09-14T23:05:31.000Z</time>
        <extensions>
          <ns3:TrackPointExtension>
            <ns3:hr>139</ns3:hr>
            <ns3:cad>95</ns3:cad>
          </ns3:TrackPointExtension>
        </extensions>
      </trkpt>
      <trkpt lat="22.59085639379918575286865234375" lon="113.8801187463104724884033203125">
        <ele>9.3999996185302734375</ele>
        <time>2026-09-14T23:05:32.000Z</time>
        <extensions>
          <ns3:TrackPointExtension>
            <ns3:hr>139</ns3:hr>
            <ns3:cad>94</ns3:cad>
          </ns3:TrackPointExtension>
        </extensions>
      </trkpt>
      <trkpt lat="22.5908335112035274505615234375" lon="113.8801438920199871063232421875">
        <ele>9.3999996185302734375</ele>
        <time>2026-09-14T23:05:33.000Z</time>
        <extensions>
          <ns3:TrackPointExtension>
            <ns3:hr>139</ns3:hr>
            <ns3:cad>95</ns3:cad>
          </ns3:TrackPointExtension>
        </extensions>
      </trkpt>
      <trkpt lat="22.5908174179494380950927734375" lon="113.88016509823501110076904296875">
        <ele>9.3999996185302734375</ele>
        <time>2026-09-14T23:05:34.000Z</time>
        <extensions>
          <ns3:TrackPointExtension>
            <ns3:hr>139</ns3:hr>
            <ns3:cad>95</ns3:cad>
          </ns3:TrackPointExtension>
        </extensions>
      </trkpt>
      <trkpt lat="22.59078917093575000762939453125" lon="113.88019141741096973419189453125">
        <ele>9.3999996185302734375</ele>
        <time>2026-09-14T23:05:35.000Z</time>
        <extensions>
          <ns3:TrackPointExtension>
            <ns3:hr>139</ns3:hr>
            <ns3:cad>94</ns3:cad>
          </ns3:TrackPointExtension>
        </extensions>
      </trkpt>
      <trkpt lat="22.590775676071643829345703125" lon="113.88021538965404033660888671875">
        <ele>9.19999980926513671875</ele>
        <time>2026-09-14T23:05:36.000Z</time>
        <extensions>
          <ns3:TrackPointExtension>
            <ns3:hr>139</ns3:hr>
            <ns3:cad>94</ns3:cad>
          </ns3:TrackPointExtension>
        </extensions>
      </trkpt>
      <trkpt lat="22.59075321257114410400390625" lon="113.8802340812981128692626953125">
        <ele>9.19999980926513671875</ele>
        <time>2026-09-14T23:05:37.000Z</time>
        <extensions>
          <ns3:TrackPointExtension>
            <ns3:hr>139</ns3:hr>
            <ns3:cad>93</ns3:cad>
          </ns3:TrackPointExtension>
        </extensions>
      </trkpt>
      <trkpt lat="22.59072982706129550933837890625" lon="113.8802541978657245635986328125">
        <ele>9.19999980926513671875</ele>
        <time>2026-09-14T23:05:38.000Z</time>
        <extensions>
          <ns3:TrackPointExtension>
            <ns3:hr>140</ns3:hr>
            <ns3:cad>93</ns3:cad>
          </ns3:TrackPointExtension>
        </extensions>
      </trkpt>
      <trkpt lat="22.59071138687431812286376953125" lon="113.88027154840528964996337890625">
        <ele>9.19999980926513671875</ele>
        <time>2026-09-14T23:05:39.000Z</time>
        <extensions>
          <ns3:TrackPointExtension>
            <ns3:hr>140</ns3:hr>
            <ns3:cad>94</ns3:cad>
          </ns3:TrackPointExtension>
        </extensions>
      </trkpt>
      <trkpt lat="22.5906829722225666046142578125" lon="113.88029635883867740631103515625">
        <ele>9.19999980926513671875</ele>
        <time>2026-09-14T23:05:40.000Z</time>
        <extensions>
          <ns3:TrackPointExtension>
            <ns3:hr>140</ns3:hr>
            <ns3:cad>95</ns3:cad>
          </ns3:TrackPointExtension>
        </extensions>
      </trkpt>
      <trkpt lat="22.59066545404493808746337890625" lon="113.88032033108174800872802734375">
        <ele>9.19999980926513671875</ele>
        <time>2026-09-14T23:05:41.000Z</time>
        <extensions>
          <ns3:TrackPointExtension>
            <ns3:hr>139</ns3:hr>
            <ns3:cad>95</ns3:cad>
          </ns3:TrackPointExtension>
        </extensions>
      </trkpt>
      <trkpt lat="22.59064181707799434661865234375" lon="113.88033994473516941070556640625">
        <ele>9.19999980926513671875</ele>
        <time>2026-09-14T23:05:42.000Z</time>
        <extensions>
          <ns3:TrackPointExtension>
            <ns3:hr>140</ns3:hr>
            <ns3:cad>95</ns3:cad>
          </ns3:TrackPointExtension>
        </extensions>
      </trkpt>
      <trkpt lat="22.59062069468200206756591796875" lon="113.8803653419017791748046875">
        <ele>9.19999980926513671875</ele>
        <time>2026-09-14T23:05:43.000Z</time>
        <extensions>
          <ns3:TrackPointExtension>
            <ns3:hr>140</ns3:hr>
            <ns3:cad>95</ns3:cad>
          </ns3:TrackPointExtension>
        </extensions>
      </trkpt>
      <trkpt lat="22.5906058587133884429931640625" lon="113.88038386590778827667236328125">
        <ele>9.19999980926513671875</ele>
        <time>2026-09-14T23:05:44.000Z</time>
        <extensions>
          <ns3:TrackPointExtension>
            <ns3:hr>140</ns3:hr>
            <ns3:cad>95</ns3:cad>
          </ns3:TrackPointExtension>
        </extensions>
      </trkpt>
      <trkpt lat="22.590585239231586456298828125" lon="113.88040649704635143280029296875">
        <ele>9.19999980926513671875</ele>
        <time>2026-09-14T23:05:45.000Z</time>
        <extensions>
          <ns3:TrackPointExtension>
            <ns3:hr>140</ns3:hr>
            <ns3:cad>96</ns3:cad>
          </ns3:TrackPointExtension>
        </extensions>
      </trkpt>
      <trkpt lat="22.59056939743459224700927734375" lon="113.880426697432994842529296875">
        <ele>9.19999980926513671875</ele>
        <time>2026-09-14T23:05:46.000Z</time>
        <extensions>
          <ns3:TrackPointExtension>
            <ns3:hr>140</ns3:hr>
            <ns3:cad>96</ns3:cad>
          </ns3:TrackPointExtension>
        </extensions>
      </trkpt>
      <trkpt lat="22.5905465148389339447021484375" lon="113.88045108877122402191162109375">
        <ele>9.19999980926513671875</ele>
        <time>2026-09-14T23:05:47.000Z</time>
        <extensions>
          <ns3:TrackPointExtension>
            <ns3:hr>140</ns3:hr>
            <ns3:cad>96</ns3:cad>
          </ns3:TrackPointExtension>
        </extensions>
      </trkpt>
      <trkpt lat="22.590527236461639404296875" lon="113.880471624433994293212890625">
        <ele>9.19999980926513671875</ele>
        <time>2026-09-14T23:05:48.000Z</time>
        <extensions>
          <ns3:TrackPointExtension>
            <ns3:hr>140</ns3:hr>
            <ns3:cad>96</ns3:cad>
          </ns3:TrackPointExtension>
        </extensions>
      </trkpt>
      <trkpt lat="22.590494044125080108642578125" lon="113.880483694374561309814453125">
        <ele>9.19999980926513671875</ele>
        <time>2026-09-14T23:05:49.000Z</time>
        <extensions>
          <ns3:TrackPointExtension>
            <ns3:hr>140</ns3:hr>
            <ns3:cad>93</ns3:cad>
          </ns3:TrackPointExtension>
        </extensions>
      </trkpt>
      <trkpt lat="22.59046428836882114410400390625" lon="113.8804935850203037261962890625">
        <ele>9.3999996185302734375</ele>
        <time>2026-09-14T23:05:50.000Z</time>
        <extensions>
          <ns3:TrackPointExtension>
            <ns3:hr>140</ns3:hr>
            <ns3:cad>93</ns3:cad>
          </ns3:TrackPointExtension>
        </extensions>
      </trkpt>
      <trkpt lat="22.59043126367032527923583984375" lon="113.880492746829986572265625">
        <ele>9.3999996185302734375</ele>
        <time>2026-09-14T23:05:51.000Z</time>
        <extensions>
          <ns3:TrackPointExtension>
            <ns3:hr>140</ns3:hr>
            <ns3:cad>93</ns3:cad>
          </ns3:TrackPointExtension>
        </extensions>
      </trkpt>
      <trkpt lat="22.5903976522386074066162109375" lon="113.8804949261248111724853515625">
        <ele>9.3999996185302734375</ele>
        <time>2026-09-14T23:05:52.000Z</time>
        <extensions>
          <ns3:TrackPointExtension>
            <ns3:hr>140</ns3:hr>
            <ns3:cad>94</ns3:cad>
          </ns3:TrackPointExtension>
        </extensions>
      </trkpt>
      <trkpt lat="22.59037091396749019622802734375" lon="113.88049165718257427215576171875">
        <ele>9.3999996185302734375</ele>
        <time>2026-09-14T23:05:53.000Z</time>
        <extensions>
          <ns3:TrackPointExtension>
            <ns3:hr>140</ns3:hr>
            <ns3:cad>95</ns3:cad>
          </ns3:TrackPointExtension>
        </extensions>
      </trkpt>
      <trkpt lat="22.59033738635480403900146484375" lon="113.8804727979004383087158203125">
        <ele>9.3999996185302734375</ele>
        <time>2026-09-14T23:05:54.000Z</time>
        <extensions>
          <ns3:TrackPointExtension>
            <ns3:hr>140</ns3:hr>
            <ns3:cad>94</ns3:cad>
          </ns3:TrackPointExtension>
        </extensions>
      </trkpt>
      <trkpt lat="22.59031106717884540557861328125" lon="113.8804600574076175689697265625">
        <ele>9.19999980926513671875</ele>
        <time>2026-09-14T23:05:55.000Z</time>
        <extensions>
          <ns3:TrackPointExtension>
            <ns3:hr>140</ns3:hr>
            <ns3:cad>94</ns3:cad>
          </ns3:TrackPointExtension>
        </extensions>
      </trkpt>
      <trkpt lat="22.5902829878032207489013671875" lon="113.88043516315519809722900390625">
        <ele>9.19999980926513671875</ele>
        <time>2026-09-14T23:05:56.000Z</time>
        <extensions>
          <ns3:TrackPointExtension>
            <ns3:hr>140</ns3:hr>
            <ns3:cad>94</ns3:cad>
          </ns3:TrackPointExtension>
        </extensions>
      </trkpt>
      <trkpt lat="22.59025524370372295379638671875" lon="113.88041370548307895660400390625">
        <ele>9.19999980926513671875</ele>
        <time>2026-09-14T23:05:57.000Z</time>
        <extensions>
          <ns3:TrackPointExtension>
            <ns3:hr>140</ns3:hr>
            <ns3:cad>94</ns3:cad>
          </ns3:TrackPointExtension>
        </extensions>
      </trkpt>
      <trkpt lat="22.5902320258319377899169921875" lon="113.88039308600127696990966796875">
        <ele>9.19999980926513671875</ele>
        <time>2026-09-14T23:05:58.000Z</time>
        <extensions>
          <ns3:TrackPointExtension>
            <ns3:hr>140</ns3:hr>
            <ns3:cad>94</ns3:cad>
          </ns3:TrackPointExtension>
        </extensions>
      </trkpt>
      <trkpt lat="22.59020813740789890289306640625" lon="113.88036458753049373626708984375">
        <ele>9.3999996185302734375</ele>
        <time>2026-09-14T23:05:59.000Z</time>
        <extensions>
          <ns3:TrackPointExtension>
            <ns3:hr>140</ns3:hr>
            <ns3:cad>95</ns3:cad>
          </ns3:TrackPointExtension>
        </extensions>
      </trkpt>
      <trkpt lat="22.5901874341070652008056640625" lon="113.8803376816213130950927734375">
        <ele>9.3999996185302734375</ele>
        <time>2026-09-14T23:06:00.000Z</time>
        <extensions>
          <ns3:TrackPointExtension>
            <ns3:hr>140</ns3:hr>
            <ns3:cad>95</ns3:cad>
          </ns3:TrackPointExtension>
        </extensions>
      </trkpt>
      <trkpt lat="22.59016538970172405242919921875" lon="113.88030826114118099212646484375">
        <ele>9.3999996185302734375</ele>
        <time>2026-09-14T23:06:01.000Z</time>
        <extensions>
          <ns3:TrackPointExtension>
            <ns3:hr>141</ns3:hr>
            <ns3:cad>95</ns3:cad>
          </ns3:TrackPointExtension>
        </extensions>
      </trkpt>
      <trkpt lat="22.5901431776583194732666015625" lon="113.880285210907459259033203125">
        <ele>9.3999996185302734375</ele>
        <time>2026-09-14T23:06:02.000Z</time>
        <extensions>
          <ns3:TrackPointExtension>
            <ns3:hr>141</ns3:hr>
            <ns3:cad>95</ns3:cad>
          </ns3:TrackPointExtension>
        </extensions>
      </trkpt>
      <trkpt lat="22.5901203788816928863525390625" lon="113.88026065193116664886474609375">
        <ele>9.3999996185302734375</ele>
        <time>2026-09-14T23:06:03.000Z</time>
        <extensions>
          <ns3:TrackPointExtension>
            <ns3:hr>141</ns3:hr>
            <ns3:cad>95</ns3:cad>
          </ns3:TrackPointExtension>
        </extensions>
      </trkpt>
      <trkpt lat="22.59009514935314655303955078125" lon="113.88023030944168567657470703125">
        <ele>9.19999980926513671875</ele>
        <time>2026-09-14T23:06:04.000Z</time>
        <extensions>
          <ns3:TrackPointExtension>
            <ns3:hr>141</ns3:hr>
            <ns3:cad>94</ns3:cad>
          </ns3:TrackPointExtension>
        </extensions>
      </trkpt>
      <trkpt lat="22.59007721208035945892333984375" lon="113.88020650483667850494384765625">
        <ele>9.19999980926513671875</ele>
        <time>2026-09-14T23:06:05.000Z</time>
        <extensions>
          <ns3:TrackPointExtension>
            <ns3:hr>141</ns3:hr>
            <ns3:cad>94</ns3:cad>
          </ns3:TrackPointExtension>
        </extensions>
      </trkpt>
      <trkpt lat="22.59005407802760601043701171875" lon="113.8801710493862628936767578125">
        <ele>9.19999980926513671875</ele>
        <time>2026-09-14T23:06:06.000Z</time>
        <extensions>
          <ns3:TrackPointExtension>
            <ns3:hr>142</ns3:hr>
            <ns3:cad>94</ns3:cad>
          </ns3:TrackPointExtension>
        </extensions>
      </trkpt>
      <trkpt lat="22.590030021965503692626953125" lon="113.88015168718993663787841796875">
        <ele>9.19999980926513671875</ele>
        <time>2026-09-14T23:06:07.000Z</time>
        <extensions>
          <ns3:TrackPointExtension>
            <ns3:hr>143</ns3:hr>
            <ns3:cad>94</ns3:cad>
          </ns3:TrackPointExtension>
        </extensions>
      </trkpt>
      <trkpt lat="22.590011917054653167724609375" lon="113.8801224343478679656982421875">
        <ele>9.19999980926513671875</ele>
        <time>2026-09-14T23:06:08.000Z</time>
        <extensions>
          <ns3:TrackPointExtension>
            <ns3:hr>143</ns3:hr>
            <ns3:cad>95</ns3:cad>
          </ns3:TrackPointExtension>
        </extensions>
      </trkpt>
      <trkpt lat="22.5899916328489780426025390625" lon="113.88009569607675075531005859375">
        <ele>9.19999980926513671875</ele>
        <time>2026-09-14T23:06:09.000Z</time>
        <extensions>
          <ns3:TrackPointExtension>
            <ns3:hr>143</ns3:hr>
            <ns3:cad>95</ns3:cad>
          </ns3:TrackPointExtension>
        </extensions>
      </trkpt>
      <trkpt lat="22.589975707232952117919921875" lon="113.8800798542797565460205078125">
        <ele>9.19999980926513671875</ele>
        <time>2026-09-14T23:06:10.000Z</time>
        <extensions>
          <ns3:TrackPointExtension>
            <ns3:hr>143</ns3:hr>
            <ns3:cad>95</ns3:cad>
          </ns3:TrackPointExtension>
        </extensions>
      </trkpt>
      <trkpt lat="22.58995282463729381561279296875" lon="113.8800500147044658660888671875">
        <ele>9.19999980926513671875</ele>
        <time>2026-09-14T23:06:11.000Z</time>
        <extensions>
          <ns3:TrackPointExtension>
            <ns3:hr>144</ns3:hr>
            <ns3:cad>95</ns3:cad>
          </ns3:TrackPointExtension>
        </extensions>
      </trkpt>
      <trkpt lat="22.589931786060333251953125" lon="113.88003341853618621826171875">
        <ele>9.19999980926513671875</ele>
        <time>2026-09-14T23:06:12.000Z</time>
        <extensions>
          <ns3:TrackPointExtension>
            <ns3:hr>143</ns3:hr>
            <ns3:cad>95</ns3:cad>
          </ns3:TrackPointExtension>
        </extensions>
      </trkpt>
      <trkpt lat="22.58990622125566005706787109375" lon="113.880011625587940216064453125">
        <ele>9.3999996185302734375</ele>
        <time>2026-09-14T23:06:13.000Z</time>
        <extensions>
          <ns3:TrackPointExtension>
            <ns3:hr>143</ns3:hr>
            <ns3:cad>94</ns3:cad>
          </ns3:TrackPointExtension>
        </extensions>
      </trkpt>
      <trkpt lat="22.5898816622793674468994140625" lon="113.87998656369745731353759765625">
        <ele>9.19999980926513671875</ele>
        <time>2026-09-14T23:06:14.000Z</time>
        <extensions>
          <ns3:TrackPointExtension>
            <ns3:hr>143</ns3:hr>
            <ns3:cad>94</ns3:cad>
          </ns3:TrackPointExtension>
        </extensions>
      </trkpt>
      <trkpt lat="22.58986196480691432952880859375" lon="113.879964016377925872802734375">
        <ele>9.19999980926513671875</ele>
        <time>2026-09-14T23:06:15.000Z</time>
        <extensions>
          <ns3:TrackPointExtension>
            <ns3:hr>144</ns3:hr>
            <ns3:cad>94</ns3:cad>
          </ns3:TrackPointExtension>
        </extensions>
      </trkpt>
      <trkpt lat="22.58983816020190715789794921875" lon="113.87993576936423778533935546875">
        <ele>9.19999980926513671875</ele>
        <time>2026-09-14T23:06:16.000Z</time>
        <extensions>
          <ns3:TrackPointExtension>
            <ns3:hr>144</ns3:hr>
            <ns3:cad>94</ns3:cad>
          </ns3:TrackPointExtension>
        </extensions>
      </trkpt>
      <trkpt lat="22.58982139639556407928466796875" lon="113.87991246767342090606689453125">
        <ele>9.19999980926513671875</ele>
        <time>2026-09-14T23:06:17.000Z</time>
        <extensions>
          <ns3:TrackPointExtension>
            <ns3:hr>145</ns3:hr>
            <ns3:cad>94</ns3:cad>
          </ns3:TrackPointExtension>
        </extensions>
      </trkpt>
      <trkpt lat="22.58980647660791873931884765625" lon="113.8798813708126544952392578125">
        <ele>9.19999980926513671875</ele>
        <time>2026-09-14T23:06:18.000Z</time>
        <extensions>
          <ns3:TrackPointExtension>
            <ns3:hr>145</ns3:hr>
            <ns3:cad>95</ns3:cad>
          </ns3:TrackPointExtension>
        </extensions>
      </trkpt>
      <trkpt lat="22.58979071862995624542236328125" lon="113.87985714711248874664306640625">
        <ele>9.19999980926513671875</ele>
        <time>2026-09-14T23:06:19.000Z</time>
        <extensions>
          <ns3:TrackPointExtension>
            <ns3:hr>146</ns3:hr>
            <ns3:cad>95</ns3:cad>
          </ns3:TrackPointExtension>
        </extensions>
      </trkpt>
      <trkpt lat="22.58977420628070831298828125" lon="113.8798317499458789825439453125">
        <ele>9.19999980926513671875</ele>
        <time>2026-09-14T23:06:20.000Z</time>
        <extensions>
          <ns3:TrackPointExtension>
            <ns3:hr>146</ns3:hr>
            <ns3:cad>96</ns3:cad>
          </ns3:TrackPointExtension>
        </extensions>
      </trkpt>
      <trkpt lat="22.58975719101727008819580078125" lon="113.8798055984079837799072265625">
        <ele>9.19999980926513671875</ele>
        <time>2026-09-14T23:06:21.000Z</time>
        <extensions>
          <ns3:TrackPointExtension>
            <ns3:hr>146</ns3:hr>
            <ns3:cad>96</ns3:cad>
          </ns3:TrackPointExtension>
        </extensions>
      </trkpt>
      <trkpt lat="22.58974143303930759429931640625" lon="113.87978506274521350860595703125">
        <ele>9.19999980926513671875</ele>
        <time>2026-09-14T23:06:22.000Z</time>
        <extensions>
          <ns3:TrackPointExtension>
            <ns3:hr>145</ns3:hr>
            <ns3:cad>96</ns3:cad>
          </ns3:TrackPointExtension>
        </extensions>
      </trkpt>
      <trkpt lat="22.5897260941565036773681640625" lon="113.8797618448734283447265625">
        <ele>9.19999980926513671875</ele>
        <time>2026-09-14T23:06:23.000Z</time>
        <extensions>
          <ns3:TrackPointExtension>
            <ns3:hr>145</ns3:hr>
            <ns3:cad>95</ns3:cad>
          </ns3:TrackPointExtension>
        </extensions>
      </trkpt>
      <trkpt lat="22.58970622904598712921142578125" lon="113.87974281795322895050048828125">
        <ele>9</ele>
        <time>2026-09-14T23:06:24.000Z</time>
        <extensions>
          <ns3:TrackPointExtension>
            <ns3:hr>144</ns3:hr>
            <ns3:cad>95</ns3:cad>
          </ns3:TrackPointExtension>
        </extensions>
      </trkpt>
      <trkpt lat="22.58968058042228221893310546875" lon="113.87970945797860622406005859375">
        <ele>9</ele>
        <time>2026-09-14T23:06:25.000Z</time>
        <extensions>
          <ns3:TrackPointExtension>
            <ns3:hr>144</ns3:hr>
            <ns3:cad>94</ns3:cad>
          </ns3:TrackPointExtension>
        </extensions>
      </trkpt>
      <trkpt lat="22.58966130204498767852783203125" lon="113.87969118542969226837158203125">
        <ele>9</ele>
        <time>2026-09-14T23:06:26.000Z</time>
        <extensions>
          <ns3:TrackPointExtension>
            <ns3:hr>144</ns3:hr>
            <ns3:cad>93</ns3:cad>
          </ns3:TrackPointExtension>
        </extensions>
      </trkpt>
      <trkpt lat="22.58964085020124912261962890625" lon="113.87966193258762359619140625">
        <ele>9</ele>
        <time>2026-09-14T23:06:27.000Z</time>
        <extensions>
          <ns3:TrackPointExtension>
            <ns3:hr>144</ns3:hr>
            <ns3:cad>93</ns3:cad>
          </ns3:TrackPointExtension>
        </extensions>
      </trkpt>
      <trkpt lat="22.58962375111877918243408203125" lon="113.8796413131058216094970703125">
        <ele>9</ele>
        <time>2026-09-14T23:06:28.000Z</time>
        <extensions>
          <ns3:TrackPointExtension>
            <ns3:hr>145</ns3:hr>
            <ns3:cad>92</ns3:cad>
          </ns3:TrackPointExtension>
        </extensions>
      </trkpt>
      <trkpt lat="22.58960723876953125" lon="113.879618011415004730224609375">
        <ele>9</ele>
        <time>2026-09-14T23:06:29.000Z</time>
        <extensions>
          <ns3:TrackPointExtension>
            <ns3:hr>145</ns3:hr>
            <ns3:cad>93</ns3:cad>
          </ns3:TrackPointExtension>
        </extensions>
      </trkpt>
      <trkpt lat="22.58958603255450725555419921875" lon="113.87959177605807781219482421875">
        <ele>9</ele>
        <time>2026-09-14T23:06:30.000Z</time>
        <extensions>
          <ns3:TrackPointExtension>
            <ns3:hr>145</ns3:hr>
            <ns3:cad>94</ns3:cad>
          </ns3:TrackPointExtension>
        </extensions>
      </trkpt>
      <trkpt lat="22.5895678438246250152587890625" lon="113.8795688934624195098876953125">
        <ele>9</ele>
        <time>2026-09-14T23:06:31.000Z</time>
        <extensions>
          <ns3:TrackPointExtension>
            <ns3:hr>146</ns3:hr>
            <ns3:cad>94</ns3:cad>
          </ns3:TrackPointExtension>
        </extensions>
      </trkpt>
      <trkpt lat="22.58954890072345733642578125" lon="113.87954802252352237701416015625">
        <ele>9.19999980926513671875</ele>
        <time>2026-09-14T23:06:32.000Z</time>
        <extensions>
          <ns3:TrackPointExtension>
            <ns3:hr>146</ns3:hr>
            <ns3:cad>94</ns3:cad>
          </ns3:TrackPointExtension>
        </extensions>
      </trkpt>
      <trkpt lat="22.589527778327465057373046875" lon="113.87952522374689579010009765625">
        <ele>9.19999980926513671875</ele>
        <time>2026-09-14T23:06:33.000Z</time>
        <extensions>
          <ns3:TrackPointExtension>
            <ns3:hr>146</ns3:hr>
            <ns3:cad>93</ns3:cad>
          </ns3:TrackPointExtension>
        </extensions>
      </trkpt>
      <trkpt lat="22.5895058177411556243896484375" lon="113.87949856929481029510498046875">
        <ele>9.19999980926513671875</ele>
        <time>2026-09-14T23:06:34.000Z</time>
        <extensions>
          <ns3:TrackPointExtension>
            <ns3:hr>146</ns3:hr>
            <ns3:cad>93</ns3:cad>
          </ns3:TrackPointExtension>
        </extensions>
      </trkpt>
      <trkpt lat="22.5894880481064319610595703125" lon="113.8794780336320400238037109375">
        <ele>9.19999980926513671875</ele>
        <time>2026-09-14T23:06:35.000Z</time>
        <extensions>
          <ns3:TrackPointExtension>
            <ns3:hr>145</ns3:hr>
            <ns3:cad>93</ns3:cad>
          </ns3:TrackPointExtension>
        </extensions>
      </trkpt>
      <trkpt lat="22.5894672609865665435791015625" lon="113.8794600963592529296875">
        <ele>9.19999980926513671875</ele>
        <time>2026-09-14T23:06:36.000Z</time>
        <extensions>
          <ns3:TrackPointExtension>
            <ns3:hr>145</ns3:hr>
            <ns3:cad>94</ns3:cad>
          </ns3:TrackPointExtension>
        </extensions>
      </trkpt>
      <trkpt lat="22.58944404311478137969970703125" lon="113.87943671084940433502197265625">
        <ele>9.19999980926513671875</ele>
        <time>2026-09-14T23:06:37.000Z</time>
        <extensions>
          <ns3:TrackPointExtension>
            <ns3:hr>145</ns3:hr>
            <ns3:cad>94</ns3:cad>
          </ns3:TrackPointExtension>
        </extensions>
      </trkpt>
      <trkpt lat="22.58942459709942340850830078125" lon="113.879413492977619171142578125">
        <ele>9.19999980926513671875</ele>
        <time>2026-09-14T23:06:38.000Z</time>
        <extensions>
          <ns3:TrackPointExtension>
            <ns3:hr>145</ns3:hr>
            <ns3:cad>95</ns3:cad>
          </ns3:TrackPointExtension>
        </extensions>
      </trkpt>
      <trkpt lat="22.5894022174179553985595703125" lon="113.87938700616359710693359375">
        <ele>9.19999980926513671875</ele>
        <time>2026-09-14T23:06:39.000Z</time>
        <extensions>
          <ns3:TrackPointExtension>
            <ns3:hr>145</ns3:hr>
            <ns3:cad>95</ns3:cad>
          </ns3:TrackPointExtension>
        </extensions>
      </trkpt>
      <trkpt lat="22.58938235230743885040283203125" lon="113.87936018407344818115234375">
        <ele>9</ele>
        <time>2026-09-14T23:06:40.000Z</time>
        <extensions>
          <ns3:TrackPointExtension>
            <ns3:hr>145</ns3:hr>
            <ns3:cad>95</ns3:cad>
          </ns3:TrackPointExtension>
        </extensions>
      </trkpt>
      <trkpt lat="22.58936324156820774078369140625" lon="113.87932707555592060089111328125">
        <ele>9</ele>
        <time>2026-09-14T23:06:41.000Z</time>
        <extensions>
          <ns3:TrackPointExtension>
            <ns3:hr>144</ns3:hr>
            <ns3:cad>96</ns3:cad>
          </ns3:TrackPointExtension>
        </extensions>
      </trkpt>
      <trkpt lat="22.589339353144168853759765625" lon="113.87930159457027912139892578125">
        <ele>9</ele>
        <time>2026-09-14T23:06:42.000Z</time>
        <extensions>
          <ns3:TrackPointExtension>
            <ns3:hr>145</ns3:hr>
            <ns3:cad>96</ns3:cad>
          </ns3:TrackPointExtension>
        </extensions>
      </trkpt>
      <trkpt lat="22.58931982330977916717529296875" lon="113.8792782090604305267333984375">
        <ele>9</ele>
        <time>2026-09-14T23:06:43.000Z</time>
        <extensions>
          <ns3:TrackPointExtension>
            <ns3:hr>145</ns3:hr>
            <ns3:cad>96</ns3:cad>
          </ns3:TrackPointExtension>
        </extensions>
      </trkpt>
      <trkpt lat="22.589297108352184295654296875" lon="113.87924677692353725433349609375">
        <ele>9</ele>
        <time>2026-09-14T23:06:44.000Z</time>
        <extensions>
          <ns3:TrackPointExtension>
            <ns3:hr>145</ns3:hr>
            <ns3:cad>95</ns3:cad>
          </ns3:TrackPointExtension>
        </extensions>
      </trkpt>
      <trkpt lat="22.5892786681652069091796875" lon="113.87922163121402263641357421875">
        <ele>9.19999980926513671875</ele>
        <time>2026-09-14T23:06:45.000Z</time>
        <extensions>
          <ns3:TrackPointExtension>
            <ns3:hr>145</ns3:hr>
            <ns3:cad>95</ns3:cad>
          </ns3:TrackPointExtension>
        </extensions>
      </trkpt>
      <trkpt lat="22.589261569082736968994140625" lon="113.8791943900287151336669921875">
        <ele>9.19999980926513671875</ele>
        <time>2026-09-14T23:06:46.000Z</time>
        <extensions>
          <ns3:TrackPointExtension>
            <ns3:hr>145</ns3:hr>
            <ns3:cad>94</ns3:cad>
          </ns3:TrackPointExtension>
        </extensions>
      </trkpt>
      <trkpt lat="22.589244134724140167236328125" lon="113.87917066924273967742919921875">
        <ele>9.19999980926513671875</ele>
        <time>2026-09-14T23:06:47.000Z</time>
        <extensions>
          <ns3:TrackPointExtension>
            <ns3:hr>145</ns3:hr>
            <ns3:cad>94</ns3:cad>
          </ns3:TrackPointExtension>
        </extensions>
      </trkpt>
      <trkpt lat="22.58922728709876537322998046875" lon="113.87914937920868396759033203125">
        <ele>9.19999980926513671875</ele>
        <time>2026-09-14T23:06:48.000Z</time>
        <extensions>
          <ns3:TrackPointExtension>
            <ns3:hr>145</ns3:hr>
            <ns3:cad>94</ns3:cad>
          </ns3:TrackPointExtension>
        </extensions>
      </trkpt>
      <trkpt lat="22.5892077572643756866455078125" lon="113.87912213802337646484375">
        <ele>9.19999980926513671875</ele>
        <time>2026-09-14T23:06:49.000Z</time>
        <extensions>
          <ns3:TrackPointExtension>
            <ns3:hr>145</ns3:hr>
            <ns3:cad>95</ns3:cad>
          </ns3:TrackPointExtension>
        </extensions>
      </trkpt>
      <trkpt lat="22.58918755687773227691650390625" lon="113.8790934719145298004150390625">
        <ele>9.19999980926513671875</ele>
        <time>2026-09-14T23:06:50.000Z</time>
        <extensions>
          <ns3:TrackPointExtension>
            <ns3:hr>146</ns3:hr>
            <ns3:cad>95</ns3:cad>
          </ns3:TrackPointExtension>
        </extensions>
      </trkpt>
      <trkpt lat="22.5891660153865814208984375" lon="113.87906304560601711273193359375">
        <ele>9.19999980926513671875</ele>
        <time>2026-09-14T23:06:51.000Z</time>
        <extensions>
          <ns3:TrackPointExtension>
            <ns3:hr>146</ns3:hr>
            <ns3:cad>95</ns3:cad>
          </ns3:TrackPointExtension>
        </extensions>
      </trkpt>
      <trkpt lat="22.589148916304111480712890625" lon="113.87903890572488307952880859375">
        <ele>9.19999980926513671875</ele>
        <time>2026-09-14T23:06:52.000Z</time>
        <extensions>
          <ns3:TrackPointExtension>
            <ns3:hr>146</ns3:hr>
            <ns3:cad>95</ns3:cad>
          </ns3:TrackPointExtension>
        </extensions>
      </trkpt>
      <trkpt lat="22.58912670426070690155029296875" lon="113.8790099881589412689208984375">
        <ele>9.19999980926513671875</ele>
        <time>2026-09-14T23:06:53.000Z</time>
        <extensions>
          <ns3:TrackPointExtension>
            <ns3:hr>146</ns3:hr>
            <ns3:cad>94</ns3:cad>
          </ns3:TrackPointExtension>
        </extensions>
      </trkpt>
      <trkpt lat="22.5891008041799068450927734375" lon="113.87898677028715610504150390625">
        <ele>9.19999980926513671875</ele>
        <time>2026-09-14T23:06:54.000Z</time>
        <extensions>
          <ns3:TrackPointExtension>
            <ns3:hr>146</ns3:hr>
            <ns3:cad>95</ns3:cad>
          </ns3:TrackPointExtension>
        </extensions>
      </trkpt>
      <trkpt lat="22.58907842449843883514404296875" lon="113.87896195985376834869384765625">
        <ele>9.3999996185302734375</ele>
        <time>2026-09-14T23:06:55.000Z</time>
        <extensions>
          <ns3:TrackPointExtension>
            <ns3:hr>147</ns3:hr>
            <ns3:cad>95</ns3:cad>
          </ns3:TrackPointExtension>
        </extensions>
      </trkpt>
      <trkpt lat="22.58905562572181224822998046875" lon="113.87893446721136569976806640625">
        <ele>9.3999996185302734375</ele>
        <time>2026-09-14T23:06:56.000Z</time>
        <extensions>
          <ns3:TrackPointExtension>
            <ns3:hr>147</ns3:hr>
            <ns3:cad>95</ns3:cad>
          </ns3:TrackPointExtension>
        </extensions>
      </trkpt>
      <trkpt lat="22.589036263525485992431640625" lon="113.8789124228060245513916015625">
        <ele>9.19999980926513671875</ele>
        <time>2026-09-14T23:06:57.000Z</time>
        <extensions>
          <ns3:TrackPointExtension>
            <ns3:hr>147</ns3:hr>
            <ns3:cad>95</ns3:cad>
          </ns3:TrackPointExtension>
        </extensions>
      </trkpt>
      <trkpt lat="22.5890179909765720367431640625" lon="113.87888635508716106414794921875">
        <ele>9.19999980926513671875</ele>
        <time>2026-09-14T23:06:58.000Z</time>
        <extensions>
          <ns3:TrackPointExtension>
            <ns3:hr>148</ns3:hr>
            <ns3:cad>95</ns3:cad>
          </ns3:TrackPointExtension>
        </extensions>
      </trkpt>
      <trkpt lat="22.58899929933249950408935546875" lon="113.87886472977697849273681640625">
        <ele>9.19999980926513671875</ele>
        <time>2026-09-14T23:06:59.000Z</time>
        <extensions>
          <ns3:TrackPointExtension>
            <ns3:hr>148</ns3:hr>
            <ns3:cad>96</ns3:cad>
          </ns3:TrackPointExtension>
        </extensions>
      </trkpt>
      <trkpt lat="22.58898035623133182525634765625" lon="113.87884385883808135986328125">
        <ele>9</ele>
        <time>2026-09-14T23:07:00.000Z</time>
        <extensions>
          <ns3:TrackPointExtension>
            <ns3:hr>148</ns3:hr>
            <ns3:cad>96</ns3:cad>
          </ns3:TrackPointExtension>
        </extensions>
      </trkpt>
      <trkpt lat="22.58895613253116607666015625" lon="113.878820054233074188232421875">
        <ele>9.19999980926513671875</ele>
        <time>2026-09-14T23:07:01.000Z</time>
        <extensions>
          <ns3:TrackPointExtension>
            <ns3:hr>148</ns3:hr>
            <ns3:cad>95</ns3:cad>
          </ns3:TrackPointExtension>
        </extensions>
      </trkpt>
      <trkpt lat="22.5889380276203155517578125" lon="113.87880287133157253265380859375">
        <ele>9.19999980926513671875</ele>
        <time>2026-09-14T23:07:02.000Z</time>
        <extensions>
          <ns3:TrackPointExtension>
            <ns3:hr>147</ns3:hr>
            <ns3:cad>95</ns3:cad>
          </ns3:TrackPointExtension>
        </extensions>
      </trkpt>
      <trkpt lat="22.5889147259294986724853515625" lon="113.87877286411821842193603515625">
        <ele>9.3999996185302734375</ele>
        <time>2026-09-14T23:07:03.000Z</time>
        <extensions>
          <ns3:TrackPointExtension>
            <ns3:hr>148</ns3:hr>
            <ns3:cad>95</ns3:cad>
          </ns3:TrackPointExtension>
        </extensions>
      </trkpt>
      <trkpt lat="22.58889284916222095489501953125" lon="113.87875274755060672760009765625">
        <ele>9.3999996185302734375</ele>
        <time>2026-09-14T23:07:04.000Z</time>
        <extensions>
          <ns3:TrackPointExtension>
            <ns3:hr>148</ns3:hr>
            <ns3:cad>93</ns3:cad>
          </ns3:TrackPointExtension>
        </extensions>
      </trkpt>
      <trkpt lat="22.588871978223323822021484375" lon="113.878728188574314117431640625">
        <ele>9.3999996185302734375</ele>
        <time>2026-09-14T23:07:05.000Z</time>
        <extensions>
          <ns3:TrackPointExtension>
            <ns3:hr>147</ns3:hr>
            <ns3:cad>93</ns3:cad>
          </ns3:TrackPointExtension>
        </extensions>
      </trkpt>
      <trkpt lat="22.58885085582733154296875" lon="113.87870497070252895355224609375">
        <ele>9.3999996185302734375</ele>
        <time>2026-09-14T23:07:06.000Z</time>
        <extensions>
          <ns3:TrackPointExtension>
            <ns3:hr>147</ns3:hr>
            <ns3:cad>94</ns3:cad>
          </ns3:TrackPointExtension>
        </extensions>
      </trkpt>
      <trkpt lat="22.58883400820195674896240234375" lon="113.87868518941104412078857421875">
        <ele>9.3999996185302734375</ele>
        <time>2026-09-14T23:07:07.000Z</time>
        <extensions>
          <ns3:TrackPointExtension>
            <ns3:hr>147</ns3:hr>
            <ns3:cad>94</ns3:cad>
          </ns3:TrackPointExtension>
        </extensions>
      </trkpt>
      <trkpt lat="22.5888101197779178619384765625" lon="113.87865870259702205657958984375">
        <ele>9.3999996185302734375</ele>
        <time>2026-09-14T23:07:08.000Z</time>
        <extensions>
          <ns3:TrackPointExtension>
            <ns3:hr>147</ns3:hr>
            <ns3:cad>95</ns3:cad>
          </ns3:TrackPointExtension>
        </extensions>
      </trkpt>
      <trkpt lat="22.58879142813384532928466796875" lon="113.8786374963819980621337890625">
        <ele>9.3999996185302734375</ele>
        <time>2026-09-14T23:07:09.000Z</time>
        <extensions>
          <ns3:TrackPointExtension>
            <ns3:hr>148</ns3:hr>
            <ns3:cad>95</ns3:cad>
          </ns3:TrackPointExtension>
        </extensions>
      </trkpt>
      <trkpt lat="22.5887695513665676116943359375" lon="113.878610171377658843994140625">
        <ele>9.6000003814697265625</ele>
        <time>2026-09-14T23:07:10.000Z</time>
        <extensions>
          <ns3:TrackPointExtension>
            <ns3:hr>147</ns3:hr>
            <ns3:cad>95</ns3:cad>
          </ns3:TrackPointExtension>
        </extensions>
      </trkpt>
      <trkpt lat="22.588747926056385040283203125" lon="113.878590054810047149658203125">
        <ele>9.6000003814697265625</ele>
        <time>2026-09-14T23:07:11.000Z</time>
        <extensions>
          <ns3:TrackPointExtension>
            <ns3:hr>148</ns3:hr>
            <ns3:cad>94</ns3:cad>
          </ns3:TrackPointExtension>
        </extensions>
      </trkpt>
      <trkpt lat="22.588725797832012176513671875" lon="113.87855996377766132354736328125">
        <ele>9.80000019073486328125</ele>
        <time>2026-09-14T23:07:12.000Z</time>
        <extensions>
          <ns3:TrackPointExtension>
            <ns3:hr>148</ns3:hr>
            <ns3:cad>94</ns3:cad>
          </ns3:TrackPointExtension>
        </extensions>
      </trkpt>
      <trkpt lat="22.58870760910212993621826171875" lon="113.8785355724394321441650390625">
        <ele>9.80000019073486328125</ele>
        <time>2026-09-14T23:07:13.000Z</time>
        <extensions>
          <ns3:TrackPointExtension>
            <ns3:hr>149</ns3:hr>
            <ns3:cad>94</ns3:cad>
          </ns3:TrackPointExtension>
        </extensions>
      </trkpt>
      <trkpt lat="22.58868900127708911895751953125" lon="113.87851260602474212646484375">
        <ele>9.80000019073486328125</ele>
        <time>2026-09-14T23:07:14.000Z</time>
        <extensions>
          <ns3:TrackPointExtension>
            <ns3:hr>149</ns3:hr>
            <ns3:cad>94</ns3:cad>
          </ns3:TrackPointExtension>
        </extensions>
      </trkpt>
      <trkpt lat="22.58866938762366771697998046875" lon="113.8784866221249103546142578125">
        <ele>9.80000019073486328125</ele>
        <time>2026-09-14T23:07:15.000Z</time>
        <extensions>
          <ns3:TrackPointExtension>
            <ns3:hr>149</ns3:hr>
            <ns3:cad>95</ns3:cad>
          </ns3:TrackPointExtension>
        </extensions>
      </trkpt>
      <trkpt lat="22.58865010924637317657470703125" lon="113.87846357189118862152099609375">
        <ele>9.80000019073486328125</ele>
        <time>2026-09-14T23:07:16.000Z</time>
        <extensions>
          <ns3:TrackPointExtension>
            <ns3:hr>148</ns3:hr>
            <ns3:cad>95</ns3:cad>
          </ns3:TrackPointExtension>
        </extensions>
      </trkpt>
      <trkpt lat="22.58863401599228382110595703125" lon="113.87843825854361057281494140625">
        <ele>9.6000003814697265625</ele>
        <time>2026-09-14T23:07:17.000Z</time>
        <extensions>
          <ns3:TrackPointExtension>
            <ns3:hr>149</ns3:hr>
            <ns3:cad>95</ns3:cad>
          </ns3:TrackPointExtension>
        </extensions>
      </trkpt>
      <trkpt lat="22.58861222304403781890869140625" lon="113.8784155435860157012939453125">
        <ele>9.6000003814697265625</ele>
        <time>2026-09-14T23:07:18.000Z</time>
        <extensions>
          <ns3:TrackPointExtension>
            <ns3:hr>149</ns3:hr>
            <ns3:cad>95</ns3:cad>
          </ns3:TrackPointExtension>
        </extensions>
      </trkpt>
      <trkpt lat="22.58859294466674327850341796875" lon="113.8783991150557994842529296875">
        <ele>9.80000019073486328125</ele>
        <time>2026-09-14T23:07:19.000Z</time>
        <extensions>
          <ns3:TrackPointExtension>
            <ns3:hr>149</ns3:hr>
            <ns3:cad>95</ns3:cad>
          </ns3:TrackPointExtension>
        </extensions>
      </trkpt>
      <trkpt lat="22.58857198990881443023681640625" lon="113.87837220914661884307861328125">
        <ele>9.80000019073486328125</ele>
        <time>2026-09-14T23:07:20.000Z</time>
        <extensions>
          <ns3:TrackPointExtension>
            <ns3:hr>148</ns3:hr>
            <ns3:cad>96</ns3:cad>
          </ns3:TrackPointExtension>
        </extensions>
      </trkpt>
      <trkpt lat="22.58855455555021762847900390625" lon="113.87834723107516765594482421875">
        <ele>9.80000019073486328125</ele>
        <time>2026-09-14T23:07:21.000Z</time>
        <extensions>
          <ns3:TrackPointExtension>
            <ns3:hr>149</ns3:hr>
            <ns3:cad>96</ns3:cad>
          </ns3:TrackPointExtension>
        </extensions>
      </trkpt>
      <trkpt lat="22.5885345228016376495361328125" lon="113.8783240132033824920654296875">
        <ele>9.80000019073486328125</ele>
        <time>2026-09-14T23:07:22.000Z</time>
        <extensions>
          <ns3:TrackPointExtension>
            <ns3:hr>149</ns3:hr>
            <ns3:cad>96</ns3:cad>
          </ns3:TrackPointExtension>
        </extensions>
      </trkpt>
      <trkpt lat="22.58850862272083759307861328125" lon="113.87829861603677272796630859375">
        <ele>9.80000019073486328125</ele>
        <time>2026-09-14T23:07:23.000Z</time>
        <extensions>
          <ns3:TrackPointExtension>
            <ns3:hr>149</ns3:hr>
            <ns3:cad>96</ns3:cad>
          </ns3:TrackPointExtension>
        </extensions>
      </trkpt>
      <trkpt lat="22.5884885899722576141357421875" lon="113.87827347032725811004638671875">
        <ele>9.80000019073486328125</ele>
        <time>2026-09-14T23:07:24.000Z</time>
        <extensions>
          <ns3:TrackPointExtension>
            <ns3:hr>148</ns3:hr>
            <ns3:cad>96</ns3:cad>
          </ns3:TrackPointExtension>
        </extensions>
      </trkpt>
      <trkpt lat="22.58846721611917018890380859375" lon="113.8782490789890289306640625">
        <ele>9.80000019073486328125</ele>
        <time>2026-09-14T23:07:25.000Z</time>
        <extensions>
          <ns3:TrackPointExtension>
            <ns3:hr>149</ns3:hr>
            <ns3:cad>96</ns3:cad>
          </ns3:TrackPointExtension>
        </extensions>
      </trkpt>
      <trkpt lat="22.588446848094463348388671875" lon="113.87822695076465606689453125">
        <ele>9.80000019073486328125</ele>
        <time>2026-09-14T23:07:26.000Z</time>
        <extensions>
          <ns3:TrackPointExtension>
            <ns3:hr>149</ns3:hr>
            <ns3:cad>96</ns3:cad>
          </ns3:TrackPointExtension>
        </extensions>
      </trkpt>
      <trkpt lat="22.5884268991649150848388671875" lon="113.8781986199319362640380859375">
        <ele>9.80000019073486328125</ele>
        <time>2026-09-14T23:07:27.000Z</time>
        <extensions>
          <ns3:TrackPointExtension>
            <ns3:hr>148</ns3:hr>
            <ns3:cad>96</ns3:cad>
          </ns3:TrackPointExtension>
        </extensions>
      </trkpt>
      <trkpt lat="22.58840938098728656768798828125" lon="113.87817523442208766937255859375">
        <ele>9.80000019073486328125</ele>
        <time>2026-09-14T23:07:28.000Z</time>
        <extensions>
          <ns3:TrackPointExtension>
            <ns3:hr>149</ns3:hr>
            <ns3:cad>96</ns3:cad>
          </ns3:TrackPointExtension>
        </extensions>
      </trkpt>
      <trkpt lat="22.5883900187909603118896484375" lon="113.878152184188365936279296875">
        <ele>9.80000019073486328125</ele>
        <time>2026-09-14T23:07:29.000Z</time>
        <extensions>
          <ns3:TrackPointExtension>
            <ns3:hr>149</ns3:hr>
            <ns3:cad>95</ns3:cad>
          </ns3:TrackPointExtension>
        </extensions>
      </trkpt>
      <trkpt lat="22.58836646564304828643798828125" lon="113.8781238533556461334228515625">
        <ele>9.80000019073486328125</ele>
        <time>2026-09-14T23:07:30.000Z</time>
        <extensions>
          <ns3:TrackPointExtension>
            <ns3:hr>149</ns3:hr>
            <ns3:cad>95</ns3:cad>
          </ns3:TrackPointExtension>
        </extensions>
      </trkpt>
      <trkpt lat="22.588345594704151153564453125" lon="113.87810356914997100830078125">
        <ele>9.80000019073486328125</ele>
        <time>2026-09-14T23:07:31.000Z</time>
        <extensions>
          <ns3:TrackPointExtension>
            <ns3:hr>149</ns3:hr>
            <ns3:cad>95</ns3:cad>
          </ns3:TrackPointExtension>
        </extensions>
      </trkpt>
      <trkpt lat="22.5883269868791103363037109375" lon="113.87807540595531463623046875">
        <ele>9.80000019073486328125</ele>
        <time>2026-09-14T23:07:32.000Z</time>
        <extensions>
          <ns3:TrackPointExtension>
            <ns3:hr>148</ns3:hr>
            <ns3:cad>95</ns3:cad>
          </ns3:TrackPointExtension>
        </extensions>
      </trkpt>
      <trkpt lat="22.58830544538795948028564453125" lon="113.878051936626434326171875">
        <ele>9.80000019073486328125</ele>
        <time>2026-09-14T23:07:33.000Z</time>
        <extensions>
          <ns3:TrackPointExtension>
            <ns3:hr>149</ns3:hr>
            <ns3:cad>95</ns3:cad>
          </ns3:TrackPointExtension>
        </extensions>
      </trkpt>
      <trkpt lat="22.5882840715348720550537109375" lon="113.878031484782695770263671875">
        <ele>9.80000019073486328125</ele>
        <time>2026-09-14T23:07:34.000Z</time>
        <extensions>
          <ns3:TrackPointExtension>
            <ns3:hr>148</ns3:hr>
            <ns3:cad>95</ns3:cad>
          </ns3:TrackPointExtension>
        </extensions>
      </trkpt>
      <trkpt lat="22.58826051838696002960205078125" lon="113.8780028186738491058349609375">
        <ele>9.80000019073486328125</ele>
        <time>2026-09-14T23:07:35.000Z</time>
        <extensions>
          <ns3:TrackPointExtension>
            <ns3:hr>148</ns3:hr>
            <ns3:cad>95</ns3:cad>
          </ns3:TrackPointExtension>
        </extensions>
      </trkpt>
      <trkpt lat="22.58823730051517486572265625" lon="113.87798194773495197296142578125">
        <ele>9.80000019073486328125</ele>
        <time>2026-09-14T23:07:36.000Z</time>
        <extensions>
          <ns3:TrackPointExtension>
            <ns3:hr>148</ns3:hr>
            <ns3:cad>95</ns3:cad>
          </ns3:TrackPointExtension>
        </extensions>
      </trkpt>
      <trkpt lat="22.58821726776659488677978515625" lon="113.87795797549188137054443359375">
        <ele>9.80000019073486328125</ele>
        <time>2026-09-14T23:07:37.000Z</time>
        <extensions>
          <ns3:TrackPointExtension>
            <ns3:hr>149</ns3:hr>
            <ns3:cad>95</ns3:cad>
          </ns3:TrackPointExtension>
        </extensions>
      </trkpt>
      <trkpt lat="22.58819379843771457672119140625" lon="113.8779314048588275909423828125">
        <ele>9.6000003814697265625</ele>
        <time>2026-09-14T23:07:38.000Z</time>
        <extensions>
          <ns3:TrackPointExtension>
            <ns3:hr>149</ns3:hr>
            <ns3:cad>96</ns3:cad>
          </ns3:TrackPointExtension>
        </extensions>
      </trkpt>
      <trkpt lat="22.58817351423203945159912109375" lon="113.87790919281542301177978515625">
        <ele>9.6000003814697265625</ele>
        <time>2026-09-14T23:07:39.000Z</time>
        <extensions>
          <ns3:TrackPointExtension>
            <ns3:hr>149</ns3:hr>
            <ns3:cad>97</ns3:cad>
          </ns3:TrackPointExtension>
        </extensions>
      </trkpt>
      <trkpt lat="22.58814954198896884918212890625" lon="113.87787717394530773162841796875">
        <ele>9.6000003814697265625</ele>
        <time>2026-09-14T23:07:40.000Z</time>
        <extensions>
          <ns3:TrackPointExtension>
            <ns3:hr>149</ns3:hr>
            <ns3:cad>96</ns3:cad>
          </ns3:TrackPointExtension>
        </extensions>
      </trkpt>
      <trkpt lat="22.58813328109681606292724609375" lon="113.8778532855212688446044921875">
        <ele>9.6000003814697265625</ele>
        <time>2026-09-14T23:07:41.000Z</time>
        <extensions>
          <ns3:TrackPointExtension>
            <ns3:hr>148</ns3:hr>
            <ns3:cad>96</ns3:cad>
          </ns3:TrackPointExtension>
        </extensions>
      </trkpt>
      <trkpt lat="22.58811450563371181488037109375" lon="113.87782051227986812591552734375">
        <ele>9.6000003814697265625</ele>
        <time>2026-09-14T23:07:42.000Z</time>
        <extensions>
          <ns3:TrackPointExtension>
            <ns3:hr>149</ns3:hr>
            <ns3:cad>96</ns3:cad>
          </ns3:TrackPointExtension>
        </extensions>
      </trkpt>
      <trkpt lat="22.58809589780867099761962890625" lon="113.877796791493892669677734375">
        <ele>9.6000003814697265625</ele>
        <time>2026-09-14T23:07:43.000Z</time>
        <extensions>
          <ns3:TrackPointExtension>
            <ns3:hr>149</ns3:hr>
            <ns3:cad>96</ns3:cad>
          </ns3:TrackPointExtension>
        </extensions>
      </trkpt>
      <trkpt lat="22.58808064274489879608154296875" lon="113.87777633965015411376953125">
        <ele>9.6000003814697265625</ele>
        <time>2026-09-14T23:07:44.000Z</time>
        <extensions>
          <ns3:TrackPointExtension>
            <ns3:hr>148</ns3:hr>
            <ns3:cad>95</ns3:cad>
          </ns3:TrackPointExtension>
        </extensions>
      </trkpt>
      <trkpt lat="22.5880582630634307861328125" lon="113.87774993665516376495361328125">
        <ele>9.6000003814697265625</ele>
        <time>2026-09-14T23:07:45.000Z</time>
        <extensions>
          <ns3:TrackPointExtension>
            <ns3:hr>148</ns3:hr>
            <ns3:cad>95</ns3:cad>
          </ns3:TrackPointExtension>
        </extensions>
      </trkpt>
      <trkpt lat="22.58803504519164562225341796875" lon="113.877730071544647216796875">
        <ele>9.6000003814697265625</ele>
        <time>2026-09-14T23:07:46.000Z</time>
        <extensions>
          <ns3:TrackPointExtension>
            <ns3:hr>148</ns3:hr>
            <ns3:cad>93</ns3:cad>
          </ns3:TrackPointExtension>
        </extensions>
      </trkpt>
      <trkpt lat="22.58801459334790706634521484375" lon="113.87769528664648532867431640625">
        <ele>9.6000003814697265625</ele>
        <time>2026-09-14T23:07:47.000Z</time>
        <extensions>
          <ns3:TrackPointExtension>
            <ns3:hr>149</ns3:hr>
            <ns3:cad>93</ns3:cad>
          </ns3:TrackPointExtension>
        </extensions>
      </trkpt>
      <trkpt lat="22.5879940576851367950439453125" lon="113.87767441570758819580078125">
        <ele>9.3999996185302734375</ele>
        <time>2026-09-14T23:07:48.000Z</time>
        <extensions>
          <ns3:TrackPointExtension>
            <ns3:hr>148</ns3:hr>
            <ns3:cad>93</ns3:cad>
          </ns3:TrackPointExtension>
        </extensions>
      </trkpt>
      <trkpt lat="22.58797452785074710845947265625" lon="113.87765086255967617034912109375">
        <ele>9.6000003814697265625</ele>
        <time>2026-09-14T23:07:49.000Z</time>
        <extensions>
          <ns3:TrackPointExtension>
            <ns3:hr>148</ns3:hr>
            <ns3:cad>95</ns3:cad>
          </ns3:TrackPointExtension>
        </extensions>
      </trkpt>
      <trkpt lat="22.58795558474957942962646484375" lon="113.87761934660375118255615234375">
        <ele>9.6000003814697265625</ele>
        <time>2026-09-14T23:07:50.000Z</time>
        <extensions>
          <ns3:TrackPointExtension>
            <ns3:hr>149</ns3:hr>
            <ns3:cad>95</ns3:cad>
          </ns3:TrackPointExtension>
        </extensions>
      </trkpt>
      <trkpt lat="22.58792616426944732666015625" lon="113.87760023586452007293701171875">
        <ele>9.80000019073486328125</ele>
        <time>2026-09-14T23:07:51.000Z</time>
        <extensions>
          <ns3:TrackPointExtension>
            <ns3:hr>148</ns3:hr>
            <ns3:cad>95</ns3:cad>
          </ns3:TrackPointExtension>
        </extensions>
      </trkpt>
      <trkpt lat="22.5878985039889812469482421875" lon="113.8775679655373096466064453125">
        <ele>9.6000003814697265625</ele>
        <time>2026-09-14T23:07:52.000Z</time>
        <extensions>
          <ns3:TrackPointExtension>
            <ns3:hr>148</ns3:hr>
            <ns3:cad>95</ns3:cad>
          </ns3:TrackPointExtension>
        </extensions>
      </trkpt>
      <trkpt lat="22.587878890335559844970703125" lon="113.87755162082612514495849609375">
        <ele>9.6000003814697265625</ele>
        <time>2026-09-14T23:07:53.000Z</time>
        <extensions>
          <ns3:TrackPointExtension>
            <ns3:hr>149</ns3:hr>
            <ns3:cad>95</ns3:cad>
          </ns3:TrackPointExtension>
        </extensions>
      </trkpt>
      <trkpt lat="22.5878582708537578582763671875" lon="113.87752228416502475738525390625">
        <ele>9.6000003814697265625</ele>
        <time>2026-09-14T23:07:54.000Z</time>
        <extensions>
          <ns3:TrackPointExtension>
            <ns3:hr>149</ns3:hr>
            <ns3:cad>94</ns3:cad>
          </ns3:TrackPointExtension>
        </extensions>
      </trkpt>
      <trkpt lat="22.5878391601145267486572265625" lon="113.87749747373163700103759765625">
        <ele>9.6000003814697265625</ele>
        <time>2026-09-14T23:07:55.000Z</time>
        <extensions>
          <ns3:TrackPointExtension>
            <ns3:hr>149</ns3:hr>
            <ns3:cad>94</ns3:cad>
          </ns3:TrackPointExtension>
        </extensions>
      </trkpt>
      <trkpt lat="22.5878193788230419158935546875" lon="113.87747299857437610626220703125">
        <ele>9.6000003814697265625</ele>
        <time>2026-09-14T23:07:56.000Z</time>
        <extensions>
          <ns3:TrackPointExtension>
            <ns3:hr>148</ns3:hr>
            <ns3:cad>96</ns3:cad>
          </ns3:TrackPointExtension>
        </extensions>
      </trkpt>
      <trkpt lat="22.58779800496995449066162109375" lon="113.8774476014077663421630859375">
        <ele>9.80000019073486328125</ele>
        <time>2026-09-14T23:07:57.000Z</time>
        <extensions>
          <ns3:TrackPointExtension>
            <ns3:hr>149</ns3:hr>
            <ns3:cad>96</ns3:cad>
          </ns3:TrackPointExtension>
        </extensions>
      </trkpt>
      <trkpt lat="22.58778258226811885833740234375" lon="113.8774310052394866943359375">
        <ele>9.80000019073486328125</ele>
        <time>2026-09-14T23:07:58.000Z</time>
        <extensions>
          <ns3:TrackPointExtension>
            <ns3:hr>149</ns3:hr>
            <ns3:cad>96</ns3:cad>
          </ns3:TrackPointExtension>
        </extensions>
      </trkpt>
      <trkpt lat="22.58776816539466381072998046875" lon="113.87740326113998889923095703125">
        <ele>9.80000019073486328125</ele>
        <time>2026-09-14T23:07:59.000Z</time>
        <extensions>
          <ns3:TrackPointExtension>
            <ns3:hr>149</ns3:hr>
            <ns3:cad>95</ns3:cad>
          </ns3:TrackPointExtension>
        </extensions>
      </trkpt>
      <trkpt lat="22.5877479650080204010009765625" lon="113.87738415040075778961181640625">
        <ele>9.6000003814697265625</ele>
        <time>2026-09-14T23:08:00.000Z</time>
        <extensions>
          <ns3:TrackPointExtension>
            <ns3:hr>149</ns3:hr>
            <ns3:cad>94</ns3:cad>
          </ns3:TrackPointExtension>
        </extensions>
      </trkpt>
      <trkpt lat="22.58773027919232845306396484375" lon="113.8773597590625286102294921875">
        <ele>9.6000003814697265625</ele>
        <time>2026-09-14T23:08:01.000Z</time>
        <extensions>
          <ns3:TrackPointExtension>
            <ns3:hr>150</ns3:hr>
            <ns3:cad>94</ns3:cad>
          </ns3:TrackPointExtension>
        </extensions>
      </trkpt>
      <trkpt lat="22.587709911167621612548828125" lon="113.877335451543331146240234375">
        <ele>9.3999996185302734375</ele>
        <time>2026-09-14T23:08:02.000Z</time>
        <extensions>
          <ns3:TrackPointExtension>
            <ns3:hr>150</ns3:hr>
            <ns3:cad>94</ns3:cad>
          </ns3:TrackPointExtension>
        </extensions>
      </trkpt>
      <trkpt lat="22.58768769912421703338623046875" lon="113.877317346632480621337890625">
        <ele>9.3999996185302734375</ele>
        <time>2026-09-14T23:08:03.000Z</time>
        <extensions>
          <ns3:TrackPointExtension>
            <ns3:hr>150</ns3:hr>
            <ns3:cad>94</ns3:cad>
          </ns3:TrackPointExtension>
        </extensions>
      </trkpt>
      <trkpt lat="22.58766171522438526153564453125" lon="113.87729111127555370330810546875">
        <ele>9.3999996185302734375</ele>
        <time>2026-09-14T23:08:04.000Z</time>
        <extensions>
          <ns3:TrackPointExtension>
            <ns3:hr>150</ns3:hr>
            <ns3:cad>95</ns3:cad>
          </ns3:TrackPointExtension>
        </extensions>
      </trkpt>
      <trkpt lat="22.58764126338064670562744140625" lon="113.87727065943181514739990234375">
        <ele>9.3999996185302734375</ele>
        <time>2026-09-14T23:08:05.000Z</time>
        <extensions>
          <ns3:TrackPointExtension>
            <ns3:hr>150</ns3:hr>
            <ns3:cad>95</ns3:cad>
          </ns3:TrackPointExtension>
        </extensions>
      </trkpt>
      <trkpt lat="22.587620057165622711181640625" lon="113.87724517844617366790771484375">
        <ele>9.3999996185302734375</ele>
        <time>2026-09-14T23:08:06.000Z</time>
        <extensions>
          <ns3:TrackPointExtension>
            <ns3:hr>150</ns3:hr>
            <ns3:cad>96</ns3:cad>
          </ns3:TrackPointExtension>
        </extensions>
      </trkpt>
      <trkpt lat="22.587598264217376708984375" lon="113.8772279955446720123291015625">
        <ele>9.6000003814697265625</ele>
        <time>2026-09-14T23:08:07.000Z</time>
        <extensions>
          <ns3:TrackPointExtension>
            <ns3:hr>150</ns3:hr>
            <ns3:cad>96</ns3:cad>
          </ns3:TrackPointExtension>
        </extensions>
      </trkpt>
      <trkpt lat="22.58758091367781162261962890625" lon="113.87720771133899688720703125">
        <ele>9.6000003814697265625</ele>
        <time>2026-09-14T23:08:08.000Z</time>
        <extensions>
          <ns3:TrackPointExtension>
            <ns3:hr>150</ns3:hr>
            <ns3:cad>96</ns3:cad>
          </ns3:TrackPointExtension>
        </extensions>
      </trkpt>
      <trkpt lat="22.58756364695727825164794921875" lon="113.87718080542981624603271484375">
        <ele>9.6000003814697265625</ele>
        <time>2026-09-14T23:08:09.000Z</time>
        <extensions>
          <ns3:TrackPointExtension>
            <ns3:hr>150</ns3:hr>
            <ns3:cad>95</ns3:cad>
          </ns3:TrackPointExtension>
        </extensions>
      </trkpt>
      <trkpt lat="22.5875464640557765960693359375" lon="113.87716001830995082855224609375">
        <ele>9.6000003814697265625</ele>
        <time>2026-09-14T23:08:10.000Z</time>
        <extensions>
          <ns3:TrackPointExtension>
            <ns3:hr>150</ns3:hr>
            <ns3:cad>95</ns3:cad>
          </ns3:TrackPointExtension>
        </extensions>
      </trkpt>
      <trkpt lat="22.5875266827642917633056640625" lon="113.8771331124007701873779296875">
        <ele>9.6000003814697265625</ele>
        <time>2026-09-14T23:08:11.000Z</time>
        <extensions>
          <ns3:TrackPointExtension>
            <ns3:hr>150</ns3:hr>
            <ns3:cad>95</ns3:cad>
          </ns3:TrackPointExtension>
        </extensions>
      </trkpt>
      <trkpt lat="22.58750505745410919189453125" lon="113.8771118223667144775390625">
        <ele>9.6000003814697265625</ele>
        <time>2026-09-14T23:08:12.000Z</time>
        <extensions>
          <ns3:TrackPointExtension>
            <ns3:hr>149</ns3:hr>
            <ns3:cad>95</ns3:cad>
          </ns3:TrackPointExtension>
        </extensions>
      </trkpt>
      <trkpt lat="22.58748820982873439788818359375" lon="113.87708608992397785186767578125">
        <ele>9.6000003814697265625</ele>
        <time>2026-09-14T23:08:13.000Z</time>
        <extensions>
          <ns3:TrackPointExtension>
            <ns3:hr>150</ns3:hr>
            <ns3:cad>94</ns3:cad>
          </ns3:TrackPointExtension>
        </extensions>
      </trkpt>
      <trkpt lat="22.5874659977853298187255859375" lon="113.87704971246421337127685546875">
        <ele>9.6000003814697265625</ele>
        <time>2026-09-14T23:08:14.000Z</time>
        <extensions>
          <ns3:TrackPointExtension>
            <ns3:hr>149</ns3:hr>
            <ns3:cad>95</ns3:cad>
          </ns3:TrackPointExtension>
        </extensions>
      </trkpt>
      <trkpt lat="22.58744646795094013214111328125" lon="113.87702263891696929931640625">
        <ele>9.6000003814697265625</ele>
        <time>2026-09-14T23:08:15.000Z</time>
        <extensions>
          <ns3:TrackPointExtension>
            <ns3:hr>149</ns3:hr>
            <ns3:cad>96</ns3:cad>
          </ns3:TrackPointExtension>
        </extensions>
      </trkpt>
      <trkpt lat="22.58742417208850383758544921875" lon="113.8769876025617122650146484375">
        <ele>9.6000003814697265625</ele>
        <time>2026-09-14T23:08:16.000Z</time>
        <extensions>
          <ns3:TrackPointExtension>
            <ns3:hr>149</ns3:hr>
            <ns3:cad>96</ns3:cad>
          </ns3:TrackPointExtension>
        </extensions>
      </trkpt>
      <trkpt lat="22.58740187622606754302978515625" lon="113.876962624490261077880859375">
        <ele>9.6000003814697265625</ele>
        <time>2026-09-14T23:08:17.000Z</time>
        <extensions>
          <ns3:TrackPointExtension>
            <ns3:hr>150</ns3:hr>
            <ns3:cad>96</ns3:cad>
          </ns3:TrackPointExtension>
        </extensions>
      </trkpt>
      <trkpt lat="22.5873818434774875640869140625" lon="113.87693881988525390625">
        <ele>9.6000003814697265625</ele>
        <time>2026-09-14T23:08:18.000Z</time>
        <extensions>
          <ns3:TrackPointExtension>
            <ns3:hr>149</ns3:hr>
            <ns3:cad>96</ns3:cad>
          </ns3:TrackPointExtension>
        </extensions>
      </trkpt>
      <trkpt lat="22.5873587094247341156005859375" lon="113.876916356384754180908203125">
        <ele>9.6000003814697265625</ele>
        <time>2026-09-14T23:08:19.000Z</time>
        <extensions>
          <ns3:TrackPointExtension>
            <ns3:hr>149</ns3:hr>
            <ns3:cad>96</ns3:cad>
          </ns3:TrackPointExtension>
        </extensions>
      </trkpt>
      <trkpt lat="22.587337084114551544189453125" lon="113.87688911519944667816162109375">
        <ele>9.6000003814697265625</ele>
        <time>2026-09-14T23:08:20.000Z</time>
        <extensions>
          <ns3:TrackPointExtension>
            <ns3:hr>149</ns3:hr>
            <ns3:cad>96</ns3:cad>
          </ns3:TrackPointExtension>
        </extensions>
      </trkpt>
      <trkpt lat="22.5873178057372570037841796875" lon="113.8768608681857585906982421875">
        <ele>9.6000003814697265625</ele>
        <time>2026-09-14T23:08:21.000Z</time>
        <extensions>
          <ns3:TrackPointExtension>
            <ns3:hr>149</ns3:hr>
            <ns3:cad>96</ns3:cad>
          </ns3:TrackPointExtension>
        </extensions>
      </trkpt>
      <trkpt lat="22.5872953422367572784423828125" lon="113.87683899141848087310791015625">
        <ele>9.6000003814697265625</ele>
        <time>2026-09-14T23:08:22.000Z</time>
        <extensions>
          <ns3:TrackPointExtension>
            <ns3:hr>149</ns3:hr>
            <ns3:cad>96</ns3:cad>
          </ns3:TrackPointExtension>
        </extensions>
      </trkpt>
      <trkpt lat="22.58727170526981353759765625" lon="113.87681133113801479339599609375">
        <ele>9.6000003814697265625</ele>
        <time>2026-09-14T23:08:23.000Z</time>
        <extensions>
          <ns3:TrackPointExtension>
            <ns3:hr>148</ns3:hr>
            <ns3:cad>95</ns3:cad>
          </ns3:TrackPointExtension>
        </extensions>
      </trkpt>
      <trkpt lat="22.58724622428417205810546875" lon="113.8767844252288341522216796875">
        <ele>9.6000003814697265625</ele>
        <time>2026-09-14T23:08:24.000Z</time>
        <extensions>
          <ns3:TrackPointExtension>
            <ns3:hr>148</ns3:hr>
            <ns3:cad>93</ns3:cad>
          </ns3:TrackPointExtension>
        </extensions>
      </trkpt>
      <trkpt lat="22.5872239284217357635498046875" lon="113.876758776605129241943359375">
        <ele>9.3999996185302734375</ele>
        <time>2026-09-14T23:08:25.000Z</time>
        <extensions>
          <ns3:TrackPointExtension>
            <ns3:hr>148</ns3:hr>
            <ns3:cad>93</ns3:cad>
          </ns3:TrackPointExtension>
        </extensions>
      </trkpt>
      <trkpt lat="22.5871997885406017303466796875" lon="113.8767250813543796539306640625">
        <ele>9.3999996185302734375</ele>
        <time>2026-09-14T23:08:26.000Z</time>
        <extensions>
          <ns3:TrackPointExtension>
            <ns3:hr>149</ns3:hr>
            <ns3:cad>93</ns3:cad>
          </ns3:TrackPointExtension>
        </extensions>
      </trkpt>
      <trkpt lat="22.58717623539268970489501953125" lon="113.8767042942345142364501953125">
        <ele>9.19999980926513671875</ele>
        <time>2026-09-14T23:08:27.000Z</time>
        <extensions>
          <ns3:TrackPointExtension>
            <ns3:hr>149</ns3:hr>
            <ns3:cad>93</ns3:cad>
          </ns3:TrackPointExtension>
        </extensions>
      </trkpt>
      <trkpt lat="22.58715360425412654876708984375" lon="113.8766784779727458953857421875">
        <ele>9.3999996185302734375</ele>
        <time>2026-09-14T23:08:28.000Z</time>
        <extensions>
          <ns3:TrackPointExtension>
            <ns3:hr>149</ns3:hr>
            <ns3:cad>93</ns3:cad>
          </ns3:TrackPointExtension>
        </extensions>
      </trkpt>
      <trkpt lat="22.58713424205780029296875" lon="113.8766563497483730316162109375">
        <ele>9.3999996185302734375</ele>
        <time>2026-09-14T23:08:29.000Z</time>
        <extensions>
          <ns3:TrackPointExtension>
            <ns3:hr>149</ns3:hr>
            <ns3:cad>95</ns3:cad>
          </ns3:TrackPointExtension>
        </extensions>
      </trkpt>
      <trkpt lat="22.587115131318569183349609375" lon="113.876630365848541259765625">
        <ele>9.3999996185302734375</ele>
        <time>2026-09-14T23:08:30.000Z</time>
        <extensions>
          <ns3:TrackPointExtension>
            <ns3:hr>149</ns3:hr>
            <ns3:cad>95</ns3:cad>
          </ns3:TrackPointExtension>
        </extensions>
      </trkpt>
      <trkpt lat="22.58708923123776912689208984375" lon="113.876602537930011749267578125">
        <ele>9.3999996185302734375</ele>
        <time>2026-09-14T23:08:31.000Z</time>
        <extensions>
          <ns3:TrackPointExtension>
            <ns3:hr>150</ns3:hr>
            <ns3:cad>94</ns3:cad>
          </ns3:TrackPointExtension>
        </extensions>
      </trkpt>
      <trkpt lat="22.58706844411790370941162109375" lon="113.87658032588660717010498046875">
        <ele>9.3999996185302734375</ele>
        <time>2026-09-14T23:08:32.000Z</time>
        <extensions>
          <ns3:TrackPointExtension>
            <ns3:hr>150</ns3:hr>
            <ns3:cad>94</ns3:cad>
          </ns3:TrackPointExtension>
        </extensions>
      </trkpt>
      <trkpt lat="22.58704195730388164520263671875" lon="113.87655325233936309814453125">
        <ele>9.3999996185302734375</ele>
        <time>2026-09-14T23:08:33.000Z</time>
        <extensions>
          <ns3:TrackPointExtension>
            <ns3:hr>150</ns3:hr>
            <ns3:cad>94</ns3:cad>
          </ns3:TrackPointExtension>
        </extensions>
      </trkpt>
      <trkpt lat="22.58701957762241363525390625" lon="113.8765279389917850494384765625">
        <ele>9.3999996185302734375</ele>
        <time>2026-09-14T23:08:34.000Z</time>
        <extensions>
          <ns3:TrackPointExtension>
            <ns3:hr>151</ns3:hr>
            <ns3:cad>95</ns3:cad>
          </ns3:TrackPointExtension>
        </extensions>
      </trkpt>
      <trkpt lat="22.5869996286928653717041015625" lon="113.87650354765355587005615234375">
        <ele>9.3999996185302734375</ele>
        <time>2026-09-14T23:08:35.000Z</time>
        <extensions>
          <ns3:TrackPointExtension>
            <ns3:hr>150</ns3:hr>
            <ns3:cad>95</ns3:cad>
          </ns3:TrackPointExtension>
        </extensions>
      </trkpt>
      <trkpt lat="22.5869741477072238922119140625" lon="113.87647622264921665191650390625">
        <ele>9.3999996185302734375</ele>
        <time>2026-09-14T23:08:36.000Z</time>
        <extensions>
          <ns3:TrackPointExtension>
            <ns3:hr>150</ns3:hr>
            <ns3:cad>96</ns3:cad>
          </ns3:TrackPointExtension>
        </extensions>
      </trkpt>
      <trkpt lat="22.58695394732058048248291015625" lon="113.87645593844354152679443359375">
        <ele>9.3999996185302734375</ele>
        <time>2026-09-14T23:08:37.000Z</time>
        <extensions>
          <ns3:TrackPointExtension>
            <ns3:hr>150</ns3:hr>
            <ns3:cad>96</ns3:cad>
          </ns3:TrackPointExtension>
        </extensions>
      </trkpt>
      <trkpt lat="22.58693131618201732635498046875" lon="113.87642626650631427764892578125">
        <ele>9.3999996185302734375</ele>
        <time>2026-09-14T23:08:38.000Z</time>
        <extensions>
          <ns3:TrackPointExtension>
            <ns3:hr>150</ns3:hr>
            <ns3:cad>96</ns3:cad>
          </ns3:TrackPointExtension>
        </extensions>
      </trkpt>
      <trkpt lat="22.58691094815731048583984375" lon="113.876402713358402252197265625">
        <ele>9.19999980926513671875</ele>
        <time>2026-09-14T23:08:39.000Z</time>
        <extensions>
          <ns3:TrackPointExtension>
            <ns3:hr>150</ns3:hr>
            <ns3:cad>95</ns3:cad>
          </ns3:TrackPointExtension>
        </extensions>
      </trkpt>
      <trkpt lat="22.58688890375196933746337890625" lon="113.87637698091566562652587890625">
        <ele>9.19999980926513671875</ele>
        <time>2026-09-14T23:08:40.000Z</time>
        <extensions>
          <ns3:TrackPointExtension>
            <ns3:hr>150</ns3:hr>
            <ns3:cad>95</ns3:cad>
          </ns3:TrackPointExtension>
        </extensions>
      </trkpt>
      <trkpt lat="22.586868703365325927734375" lon="113.876357786357402801513671875">
        <ele>9.19999980926513671875</ele>
        <time>2026-09-14T23:08:41.000Z</time>
        <extensions>
          <ns3:TrackPointExtension>
            <ns3:hr>150</ns3:hr>
            <ns3:cad>95</ns3:cad>
          </ns3:TrackPointExtension>
        </extensions>
      </trkpt>
      <trkpt lat="22.58684950880706310272216796875" lon="113.87633540667593479156494140625">
        <ele>9.19999980926513671875</ele>
        <time>2026-09-14T23:08:42.000Z</time>
        <extensions>
          <ns3:TrackPointExtension>
            <ns3:hr>151</ns3:hr>
            <ns3:cad>95</ns3:cad>
          </ns3:TrackPointExtension>
        </extensions>
      </trkpt>
      <trkpt lat="22.5868289731442928314208984375" lon="113.87630942277610301971435546875">
        <ele>9.19999980926513671875</ele>
        <time>2026-09-14T23:08:43.000Z</time>
        <extensions>
          <ns3:TrackPointExtension>
            <ns3:hr>151</ns3:hr>
            <ns3:cad>95</ns3:cad>
          </ns3:TrackPointExtension>
        </extensions>
      </trkpt>
      <trkpt lat="22.5868105329573154449462890625" lon="113.8762898929417133331298828125">
        <ele>9.19999980926513671875</ele>
        <time>2026-09-14T23:08:44.000Z</time>
        <extensions>
          <ns3:TrackPointExtension>
            <ns3:hr>152</ns3:hr>
            <ns3:cad>95</ns3:cad>
          </ns3:TrackPointExtension>
        </extensions>
      </trkpt>
      <trkpt lat="22.58678530342876911163330078125" lon="113.876268602907657623291015625">
        <ele>9.19999980926513671875</ele>
        <time>2026-09-14T23:08:45.000Z</time>
        <extensions>
          <ns3:TrackPointExtension>
            <ns3:hr>152</ns3:hr>
            <ns3:cad>93</ns3:cad>
          </ns3:TrackPointExtension>
        </extensions>
      </trkpt>
      <trkpt lat="22.5867679528892040252685546875" lon="113.87624907307326793670654296875">
        <ele>9.19999980926513671875</ele>
        <time>2026-09-14T23:08:46.000Z</time>
        <extensions>
          <ns3:TrackPointExtension>
            <ns3:hr>152</ns3:hr>
            <ns3:cad>94</ns3:cad>
          </ns3:TrackPointExtension>
        </extensions>
      </trkpt>
      <trkpt lat="22.586749680340290069580078125" lon="113.8762161321938037872314453125">
        <ele>9.19999980926513671875</ele>
        <time>2026-09-14T23:08:47.000Z</time>
        <extensions>
          <ns3:TrackPointExtension>
            <ns3:hr>152</ns3:hr>
            <ns3:cad>94</ns3:cad>
          </ns3:TrackPointExtension>
        </extensions>
      </trkpt>
      <trkpt lat="22.58672947995364665985107421875" lon="113.876187466084957122802734375">
        <ele>9.19999980926513671875</ele>
        <time>2026-09-14T23:08:48.000Z</time>
        <extensions>
          <ns3:TrackPointExtension>
            <ns3:hr>152</ns3:hr>
            <ns3:cad>95</ns3:cad>
          </ns3:TrackPointExtension>
        </extensions>
      </trkpt>
      <trkpt lat="22.58671388961374759674072265625" lon="113.87615385465323925018310546875">
        <ele>9.19999980926513671875</ele>
        <time>2026-09-14T23:08:49.000Z</time>
        <extensions>
          <ns3:TrackPointExtension>
            <ns3:hr>152</ns3:hr>
            <ns3:cad>95</ns3:cad>
          </ns3:TrackPointExtension>
        </extensions>
      </trkpt>
      <trkpt lat="22.58670047856867313385009765625" lon="113.87612518854439258575439453125">
        <ele>9.19999980926513671875</ele>
        <time>2026-09-14T23:08:50.000Z</time>
        <extensions>
          <ns3:TrackPointExtension>
            <ns3:hr>152</ns3:hr>
            <ns3:cad>93</ns3:cad>
          </ns3:TrackPointExtension>
        </extensions>
      </trkpt>
      <trkpt lat="22.58668296039104461669921875" lon="113.87609995901584625244140625">
        <ele>9.19999980926513671875</ele>
        <time>2026-09-14T23:08:51.000Z</time>
        <extensions>
          <ns3:TrackPointExtension>
            <ns3:hr>152</ns3:hr>
            <ns3:cad>93</ns3:cad>
          </ns3:TrackPointExtension>
        </extensions>
      </trkpt>
      <trkpt lat="22.5866623409092426300048828125" lon="113.87606852687895298004150390625">
        <ele>9.19999980926513671875</ele>
        <time>2026-09-14T23:08:52.000Z</time>
        <extensions>
          <ns3:TrackPointExtension>
            <ns3:hr>152</ns3:hr>
            <ns3:cad>93</ns3:cad>
          </ns3:TrackPointExtension>
        </extensions>
      </trkpt>
      <trkpt lat="22.5866474211215972900390625" lon="113.87604254297912120819091796875">
        <ele>9.19999980926513671875</ele>
        <time>2026-09-14T23:08:53.000Z</time>
        <extensions>
          <ns3:TrackPointExtension>
            <ns3:hr>152</ns3:hr>
            <ns3:cad>94</ns3:cad>
          </ns3:TrackPointExtension>
        </extensions>
      </trkpt>
      <trkpt lat="22.58662520907819271087646484375" lon="113.87601437978446483612060546875">
        <ele>9.19999980926513671875</ele>
        <time>2026-09-14T23:08:54.000Z</time>
        <extensions>
          <ns3:TrackPointExtension>
            <ns3:hr>152</ns3:hr>
            <ns3:cad>94</ns3:cad>
          </ns3:TrackPointExtension>
        </extensions>
      </trkpt>
      <trkpt lat="22.58660475723445415496826171875" lon="113.8759958557784557342529296875">
        <ele>9.19999980926513671875</ele>
        <time>2026-09-14T23:08:55.000Z</time>
        <extensions>
          <ns3:TrackPointExtension>
            <ns3:hr>151</ns3:hr>
            <ns3:cad>94</ns3:cad>
          </ns3:TrackPointExtension>
        </extensions>
      </trkpt>
      <trkpt lat="22.5865852274000644683837890625" lon="113.875970877707004547119140625">
        <ele>9.19999980926513671875</ele>
        <time>2026-09-14T23:08:56.000Z</time>
        <extensions>
          <ns3:TrackPointExtension>
            <ns3:hr>151</ns3:hr>
            <ns3:cad>94</ns3:cad>
          </ns3:TrackPointExtension>
        </extensions>
      </trkpt>
      <trkpt lat="22.5865614227950572967529296875" lon="113.8759428821504116058349609375">
        <ele>9.3999996185302734375</ele>
        <time>2026-09-14T23:08:57.000Z</time>
        <extensions>
          <ns3:TrackPointExtension>
            <ns3:hr>151</ns3:hr>
            <ns3:cad>94</ns3:cad>
          </ns3:TrackPointExtension>
        </extensions>
      </trkpt>
      <trkpt lat="22.58654323406517505645751953125" lon="113.875926621258258819580078125">
        <ele>9.3999996185302734375</ele>
        <time>2026-09-14T23:08:58.000Z</time>
        <extensions>
          <ns3:TrackPointExtension>
            <ns3:hr>152</ns3:hr>
            <ns3:cad>95</ns3:cad>
          </ns3:TrackPointExtension>
        </extensions>
      </trkpt>
      <trkpt lat="22.58652068674564361572265625" lon="113.8758946023881435394287109375">
        <ele>9.19999980926513671875</ele>
        <time>2026-09-14T23:08:59.000Z</time>
        <extensions>
          <ns3:TrackPointExtension>
            <ns3:hr>152</ns3:hr>
            <ns3:cad>95</ns3:cad>
          </ns3:TrackPointExtension>
        </extensions>
      </trkpt>
      <trkpt lat="22.58649964816868305206298828125" lon="113.875870965421199798583984375">
        <ele>9.19999980926513671875</ele>
        <time>2026-09-14T23:09:00.000Z</time>
        <extensions>
          <ns3:TrackPointExtension>
            <ns3:hr>152</ns3:hr>
            <ns3:cad>95</ns3:cad>
          </ns3:TrackPointExtension>
        </extensions>
      </trkpt>
      <trkpt lat="22.5864789448678493499755859375" lon="113.87584707699716091156005859375">
        <ele>9.19999980926513671875</ele>
        <time>2026-09-14T23:09:01.000Z</time>
        <extensions>
          <ns3:TrackPointExtension>
            <ns3:hr>152</ns3:hr>
            <ns3:cad>95</ns3:cad>
          </ns3:TrackPointExtension>
        </extensions>
      </trkpt>
      <trkpt lat="22.58645941503345966339111328125" lon="113.8758208416402339935302734375">
        <ele>9.19999980926513671875</ele>
        <time>2026-09-14T23:09:02.000Z</time>
        <extensions>
          <ns3:TrackPointExtension>
            <ns3:hr>151</ns3:hr>
            <ns3:cad>95</ns3:cad>
          </ns3:TrackPointExtension>
        </extensions>
      </trkpt>
      <trkpt lat="22.58644382469356060028076171875" lon="113.875798881053924560546875">
        <ele>9.19999980926513671875</ele>
        <time>2026-09-14T23:09:03.000Z</time>
        <extensions>
          <ns3:TrackPointExtension>
            <ns3:hr>152</ns3:hr>
            <ns3:cad>96</ns3:cad>
          </ns3:TrackPointExtension>
        </extensions>
      </trkpt>
      <trkpt lat="22.58642421104013919830322265625" lon="113.8757692091166973114013671875">
        <ele>9.19999980926513671875</ele>
        <time>2026-09-14T23:09:04.000Z</time>
        <extensions>
          <ns3:TrackPointExtension>
            <ns3:hr>152</ns3:hr>
            <ns3:cad>96</ns3:cad>
          </ns3:TrackPointExtension>
        </extensions>
      </trkpt>
      <trkpt lat="22.5864087045192718505859375" lon="113.8757511042058467864990234375">
        <ele>9.19999980926513671875</ele>
        <time>2026-09-14T23:09:05.000Z</time>
        <extensions>
          <ns3:TrackPointExtension>
            <ns3:hr>151</ns3:hr>
            <ns3:cad>95</ns3:cad>
          </ns3:TrackPointExtension>
        </extensions>
      </trkpt>
      <trkpt lat="22.586369812488555908203125" lon="113.8757115416228771209716796875">
        <ele>9.19999980926513671875</ele>
        <time>2026-09-14T23:09:06.000Z</time>
        <extensions>
          <ns3:TrackPointExtension>
            <ns3:hr>152</ns3:hr>
            <ns3:cad>95</ns3:cad>
          </ns3:TrackPointExtension>
        </extensions>
      </trkpt>
      <trkpt lat="22.58634709753096103668212890625" lon="113.87568731792271137237548828125">
        <ele>9.19999980926513671875</ele>
        <time>2026-09-14T23:09:07.000Z</time>
        <extensions>
          <ns3:TrackPointExtension>
            <ns3:hr>152</ns3:hr>
            <ns3:cad>95</ns3:cad>
          </ns3:TrackPointExtension>
        </extensions>
      </trkpt>
      <trkpt lat="22.5863227061927318572998046875" lon="113.87566887773573398590087890625">
        <ele>9.19999980926513671875</ele>
        <time>2026-09-14T23:09:08.000Z</time>
        <extensions>
          <ns3:TrackPointExtension>
            <ns3:hr>151</ns3:hr>
            <ns3:cad>95</ns3:cad>
          </ns3:TrackPointExtension>
        </extensions>
      </trkpt>
      <trkpt lat="22.58630275726318359375" lon="113.87565010227262973785400390625">
        <ele>9.19999980926513671875</ele>
        <time>2026-09-14T23:09:09.000Z</time>
        <extensions>
          <ns3:TrackPointExtension>
            <ns3:hr>151</ns3:hr>
            <ns3:cad>95</ns3:cad>
          </ns3:TrackPointExtension>
        </extensions>
      </trkpt>
      <trkpt lat="22.5862864963710308074951171875" lon="113.8756475038826465606689453125">
        <ele>9.19999980926513671875</ele>
        <time>2026-09-14T23:09:10.000Z</time>
        <extensions>
          <ns3:TrackPointExtension>
            <ns3:hr>151</ns3:hr>
            <ns3:cad>93</ns3:cad>
          </ns3:TrackPointExtension>
        </extensions>
      </trkpt>
    </trkseg>
  </trk>
</gpx>
