<?xml version="1.0" encoding="UTF-8"?>
<gpx creator="Garmin Connect" version="1.1"
  xsi:schemaLocation="http://www.topografix.com/GPX/1/1 http://www.topografix.com/GPX/11.xsd"
  xmlns:ns3="http://www.garmin.com/xmlschemas/TrackPointExtension/v1"
  xmlns="http://www.topografix.com/GPX/1/1"
  xmlns:xsi="http://www.w3.org/2001/XMLSchema-instance" xmlns:ns2="http://www.garmin.com/xmlschemas/GpxExtensions/v3">
  <metadata>
    <link href="connect.garmin.com">
      <text>Garmin Connect</text>
    </link>
    <time>2026-09-29T22:17:06.000Z</time>
  </metadata>
  <trk>
    <name>深圳市 跑步</name>
    <type>running</type>
    <trkseg>
      <trkpt lat="22.58616789244115352630615234375" lon="113.87554901652038097381591796875">
        <ele>11.19999980926513671875</ele>
        <time>2026-09-29T22:17:06.000Z</time>
        <extensions>
          <ns3:TrackPointExtension>
            <ns3:hr>69</ns3:hr>
            <ns3:cad>0</ns3:cad>
          </ns3:TrackPointExtension>
        </extensions>
      </trkpt>
      <trkpt lat="22.58616906590759754180908203125" lon="113.875528313219547271728515625">
        <ele>11.19999980926513671875</ele>
        <time>2026-09-29T22:17:07.000Z</time>
        <extensions>
          <ns3:TrackPointExtension>
            <ns3:hr>69</ns3:hr>
            <ns3:cad>0</ns3:cad>
          </ns3:TrackPointExtension>
        </extensions>
      </trkpt>
      <trkpt lat="22.586179710924625396728515625" lon="113.87553007341921329498291015625">
        <ele>11.19999980926513671875</ele>
        <time>2026-09-29T22:17:08.000Z</time>
        <extensions>
          <ns3:TrackPointExtension>
            <ns3:hr>69</ns3:hr>
            <ns3:cad>0</ns3:cad>
          </ns3:TrackPointExtension>
        </extensions>
      </trkpt>
      <trkpt lat="22.58619152940809726715087890625" lon="113.87553292326629161834716796875">
        <ele>11.19999980926513671875</ele>
        <time>2026-09-29T22:17:09.000Z</time>
        <extensions>
          <ns3:TrackPointExtension>
            <ns3:hr>71</ns3:hr>
            <ns3:cad>0</ns3:cad>
          </ns3:TrackPointExtension>
        </extensions>
      </trkpt>
      <trkpt lat="22.58621080778539180755615234375" lon="113.87554566375911235809326171875">
        <ele>11.19999980926513671875</ele>
        <time>2026-09-29T22:17:10.000Z</time>
        <extensions>
          <ns3:TrackPointExtension>
            <ns3:hr>72</ns3:hr>
            <ns3:cad>0</ns3:cad>
          </ns3:TrackPointExtension>
        </extensions>
      </trkpt>
      <trkpt lat="22.58622832596302032470703125" lon="113.87555681169033050537109375">
        <ele>11</ele>
        <time>2026-09-29T22:17:11.000Z</time>
        <extensions>
          <ns3:TrackPointExtension>
            <ns3:hr>72</ns3:hr>
            <ns3:cad>0</ns3:cad>
          </ns3:TrackPointExtension>
        </extensions>
      </trkpt>
      <trkpt lat="22.58625112473964691162109375" lon="113.8755713962018489837646484375">
        <ele>11</ele>
        <time>2026-09-29T22:17:12.000Z</time>
        <extensions>
          <ns3:TrackPointExtension>
            <ns3:hr>71</ns3:hr>
            <ns3:cad>0</ns3:cad>
          </ns3:TrackPointExtension>
        </extensions>
      </trkpt>
      <trkpt lat="22.5862714089453220367431640625" lon="113.875583298504352569580078125">
        <ele>11</ele>
        <time>2026-09-29T22:17:13.000Z</time>
        <extensions>
          <ns3:TrackPointExtension>
            <ns3:hr>71</ns3:hr>
            <ns3:cad>0</ns3:cad>
          </ns3:TrackPointExtension>
        </extensions>
      </trkpt>
      <trkpt lat="22.58629714138805866241455078125" lon="113.8755963742733001708984375">
        <ele>11</ele>
        <time>2026-09-29T22:17:14.000Z</time>
        <extensions>
          <ns3:TrackPointExtension>
            <ns3:hr>71</ns3:hr>
            <ns3:cad>88</ns3:cad>
          </ns3:TrackPointExtension>
        </extensions>
      </trkpt>
      <trkpt lat="22.5863176770508289337158203125" lon="113.8756069354712963104248046875">
        <ele>11</ele>
        <time>2026-09-29T22:17:15.000Z</time>
        <extensions>
          <ns3:TrackPointExtension>
            <ns3:hr>72</ns3:hr>
            <ns3:cad>88</ns3:cad>
          </ns3:TrackPointExtension>
        </extensions>
      </trkpt>
      <trkpt lat="22.58633871562778949737548828125" lon="113.87562009505927562713623046875">
        <ele>11</ele>
        <time>2026-09-29T22:17:16.000Z</time>
        <extensions>
          <ns3:TrackPointExtension>
            <ns3:hr>72</ns3:hr>
            <ns3:cad>88</ns3:cad>
          </ns3:TrackPointExtension>
        </extensions>
      </trkpt>
      <trkpt lat="22.58635665290057659149169921875" lon="113.87563400901854038238525390625">
        <ele>11</ele>
        <time>2026-09-29T22:17:17.000Z</time>
        <extensions>
          <ns3:TrackPointExtension>
            <ns3:hr>74</ns3:hr>
            <ns3:cad>90</ns3:cad>
          </ns3:TrackPointExtension>
        </extensions>
      </trkpt>
      <trkpt lat="22.58637509308755397796630859375" lon="113.87566485442221164703369140625">
        <ele>11</ele>
        <time>2026-09-29T22:17:18.000Z</time>
        <extensions>
          <ns3:TrackPointExtension>
            <ns3:hr>75</ns3:hr>
            <ns3:cad>91</ns3:cad>
          </ns3:TrackPointExtension>
        </extensions>
      </trkpt>
      <trkpt lat="22.58638682775199413299560546875" lon="113.8756806962192058563232421875">
        <ele>11</ele>
        <time>2026-09-29T22:17:19.000Z</time>
        <extensions>
          <ns3:TrackPointExtension>
            <ns3:hr>77</ns3:hr>
            <ns3:cad>92</ns3:cad>
          </ns3:TrackPointExtension>
        </extensions>
      </trkpt>
      <trkpt lat="22.58639437146484851837158203125" lon="113.87571036815643310546875">
        <ele>11</ele>
        <time>2026-09-29T22:17:20.000Z</time>
        <extensions>
          <ns3:TrackPointExtension>
            <ns3:hr>78</ns3:hr>
            <ns3:cad>92</ns3:cad>
          </ns3:TrackPointExtension>
        </extensions>
      </trkpt>
      <trkpt lat="22.5864095427095890045166015625" lon="113.87573140673339366912841796875">
        <ele>11</ele>
        <time>2026-09-29T22:17:21.000Z</time>
        <extensions>
          <ns3:TrackPointExtension>
            <ns3:hr>80</ns3:hr>
            <ns3:cad>91</ns3:cad>
          </ns3:TrackPointExtension>
        </extensions>
      </trkpt>
      <trkpt lat="22.58642236702144145965576171875" lon="113.87575420551002025604248046875">
        <ele>10.80000019073486328125</ele>
        <time>2026-09-29T22:17:22.000Z</time>
        <extensions>
          <ns3:TrackPointExtension>
            <ns3:hr>81</ns3:hr>
            <ns3:cad>91</ns3:cad>
          </ns3:TrackPointExtension>
        </extensions>
      </trkpt>
      <trkpt lat="22.5864407233893871307373046875" lon="113.87576711364090442657470703125">
        <ele>10.80000019073486328125</ele>
        <time>2026-09-29T22:17:23.000Z</time>
        <extensions>
          <ns3:TrackPointExtension>
            <ns3:hr>82</ns3:hr>
            <ns3:cad>91</ns3:cad>
          </ns3:TrackPointExtension>
        </extensions>
      </trkpt>
      <trkpt lat="22.586452960968017578125" lon="113.87578002177178859710693359375">
        <ele>10.80000019073486328125</ele>
        <time>2026-09-29T22:17:24.000Z</time>
        <extensions>
          <ns3:TrackPointExtension>
            <ns3:hr>84</ns3:hr>
            <ns3:cad>93</ns3:cad>
          </ns3:TrackPointExtension>
        </extensions>
      </trkpt>
      <trkpt lat="22.5864702276885509490966796875" lon="113.87579360045492649078369140625">
        <ele>10.80000019073486328125</ele>
        <time>2026-09-29T22:17:25.000Z</time>
        <extensions>
          <ns3:TrackPointExtension>
            <ns3:hr>86</ns3:hr>
            <ns3:cad>94</ns3:cad>
          </ns3:TrackPointExtension>
        </extensions>
      </trkpt>
      <trkpt lat="22.58648254908621311187744140625" lon="113.87580567039549350738525390625">
        <ele>10.80000019073486328125</ele>
        <time>2026-09-29T22:17:26.000Z</time>
        <extensions>
          <ns3:TrackPointExtension>
            <ns3:hr>88</ns3:hr>
            <ns3:cad>94</ns3:cad>
          </ns3:TrackPointExtension>
        </extensions>
      </trkpt>
      <trkpt lat="22.5865037553012371063232421875" lon="113.87582838535308837890625">
        <ele>10.80000019073486328125</ele>
        <time>2026-09-29T22:17:27.000Z</time>
        <extensions>
          <ns3:TrackPointExtension>
            <ns3:hr>91</ns3:hr>
            <ns3:cad>94</ns3:cad>
          </ns3:TrackPointExtension>
        </extensions>
      </trkpt>
      <trkpt lat="22.586517333984375" lon="113.87584271840751171112060546875">
        <ele>10.80000019073486328125</ele>
        <time>2026-09-29T22:17:28.000Z</time>
        <extensions>
          <ns3:TrackPointExtension>
            <ns3:hr>93</ns3:hr>
            <ns3:cad>92</ns3:cad>
          </ns3:TrackPointExtension>
        </extensions>
      </trkpt>
      <trkpt lat="22.5865374505519866943359375" lon="113.87586937285959720611572265625">
        <ele>10.80000019073486328125</ele>
        <time>2026-09-29T22:17:29.000Z</time>
        <extensions>
          <ns3:TrackPointExtension>
            <ns3:hr>94</ns3:hr>
            <ns3:cad>91</ns3:cad>
          </ns3:TrackPointExtension>
        </extensions>
      </trkpt>
      <trkpt lat="22.58655630983412265777587890625" lon="113.87588479556143283843994140625">
        <ele>10.80000019073486328125</ele>
        <time>2026-09-29T22:17:30.000Z</time>
        <extensions>
          <ns3:TrackPointExtension>
            <ns3:hr>95</ns3:hr>
            <ns3:cad>91</ns3:cad>
          </ns3:TrackPointExtension>
        </extensions>
      </trkpt>
      <trkpt lat="22.58656871505081653594970703125" lon="113.87591077946126461029052734375">
        <ele>10.80000019073486328125</ele>
        <time>2026-09-29T22:17:31.000Z</time>
        <extensions>
          <ns3:TrackPointExtension>
            <ns3:hr>95</ns3:hr>
            <ns3:cad>92</ns3:cad>
          </ns3:TrackPointExtension>
        </extensions>
      </trkpt>
      <trkpt lat="22.5865845568478107452392578125" lon="113.87593190185725688934326171875">
        <ele>10.80000019073486328125</ele>
        <time>2026-09-29T22:17:32.000Z</time>
        <extensions>
          <ns3:TrackPointExtension>
            <ns3:hr>96</ns3:hr>
            <ns3:cad>92</ns3:cad>
          </ns3:TrackPointExtension>
        </extensions>
      </trkpt>
      <trkpt lat="22.58659419603645801544189453125" lon="113.875954113900661468505859375">
        <ele>10.80000019073486328125</ele>
        <time>2026-09-29T22:17:33.000Z</time>
        <extensions>
          <ns3:TrackPointExtension>
            <ns3:hr>97</ns3:hr>
            <ns3:cad>93</ns3:cad>
          </ns3:TrackPointExtension>
        </extensions>
      </trkpt>
      <trkpt lat="22.586612217128276824951171875" lon="113.87597766704857349395751953125">
        <ele>10.80000019073486328125</ele>
        <time>2026-09-29T22:17:34.000Z</time>
        <extensions>
          <ns3:TrackPointExtension>
            <ns3:hr>98</ns3:hr>
            <ns3:cad>93</ns3:cad>
          </ns3:TrackPointExtension>
        </extensions>
      </trkpt>
      <trkpt lat="22.586624957621097564697265625" lon="113.87599526904523372650146484375">
        <ele>10.80000019073486328125</ele>
        <time>2026-09-29T22:17:35.000Z</time>
        <extensions>
          <ns3:TrackPointExtension>
            <ns3:hr>99</ns3:hr>
            <ns3:cad>93</ns3:cad>
          </ns3:TrackPointExtension>
        </extensions>
      </trkpt>
      <trkpt lat="22.586648762226104736328125" lon="113.876020498573780059814453125">
        <ele>10.80000019073486328125</ele>
        <time>2026-09-29T22:17:36.000Z</time>
        <extensions>
          <ns3:TrackPointExtension>
            <ns3:hr>100</ns3:hr>
            <ns3:cad>94</ns3:cad>
          </ns3:TrackPointExtension>
        </extensions>
      </trkpt>
      <trkpt lat="22.58666359819471836090087890625" lon="113.87603499926626682281494140625">
        <ele>10.80000019073486328125</ele>
        <time>2026-09-29T22:17:37.000Z</time>
        <extensions>
          <ns3:TrackPointExtension>
            <ns3:hr>101</ns3:hr>
            <ns3:cad>94</ns3:cad>
          </ns3:TrackPointExtension>
        </extensions>
      </trkpt>
      <trkpt lat="22.58668237365782260894775390625" lon="113.87606165371835231781005859375">
        <ele>10.80000019073486328125</ele>
        <time>2026-09-29T22:17:38.000Z</time>
        <extensions>
          <ns3:TrackPointExtension>
            <ns3:hr>102</ns3:hr>
            <ns3:cad>92</ns3:cad>
          </ns3:TrackPointExtension>
        </extensions>
      </trkpt>
      <trkpt lat="22.58669762872159481048583984375" lon="113.876077495515346527099609375">
        <ele>10.80000019073486328125</ele>
        <time>2026-09-29T22:17:39.000Z</time>
        <extensions>
          <ns3:TrackPointExtension>
            <ns3:hr>103</ns3:hr>
            <ns3:cad>92</ns3:cad>
          </ns3:TrackPointExtension>
        </extensions>
      </trkpt>
      <trkpt lat="22.58671070449054241180419921875" lon="113.876101635396480560302734375">
        <ele>10.80000019073486328125</ele>
        <time>2026-09-29T22:17:40.000Z</time>
        <extensions>
          <ns3:TrackPointExtension>
            <ns3:hr>104</ns3:hr>
            <ns3:cad>93</ns3:cad>
          </ns3:TrackPointExtension>
        </extensions>
      </trkpt>
      <trkpt lat="22.5867206789553165435791015625" lon="113.87611806392669677734375">
        <ele>10.6000003814697265625</ele>
        <time>2026-09-29T22:17:41.000Z</time>
        <extensions>
          <ns3:TrackPointExtension>
            <ns3:hr>104</ns3:hr>
            <ns3:cad>93</ns3:cad>
          </ns3:TrackPointExtension>
        </extensions>
      </trkpt>
      <trkpt lat="22.58673400618135929107666015625" lon="113.87613809667527675628662109375">
        <ele>10.6000003814697265625</ele>
        <time>2026-09-29T22:17:42.000Z</time>
        <extensions>
          <ns3:TrackPointExtension>
            <ns3:hr>104</ns3:hr>
            <ns3:cad>94</ns3:cad>
          </ns3:TrackPointExtension>
        </extensions>
      </trkpt>
      <trkpt lat="22.5867501832544803619384765625" lon="113.8761541061103343963623046875">
        <ele>10.6000003814697265625</ele>
        <time>2026-09-29T22:17:43.000Z</time>
        <extensions>
          <ns3:TrackPointExtension>
            <ns3:hr>103</ns3:hr>
            <ns3:cad>94</ns3:cad>
          </ns3:TrackPointExtension>
        </extensions>
      </trkpt>
      <trkpt lat="22.58676384575664997100830078125" lon="113.87617547996342182159423828125">
        <ele>10.6000003814697265625</ele>
        <time>2026-09-29T22:17:44.000Z</time>
        <extensions>
          <ns3:TrackPointExtension>
            <ns3:hr>103</ns3:hr>
            <ns3:cad>94</ns3:cad>
          </ns3:TrackPointExtension>
        </extensions>
      </trkpt>
      <trkpt lat="22.58678379468619823455810546875" lon="113.87619559653103351593017578125">
        <ele>10.6000003814697265625</ele>
        <time>2026-09-29T22:17:45.000Z</time>
        <extensions>
          <ns3:TrackPointExtension>
            <ns3:hr>103</ns3:hr>
            <ns3:cad>94</ns3:cad>
          </ns3:TrackPointExtension>
        </extensions>
      </trkpt>
      <trkpt lat="22.586798630654811859130859375" lon="113.8762134499847888946533203125">
        <ele>10.6000003814697265625</ele>
        <time>2026-09-29T22:17:46.000Z</time>
        <extensions>
          <ns3:TrackPointExtension>
            <ns3:hr>103</ns3:hr>
            <ns3:cad>92</ns3:cad>
          </ns3:TrackPointExtension>
        </extensions>
      </trkpt>
      <trkpt lat="22.586818747222423553466796875" lon="113.87623767368495464324951171875">
        <ele>10.6000003814697265625</ele>
        <time>2026-09-29T22:17:47.000Z</time>
        <extensions>
          <ns3:TrackPointExtension>
            <ns3:hr>104</ns3:hr>
            <ns3:cad>92</ns3:cad>
          </ns3:TrackPointExtension>
        </extensions>
      </trkpt>
      <trkpt lat="22.586829476058483123779296875" lon="113.87625393457710742950439453125">
        <ele>10.6000003814697265625</ele>
        <time>2026-09-29T22:17:48.000Z</time>
        <extensions>
          <ns3:TrackPointExtension>
            <ns3:hr>104</ns3:hr>
            <ns3:cad>93</ns3:cad>
          </ns3:TrackPointExtension>
        </extensions>
      </trkpt>
      <trkpt lat="22.5868484191596508026123046875" lon="113.87628042139112949371337890625">
        <ele>10.6000003814697265625</ele>
        <time>2026-09-29T22:17:49.000Z</time>
        <extensions>
          <ns3:TrackPointExtension>
            <ns3:hr>104</ns3:hr>
            <ns3:cad>93</ns3:cad>
          </ns3:TrackPointExtension>
        </extensions>
      </trkpt>
      <trkpt lat="22.58686057291924953460693359375" lon="113.8762962631881237030029296875">
        <ele>10.6000003814697265625</ele>
        <time>2026-09-29T22:17:50.000Z</time>
        <extensions>
          <ns3:TrackPointExtension>
            <ns3:hr>104</ns3:hr>
            <ns3:cad>92</ns3:cad>
          </ns3:TrackPointExtension>
        </extensions>
      </trkpt>
      <trkpt lat="22.58688001893460750579833984375" lon="113.87632199563086032867431640625">
        <ele>10.6000003814697265625</ele>
        <time>2026-09-29T22:17:51.000Z</time>
        <extensions>
          <ns3:TrackPointExtension>
            <ns3:hr>104</ns3:hr>
            <ns3:cad>92</ns3:cad>
          </ns3:TrackPointExtension>
        </extensions>
      </trkpt>
      <trkpt lat="22.5868963636457920074462890625" lon="113.87633792124688625335693359375">
        <ele>10.6000003814697265625</ele>
        <time>2026-09-29T22:17:52.000Z</time>
        <extensions>
          <ns3:TrackPointExtension>
            <ns3:hr>105</ns3:hr>
            <ns3:cad>92</ns3:cad>
          </ns3:TrackPointExtension>
        </extensions>
      </trkpt>
      <trkpt lat="22.58691472001373767852783203125" lon="113.8763562776148319244384765625">
        <ele>10.6000003814697265625</ele>
        <time>2026-09-29T22:17:53.000Z</time>
        <extensions>
          <ns3:TrackPointExtension>
            <ns3:hr>106</ns3:hr>
            <ns3:cad>93</ns3:cad>
          </ns3:TrackPointExtension>
        </extensions>
      </trkpt>
      <trkpt lat="22.58693265728652477264404296875" lon="113.8763693533837795257568359375">
        <ele>10.6000003814697265625</ele>
        <time>2026-09-29T22:17:54.000Z</time>
        <extensions>
          <ns3:TrackPointExtension>
            <ns3:hr>106</ns3:hr>
            <ns3:cad>94</ns3:cad>
          </ns3:TrackPointExtension>
        </extensions>
      </trkpt>
      <trkpt lat="22.5869478285312652587890625" lon="113.8763908110558986663818359375">
        <ele>10.6000003814697265625</ele>
        <time>2026-09-29T22:17:55.000Z</time>
        <extensions>
          <ns3:TrackPointExtension>
            <ns3:hr>107</ns3:hr>
            <ns3:cad>94</ns3:cad>
          </ns3:TrackPointExtension>
        </extensions>
      </trkpt>
      <trkpt lat="22.58696383796632289886474609375" lon="113.87641050852835178375244140625">
        <ele>10.6000003814697265625</ele>
        <time>2026-09-29T22:17:56.000Z</time>
        <extensions>
          <ns3:TrackPointExtension>
            <ns3:hr>108</ns3:hr>
            <ns3:cad>94</ns3:cad>
          </ns3:TrackPointExtension>
        </extensions>
      </trkpt>
      <trkpt lat="22.58697800338268280029296875" lon="113.8764280267059803009033203125">
        <ele>10.80000019073486328125</ele>
        <time>2026-09-29T22:17:57.000Z</time>
        <extensions>
          <ns3:TrackPointExtension>
            <ns3:hr>108</ns3:hr>
            <ns3:cad>93</ns3:cad>
          </ns3:TrackPointExtension>
        </extensions>
      </trkpt>
      <trkpt lat="22.58699485100805759429931640625" lon="113.87645225040614604949951171875">
        <ele>10.80000019073486328125</ele>
        <time>2026-09-29T22:17:58.000Z</time>
        <extensions>
          <ns3:TrackPointExtension>
            <ns3:hr>109</ns3:hr>
            <ns3:cad>92</ns3:cad>
          </ns3:TrackPointExtension>
        </extensions>
      </trkpt>
      <trkpt lat="22.58700457401573657989501953125" lon="113.8764734566211700439453125">
        <ele>10.80000019073486328125</ele>
        <time>2026-09-29T22:17:59.000Z</time>
        <extensions>
          <ns3:TrackPointExtension>
            <ns3:hr>109</ns3:hr>
            <ns3:cad>92</ns3:cad>
          </ns3:TrackPointExtension>
        </extensions>
      </trkpt>
      <trkpt lat="22.58702628314495086669921875" lon="113.87650069780647754669189453125">
        <ele>10.80000019073486328125</ele>
        <time>2026-09-29T22:18:00.000Z</time>
        <extensions>
          <ns3:TrackPointExtension>
            <ns3:hr>110</ns3:hr>
            <ns3:cad>92</ns3:cad>
          </ns3:TrackPointExtension>
        </extensions>
      </trkpt>
      <trkpt lat="22.587042711675167083740234375" lon="113.87651209719479084014892578125">
        <ele>10.80000019073486328125</ele>
        <time>2026-09-29T22:18:01.000Z</time>
        <extensions>
          <ns3:TrackPointExtension>
            <ns3:hr>110</ns3:hr>
            <ns3:cad>92</ns3:cad>
          </ns3:TrackPointExtension>
        </extensions>
      </trkpt>
      <trkpt lat="22.587064169347286224365234375" lon="113.87653171084821224212646484375">
        <ele>10.80000019073486328125</ele>
        <time>2026-09-29T22:18:02.000Z</time>
        <extensions>
          <ns3:TrackPointExtension>
            <ns3:hr>110</ns3:hr>
            <ns3:cad>92</ns3:cad>
          </ns3:TrackPointExtension>
        </extensions>
      </trkpt>
      <trkpt lat="22.5870844535529613494873046875" lon="113.87654445134103298187255859375">
        <ele>10.80000019073486328125</ele>
        <time>2026-09-29T22:18:03.000Z</time>
        <extensions>
          <ns3:TrackPointExtension>
            <ns3:hr>111</ns3:hr>
            <ns3:cad>92</ns3:cad>
          </ns3:TrackPointExtension>
        </extensions>
      </trkpt>
      <trkpt lat="22.587102390825748443603515625" lon="113.87656808830797672271728515625">
        <ele>10.80000019073486328125</ele>
        <time>2026-09-29T22:18:04.000Z</time>
        <extensions>
          <ns3:TrackPointExtension>
            <ns3:hr>111</ns3:hr>
            <ns3:cad>92</ns3:cad>
          </ns3:TrackPointExtension>
        </extensions>
      </trkpt>
      <trkpt lat="22.587121836841106414794921875" lon="113.87658803723752498626708984375">
        <ele>10.80000019073486328125</ele>
        <time>2026-09-29T22:18:05.000Z</time>
        <extensions>
          <ns3:TrackPointExtension>
            <ns3:hr>111</ns3:hr>
            <ns3:cad>94</ns3:cad>
          </ns3:TrackPointExtension>
        </extensions>
      </trkpt>
      <trkpt lat="22.58713298477232456207275390625" lon="113.8766130991280078887939453125">
        <ele>10.80000019073486328125</ele>
        <time>2026-09-29T22:18:06.000Z</time>
        <extensions>
          <ns3:TrackPointExtension>
            <ns3:hr>112</ns3:hr>
            <ns3:cad>94</ns3:cad>
          </ns3:TrackPointExtension>
        </extensions>
      </trkpt>
      <trkpt lat="22.58714966475963592529296875" lon="113.87663464061915874481201171875">
        <ele>10.80000019073486328125</ele>
        <time>2026-09-29T22:18:07.000Z</time>
        <extensions>
          <ns3:TrackPointExtension>
            <ns3:hr>112</ns3:hr>
            <ns3:cad>92</ns3:cad>
          </ns3:TrackPointExtension>
        </extensions>
      </trkpt>
      <trkpt lat="22.5871624052524566650390625" lon="113.876656182110309600830078125">
        <ele>11</ele>
        <time>2026-09-29T22:18:08.000Z</time>
        <extensions>
          <ns3:TrackPointExtension>
            <ns3:hr>112</ns3:hr>
            <ns3:cad>92</ns3:cad>
          </ns3:TrackPointExtension>
        </extensions>
      </trkpt>
      <trkpt lat="22.58718009106814861297607421875" lon="113.8766818307340145111083984375">
        <ele>11</ele>
        <time>2026-09-29T22:18:09.000Z</time>
        <extensions>
          <ns3:TrackPointExtension>
            <ns3:hr>113</ns3:hr>
            <ns3:cad>93</ns3:cad>
          </ns3:TrackPointExtension>
        </extensions>
      </trkpt>
      <trkpt lat="22.5871927477419376373291015625" lon="113.87670069001615047454833984375">
        <ele>11</ele>
        <time>2026-09-29T22:18:10.000Z</time>
        <extensions>
          <ns3:TrackPointExtension>
            <ns3:hr>113</ns3:hr>
            <ns3:cad>93</ns3:cad>
          </ns3:TrackPointExtension>
        </extensions>
      </trkpt>
      <trkpt lat="22.58721537888050079345703125" lon="113.876727260649204254150390625">
        <ele>11</ele>
        <time>2026-09-29T22:18:11.000Z</time>
        <extensions>
          <ns3:TrackPointExtension>
            <ns3:hr>113</ns3:hr>
            <ns3:cad>93</ns3:cad>
          </ns3:TrackPointExtension>
        </extensions>
      </trkpt>
      <trkpt lat="22.58722887374460697174072265625" lon="113.876743018627166748046875">
        <ele>10.80000019073486328125</ele>
        <time>2026-09-29T22:18:12.000Z</time>
        <extensions>
          <ns3:TrackPointExtension>
            <ns3:hr>113</ns3:hr>
            <ns3:cad>91</ns3:cad>
          </ns3:TrackPointExtension>
        </extensions>
      </trkpt>
      <trkpt lat="22.58724748156964778900146484375" lon="113.87676841579377651214599609375">
        <ele>10.80000019073486328125</ele>
        <time>2026-09-29T22:18:13.000Z</time>
        <extensions>
          <ns3:TrackPointExtension>
            <ns3:hr>114</ns3:hr>
            <ns3:cad>91</ns3:cad>
          </ns3:TrackPointExtension>
        </extensions>
      </trkpt>
      <trkpt lat="22.5872641615569591522216796875" lon="113.87678216211497783660888671875">
        <ele>10.80000019073486328125</ele>
        <time>2026-09-29T22:18:14.000Z</time>
        <extensions>
          <ns3:TrackPointExtension>
            <ns3:hr>114</ns3:hr>
            <ns3:cad>92</ns3:cad>
          </ns3:TrackPointExtension>
        </extensions>
      </trkpt>
      <trkpt lat="22.58728000335395336151123046875" lon="113.87679993174970149993896484375">
        <ele>10.80000019073486328125</ele>
        <time>2026-09-29T22:18:15.000Z</time>
        <extensions>
          <ns3:TrackPointExtension>
            <ns3:hr>114</ns3:hr>
            <ns3:cad>92</ns3:cad>
          </ns3:TrackPointExtension>
        </extensions>
      </trkpt>
      <trkpt lat="22.58729995228350162506103515625" lon="113.87681921012699604034423828125">
        <ele>10.80000019073486328125</ele>
        <time>2026-09-29T22:18:16.000Z</time>
        <extensions>
          <ns3:TrackPointExtension>
            <ns3:hr>114</ns3:hr>
            <ns3:cad>93</ns3:cad>
          </ns3:TrackPointExtension>
        </extensions>
      </trkpt>
      <trkpt lat="22.587313614785671234130859375" lon="113.87684033252298831939697265625">
        <ele>10.80000019073486328125</ele>
        <time>2026-09-29T22:18:17.000Z</time>
        <extensions>
          <ns3:TrackPointExtension>
            <ns3:hr>115</ns3:hr>
            <ns3:cad>93</ns3:cad>
          </ns3:TrackPointExtension>
        </extensions>
      </trkpt>
      <trkpt lat="22.58733347989618778228759765625" lon="113.87686279602348804473876953125">
        <ele>11</ele>
        <time>2026-09-29T22:18:18.000Z</time>
        <extensions>
          <ns3:TrackPointExtension>
            <ns3:hr>115</ns3:hr>
            <ns3:cad>93</ns3:cad>
          </ns3:TrackPointExtension>
        </extensions>
      </trkpt>
      <trkpt lat="22.587345130741596221923828125" lon="113.87688358314335346221923828125">
        <ele>11</ele>
        <time>2026-09-29T22:18:19.000Z</time>
        <extensions>
          <ns3:TrackPointExtension>
            <ns3:hr>116</ns3:hr>
            <ns3:cad>92</ns3:cad>
          </ns3:TrackPointExtension>
        </extensions>
      </trkpt>
      <trkpt lat="22.587367929518222808837890625" lon="113.87690889649093151092529296875">
        <ele>11</ele>
        <time>2026-09-29T22:18:20.000Z</time>
        <extensions>
          <ns3:TrackPointExtension>
            <ns3:hr>117</ns3:hr>
            <ns3:cad>92</ns3:cad>
          </ns3:TrackPointExtension>
        </extensions>
      </trkpt>
      <trkpt lat="22.58738058619201183319091796875" lon="113.8769292645156383514404296875">
        <ele>11</ele>
        <time>2026-09-29T22:18:21.000Z</time>
        <extensions>
          <ns3:TrackPointExtension>
            <ns3:hr>118</ns3:hr>
            <ns3:cad>92</ns3:cad>
          </ns3:TrackPointExtension>
        </extensions>
      </trkpt>
      <trkpt lat="22.58740254677832126617431640625" lon="113.8769535720348358154296875">
        <ele>11</ele>
        <time>2026-09-29T22:18:22.000Z</time>
        <extensions>
          <ns3:TrackPointExtension>
            <ns3:hr>118</ns3:hr>
            <ns3:cad>93</ns3:cad>
          </ns3:TrackPointExtension>
        </extensions>
      </trkpt>
      <trkpt lat="22.58741386234760284423828125" lon="113.87696572579443454742431640625">
        <ele>10.80000019073486328125</ele>
        <time>2026-09-29T22:18:23.000Z</time>
        <extensions>
          <ns3:TrackPointExtension>
            <ns3:hr>119</ns3:hr>
            <ns3:cad>93</ns3:cad>
          </ns3:TrackPointExtension>
        </extensions>
      </trkpt>
      <trkpt lat="22.58743255399167537689208984375" lon="113.8769839145243167877197265625">
        <ele>10.80000019073486328125</ele>
        <time>2026-09-29T22:18:24.000Z</time>
        <extensions>
          <ns3:TrackPointExtension>
            <ns3:hr>119</ns3:hr>
            <ns3:cad>93</ns3:cad>
          </ns3:TrackPointExtension>
        </extensions>
      </trkpt>
      <trkpt lat="22.58745049126446247100830078125" lon="113.8769990019500255584716796875">
        <ele>10.80000019073486328125</ele>
        <time>2026-09-29T22:18:25.000Z</time>
        <extensions>
          <ns3:TrackPointExtension>
            <ns3:hr>119</ns3:hr>
            <ns3:cad>92</ns3:cad>
          </ns3:TrackPointExtension>
        </extensions>
      </trkpt>
      <trkpt lat="22.587463818490505218505859375" lon="113.87702272273600101470947265625">
        <ele>10.80000019073486328125</ele>
        <time>2026-09-29T22:18:26.000Z</time>
        <extensions>
          <ns3:TrackPointExtension>
            <ns3:hr>119</ns3:hr>
            <ns3:cad>92</ns3:cad>
          </ns3:TrackPointExtension>
        </extensions>
      </trkpt>
      <trkpt lat="22.587481252849102020263671875" lon="113.87703831307590007781982421875">
        <ele>11</ele>
        <time>2026-09-29T22:18:27.000Z</time>
        <extensions>
          <ns3:TrackPointExtension>
            <ns3:hr>119</ns3:hr>
            <ns3:cad>93</ns3:cad>
          </ns3:TrackPointExtension>
        </extensions>
      </trkpt>
      <trkpt lat="22.587497346103191375732421875" lon="113.87705993838608264923095703125">
        <ele>11</ele>
        <time>2026-09-29T22:18:28.000Z</time>
        <extensions>
          <ns3:TrackPointExtension>
            <ns3:hr>118</ns3:hr>
            <ns3:cad>93</ns3:cad>
          </ns3:TrackPointExtension>
        </extensions>
      </trkpt>
      <trkpt lat="22.58751486428081989288330078125" lon="113.87707720510661602020263671875">
        <ele>11</ele>
        <time>2026-09-29T22:18:29.000Z</time>
        <extensions>
          <ns3:TrackPointExtension>
            <ns3:hr>118</ns3:hr>
            <ns3:cad>93</ns3:cad>
          </ns3:TrackPointExtension>
        </extensions>
      </trkpt>
      <trkpt lat="22.58752911351621150970458984375" lon="113.8771002553403377532958984375">
        <ele>11</ele>
        <time>2026-09-29T22:18:30.000Z</time>
        <extensions>
          <ns3:TrackPointExtension>
            <ns3:hr>119</ns3:hr>
            <ns3:cad>92</ns3:cad>
          </ns3:TrackPointExtension>
        </extensions>
      </trkpt>
      <trkpt lat="22.58754738606512546539306640625" lon="113.8771217130124568939208984375">
        <ele>11</ele>
        <time>2026-09-29T22:18:31.000Z</time>
        <extensions>
          <ns3:TrackPointExtension>
            <ns3:hr>119</ns3:hr>
            <ns3:cad>92</ns3:cad>
          </ns3:TrackPointExtension>
        </extensions>
      </trkpt>
      <trkpt lat="22.58756406605243682861328125" lon="113.8771361298859119415283203125">
        <ele>11</ele>
        <time>2026-09-29T22:18:32.000Z</time>
        <extensions>
          <ns3:TrackPointExtension>
            <ns3:hr>119</ns3:hr>
            <ns3:cad>92</ns3:cad>
          </ns3:TrackPointExtension>
        </extensions>
      </trkpt>
      <trkpt lat="22.5875826738774776458740234375" lon="113.8771592639386653900146484375">
        <ele>11</ele>
        <time>2026-09-29T22:18:33.000Z</time>
        <extensions>
          <ns3:TrackPointExtension>
            <ns3:hr>118</ns3:hr>
            <ns3:cad>92</ns3:cad>
          </ns3:TrackPointExtension>
        </extensions>
      </trkpt>
      <trkpt lat="22.58759935386478900909423828125" lon="113.87717527337372303009033203125">
        <ele>11</ele>
        <time>2026-09-29T22:18:34.000Z</time>
        <extensions>
          <ns3:TrackPointExtension>
            <ns3:hr>118</ns3:hr>
            <ns3:cad>93</ns3:cad>
          </ns3:TrackPointExtension>
        </extensions>
      </trkpt>
      <trkpt lat="22.58761863224208354949951171875" lon="113.8771998323500156402587890625">
        <ele>11</ele>
        <time>2026-09-29T22:18:35.000Z</time>
        <extensions>
          <ns3:TrackPointExtension>
            <ns3:hr>119</ns3:hr>
            <ns3:cad>94</ns3:cad>
          </ns3:TrackPointExtension>
        </extensions>
      </trkpt>
      <trkpt lat="22.5876390002667903900146484375" lon="113.877217434346675872802734375">
        <ele>11.19999980926513671875</ele>
        <time>2026-09-29T22:18:36.000Z</time>
        <extensions>
          <ns3:TrackPointExtension>
            <ns3:hr>119</ns3:hr>
            <ns3:cad>94</ns3:cad>
          </ns3:TrackPointExtension>
        </extensions>
      </trkpt>
      <trkpt lat="22.58765584789216518402099609375" lon="113.877241909503936767578125">
        <ele>11.19999980926513671875</ele>
        <time>2026-09-29T22:18:37.000Z</time>
        <extensions>
          <ns3:TrackPointExtension>
            <ns3:hr>119</ns3:hr>
            <ns3:cad>93</ns3:cad>
          </ns3:TrackPointExtension>
        </extensions>
      </trkpt>
      <trkpt lat="22.58767596445977687835693359375" lon="113.87726076878607273101806640625">
        <ele>11.19999980926513671875</ele>
        <time>2026-09-29T22:18:38.000Z</time>
        <extensions>
          <ns3:TrackPointExtension>
            <ns3:hr>119</ns3:hr>
            <ns3:cad>93</ns3:cad>
          </ns3:TrackPointExtension>
        </extensions>
      </trkpt>
      <trkpt lat="22.58768853731453418731689453125" lon="113.87728474102914333343505859375">
        <ele>11.19999980926513671875</ele>
        <time>2026-09-29T22:18:39.000Z</time>
        <extensions>
          <ns3:TrackPointExtension>
            <ns3:hr>119</ns3:hr>
            <ns3:cad>93</ns3:cad>
          </ns3:TrackPointExtension>
        </extensions>
      </trkpt>
      <trkpt lat="22.587707228958606719970703125" lon="113.87730770744383335113525390625">
        <ele>11.19999980926513671875</ele>
        <time>2026-09-29T22:18:40.000Z</time>
        <extensions>
          <ns3:TrackPointExtension>
            <ns3:hr>119</ns3:hr>
            <ns3:cad>93</ns3:cad>
          </ns3:TrackPointExtension>
        </extensions>
      </trkpt>
      <trkpt lat="22.58772005327045917510986328125" lon="113.87733151204884052276611328125">
        <ele>11.19999980926513671875</ele>
        <time>2026-09-29T22:18:41.000Z</time>
        <extensions>
          <ns3:TrackPointExtension>
            <ns3:hr>119</ns3:hr>
            <ns3:cad>93</ns3:cad>
          </ns3:TrackPointExtension>
        </extensions>
      </trkpt>
      <trkpt lat="22.58773648180067539215087890625" lon="113.87735548429191112518310546875">
        <ele>11.19999980926513671875</ele>
        <time>2026-09-29T22:18:42.000Z</time>
        <extensions>
          <ns3:TrackPointExtension>
            <ns3:hr>119</ns3:hr>
            <ns3:cad>93</ns3:cad>
          </ns3:TrackPointExtension>
        </extensions>
      </trkpt>
      <trkpt lat="22.5877486355602741241455078125" lon="113.8773724995553493499755859375">
        <ele>11.19999980926513671875</ele>
        <time>2026-09-29T22:18:43.000Z</time>
        <extensions>
          <ns3:TrackPointExtension>
            <ns3:hr>119</ns3:hr>
            <ns3:cad>93</ns3:cad>
          </ns3:TrackPointExtension>
        </extensions>
      </trkpt>
      <trkpt lat="22.5877627171576023101806640625" lon="113.87739471159875392913818359375">
        <ele>11.19999980926513671875</ele>
        <time>2026-09-29T22:18:44.000Z</time>
        <extensions>
          <ns3:TrackPointExtension>
            <ns3:hr>119</ns3:hr>
            <ns3:cad>93</ns3:cad>
          </ns3:TrackPointExtension>
        </extensions>
      </trkpt>
      <trkpt lat="22.5877788104116916656494140625" lon="113.87741013430058956146240234375">
        <ele>11.19999980926513671875</ele>
        <time>2026-09-29T22:18:45.000Z</time>
        <extensions>
          <ns3:TrackPointExtension>
            <ns3:hr>119</ns3:hr>
            <ns3:cad>93</ns3:cad>
          </ns3:TrackPointExtension>
        </extensions>
      </trkpt>
      <trkpt lat="22.5877954065799713134765625" lon="113.87743058614432811737060546875">
        <ele>11.19999980926513671875</ele>
        <time>2026-09-29T22:18:46.000Z</time>
        <extensions>
          <ns3:TrackPointExtension>
            <ns3:hr>119</ns3:hr>
            <ns3:cad>93</ns3:cad>
          </ns3:TrackPointExtension>
        </extensions>
      </trkpt>
      <trkpt lat="22.5878146849572658538818359375" lon="113.87744936160743236541748046875">
        <ele>11.19999980926513671875</ele>
        <time>2026-09-29T22:18:47.000Z</time>
        <extensions>
          <ns3:TrackPointExtension>
            <ns3:hr>119</ns3:hr>
            <ns3:cad>93</ns3:cad>
          </ns3:TrackPointExtension>
        </extensions>
      </trkpt>
      <trkpt lat="22.587829940021038055419921875" lon="113.877472579479217529296875">
        <ele>11.19999980926513671875</ele>
        <time>2026-09-29T22:18:48.000Z</time>
        <extensions>
          <ns3:TrackPointExtension>
            <ns3:hr>120</ns3:hr>
            <ns3:cad>92</ns3:cad>
          </ns3:TrackPointExtension>
        </extensions>
      </trkpt>
      <trkpt lat="22.58785198442637920379638671875" lon="113.8774925284087657928466796875">
        <ele>11.19999980926513671875</ele>
        <time>2026-09-29T22:18:49.000Z</time>
        <extensions>
          <ns3:TrackPointExtension>
            <ns3:hr>120</ns3:hr>
            <ns3:cad>92</ns3:cad>
          </ns3:TrackPointExtension>
        </extensions>
      </trkpt>
      <trkpt lat="22.5878689996898174285888671875" lon="113.87751624919474124908447265625">
        <ele>11.19999980926513671875</ele>
        <time>2026-09-29T22:18:50.000Z</time>
        <extensions>
          <ns3:TrackPointExtension>
            <ns3:hr>120</ns3:hr>
            <ns3:cad>92</ns3:cad>
          </ns3:TrackPointExtension>
        </extensions>
      </trkpt>
      <trkpt lat="22.58789104409515857696533203125" lon="113.8775404728949069976806640625">
        <ele>11.19999980926513671875</ele>
        <time>2026-09-29T22:18:51.000Z</time>
        <extensions>
          <ns3:TrackPointExtension>
            <ns3:hr>120</ns3:hr>
            <ns3:cad>93</ns3:cad>
          </ns3:TrackPointExtension>
        </extensions>
      </trkpt>
      <trkpt lat="22.58790596388280391693115234375" lon="113.87755966745316982269287109375">
        <ele>11.19999980926513671875</ele>
        <time>2026-09-29T22:18:52.000Z</time>
        <extensions>
          <ns3:TrackPointExtension>
            <ns3:hr>121</ns3:hr>
            <ns3:cad>94</ns3:cad>
          </ns3:TrackPointExtension>
        </extensions>
      </trkpt>
      <trkpt lat="22.58792608045041561126708984375" lon="113.87758749537169933319091796875">
        <ele>11.19999980926513671875</ele>
        <time>2026-09-29T22:18:53.000Z</time>
        <extensions>
          <ns3:TrackPointExtension>
            <ns3:hr>120</ns3:hr>
            <ns3:cad>94</ns3:cad>
          </ns3:TrackPointExtension>
        </extensions>
      </trkpt>
      <trkpt lat="22.587942592799663543701171875" lon="113.87760560028254985809326171875">
        <ele>11.19999980926513671875</ele>
        <time>2026-09-29T22:18:54.000Z</time>
        <extensions>
          <ns3:TrackPointExtension>
            <ns3:hr>120</ns3:hr>
            <ns3:cad>93</ns3:cad>
          </ns3:TrackPointExtension>
        </extensions>
      </trkpt>
      <trkpt lat="22.58796296082437038421630859375" lon="113.877625800669193267822265625">
        <ele>11.19999980926513671875</ele>
        <time>2026-09-29T22:18:55.000Z</time>
        <extensions>
          <ns3:TrackPointExtension>
            <ns3:hr>121</ns3:hr>
            <ns3:cad>92</ns3:cad>
          </ns3:TrackPointExtension>
        </extensions>
      </trkpt>
      <trkpt lat="22.5879809819161891937255859375" lon="113.87764491140842437744140625">
        <ele>11.19999980926513671875</ele>
        <time>2026-09-29T22:18:56.000Z</time>
        <extensions>
          <ns3:TrackPointExtension>
            <ns3:hr>120</ns3:hr>
            <ns3:cad>92</ns3:cad>
          </ns3:TrackPointExtension>
        </extensions>
      </trkpt>
      <trkpt lat="22.5880014337599277496337890625" lon="113.87766594998538494110107421875">
        <ele>11.19999980926513671875</ele>
        <time>2026-09-29T22:18:57.000Z</time>
        <extensions>
          <ns3:TrackPointExtension>
            <ns3:hr>120</ns3:hr>
            <ns3:cad>94</ns3:cad>
          </ns3:TrackPointExtension>
        </extensions>
      </trkpt>
      <trkpt lat="22.588018365204334259033203125" lon="113.8776836358010768890380859375">
        <ele>11.19999980926513671875</ele>
        <time>2026-09-29T22:18:58.000Z</time>
        <extensions>
          <ns3:TrackPointExtension>
            <ns3:hr>121</ns3:hr>
            <ns3:cad>94</ns3:cad>
          </ns3:TrackPointExtension>
        </extensions>
      </trkpt>
      <trkpt lat="22.58803621865808963775634765625" lon="113.87770534493029117584228515625">
        <ele>11.3999996185302734375</ele>
        <time>2026-09-29T22:18:59.000Z</time>
        <extensions>
          <ns3:TrackPointExtension>
            <ns3:hr>121</ns3:hr>
            <ns3:cad>92</ns3:cad>
          </ns3:TrackPointExtension>
        </extensions>
      </trkpt>
      <trkpt lat="22.58805734105408191680908203125" lon="113.87772412039339542388916015625">
        <ele>11.3999996185302734375</ele>
        <time>2026-09-29T22:19:00.000Z</time>
        <extensions>
          <ns3:TrackPointExtension>
            <ns3:hr>121</ns3:hr>
            <ns3:cad>92</ns3:cad>
          </ns3:TrackPointExtension>
        </extensions>
      </trkpt>
      <trkpt lat="22.58806991390883922576904296875" lon="113.87774859555065631866455078125">
        <ele>11.3999996185302734375</ele>
        <time>2026-09-29T22:19:01.000Z</time>
        <extensions>
          <ns3:TrackPointExtension>
            <ns3:hr>120</ns3:hr>
            <ns3:cad>93</ns3:cad>
          </ns3:TrackPointExtension>
        </extensions>
      </trkpt>
      <trkpt lat="22.58809053339064121246337890625" lon="113.87777365744113922119140625">
        <ele>11.3999996185302734375</ele>
        <time>2026-09-29T22:19:02.000Z</time>
        <extensions>
          <ns3:TrackPointExtension>
            <ns3:hr>121</ns3:hr>
            <ns3:cad>93</ns3:cad>
          </ns3:TrackPointExtension>
        </extensions>
      </trkpt>
      <trkpt lat="22.58810578845441341400146484375" lon="113.87779779732227325439453125">
        <ele>11.3999996185302734375</ele>
        <time>2026-09-29T22:19:03.000Z</time>
        <extensions>
          <ns3:TrackPointExtension>
            <ns3:hr>121</ns3:hr>
            <ns3:cad>93</ns3:cad>
          </ns3:TrackPointExtension>
        </extensions>
      </trkpt>
      <trkpt lat="22.5881248153746128082275390625" lon="113.87782587669789791107177734375">
        <ele>11.3999996185302734375</ele>
        <time>2026-09-29T22:19:04.000Z</time>
        <extensions>
          <ns3:TrackPointExtension>
            <ns3:hr>122</ns3:hr>
            <ns3:cad>92</ns3:cad>
          </ns3:TrackPointExtension>
        </extensions>
      </trkpt>
      <trkpt lat="22.58813948370516300201416015625" lon="113.87784582562744617462158203125">
        <ele>11.3999996185302734375</ele>
        <time>2026-09-29T22:19:05.000Z</time>
        <extensions>
          <ns3:TrackPointExtension>
            <ns3:hr>123</ns3:hr>
            <ns3:cad>92</ns3:cad>
          </ns3:TrackPointExtension>
        </extensions>
      </trkpt>
      <trkpt lat="22.58816245011985301971435546875" lon="113.87787331826984882354736328125">
        <ele>11.3999996185302734375</ele>
        <time>2026-09-29T22:19:06.000Z</time>
        <extensions>
          <ns3:TrackPointExtension>
            <ns3:hr>124</ns3:hr>
            <ns3:cad>92</ns3:cad>
          </ns3:TrackPointExtension>
        </extensions>
      </trkpt>
      <trkpt lat="22.58818491362035274505615234375" lon="113.8778908364474773406982421875">
        <ele>11.3999996185302734375</ele>
        <time>2026-09-29T22:19:07.000Z</time>
        <extensions>
          <ns3:TrackPointExtension>
            <ns3:hr>124</ns3:hr>
            <ns3:cad>92</ns3:cad>
          </ns3:TrackPointExtension>
        </extensions>
      </trkpt>
      <trkpt lat="22.58820687420666217803955078125" lon="113.87791371904313564300537109375">
        <ele>11.19999980926513671875</ele>
        <time>2026-09-29T22:19:08.000Z</time>
        <extensions>
          <ns3:TrackPointExtension>
            <ns3:hr>125</ns3:hr>
            <ns3:cad>94</ns3:cad>
          </ns3:TrackPointExtension>
        </extensions>
      </trkpt>
      <trkpt lat="22.58822481147944927215576171875" lon="113.87793350033462047576904296875">
        <ele>11.19999980926513671875</ele>
        <time>2026-09-29T22:19:09.000Z</time>
        <extensions>
          <ns3:TrackPointExtension>
            <ns3:hr>125</ns3:hr>
            <ns3:cad>94</ns3:cad>
          </ns3:TrackPointExtension>
        </extensions>
      </trkpt>
      <trkpt lat="22.5882428325712680816650390625" lon="113.87795948423445224761962890625">
        <ele>11.19999980926513671875</ele>
        <time>2026-09-29T22:19:10.000Z</time>
        <extensions>
          <ns3:TrackPointExtension>
            <ns3:hr>126</ns3:hr>
            <ns3:cad>94</ns3:cad>
          </ns3:TrackPointExtension>
        </extensions>
      </trkpt>
      <trkpt lat="22.58826169185340404510498046875" lon="113.8779827021062374114990234375">
        <ele>11.3999996185302734375</ele>
        <time>2026-09-29T22:19:11.000Z</time>
        <extensions>
          <ns3:TrackPointExtension>
            <ns3:hr>126</ns3:hr>
            <ns3:cad>93</ns3:cad>
          </ns3:TrackPointExtension>
        </extensions>
      </trkpt>
      <trkpt lat="22.5882803834974765777587890625" lon="113.8780034892261028289794921875">
        <ele>11.3999996185302734375</ele>
        <time>2026-09-29T22:19:12.000Z</time>
        <extensions>
          <ns3:TrackPointExtension>
            <ns3:hr>126</ns3:hr>
            <ns3:cad>93</ns3:cad>
          </ns3:TrackPointExtension>
        </extensions>
      </trkpt>
      <trkpt lat="22.58829857222735881805419921875" lon="113.878025449812412261962890625">
        <ele>11.3999996185302734375</ele>
        <time>2026-09-29T22:19:13.000Z</time>
        <extensions>
          <ns3:TrackPointExtension>
            <ns3:hr>126</ns3:hr>
            <ns3:cad>92</ns3:cad>
          </ns3:TrackPointExtension>
        </extensions>
      </trkpt>
      <trkpt lat="22.588312737643718719482421875" lon="113.8780420459806919097900390625">
        <ele>11.3999996185302734375</ele>
        <time>2026-09-29T22:19:14.000Z</time>
        <extensions>
          <ns3:TrackPointExtension>
            <ns3:hr>127</ns3:hr>
            <ns3:cad>92</ns3:cad>
          </ns3:TrackPointExtension>
        </extensions>
      </trkpt>
      <trkpt lat="22.58833109401166439056396484375" lon="113.8780655153095722198486328125">
        <ele>11.3999996185302734375</ele>
        <time>2026-09-29T22:19:15.000Z</time>
        <extensions>
          <ns3:TrackPointExtension>
            <ns3:hr>126</ns3:hr>
            <ns3:cad>93</ns3:cad>
          </ns3:TrackPointExtension>
        </extensions>
      </trkpt>
      <trkpt lat="22.58834651671350002288818359375" lon="113.87808454222977161407470703125">
        <ele>11.3999996185302734375</ele>
        <time>2026-09-29T22:19:16.000Z</time>
        <extensions>
          <ns3:TrackPointExtension>
            <ns3:hr>126</ns3:hr>
            <ns3:cad>93</ns3:cad>
          </ns3:TrackPointExtension>
        </extensions>
      </trkpt>
      <trkpt lat="22.588363029062747955322265625" lon="113.8781114481389522552490234375">
        <ele>11.6000003814697265625</ele>
        <time>2026-09-29T22:19:17.000Z</time>
        <extensions>
          <ns3:TrackPointExtension>
            <ns3:hr>126</ns3:hr>
            <ns3:cad>93</ns3:cad>
          </ns3:TrackPointExtension>
        </extensions>
      </trkpt>
      <trkpt lat="22.5883806310594081878662109375" lon="113.8781322352588176727294921875">
        <ele>11.3999996185302734375</ele>
        <time>2026-09-29T22:19:18.000Z</time>
        <extensions>
          <ns3:TrackPointExtension>
            <ns3:hr>127</ns3:hr>
            <ns3:cad>93</ns3:cad>
          </ns3:TrackPointExtension>
        </extensions>
      </trkpt>
      <trkpt lat="22.5883900187909603118896484375" lon="113.8781546987593173980712890625">
        <ele>11.6000003814697265625</ele>
        <time>2026-09-29T22:19:19.000Z</time>
        <extensions>
          <ns3:TrackPointExtension>
            <ns3:hr>126</ns3:hr>
            <ns3:cad>93</ns3:cad>
          </ns3:TrackPointExtension>
        </extensions>
      </trkpt>
      <trkpt lat="22.58841189555823802947998046875" lon="113.87818277813494205474853515625">
        <ele>11.6000003814697265625</ele>
        <time>2026-09-29T22:19:20.000Z</time>
        <extensions>
          <ns3:TrackPointExtension>
            <ns3:hr>126</ns3:hr>
            <ns3:cad>93</ns3:cad>
          </ns3:TrackPointExtension>
        </extensions>
      </trkpt>
      <trkpt lat="22.588424719870090484619140625" lon="113.878203816711902618408203125">
        <ele>11.6000003814697265625</ele>
        <time>2026-09-29T22:19:21.000Z</time>
        <extensions>
          <ns3:TrackPointExtension>
            <ns3:hr>126</ns3:hr>
            <ns3:cad>93</ns3:cad>
          </ns3:TrackPointExtension>
        </extensions>
      </trkpt>
      <trkpt lat="22.5884486921131610870361328125" lon="113.878233991563320159912109375">
        <ele>11.6000003814697265625</ele>
        <time>2026-09-29T22:19:22.000Z</time>
        <extensions>
          <ns3:TrackPointExtension>
            <ns3:hr>127</ns3:hr>
            <ns3:cad>92</ns3:cad>
          </ns3:TrackPointExtension>
        </extensions>
      </trkpt>
      <trkpt lat="22.5884678028523921966552734375" lon="113.8782499171793460845947265625">
        <ele>11.6000003814697265625</ele>
        <time>2026-09-29T22:19:23.000Z</time>
        <extensions>
          <ns3:TrackPointExtension>
            <ns3:hr>126</ns3:hr>
            <ns3:cad>92</ns3:cad>
          </ns3:TrackPointExtension>
        </extensions>
      </trkpt>
      <trkpt lat="22.58849001489579677581787109375" lon="113.87827447615563869476318359375">
        <ele>11.6000003814697265625</ele>
        <time>2026-09-29T22:19:24.000Z</time>
        <extensions>
          <ns3:TrackPointExtension>
            <ns3:hr>126</ns3:hr>
            <ns3:cad>93</ns3:cad>
          </ns3:TrackPointExtension>
        </extensions>
      </trkpt>
      <trkpt lat="22.5885103829205036163330078125" lon="113.8782874681055545806884765625">
        <ele>11.6000003814697265625</ele>
        <time>2026-09-29T22:19:25.000Z</time>
        <extensions>
          <ns3:TrackPointExtension>
            <ns3:hr>126</ns3:hr>
            <ns3:cad>93</ns3:cad>
          </ns3:TrackPointExtension>
        </extensions>
      </trkpt>
      <trkpt lat="22.588526643812656402587890625" lon="113.87830917723476886749267578125">
        <ele>11.6000003814697265625</ele>
        <time>2026-09-29T22:19:26.000Z</time>
        <extensions>
          <ns3:TrackPointExtension>
            <ns3:hr>127</ns3:hr>
            <ns3:cad>94</ns3:cad>
          </ns3:TrackPointExtension>
        </extensions>
      </trkpt>
      <trkpt lat="22.5885482691228389739990234375" lon="113.87833449058234691619873046875">
        <ele>11.6000003814697265625</ele>
        <time>2026-09-29T22:19:27.000Z</time>
        <extensions>
          <ns3:TrackPointExtension>
            <ns3:hr>126</ns3:hr>
            <ns3:cad>94</ns3:cad>
          </ns3:TrackPointExtension>
        </extensions>
      </trkpt>
      <trkpt lat="22.588559500873088836669921875" lon="113.87835846282541751861572265625">
        <ele>11.6000003814697265625</ele>
        <time>2026-09-29T22:19:28.000Z</time>
        <extensions>
          <ns3:TrackPointExtension>
            <ns3:hr>126</ns3:hr>
            <ns3:cad>94</ns3:cad>
          </ns3:TrackPointExtension>
        </extensions>
      </trkpt>
      <trkpt lat="22.58858355693519115447998046875" lon="113.87838327325880527496337890625">
        <ele>11.6000003814697265625</ele>
        <time>2026-09-29T22:19:29.000Z</time>
        <extensions>
          <ns3:TrackPointExtension>
            <ns3:hr>125</ns3:hr>
            <ns3:cad>93</ns3:cad>
          </ns3:TrackPointExtension>
        </extensions>
      </trkpt>
      <trkpt lat="22.58859998546540737152099609375" lon="113.87839794158935546875">
        <ele>11.6000003814697265625</ele>
        <time>2026-09-29T22:19:30.000Z</time>
        <extensions>
          <ns3:TrackPointExtension>
            <ns3:hr>125</ns3:hr>
            <ns3:cad>93</ns3:cad>
          </ns3:TrackPointExtension>
        </extensions>
      </trkpt>
      <trkpt lat="22.58861892856657505035400390625" lon="113.87842199765145778656005859375">
        <ele>11.6000003814697265625</ele>
        <time>2026-09-29T22:19:31.000Z</time>
        <extensions>
          <ns3:TrackPointExtension>
            <ns3:hr>125</ns3:hr>
            <ns3:cad>94</ns3:cad>
          </ns3:TrackPointExtension>
        </extensions>
      </trkpt>
      <trkpt lat="22.58863770402967929840087890625" lon="113.87843926437199115753173828125">
        <ele>11.6000003814697265625</ele>
        <time>2026-09-29T22:19:32.000Z</time>
        <extensions>
          <ns3:TrackPointExtension>
            <ns3:hr>125</ns3:hr>
            <ns3:cad>94</ns3:cad>
          </ns3:TrackPointExtension>
        </extensions>
      </trkpt>
      <trkpt lat="22.58865044452250003814697265625" lon="113.8784651644527912139892578125">
        <ele>11.6000003814697265625</ele>
        <time>2026-09-29T22:19:33.000Z</time>
        <extensions>
          <ns3:TrackPointExtension>
            <ns3:hr>124</ns3:hr>
            <ns3:cad>94</ns3:cad>
          </ns3:TrackPointExtension>
        </extensions>
      </trkpt>
      <trkpt lat="22.58867206983268260955810546875" lon="113.878486789762973785400390625">
        <ele>11.6000003814697265625</ele>
        <time>2026-09-29T22:19:34.000Z</time>
        <extensions>
          <ns3:TrackPointExtension>
            <ns3:hr>124</ns3:hr>
            <ns3:cad>94</ns3:cad>
          </ns3:TrackPointExtension>
        </extensions>
      </trkpt>
      <trkpt lat="22.588684894144535064697265625" lon="113.87850883416831493377685546875">
        <ele>11.6000003814697265625</ele>
        <time>2026-09-29T22:19:35.000Z</time>
        <extensions>
          <ns3:TrackPointExtension>
            <ns3:hr>124</ns3:hr>
            <ns3:cad>93</ns3:cad>
          </ns3:TrackPointExtension>
        </extensions>
      </trkpt>
      <trkpt lat="22.5887085311114788055419921875" lon="113.87853498570621013641357421875">
        <ele>11.6000003814697265625</ele>
        <time>2026-09-29T22:19:36.000Z</time>
        <extensions>
          <ns3:TrackPointExtension>
            <ns3:hr>123</ns3:hr>
            <ns3:cad>93</ns3:cad>
          </ns3:TrackPointExtension>
        </extensions>
      </trkpt>
      <trkpt lat="22.5887249596416950225830078125" lon="113.8785533420741558074951171875">
        <ele>11.6000003814697265625</ele>
        <time>2026-09-29T22:19:37.000Z</time>
        <extensions>
          <ns3:TrackPointExtension>
            <ns3:hr>123</ns3:hr>
            <ns3:cad>94</ns3:cad>
          </ns3:TrackPointExtension>
        </extensions>
      </trkpt>
      <trkpt lat="22.5887467525899410247802734375" lon="113.8785771466791629791259765625">
        <ele>11.3999996185302734375</ele>
        <time>2026-09-29T22:19:38.000Z</time>
        <extensions>
          <ns3:TrackPointExtension>
            <ns3:hr>124</ns3:hr>
            <ns3:cad>94</ns3:cad>
          </ns3:TrackPointExtension>
        </extensions>
      </trkpt>
      <trkpt lat="22.58876645006239414215087890625" lon="113.8785912282764911651611328125">
        <ele>11.3999996185302734375</ele>
        <time>2026-09-29T22:19:39.000Z</time>
        <extensions>
          <ns3:TrackPointExtension>
            <ns3:hr>124</ns3:hr>
            <ns3:cad>94</ns3:cad>
          </ns3:TrackPointExtension>
        </extensions>
      </trkpt>
      <trkpt lat="22.58877969346940517425537109375" lon="113.87861763127148151397705078125">
        <ele>11.3999996185302734375</ele>
        <time>2026-09-29T22:19:40.000Z</time>
        <extensions>
          <ns3:TrackPointExtension>
            <ns3:hr>124</ns3:hr>
            <ns3:cad>94</ns3:cad>
          </ns3:TrackPointExtension>
        </extensions>
      </trkpt>
      <trkpt lat="22.58879763074219226837158203125" lon="113.87863959185779094696044921875">
        <ele>11.6000003814697265625</ele>
        <time>2026-09-29T22:19:41.000Z</time>
        <extensions>
          <ns3:TrackPointExtension>
            <ns3:hr>123</ns3:hr>
            <ns3:cad>93</ns3:cad>
          </ns3:TrackPointExtension>
        </extensions>
      </trkpt>
      <trkpt lat="22.5888097845017910003662109375" lon="113.878662474453449249267578125">
        <ele>11.6000003814697265625</ele>
        <time>2026-09-29T22:19:42.000Z</time>
        <extensions>
          <ns3:TrackPointExtension>
            <ns3:hr>124</ns3:hr>
            <ns3:cad>93</ns3:cad>
          </ns3:TrackPointExtension>
        </extensions>
      </trkpt>
      <trkpt lat="22.58883140981197357177734375" lon="113.87868560850620269775390625">
        <ele>11.6000003814697265625</ele>
        <time>2026-09-29T22:19:43.000Z</time>
        <extensions>
          <ns3:TrackPointExtension>
            <ns3:hr>124</ns3:hr>
            <ns3:cad>93</ns3:cad>
          </ns3:TrackPointExtension>
        </extensions>
      </trkpt>
      <trkpt lat="22.5888436473906040191650390625" lon="113.87870614416897296905517578125">
        <ele>11.6000003814697265625</ele>
        <time>2026-09-29T22:19:44.000Z</time>
        <extensions>
          <ns3:TrackPointExtension>
            <ns3:hr>123</ns3:hr>
            <ns3:cad>94</ns3:cad>
          </ns3:TrackPointExtension>
        </extensions>
      </trkpt>
      <trkpt lat="22.58886904455721378326416015625" lon="113.87873229570686817169189453125">
        <ele>11.6000003814697265625</ele>
        <time>2026-09-29T22:19:45.000Z</time>
        <extensions>
          <ns3:TrackPointExtension>
            <ns3:hr>123</ns3:hr>
            <ns3:cad>94</ns3:cad>
          </ns3:TrackPointExtension>
        </extensions>
      </trkpt>
      <trkpt lat="22.58888497017323970794677734375" lon="113.87874872423708438873291015625">
        <ele>11.3999996185302734375</ele>
        <time>2026-09-29T22:19:46.000Z</time>
        <extensions>
          <ns3:TrackPointExtension>
            <ns3:hr>123</ns3:hr>
            <ns3:cad>93</ns3:cad>
          </ns3:TrackPointExtension>
        </extensions>
      </trkpt>
      <trkpt lat="22.58890793658792972564697265625" lon="113.8787732832133769989013671875">
        <ele>11.6000003814697265625</ele>
        <time>2026-09-29T22:19:47.000Z</time>
        <extensions>
          <ns3:TrackPointExtension>
            <ns3:hr>123</ns3:hr>
            <ns3:cad>93</ns3:cad>
          </ns3:TrackPointExtension>
        </extensions>
      </trkpt>
      <trkpt lat="22.58892755024135112762451171875" lon="113.87878929264843463897705078125">
        <ele>11.3999996185302734375</ele>
        <time>2026-09-29T22:19:48.000Z</time>
        <extensions>
          <ns3:TrackPointExtension>
            <ns3:hr>123</ns3:hr>
            <ns3:cad>93</ns3:cad>
          </ns3:TrackPointExtension>
        </extensions>
      </trkpt>
      <trkpt lat="22.5889415480196475982666015625" lon="113.8788125105202198028564453125">
        <ele>11.3999996185302734375</ele>
        <time>2026-09-29T22:19:49.000Z</time>
        <extensions>
          <ns3:TrackPointExtension>
            <ns3:hr>123</ns3:hr>
            <ns3:cad>94</ns3:cad>
          </ns3:TrackPointExtension>
        </extensions>
      </trkpt>
      <trkpt lat="22.5889621675014495849609375" lon="113.87883271090686321258544921875">
        <ele>11.3999996185302734375</ele>
        <time>2026-09-29T22:19:50.000Z</time>
        <extensions>
          <ns3:TrackPointExtension>
            <ns3:hr>123</ns3:hr>
            <ns3:cad>94</ns3:cad>
          </ns3:TrackPointExtension>
        </extensions>
      </trkpt>
      <trkpt lat="22.588973902165889739990234375" lon="113.878856934607028961181640625">
        <ele>11.3999996185302734375</ele>
        <time>2026-09-29T22:19:51.000Z</time>
        <extensions>
          <ns3:TrackPointExtension>
            <ns3:hr>123</ns3:hr>
            <ns3:cad>94</ns3:cad>
          </ns3:TrackPointExtension>
        </extensions>
      </trkpt>
      <trkpt lat="22.58899879641830921173095703125" lon="113.87888669036328792572021484375">
        <ele>11.3999996185302734375</ele>
        <time>2026-09-29T22:19:52.000Z</time>
        <extensions>
          <ns3:TrackPointExtension>
            <ns3:hr>123</ns3:hr>
            <ns3:cad>94</ns3:cad>
          </ns3:TrackPointExtension>
        </extensions>
      </trkpt>
      <trkpt lat="22.58901539258658885955810546875" lon="113.87890093959867954254150390625">
        <ele>11.3999996185302734375</ele>
        <time>2026-09-29T22:19:53.000Z</time>
        <extensions>
          <ns3:TrackPointExtension>
            <ns3:hr>122</ns3:hr>
            <ns3:cad>94</ns3:cad>
          </ns3:TrackPointExtension>
        </extensions>
      </trkpt>
      <trkpt lat="22.589035928249359130859375" lon="113.87892608530819416046142578125">
        <ele>11.3999996185302734375</ele>
        <time>2026-09-29T22:19:54.000Z</time>
        <extensions>
          <ns3:TrackPointExtension>
            <ns3:hr>123</ns3:hr>
            <ns3:cad>94</ns3:cad>
          </ns3:TrackPointExtension>
        </extensions>
      </trkpt>
      <trkpt lat="22.58905361406505107879638671875" lon="113.87894578278064727783203125">
        <ele>11.3999996185302734375</ele>
        <time>2026-09-29T22:19:55.000Z</time>
        <extensions>
          <ns3:TrackPointExtension>
            <ns3:hr>123</ns3:hr>
            <ns3:cad>95</ns3:cad>
          </ns3:TrackPointExtension>
        </extensions>
      </trkpt>
      <trkpt lat="22.5890669412910938262939453125" lon="113.878968916833400726318359375">
        <ele>11.3999996185302734375</ele>
        <time>2026-09-29T22:19:56.000Z</time>
        <extensions>
          <ns3:TrackPointExtension>
            <ns3:hr>123</ns3:hr>
            <ns3:cad>95</ns3:cad>
          </ns3:TrackPointExtension>
        </extensions>
      </trkpt>
      <trkpt lat="22.58908513002097606658935546875" lon="113.8789908774197101593017578125">
        <ele>11.3999996185302734375</ele>
        <time>2026-09-29T22:19:57.000Z</time>
        <extensions>
          <ns3:TrackPointExtension>
            <ns3:hr>123</ns3:hr>
            <ns3:cad>95</ns3:cad>
          </ns3:TrackPointExtension>
        </extensions>
      </trkpt>
      <trkpt lat="22.58910004980862140655517578125" lon="113.879014514386653900146484375">
        <ele>11.3999996185302734375</ele>
        <time>2026-09-29T22:19:58.000Z</time>
        <extensions>
          <ns3:TrackPointExtension>
            <ns3:hr>123</ns3:hr>
            <ns3:cad>95</ns3:cad>
          </ns3:TrackPointExtension>
        </extensions>
      </trkpt>
      <trkpt lat="22.58912418968975543975830078125" lon="113.8790431804955005645751953125">
        <ele>11.3999996185302734375</ele>
        <time>2026-09-29T22:19:59.000Z</time>
        <extensions>
          <ns3:TrackPointExtension>
            <ns3:hr>123</ns3:hr>
            <ns3:cad>95</ns3:cad>
          </ns3:TrackPointExtension>
        </extensions>
      </trkpt>
      <trkpt lat="22.5891390256583690643310546875" lon="113.8790582679212093353271484375">
        <ele>11.3999996185302734375</ele>
        <time>2026-09-29T22:20:00.000Z</time>
        <extensions>
          <ns3:TrackPointExtension>
            <ns3:hr>123</ns3:hr>
            <ns3:cad>94</ns3:cad>
          </ns3:TrackPointExtension>
        </extensions>
      </trkpt>
      <trkpt lat="22.5891621597111225128173828125" lon="113.87908148579299449920654296875">
        <ele>11.3999996185302734375</ele>
        <time>2026-09-29T22:20:01.000Z</time>
        <extensions>
          <ns3:TrackPointExtension>
            <ns3:hr>123</ns3:hr>
            <ns3:cad>95</ns3:cad>
          </ns3:TrackPointExtension>
        </extensions>
      </trkpt>
      <trkpt lat="22.5891832821071147918701171875" lon="113.8790944777429103851318359375">
        <ele>11.19999980926513671875</ele>
        <time>2026-09-29T22:20:02.000Z</time>
        <extensions>
          <ns3:TrackPointExtension>
            <ns3:hr>123</ns3:hr>
            <ns3:cad>94</ns3:cad>
          </ns3:TrackPointExtension>
        </extensions>
      </trkpt>
      <trkpt lat="22.589199542999267578125" lon="113.8791142590343952178955078125">
        <ele>11.3999996185302734375</ele>
        <time>2026-09-29T22:20:03.000Z</time>
        <extensions>
          <ns3:TrackPointExtension>
            <ns3:hr>123</ns3:hr>
            <ns3:cad>94</ns3:cad>
          </ns3:TrackPointExtension>
        </extensions>
      </trkpt>
      <trkpt lat="22.5892196595668792724609375" lon="113.87913479469716548919677734375">
        <ele>11.19999980926513671875</ele>
        <time>2026-09-29T22:20:04.000Z</time>
        <extensions>
          <ns3:TrackPointExtension>
            <ns3:hr>123</ns3:hr>
            <ns3:cad>93</ns3:cad>
          </ns3:TrackPointExtension>
        </extensions>
      </trkpt>
      <trkpt lat="22.58923063986003398895263671875" lon="113.8791565038263797760009765625">
        <ele>11.19999980926513671875</ele>
        <time>2026-09-29T22:20:05.000Z</time>
        <extensions>
          <ns3:TrackPointExtension>
            <ns3:hr>123</ns3:hr>
            <ns3:cad>93</ns3:cad>
          </ns3:TrackPointExtension>
        </extensions>
      </trkpt>
      <trkpt lat="22.58924991823732852935791015625" lon="113.87918558903038501739501953125">
        <ele>11.19999980926513671875</ele>
        <time>2026-09-29T22:20:06.000Z</time>
        <extensions>
          <ns3:TrackPointExtension>
            <ns3:hr>123</ns3:hr>
            <ns3:cad>93</ns3:cad>
          </ns3:TrackPointExtension>
        </extensions>
      </trkpt>
      <trkpt lat="22.589263916015625" lon="113.879208974540233612060546875">
        <ele>11.19999980926513671875</ele>
        <time>2026-09-29T22:20:07.000Z</time>
        <extensions>
          <ns3:TrackPointExtension>
            <ns3:hr>123</ns3:hr>
            <ns3:cad>94</ns3:cad>
          </ns3:TrackPointExtension>
        </extensions>
      </trkpt>
      <trkpt lat="22.5892828591167926788330078125" lon="113.8792336173355579376220703125">
        <ele>11.19999980926513671875</ele>
        <time>2026-09-29T22:20:08.000Z</time>
        <extensions>
          <ns3:TrackPointExtension>
            <ns3:hr>123</ns3:hr>
            <ns3:cad>94</ns3:cad>
          </ns3:TrackPointExtension>
        </extensions>
      </trkpt>
      <trkpt lat="22.58930037729442119598388671875" lon="113.87925314716994762420654296875">
        <ele>11.3999996185302734375</ele>
        <time>2026-09-29T22:20:09.000Z</time>
        <extensions>
          <ns3:TrackPointExtension>
            <ns3:hr>122</ns3:hr>
            <ns3:cad>95</ns3:cad>
          </ns3:TrackPointExtension>
        </extensions>
      </trkpt>
      <trkpt lat="22.58932082913815975189208984375" lon="113.879274018108844757080078125">
        <ele>11.3999996185302734375</ele>
        <time>2026-09-29T22:20:10.000Z</time>
        <extensions>
          <ns3:TrackPointExtension>
            <ns3:hr>122</ns3:hr>
            <ns3:cad>95</ns3:cad>
          </ns3:TrackPointExtension>
        </extensions>
      </trkpt>
      <trkpt lat="22.58933943696320056915283203125" lon="113.879294134676456451416015625">
        <ele>11.3999996185302734375</ele>
        <time>2026-09-29T22:20:11.000Z</time>
        <extensions>
          <ns3:TrackPointExtension>
            <ns3:hr>122</ns3:hr>
            <ns3:cad>94</ns3:cad>
          </ns3:TrackPointExtension>
        </extensions>
      </trkpt>
      <trkpt lat="22.58936122991144657135009765625" lon="113.87931517325341701507568359375">
        <ele>11.3999996185302734375</ele>
        <time>2026-09-29T22:20:12.000Z</time>
        <extensions>
          <ns3:TrackPointExtension>
            <ns3:hr>122</ns3:hr>
            <ns3:cad>94</ns3:cad>
          </ns3:TrackPointExtension>
        </extensions>
      </trkpt>
      <trkpt lat="22.58938017301261425018310546875" lon="113.87933579273521900177001953125">
        <ele>11.6000003814697265625</ele>
        <time>2026-09-29T22:20:13.000Z</time>
        <extensions>
          <ns3:TrackPointExtension>
            <ns3:hr>122</ns3:hr>
            <ns3:cad>93</ns3:cad>
          </ns3:TrackPointExtension>
        </extensions>
      </trkpt>
      <trkpt lat="22.589397020637989044189453125" lon="113.87936018407344818115234375">
        <ele>11.6000003814697265625</ele>
        <time>2026-09-29T22:20:14.000Z</time>
        <extensions>
          <ns3:TrackPointExtension>
            <ns3:hr>122</ns3:hr>
            <ns3:cad>94</ns3:cad>
          </ns3:TrackPointExtension>
        </extensions>
      </trkpt>
      <trkpt lat="22.58942074142396450042724609375" lon="113.87938843108713626861572265625">
        <ele>11.6000003814697265625</ele>
        <time>2026-09-29T22:20:15.000Z</time>
        <extensions>
          <ns3:TrackPointExtension>
            <ns3:hr>123</ns3:hr>
            <ns3:cad>93</ns3:cad>
          </ns3:TrackPointExtension>
        </extensions>
      </trkpt>
      <trkpt lat="22.58943750523030757904052734375" lon="113.8794077932834625244140625">
        <ele>11.6000003814697265625</ele>
        <time>2026-09-29T22:20:16.000Z</time>
        <extensions>
          <ns3:TrackPointExtension>
            <ns3:hr>125</ns3:hr>
            <ns3:cad>93</ns3:cad>
          </ns3:TrackPointExtension>
        </extensions>
      </trkpt>
      <trkpt lat="22.58946038782596588134765625" lon="113.87943503446877002716064453125">
        <ele>11.6000003814697265625</ele>
        <time>2026-09-29T22:20:17.000Z</time>
        <extensions>
          <ns3:TrackPointExtension>
            <ns3:hr>126</ns3:hr>
            <ns3:cad>93</ns3:cad>
          </ns3:TrackPointExtension>
        </extensions>
      </trkpt>
      <trkpt lat="22.58947840891778469085693359375" lon="113.87945330701768398284912109375">
        <ele>11.3999996185302734375</ele>
        <time>2026-09-29T22:20:18.000Z</time>
        <extensions>
          <ns3:TrackPointExtension>
            <ns3:hr>127</ns3:hr>
            <ns3:cad>94</ns3:cad>
          </ns3:TrackPointExtension>
        </extensions>
      </trkpt>
      <trkpt lat="22.58950020186603069305419921875" lon="113.87947610579431056976318359375">
        <ele>11.3999996185302734375</ele>
        <time>2026-09-29T22:20:19.000Z</time>
        <extensions>
          <ns3:TrackPointExtension>
            <ns3:hr>127</ns3:hr>
            <ns3:cad>94</ns3:cad>
          </ns3:TrackPointExtension>
        </extensions>
      </trkpt>
      <trkpt lat="22.58951948024332523345947265625" lon="113.87949504889547824859619140625">
        <ele>11.3999996185302734375</ele>
        <time>2026-09-29T22:20:20.000Z</time>
        <extensions>
          <ns3:TrackPointExtension>
            <ns3:hr>127</ns3:hr>
            <ns3:cad>94</ns3:cad>
          </ns3:TrackPointExtension>
        </extensions>
      </trkpt>
      <trkpt lat="22.5895386748015880584716796875" lon="113.879518099129199981689453125">
        <ele>11.3999996185302734375</ele>
        <time>2026-09-29T22:20:21.000Z</time>
        <extensions>
          <ns3:TrackPointExtension>
            <ns3:hr>127</ns3:hr>
            <ns3:cad>93</ns3:cad>
          </ns3:TrackPointExtension>
        </extensions>
      </trkpt>
      <trkpt lat="22.58956021629273891448974609375" lon="113.87954249046742916107177734375">
        <ele>11.3999996185302734375</ele>
        <time>2026-09-29T22:20:22.000Z</time>
        <extensions>
          <ns3:TrackPointExtension>
            <ns3:hr>127</ns3:hr>
            <ns3:cad>93</ns3:cad>
          </ns3:TrackPointExtension>
        </extensions>
      </trkpt>
      <trkpt lat="22.58957396261394023895263671875" lon="113.8795655407011508941650390625">
        <ele>11.3999996185302734375</ele>
        <time>2026-09-29T22:20:23.000Z</time>
        <extensions>
          <ns3:TrackPointExtension>
            <ns3:hr>127</ns3:hr>
            <ns3:cad>93</ns3:cad>
          </ns3:TrackPointExtension>
        </extensions>
      </trkpt>
      <trkpt lat="22.58959726430475711822509765625" lon="113.8795947097241878509521484375">
        <ele>11.3999996185302734375</ele>
        <time>2026-09-29T22:20:24.000Z</time>
        <extensions>
          <ns3:TrackPointExtension>
            <ns3:hr>127</ns3:hr>
            <ns3:cad>93</ns3:cad>
          </ns3:TrackPointExtension>
        </extensions>
      </trkpt>
      <trkpt lat="22.58961989544332027435302734375" lon="113.87961097061634063720703125">
        <ele>11.3999996185302734375</ele>
        <time>2026-09-29T22:20:25.000Z</time>
        <extensions>
          <ns3:TrackPointExtension>
            <ns3:hr>127</ns3:hr>
            <ns3:cad>94</ns3:cad>
          </ns3:TrackPointExtension>
        </extensions>
      </trkpt>
      <trkpt lat="22.5896372459828853607177734375" lon="113.87963921763002872467041015625">
        <ele>11.3999996185302734375</ele>
        <time>2026-09-29T22:20:26.000Z</time>
        <extensions>
          <ns3:TrackPointExtension>
            <ns3:hr>128</ns3:hr>
            <ns3:cad>94</ns3:cad>
          </ns3:TrackPointExtension>
        </extensions>
      </trkpt>
      <trkpt lat="22.58965576998889446258544921875" lon="113.87966067530214786529541015625">
        <ele>11.3999996185302734375</ele>
        <time>2026-09-29T22:20:27.000Z</time>
        <extensions>
          <ns3:TrackPointExtension>
            <ns3:hr>127</ns3:hr>
            <ns3:cad>94</ns3:cad>
          </ns3:TrackPointExtension>
        </extensions>
      </trkpt>
      <trkpt lat="22.589669935405254364013671875" lon="113.87968339025974273681640625">
        <ele>11.3999996185302734375</ele>
        <time>2026-09-29T22:20:28.000Z</time>
        <extensions>
          <ns3:TrackPointExtension>
            <ns3:hr>127</ns3:hr>
            <ns3:cad>93</ns3:cad>
          </ns3:TrackPointExtension>
        </extensions>
      </trkpt>
      <trkpt lat="22.5896908901631832122802734375" lon="113.8797070272266864776611328125">
        <ele>11.3999996185302734375</ele>
        <time>2026-09-29T22:20:29.000Z</time>
        <extensions>
          <ns3:TrackPointExtension>
            <ns3:hr>127</ns3:hr>
            <ns3:cad>93</ns3:cad>
          </ns3:TrackPointExtension>
        </extensions>
      </trkpt>
      <trkpt lat="22.58970446884632110595703125" lon="113.87972705997526645660400390625">
        <ele>11.3999996185302734375</ele>
        <time>2026-09-29T22:20:30.000Z</time>
        <extensions>
          <ns3:TrackPointExtension>
            <ns3:hr>127</ns3:hr>
            <ns3:cad>93</ns3:cad>
          </ns3:TrackPointExtension>
        </extensions>
      </trkpt>
      <trkpt lat="22.589728944003582000732421875" lon="113.87975455261766910552978515625">
        <ele>11.3999996185302734375</ele>
        <time>2026-09-29T22:20:31.000Z</time>
        <extensions>
          <ns3:TrackPointExtension>
            <ns3:hr>127</ns3:hr>
            <ns3:cad>94</ns3:cad>
          </ns3:TrackPointExtension>
        </extensions>
      </trkpt>
      <trkpt lat="22.589743696153163909912109375" lon="113.87976880185306072235107421875">
        <ele>11.3999996185302734375</ele>
        <time>2026-09-29T22:20:32.000Z</time>
        <extensions>
          <ns3:TrackPointExtension>
            <ns3:hr>127</ns3:hr>
            <ns3:cad>94</ns3:cad>
          </ns3:TrackPointExtension>
        </extensions>
      </trkpt>
      <trkpt lat="22.58976574055850505828857421875" lon="113.8797941990196704864501953125">
        <ele>11.3999996185302734375</ele>
        <time>2026-09-29T22:20:33.000Z</time>
        <extensions>
          <ns3:TrackPointExtension>
            <ns3:hr>127</ns3:hr>
            <ns3:cad>94</ns3:cad>
          </ns3:TrackPointExtension>
        </extensions>
      </trkpt>
      <trkpt lat="22.5897810794413089752197265625" lon="113.87981289066374301910400390625">
        <ele>11.3999996185302734375</ele>
        <time>2026-09-29T22:20:34.000Z</time>
        <extensions>
          <ns3:TrackPointExtension>
            <ns3:hr>127</ns3:hr>
            <ns3:cad>93</ns3:cad>
          </ns3:TrackPointExtension>
        </extensions>
      </trkpt>
      <trkpt lat="22.5897954963147640228271484375" lon="113.87983669526875019073486328125">
        <ele>11.3999996185302734375</ele>
        <time>2026-09-29T22:20:35.000Z</time>
        <extensions>
          <ns3:TrackPointExtension>
            <ns3:hr>127</ns3:hr>
            <ns3:cad>93</ns3:cad>
          </ns3:TrackPointExtension>
        </extensions>
      </trkpt>
      <trkpt lat="22.589810080826282501220703125" lon="113.8798545487225055694580078125">
        <ele>11.3999996185302734375</ele>
        <time>2026-09-29T22:20:36.000Z</time>
        <extensions>
          <ns3:TrackPointExtension>
            <ns3:hr>126</ns3:hr>
            <ns3:cad>94</ns3:cad>
          </ns3:TrackPointExtension>
        </extensions>
      </trkpt>
      <trkpt lat="22.58982659317553043365478515625" lon="113.87987114489078521728515625">
        <ele>11.3999996185302734375</ele>
        <time>2026-09-29T22:20:37.000Z</time>
        <extensions>
          <ns3:TrackPointExtension>
            <ns3:hr>126</ns3:hr>
            <ns3:cad>94</ns3:cad>
          </ns3:TrackPointExtension>
        </extensions>
      </trkpt>
      <trkpt lat="22.589844949543476104736328125" lon="113.87988455593585968017578125">
        <ele>11.3999996185302734375</ele>
        <time>2026-09-29T22:20:38.000Z</time>
        <extensions>
          <ns3:TrackPointExtension>
            <ns3:hr>126</ns3:hr>
            <ns3:cad>94</ns3:cad>
          </ns3:TrackPointExtension>
        </extensions>
      </trkpt>
      <trkpt lat="22.58986431173980236053466796875" lon="113.87990408577024936676025390625">
        <ele>11.3999996185302734375</ele>
        <time>2026-09-29T22:20:39.000Z</time>
        <extensions>
          <ns3:TrackPointExtension>
            <ns3:hr>126</ns3:hr>
            <ns3:cad>93</ns3:cad>
          </ns3:TrackPointExtension>
        </extensions>
      </trkpt>
      <trkpt lat="22.5898816622793674468994140625" lon="113.879925124347209930419921875">
        <ele>11.3999996185302734375</ele>
        <time>2026-09-29T22:20:40.000Z</time>
        <extensions>
          <ns3:TrackPointExtension>
            <ns3:hr>126</ns3:hr>
            <ns3:cad>92</ns3:cad>
          </ns3:TrackPointExtension>
        </extensions>
      </trkpt>
      <trkpt lat="22.58989733643829822540283203125" lon="113.87995052151381969451904296875">
        <ele>11.3999996185302734375</ele>
        <time>2026-09-29T22:20:41.000Z</time>
        <extensions>
          <ns3:TrackPointExtension>
            <ns3:hr>126</ns3:hr>
            <ns3:cad>92</ns3:cad>
          </ns3:TrackPointExtension>
        </extensions>
      </trkpt>
      <trkpt lat="22.58992063812911510467529296875" lon="113.8799755834043025970458984375">
        <ele>11.3999996185302734375</ele>
        <time>2026-09-29T22:20:42.000Z</time>
        <extensions>
          <ns3:TrackPointExtension>
            <ns3:hr>126</ns3:hr>
            <ns3:cad>92</ns3:cad>
          </ns3:TrackPointExtension>
        </extensions>
      </trkpt>
      <trkpt lat="22.589938156306743621826171875" lon="113.87999393977224826812744140625">
        <ele>11.3999996185302734375</ele>
        <time>2026-09-29T22:20:43.000Z</time>
        <extensions>
          <ns3:TrackPointExtension>
            <ns3:hr>126</ns3:hr>
            <ns3:cad>92</ns3:cad>
          </ns3:TrackPointExtension>
        </extensions>
      </trkpt>
      <trkpt lat="22.58996187709271907806396484375" lon="113.8800208456814289093017578125">
        <ele>11.3999996185302734375</ele>
        <time>2026-09-29T22:20:44.000Z</time>
        <extensions>
          <ns3:TrackPointExtension>
            <ns3:hr>126</ns3:hr>
            <ns3:cad>92</ns3:cad>
          </ns3:TrackPointExtension>
        </extensions>
      </trkpt>
      <trkpt lat="22.5899795629084110260009765625" lon="113.88003987260162830352783203125">
        <ele>11.3999996185302734375</ele>
        <time>2026-09-29T22:20:45.000Z</time>
        <extensions>
          <ns3:TrackPointExtension>
            <ns3:hr>126</ns3:hr>
            <ns3:cad>92</ns3:cad>
          </ns3:TrackPointExtension>
        </extensions>
      </trkpt>
      <trkpt lat="22.58999951183795928955078125" lon="113.8800651021301746368408203125">
        <ele>11.3999996185302734375</ele>
        <time>2026-09-29T22:20:46.000Z</time>
        <extensions>
          <ns3:TrackPointExtension>
            <ns3:hr>126</ns3:hr>
            <ns3:cad>93</ns3:cad>
          </ns3:TrackPointExtension>
        </extensions>
      </trkpt>
      <trkpt lat="22.5900194607675075531005859375" lon="113.880084045231342315673828125">
        <ele>11.3999996185302734375</ele>
        <time>2026-09-29T22:20:47.000Z</time>
        <extensions>
          <ns3:TrackPointExtension>
            <ns3:hr>126</ns3:hr>
            <ns3:cad>93</ns3:cad>
          </ns3:TrackPointExtension>
        </extensions>
      </trkpt>
      <trkpt lat="22.59003412909805774688720703125" lon="113.88010743074119091033935546875">
        <ele>11.6000003814697265625</ele>
        <time>2026-09-29T22:20:48.000Z</time>
        <extensions>
          <ns3:TrackPointExtension>
            <ns3:hr>126</ns3:hr>
            <ns3:cad>94</ns3:cad>
          </ns3:TrackPointExtension>
        </extensions>
      </trkpt>
      <trkpt lat="22.5900560058653354644775390625" lon="113.8801318220794200897216796875">
        <ele>11.6000003814697265625</ele>
        <time>2026-09-29T22:20:49.000Z</time>
        <extensions>
          <ns3:TrackPointExtension>
            <ns3:hr>126</ns3:hr>
            <ns3:cad>95</ns3:cad>
          </ns3:TrackPointExtension>
        </extensions>
      </trkpt>
      <trkpt lat="22.59007151238620281219482421875" lon="113.8801529444754123687744140625">
        <ele>11.6000003814697265625</ele>
        <time>2026-09-29T22:20:50.000Z</time>
        <extensions>
          <ns3:TrackPointExtension>
            <ns3:hr>126</ns3:hr>
            <ns3:cad>95</ns3:cad>
          </ns3:TrackPointExtension>
        </extensions>
      </trkpt>
      <trkpt lat="22.5900959037244319915771484375" lon="113.88017616234719753265380859375">
        <ele>11.6000003814697265625</ele>
        <time>2026-09-29T22:20:51.000Z</time>
        <extensions>
          <ns3:TrackPointExtension>
            <ns3:hr>126</ns3:hr>
            <ns3:cad>95</ns3:cad>
          </ns3:TrackPointExtension>
        </extensions>
      </trkpt>
      <trkpt lat="22.59011685848236083984375" lon="113.8801968656480312347412109375">
        <ele>11.6000003814697265625</ele>
        <time>2026-09-29T22:20:52.000Z</time>
        <extensions>
          <ns3:TrackPointExtension>
            <ns3:hr>126</ns3:hr>
            <ns3:cad>93</ns3:cad>
          </ns3:TrackPointExtension>
        </extensions>
      </trkpt>
      <trkpt lat="22.59013353846967220306396484375" lon="113.8802196644246578216552734375">
        <ele>11.6000003814697265625</ele>
        <time>2026-09-29T22:20:53.000Z</time>
        <extensions>
          <ns3:TrackPointExtension>
            <ns3:hr>126</ns3:hr>
            <ns3:cad>93</ns3:cad>
          </ns3:TrackPointExtension>
        </extensions>
      </trkpt>
      <trkpt lat="22.5901549123227596282958984375" lon="113.8802391104400157928466796875">
        <ele>11.3999996185302734375</ele>
        <time>2026-09-29T22:20:54.000Z</time>
        <extensions>
          <ns3:TrackPointExtension>
            <ns3:hr>126</ns3:hr>
            <ns3:cad>94</ns3:cad>
          </ns3:TrackPointExtension>
        </extensions>
      </trkpt>
      <trkpt lat="22.5901679880917072296142578125" lon="113.880259059369564056396484375">
        <ele>11.6000003814697265625</ele>
        <time>2026-09-29T22:20:55.000Z</time>
        <extensions>
          <ns3:TrackPointExtension>
            <ns3:hr>127</ns3:hr>
            <ns3:cad>94</ns3:cad>
          </ns3:TrackPointExtension>
        </extensions>
      </trkpt>
      <trkpt lat="22.59019020013511180877685546875" lon="113.88028797693550586700439453125">
        <ele>11.6000003814697265625</ele>
        <time>2026-09-29T22:20:56.000Z</time>
        <extensions>
          <ns3:TrackPointExtension>
            <ns3:hr>127</ns3:hr>
            <ns3:cad>94</ns3:cad>
          </ns3:TrackPointExtension>
        </extensions>
      </trkpt>
      <trkpt lat="22.59020763449370861053466796875" lon="113.88030876405537128448486328125">
        <ele>11.6000003814697265625</ele>
        <time>2026-09-29T22:20:57.000Z</time>
        <extensions>
          <ns3:TrackPointExtension>
            <ns3:hr>127</ns3:hr>
            <ns3:cad>93</ns3:cad>
          </ns3:TrackPointExtension>
        </extensions>
      </trkpt>
      <trkpt lat="22.59022976271808147430419921875" lon="113.88033407740294933319091796875">
        <ele>11.6000003814697265625</ele>
        <time>2026-09-29T22:20:58.000Z</time>
        <extensions>
          <ns3:TrackPointExtension>
            <ns3:hr>127</ns3:hr>
            <ns3:cad>93</ns3:cad>
          </ns3:TrackPointExtension>
        </extensions>
      </trkpt>
      <trkpt lat="22.5902481190860271453857421875" lon="113.88035570271313190460205078125">
        <ele>11.6000003814697265625</ele>
        <time>2026-09-29T22:20:59.000Z</time>
        <extensions>
          <ns3:TrackPointExtension>
            <ns3:hr>127</ns3:hr>
            <ns3:cad>93</ns3:cad>
          </ns3:TrackPointExtension>
        </extensions>
      </trkpt>
      <trkpt lat="22.5902665592730045318603515625" lon="113.88038218952715396881103515625">
        <ele>11.6000003814697265625</ele>
        <time>2026-09-29T22:21:00.000Z</time>
        <extensions>
          <ns3:TrackPointExtension>
            <ns3:hr>127</ns3:hr>
            <ns3:cad>93</ns3:cad>
          </ns3:TrackPointExtension>
        </extensions>
      </trkpt>
      <trkpt lat="22.5902866758406162261962890625" lon="113.88040180318057537078857421875">
        <ele>11.6000003814697265625</ele>
        <time>2026-09-29T22:21:01.000Z</time>
        <extensions>
          <ns3:TrackPointExtension>
            <ns3:hr>128</ns3:hr>
            <ns3:cad>94</ns3:cad>
          </ns3:TrackPointExtension>
        </extensions>
      </trkpt>
      <trkpt lat="22.590301930904388427734375" lon="113.88042560778558254241943359375">
        <ele>11.6000003814697265625</ele>
        <time>2026-09-29T22:21:02.000Z</time>
        <extensions>
          <ns3:TrackPointExtension>
            <ns3:hr>128</ns3:hr>
            <ns3:cad>94</ns3:cad>
          </ns3:TrackPointExtension>
        </extensions>
      </trkpt>
      <trkpt lat="22.5903275795280933380126953125" lon="113.88044622726738452911376953125">
        <ele>11.6000003814697265625</ele>
        <time>2026-09-29T22:21:03.000Z</time>
        <extensions>
          <ns3:TrackPointExtension>
            <ns3:hr>128</ns3:hr>
            <ns3:cad>93</ns3:cad>
          </ns3:TrackPointExtension>
        </extensions>
      </trkpt>
      <trkpt lat="22.590344846248626708984375" lon="113.88045092113316059112548828125">
        <ele>11.6000003814697265625</ele>
        <time>2026-09-29T22:21:04.000Z</time>
        <extensions>
          <ns3:TrackPointExtension>
            <ns3:hr>127</ns3:hr>
            <ns3:cad>93</ns3:cad>
          </ns3:TrackPointExtension>
        </extensions>
      </trkpt>
      <trkpt lat="22.59037661366164684295654296875" lon="113.880461566150188446044921875">
        <ele>11.6000003814697265625</ele>
        <time>2026-09-29T22:21:05.000Z</time>
        <extensions>
          <ns3:TrackPointExtension>
            <ns3:hr>128</ns3:hr>
            <ns3:cad>94</ns3:cad>
          </ns3:TrackPointExtension>
        </extensions>
      </trkpt>
      <trkpt lat="22.59039890952408313751220703125" lon="113.88046651147305965423583984375">
        <ele>11.6000003814697265625</ele>
        <time>2026-09-29T22:21:06.000Z</time>
        <extensions>
          <ns3:TrackPointExtension>
            <ns3:hr>128</ns3:hr>
            <ns3:cad>94</ns3:cad>
          </ns3:TrackPointExtension>
        </extensions>
      </trkpt>
      <trkpt lat="22.59042740799486637115478515625" lon="113.88047455810010433197021484375">
        <ele>11.80000019073486328125</ele>
        <time>2026-09-29T22:21:07.000Z</time>
        <extensions>
          <ns3:TrackPointExtension>
            <ns3:hr>127</ns3:hr>
            <ns3:cad>95</ns3:cad>
          </ns3:TrackPointExtension>
        </extensions>
      </trkpt>
      <trkpt lat="22.59045054204761981964111328125" lon="113.88047573156654834747314453125">
        <ele>11.6000003814697265625</ele>
        <time>2026-09-29T22:21:08.000Z</time>
        <extensions>
          <ns3:TrackPointExtension>
            <ns3:hr>127</ns3:hr>
            <ns3:cad>94</ns3:cad>
          </ns3:TrackPointExtension>
        </extensions>
      </trkpt>
      <trkpt lat="22.5904784537851810455322265625" lon="113.8804779946804046630859375">
        <ele>11.80000019073486328125</ele>
        <time>2026-09-29T22:21:09.000Z</time>
        <extensions>
          <ns3:TrackPointExtension>
            <ns3:hr>127</ns3:hr>
            <ns3:cad>92</ns3:cad>
          </ns3:TrackPointExtension>
        </extensions>
      </trkpt>
      <trkpt lat="22.590500749647617340087890625" lon="113.88046936132013797760009765625">
        <ele>11.80000019073486328125</ele>
        <time>2026-09-29T22:21:10.000Z</time>
        <extensions>
          <ns3:TrackPointExtension>
            <ns3:hr>126</ns3:hr>
            <ns3:cad>92</ns3:cad>
          </ns3:TrackPointExtension>
        </extensions>
      </trkpt>
      <trkpt lat="22.59052120149135589599609375" lon="113.880450166761875152587890625">
        <ele>11.80000019073486328125</ele>
        <time>2026-09-29T22:21:11.000Z</time>
        <extensions>
          <ns3:TrackPointExtension>
            <ns3:hr>126</ns3:hr>
            <ns3:cad>92</ns3:cad>
          </ns3:TrackPointExtension>
        </extensions>
      </trkpt>
      <trkpt lat="22.59053997695446014404296875" lon="113.8804272003471851348876953125">
        <ele>11.6000003814697265625</ele>
        <time>2026-09-29T22:21:12.000Z</time>
        <extensions>
          <ns3:TrackPointExtension>
            <ns3:hr>126</ns3:hr>
            <ns3:cad>93</ns3:cad>
          </ns3:TrackPointExtension>
        </extensions>
      </trkpt>
      <trkpt lat="22.59055648930370807647705078125" lon="113.880405910313129425048828125">
        <ele>11.6000003814697265625</ele>
        <time>2026-09-29T22:21:13.000Z</time>
        <extensions>
          <ns3:TrackPointExtension>
            <ns3:hr>125</ns3:hr>
            <ns3:cad>93</ns3:cad>
          </ns3:TrackPointExtension>
        </extensions>
      </trkpt>
      <trkpt lat="22.590577192604541778564453125" lon="113.880385793745517730712890625">
        <ele>11.6000003814697265625</ele>
        <time>2026-09-29T22:21:14.000Z</time>
        <extensions>
          <ns3:TrackPointExtension>
            <ns3:hr>125</ns3:hr>
            <ns3:cad>93</ns3:cad>
          </ns3:TrackPointExtension>
        </extensions>
      </trkpt>
      <trkpt lat="22.5905944593250751495361328125" lon="113.88037095777690410614013671875">
        <ele>11.6000003814697265625</ele>
        <time>2026-09-29T22:21:15.000Z</time>
        <extensions>
          <ns3:TrackPointExtension>
            <ns3:hr>126</ns3:hr>
            <ns3:cad>93</ns3:cad>
          </ns3:TrackPointExtension>
        </extensions>
      </trkpt>
      <trkpt lat="22.5906108878552913665771484375" lon="113.88034346513450145721435546875">
        <ele>11.6000003814697265625</ele>
        <time>2026-09-29T22:21:16.000Z</time>
        <extensions>
          <ns3:TrackPointExtension>
            <ns3:hr>126</ns3:hr>
            <ns3:cad>93</ns3:cad>
          </ns3:TrackPointExtension>
        </extensions>
      </trkpt>
      <trkpt lat="22.5906242989003658294677734375" lon="113.88032435439527034759521484375">
        <ele>11.6000003814697265625</ele>
        <time>2026-09-29T22:21:17.000Z</time>
        <extensions>
          <ns3:TrackPointExtension>
            <ns3:hr>126</ns3:hr>
            <ns3:cad>93</ns3:cad>
          </ns3:TrackPointExtension>
        </extensions>
      </trkpt>
      <trkpt lat="22.59064030833542346954345703125" lon="113.8802991248667240142822265625">
        <ele>11.6000003814697265625</ele>
        <time>2026-09-29T22:21:18.000Z</time>
        <extensions>
          <ns3:TrackPointExtension>
            <ns3:hr>126</ns3:hr>
            <ns3:cad>94</ns3:cad>
          </ns3:TrackPointExtension>
        </extensions>
      </trkpt>
      <trkpt lat="22.59065304882824420928955078125" lon="113.88027791865170001983642578125">
        <ele>11.6000003814697265625</ele>
        <time>2026-09-29T22:21:19.000Z</time>
        <extensions>
          <ns3:TrackPointExtension>
            <ns3:hr>126</ns3:hr>
            <ns3:cad>94</ns3:cad>
          </ns3:TrackPointExtension>
        </extensions>
      </trkpt>
      <trkpt lat="22.5906678847968578338623046875" lon="113.88025579042732715606689453125">
        <ele>11.80000019073486328125</ele>
        <time>2026-09-29T22:21:20.000Z</time>
        <extensions>
          <ns3:TrackPointExtension>
            <ns3:hr>126</ns3:hr>
            <ns3:cad>94</ns3:cad>
          </ns3:TrackPointExtension>
        </extensions>
      </trkpt>
      <trkpt lat="22.59068171493709087371826171875" lon="113.88023885898292064666748046875">
        <ele>11.80000019073486328125</ele>
        <time>2026-09-29T22:21:21.000Z</time>
        <extensions>
          <ns3:TrackPointExtension>
            <ns3:hr>126</ns3:hr>
            <ns3:cad>93</ns3:cad>
          </ns3:TrackPointExtension>
        </extensions>
      </trkpt>
      <trkpt lat="22.590699903666973114013671875" lon="113.880223520100116729736328125">
        <ele>11.80000019073486328125</ele>
        <time>2026-09-29T22:21:22.000Z</time>
        <extensions>
          <ns3:TrackPointExtension>
            <ns3:hr>126</ns3:hr>
            <ns3:cad>93</ns3:cad>
          </ns3:TrackPointExtension>
        </extensions>
      </trkpt>
      <trkpt lat="22.59072479791939258575439453125" lon="113.88020499609410762786865234375">
        <ele>11.80000019073486328125</ele>
        <time>2026-09-29T22:21:23.000Z</time>
        <extensions>
          <ns3:TrackPointExtension>
            <ns3:hr>125</ns3:hr>
            <ns3:cad>93</ns3:cad>
          </ns3:TrackPointExtension>
        </extensions>
      </trkpt>
      <trkpt lat="22.59074390865862369537353515625" lon="113.88018085621297359466552734375">
        <ele>12</ele>
        <time>2026-09-29T22:21:24.000Z</time>
        <extensions>
          <ns3:TrackPointExtension>
            <ns3:hr>126</ns3:hr>
            <ns3:cad>93</ns3:cad>
          </ns3:TrackPointExtension>
        </extensions>
      </trkpt>
      <trkpt lat="22.59076721034944057464599609375" lon="113.88015386648476123809814453125">
        <ele>12</ele>
        <time>2026-09-29T22:21:25.000Z</time>
        <extensions>
          <ns3:TrackPointExtension>
            <ns3:hr>126</ns3:hr>
            <ns3:cad>93</ns3:cad>
          </ns3:TrackPointExtension>
        </extensions>
      </trkpt>
      <trkpt lat="22.59078380651772022247314453125" lon="113.8801318220794200897216796875">
        <ele>12</ele>
        <time>2026-09-29T22:21:26.000Z</time>
        <extensions>
          <ns3:TrackPointExtension>
            <ns3:hr>125</ns3:hr>
            <ns3:cad>94</ns3:cad>
          </ns3:TrackPointExtension>
        </extensions>
      </trkpt>
      <trkpt lat="22.59080744348466396331787109375" lon="113.880106844007968902587890625">
        <ele>12</ele>
        <time>2026-09-29T22:21:27.000Z</time>
        <extensions>
          <ns3:TrackPointExtension>
            <ns3:hr>126</ns3:hr>
            <ns3:cad>94</ns3:cad>
          </ns3:TrackPointExtension>
        </extensions>
      </trkpt>
      <trkpt lat="22.59082236327230930328369140625" lon="113.88008412905037403106689453125">
        <ele>12</ele>
        <time>2026-09-29T22:21:28.000Z</time>
        <extensions>
          <ns3:TrackPointExtension>
            <ns3:hr>126</ns3:hr>
            <ns3:cad>93</ns3:cad>
          </ns3:TrackPointExtension>
        </extensions>
      </trkpt>
      <trkpt lat="22.5908450782299041748046875" lon="113.8800610788166522979736328125">
        <ele>12</ele>
        <time>2026-09-29T22:21:29.000Z</time>
        <extensions>
          <ns3:TrackPointExtension>
            <ns3:hr>126</ns3:hr>
            <ns3:cad>93</ns3:cad>
          </ns3:TrackPointExtension>
        </extensions>
      </trkpt>
      <trkpt lat="22.5908665359020233154296875" lon="113.880042470991611480712890625">
        <ele>11.80000019073486328125</ele>
        <time>2026-09-29T22:21:30.000Z</time>
        <extensions>
          <ns3:TrackPointExtension>
            <ns3:hr>125</ns3:hr>
            <ns3:cad>93</ns3:cad>
          </ns3:TrackPointExtension>
        </extensions>
      </trkpt>
      <trkpt lat="22.59088573046028614044189453125" lon="113.8800201751291751861572265625">
        <ele>11.80000019073486328125</ele>
        <time>2026-09-29T22:21:31.000Z</time>
        <extensions>
          <ns3:TrackPointExtension>
            <ns3:hr>126</ns3:hr>
            <ns3:cad>93</ns3:cad>
          </ns3:TrackPointExtension>
        </extensions>
      </trkpt>
      <trkpt lat="22.5909045897424221038818359375" lon="113.8799943588674068450927734375">
        <ele>11.80000019073486328125</ele>
        <time>2026-09-29T22:21:32.000Z</time>
        <extensions>
          <ns3:TrackPointExtension>
            <ns3:hr>126</ns3:hr>
            <ns3:cad>92</ns3:cad>
          </ns3:TrackPointExtension>
        </extensions>
      </trkpt>
      <trkpt lat="22.59092152118682861328125" lon="113.87997315265238285064697265625">
        <ele>11.80000019073486328125</ele>
        <time>2026-09-29T22:21:33.000Z</time>
        <extensions>
          <ns3:TrackPointExtension>
            <ns3:hr>125</ns3:hr>
            <ns3:cad>92</ns3:cad>
          </ns3:TrackPointExtension>
        </extensions>
      </trkpt>
      <trkpt lat="22.59093870408833026885986328125" lon="113.87994750402867794036865234375">
        <ele>11.80000019073486328125</ele>
        <time>2026-09-29T22:21:34.000Z</time>
        <extensions>
          <ns3:TrackPointExtension>
            <ns3:hr>126</ns3:hr>
            <ns3:cad>93</ns3:cad>
          </ns3:TrackPointExtension>
        </extensions>
      </trkpt>
      <trkpt lat="22.5909589044749736785888671875" lon="113.8799246214330196380615234375">
        <ele>12</ele>
        <time>2026-09-29T22:21:35.000Z</time>
        <extensions>
          <ns3:TrackPointExtension>
            <ns3:hr>126</ns3:hr>
            <ns3:cad>93</ns3:cad>
          </ns3:TrackPointExtension>
        </extensions>
      </trkpt>
      <trkpt lat="22.5909817032516002655029296875" lon="113.879902325570583343505859375">
        <ele>12</ele>
        <time>2026-09-29T22:21:36.000Z</time>
        <extensions>
          <ns3:TrackPointExtension>
            <ns3:hr>126</ns3:hr>
            <ns3:cad>94</ns3:cad>
          </ns3:TrackPointExtension>
        </extensions>
      </trkpt>
      <trkpt lat="22.59100559167563915252685546875" lon="113.87988447211682796478271484375">
        <ele>12</ele>
        <time>2026-09-29T22:21:37.000Z</time>
        <extensions>
          <ns3:TrackPointExtension>
            <ns3:hr>126</ns3:hr>
            <ns3:cad>94</ns3:cad>
          </ns3:TrackPointExtension>
        </extensions>
      </trkpt>
      <trkpt lat="22.591026462614536285400390625" lon="113.879867456853389739990234375">
        <ele>12.19999980926513671875</ele>
        <time>2026-09-29T22:21:38.000Z</time>
        <extensions>
          <ns3:TrackPointExtension>
            <ns3:hr>127</ns3:hr>
            <ns3:cad>94</ns3:cad>
          </ns3:TrackPointExtension>
        </extensions>
      </trkpt>
      <trkpt lat="22.5910507701337337493896484375" lon="113.879847340285778045654296875">
        <ele>12.19999980926513671875</ele>
        <time>2026-09-29T22:21:39.000Z</time>
        <extensions>
          <ns3:TrackPointExtension>
            <ns3:hr>127</ns3:hr>
            <ns3:cad>93</ns3:cad>
          </ns3:TrackPointExtension>
        </extensions>
      </trkpt>
      <trkpt lat="22.59107130579650402069091796875" lon="113.8798354379832744598388671875">
        <ele>12.19999980926513671875</ele>
        <time>2026-09-29T22:21:40.000Z</time>
        <extensions>
          <ns3:TrackPointExtension>
            <ns3:hr>127</ns3:hr>
            <ns3:cad>93</ns3:cad>
          </ns3:TrackPointExtension>
        </extensions>
      </trkpt>
      <trkpt lat="22.59109519422054290771484375" lon="113.8798109628260135650634765625">
        <ele>12.19999980926513671875</ele>
        <time>2026-09-29T22:21:41.000Z</time>
        <extensions>
          <ns3:TrackPointExtension>
            <ns3:hr>127</ns3:hr>
            <ns3:cad>93</ns3:cad>
          </ns3:TrackPointExtension>
        </extensions>
      </trkpt>
      <trkpt lat="22.5911107845604419708251953125" lon="113.87979227118194103240966796875">
        <ele>12.19999980926513671875</ele>
        <time>2026-09-29T22:21:42.000Z</time>
        <extensions>
          <ns3:TrackPointExtension>
            <ns3:hr>128</ns3:hr>
            <ns3:cad>94</ns3:cad>
          </ns3:TrackPointExtension>
        </extensions>
      </trkpt>
      <trkpt lat="22.59112930856645107269287109375" lon="113.879766874015331268310546875">
        <ele>12.19999980926513671875</ele>
        <time>2026-09-29T22:21:43.000Z</time>
        <extensions>
          <ns3:TrackPointExtension>
            <ns3:hr>128</ns3:hr>
            <ns3:cad>94</ns3:cad>
          </ns3:TrackPointExtension>
        </extensions>
      </trkpt>
      <trkpt lat="22.59114774875342845916748046875" lon="113.87974466197192668914794921875">
        <ele>12.19999980926513671875</ele>
        <time>2026-09-29T22:21:44.000Z</time>
        <extensions>
          <ns3:TrackPointExtension>
            <ns3:hr>128</ns3:hr>
            <ns3:cad>94</ns3:cad>
          </ns3:TrackPointExtension>
        </extensions>
      </trkpt>
      <trkpt lat="22.591169960796833038330078125" lon="113.87972303666174411773681640625">
        <ele>12.19999980926513671875</ele>
        <time>2026-09-29T22:21:45.000Z</time>
        <extensions>
          <ns3:TrackPointExtension>
            <ns3:hr>128</ns3:hr>
            <ns3:cad>94</ns3:cad>
          </ns3:TrackPointExtension>
        </extensions>
      </trkpt>
      <trkpt lat="22.5911895744502544403076171875" lon="113.87969973497092723846435546875">
        <ele>12.19999980926513671875</ele>
        <time>2026-09-29T22:21:46.000Z</time>
        <extensions>
          <ns3:TrackPointExtension>
            <ns3:hr>128</ns3:hr>
            <ns3:cad>93</ns3:cad>
          </ns3:TrackPointExtension>
        </extensions>
      </trkpt>
      <trkpt lat="22.59121245704591274261474609375" lon="113.87968607246875762939453125">
        <ele>12.19999980926513671875</ele>
        <time>2026-09-29T22:21:47.000Z</time>
        <extensions>
          <ns3:TrackPointExtension>
            <ns3:hr>128</ns3:hr>
            <ns3:cad>93</ns3:cad>
          </ns3:TrackPointExtension>
        </extensions>
      </trkpt>
      <trkpt lat="22.59123760275542736053466796875" lon="113.8796652853488922119140625">
        <ele>12.19999980926513671875</ele>
        <time>2026-09-29T22:21:48.000Z</time>
        <extensions>
          <ns3:TrackPointExtension>
            <ns3:hr>128</ns3:hr>
            <ns3:cad>93</ns3:cad>
          </ns3:TrackPointExtension>
        </extensions>
      </trkpt>
      <trkpt lat="22.5912562943994998931884765625" lon="113.8796517066657543182373046875">
        <ele>12.19999980926513671875</ele>
        <time>2026-09-29T22:21:49.000Z</time>
        <extensions>
          <ns3:TrackPointExtension>
            <ns3:hr>128</ns3:hr>
            <ns3:cad>95</ns3:cad>
          </ns3:TrackPointExtension>
        </extensions>
      </trkpt>
      <trkpt lat="22.59127934463322162628173828125" lon="113.8796312548220157623291015625">
        <ele>12.19999980926513671875</ele>
        <time>2026-09-29T22:21:50.000Z</time>
        <extensions>
          <ns3:TrackPointExtension>
            <ns3:hr>128</ns3:hr>
            <ns3:cad>95</ns3:cad>
          </ns3:TrackPointExtension>
        </extensions>
      </trkpt>
      <trkpt lat="22.59129703044891357421875" lon="113.8796104677021503448486328125">
        <ele>12.3999996185302734375</ele>
        <time>2026-09-29T22:21:51.000Z</time>
        <extensions>
          <ns3:TrackPointExtension>
            <ns3:hr>128</ns3:hr>
            <ns3:cad>95</ns3:cad>
          </ns3:TrackPointExtension>
        </extensions>
      </trkpt>
      <trkpt lat="22.59132091887295246124267578125" lon="113.87958792038261890411376953125">
        <ele>12.3999996185302734375</ele>
        <time>2026-09-29T22:21:52.000Z</time>
        <extensions>
          <ns3:TrackPointExtension>
            <ns3:hr>128</ns3:hr>
            <ns3:cad>94</ns3:cad>
          </ns3:TrackPointExtension>
        </extensions>
      </trkpt>
      <trkpt lat="22.59133868850767612457275390625" lon="113.87956528924405574798583984375">
        <ele>12.3999996185302734375</ele>
        <time>2026-09-29T22:21:53.000Z</time>
        <extensions>
          <ns3:TrackPointExtension>
            <ns3:hr>128</ns3:hr>
            <ns3:cad>94</ns3:cad>
          </ns3:TrackPointExtension>
        </extensions>
      </trkpt>
      <trkpt lat="22.59136182256042957305908203125" lon="113.879546262323856353759765625">
        <ele>12.3999996185302734375</ele>
        <time>2026-09-29T22:21:54.000Z</time>
        <extensions>
          <ns3:TrackPointExtension>
            <ns3:hr>128</ns3:hr>
            <ns3:cad>94</ns3:cad>
          </ns3:TrackPointExtension>
        </extensions>
      </trkpt>
      <trkpt lat="22.59138059802353382110595703125" lon="113.87952472083270549774169921875">
        <ele>12.3999996185302734375</ele>
        <time>2026-09-29T22:21:55.000Z</time>
        <extensions>
          <ns3:TrackPointExtension>
            <ns3:hr>128</ns3:hr>
            <ns3:cad>94</ns3:cad>
          </ns3:TrackPointExtension>
        </extensions>
      </trkpt>
      <trkpt lat="22.5913949310779571533203125" lon="113.87950762175023555755615234375">
        <ele>12.3999996185302734375</ele>
        <time>2026-09-29T22:21:56.000Z</time>
        <extensions>
          <ns3:TrackPointExtension>
            <ns3:hr>129</ns3:hr>
            <ns3:cad>94</ns3:cad>
          </ns3:TrackPointExtension>
        </extensions>
      </trkpt>
      <trkpt lat="22.59141295216977596282958984375" lon="113.87948465533554553985595703125">
        <ele>12.3999996185302734375</ele>
        <time>2026-09-29T22:21:57.000Z</time>
        <extensions>
          <ns3:TrackPointExtension>
            <ns3:hr>129</ns3:hr>
            <ns3:cad>94</ns3:cad>
          </ns3:TrackPointExtension>
        </extensions>
      </trkpt>
      <trkpt lat="22.5914262793958187103271484375" lon="113.87946403585374355316162109375">
        <ele>12.6000003814697265625</ele>
        <time>2026-09-29T22:21:58.000Z</time>
        <extensions>
          <ns3:TrackPointExtension>
            <ns3:hr>129</ns3:hr>
            <ns3:cad>94</ns3:cad>
          </ns3:TrackPointExtension>
        </extensions>
      </trkpt>
      <trkpt lat="22.59144899435341358184814453125" lon="113.8794404827058315277099609375">
        <ele>12.6000003814697265625</ele>
        <time>2026-09-29T22:21:59.000Z</time>
        <extensions>
          <ns3:TrackPointExtension>
            <ns3:hr>129</ns3:hr>
            <ns3:cad>94</ns3:cad>
          </ns3:TrackPointExtension>
        </extensions>
      </trkpt>
      <trkpt lat="22.5914688594639301300048828125" lon="113.87941659428179264068603515625">
        <ele>12.6000003814697265625</ele>
        <time>2026-09-29T22:22:00.000Z</time>
        <extensions>
          <ns3:TrackPointExtension>
            <ns3:hr>129</ns3:hr>
            <ns3:cad>95</ns3:cad>
          </ns3:TrackPointExtension>
        </extensions>
      </trkpt>
      <trkpt lat="22.59149123914539813995361328125" lon="113.879403434693813323974609375">
        <ele>12.6000003814697265625</ele>
        <time>2026-09-29T22:22:01.000Z</time>
        <extensions>
          <ns3:TrackPointExtension>
            <ns3:hr>129</ns3:hr>
            <ns3:cad>95</ns3:cad>
          </ns3:TrackPointExtension>
        </extensions>
      </trkpt>
      <trkpt lat="22.59151856414973735809326171875" lon="113.87938071973621845245361328125">
        <ele>12.3999996185302734375</ele>
        <time>2026-09-29T22:22:02.000Z</time>
        <extensions>
          <ns3:TrackPointExtension>
            <ns3:hr>129</ns3:hr>
            <ns3:cad>95</ns3:cad>
          </ns3:TrackPointExtension>
        </extensions>
      </trkpt>
      <trkpt lat="22.59154018945991992950439453125" lon="113.87936412356793880462646484375">
        <ele>12.6000003814697265625</ele>
        <time>2026-09-29T22:22:03.000Z</time>
        <extensions>
          <ns3:TrackPointExtension>
            <ns3:hr>129</ns3:hr>
            <ns3:cad>95</ns3:cad>
          </ns3:TrackPointExtension>
        </extensions>
      </trkpt>
      <trkpt lat="22.591560222208499908447265625" lon="113.879337050020694732666015625">
        <ele>12.6000003814697265625</ele>
        <time>2026-09-29T22:22:04.000Z</time>
        <extensions>
          <ns3:TrackPointExtension>
            <ns3:hr>129</ns3:hr>
            <ns3:cad>94</ns3:cad>
          </ns3:TrackPointExtension>
        </extensions>
      </trkpt>
      <trkpt lat="22.59157857857644557952880859375" lon="113.8793171010911464691162109375">
        <ele>12.6000003814697265625</ele>
        <time>2026-09-29T22:22:05.000Z</time>
        <extensions>
          <ns3:TrackPointExtension>
            <ns3:hr>128</ns3:hr>
            <ns3:cad>94</ns3:cad>
          </ns3:TrackPointExtension>
        </extensions>
      </trkpt>
      <trkpt lat="22.591598443686962127685546875" lon="113.87929723598062992095947265625">
        <ele>12.6000003814697265625</ele>
        <time>2026-09-29T22:22:06.000Z</time>
        <extensions>
          <ns3:TrackPointExtension>
            <ns3:hr>129</ns3:hr>
            <ns3:cad>95</ns3:cad>
          </ns3:TrackPointExtension>
        </extensions>
      </trkpt>
      <trkpt lat="22.591618560254573822021484375" lon="113.8792778737843036651611328125">
        <ele>12.6000003814697265625</ele>
        <time>2026-09-29T22:22:07.000Z</time>
        <extensions>
          <ns3:TrackPointExtension>
            <ns3:hr>129</ns3:hr>
            <ns3:cad>95</ns3:cad>
          </ns3:TrackPointExtension>
        </extensions>
      </trkpt>
      <trkpt lat="22.59163859300315380096435546875" lon="113.8792587630450725555419921875">
        <ele>12.6000003814697265625</ele>
        <time>2026-09-29T22:22:08.000Z</time>
        <extensions>
          <ns3:TrackPointExtension>
            <ns3:hr>129</ns3:hr>
            <ns3:cad>95</ns3:cad>
          </ns3:TrackPointExtension>
        </extensions>
      </trkpt>
      <trkpt lat="22.5916604697704315185546875" lon="113.879235796630382537841796875">
        <ele>12.6000003814697265625</ele>
        <time>2026-09-29T22:22:09.000Z</time>
        <extensions>
          <ns3:TrackPointExtension>
            <ns3:hr>129</ns3:hr>
            <ns3:cad>94</ns3:cad>
          </ns3:TrackPointExtension>
        </extensions>
      </trkpt>
      <trkpt lat="22.59167832322418689727783203125" lon="113.87921408750116825103759765625">
        <ele>12.6000003814697265625</ele>
        <time>2026-09-29T22:22:10.000Z</time>
        <extensions>
          <ns3:TrackPointExtension>
            <ns3:hr>129</ns3:hr>
            <ns3:cad>93</ns3:cad>
          </ns3:TrackPointExtension>
        </extensions>
      </trkpt>
      <trkpt lat="22.59169911034405231475830078125" lon="113.87918910942971706390380859375">
        <ele>12.6000003814697265625</ele>
        <time>2026-09-29T22:22:11.000Z</time>
        <extensions>
          <ns3:TrackPointExtension>
            <ns3:hr>129</ns3:hr>
            <ns3:cad>93</ns3:cad>
          </ns3:TrackPointExtension>
        </extensions>
      </trkpt>
      <trkpt lat="22.59171805344521999359130859375" lon="113.87917041778564453125">
        <ele>12.6000003814697265625</ele>
        <time>2026-09-29T22:22:12.000Z</time>
        <extensions>
          <ns3:TrackPointExtension>
            <ns3:hr>130</ns3:hr>
            <ns3:cad>94</ns3:cad>
          </ns3:TrackPointExtension>
        </extensions>
      </trkpt>
      <trkpt lat="22.59174001403152942657470703125" lon="113.8791476190090179443359375">
        <ele>12.80000019073486328125</ele>
        <time>2026-09-29T22:22:13.000Z</time>
        <extensions>
          <ns3:TrackPointExtension>
            <ns3:hr>130</ns3:hr>
            <ns3:cad>95</ns3:cad>
          </ns3:TrackPointExtension>
        </extensions>
      </trkpt>
      <trkpt lat="22.59175577200949192047119140625" lon="113.8791243173182010650634765625">
        <ele>12.80000019073486328125</ele>
        <time>2026-09-29T22:22:14.000Z</time>
        <extensions>
          <ns3:TrackPointExtension>
            <ns3:hr>130</ns3:hr>
            <ns3:cad>95</ns3:cad>
          </ns3:TrackPointExtension>
        </extensions>
      </trkpt>
      <trkpt lat="22.59177706204354763031005859375" lon="113.87910864315927028656005859375">
        <ele>12.80000019073486328125</ele>
        <time>2026-09-29T22:22:15.000Z</time>
        <extensions>
          <ns3:TrackPointExtension>
            <ns3:hr>130</ns3:hr>
            <ns3:cad>93</ns3:cad>
          </ns3:TrackPointExtension>
        </extensions>
      </trkpt>
      <trkpt lat="22.59179751388728618621826171875" lon="113.879086934030055999755859375">
        <ele>12.80000019073486328125</ele>
        <time>2026-09-29T22:22:16.000Z</time>
        <extensions>
          <ns3:TrackPointExtension>
            <ns3:hr>130</ns3:hr>
            <ns3:cad>93</ns3:cad>
          </ns3:TrackPointExtension>
        </extensions>
      </trkpt>
      <trkpt lat="22.591819055378437042236328125" lon="113.87907243333756923675537109375">
        <ele>12.80000019073486328125</ele>
        <time>2026-09-29T22:22:17.000Z</time>
        <extensions>
          <ns3:TrackPointExtension>
            <ns3:hr>130</ns3:hr>
            <ns3:cad>93</ns3:cad>
          </ns3:TrackPointExtension>
        </extensions>
      </trkpt>
      <trkpt lat="22.59184227325022220611572265625" lon="113.87904929928481578826904296875">
        <ele>12.80000019073486328125</ele>
        <time>2026-09-29T22:22:18.000Z</time>
        <extensions>
          <ns3:TrackPointExtension>
            <ns3:hr>130</ns3:hr>
            <ns3:cad>94</ns3:cad>
          </ns3:TrackPointExtension>
        </extensions>
      </trkpt>
      <trkpt lat="22.591865323483943939208984375" lon="113.87903102673590183258056640625">
        <ele>12.80000019073486328125</ele>
        <time>2026-09-29T22:22:19.000Z</time>
        <extensions>
          <ns3:TrackPointExtension>
            <ns3:hr>130</ns3:hr>
            <ns3:cad>94</ns3:cad>
          </ns3:TrackPointExtension>
        </extensions>
      </trkpt>
      <trkpt lat="22.59189021773636341094970703125" lon="113.8790052942931652069091796875">
        <ele>12.80000019073486328125</ele>
        <time>2026-09-29T22:22:20.000Z</time>
        <extensions>
          <ns3:TrackPointExtension>
            <ns3:hr>130</ns3:hr>
            <ns3:cad>94</ns3:cad>
          </ns3:TrackPointExtension>
        </extensions>
      </trkpt>
      <trkpt lat="22.5919094122946262359619140625" lon="113.87898333370685577392578125">
        <ele>12.80000019073486328125</ele>
        <time>2026-09-29T22:22:21.000Z</time>
        <extensions>
          <ns3:TrackPointExtension>
            <ns3:hr>130</ns3:hr>
            <ns3:cad>94</ns3:cad>
          </ns3:TrackPointExtension>
        </extensions>
      </trkpt>
      <trkpt lat="22.59193212725222110748291015625" lon="113.87895659543573856353759765625">
        <ele>12.80000019073486328125</ele>
        <time>2026-09-29T22:22:22.000Z</time>
        <extensions>
          <ns3:TrackPointExtension>
            <ns3:hr>130</ns3:hr>
            <ns3:cad>93</ns3:cad>
          </ns3:TrackPointExtension>
        </extensions>
      </trkpt>
      <trkpt lat="22.59194470010697841644287109375" lon="113.87893212027847766876220703125">
        <ele>12.80000019073486328125</ele>
        <time>2026-09-29T22:22:23.000Z</time>
        <extensions>
          <ns3:TrackPointExtension>
            <ns3:hr>129</ns3:hr>
            <ns3:cad>93</ns3:cad>
          </ns3:TrackPointExtension>
        </extensions>
      </trkpt>
      <trkpt lat="22.59196414612233638763427734375" lon="113.8789097405970096588134765625">
        <ele>13</ele>
        <time>2026-09-29T22:22:24.000Z</time>
        <extensions>
          <ns3:TrackPointExtension>
            <ns3:hr>129</ns3:hr>
            <ns3:cad>93</ns3:cad>
          </ns3:TrackPointExtension>
        </extensions>
      </trkpt>
      <trkpt lat="22.591976635158061981201171875" lon="113.8788835890591144561767578125">
        <ele>13</ele>
        <time>2026-09-29T22:22:25.000Z</time>
        <extensions>
          <ns3:TrackPointExtension>
            <ns3:hr>129</ns3:hr>
            <ns3:cad>91</ns3:cad>
          </ns3:TrackPointExtension>
        </extensions>
      </trkpt>
      <trkpt lat="22.59199432097375392913818359375" lon="113.87886674143373966217041015625">
        <ele>13</ele>
        <time>2026-09-29T22:22:26.000Z</time>
        <extensions>
          <ns3:TrackPointExtension>
            <ns3:hr>130</ns3:hr>
            <ns3:cad>91</ns3:cad>
          </ns3:TrackPointExtension>
        </extensions>
      </trkpt>
      <trkpt lat="22.59201385080814361572265625" lon="113.8788406737148761749267578125">
        <ele>13</ele>
        <time>2026-09-29T22:22:27.000Z</time>
        <extensions>
          <ns3:TrackPointExtension>
            <ns3:hr>130</ns3:hr>
            <ns3:cad>93</ns3:cad>
          </ns3:TrackPointExtension>
        </extensions>
      </trkpt>
      <trkpt lat="22.59202650748193264007568359375" lon="113.87882508337497711181640625">
        <ele>13</ele>
        <time>2026-09-29T22:22:28.000Z</time>
        <extensions>
          <ns3:TrackPointExtension>
            <ns3:hr>130</ns3:hr>
            <ns3:cad>93</ns3:cad>
          </ns3:TrackPointExtension>
        </extensions>
      </trkpt>
      <trkpt lat="22.5920441932976245880126953125" lon="113.8787967525422573089599609375">
        <ele>13</ele>
        <time>2026-09-29T22:22:29.000Z</time>
        <extensions>
          <ns3:TrackPointExtension>
            <ns3:hr>129</ns3:hr>
            <ns3:cad>93</ns3:cad>
          </ns3:TrackPointExtension>
        </extensions>
      </trkpt>
      <trkpt lat="22.59205835871398448944091796875" lon="113.878777138888835906982421875">
        <ele>12.80000019073486328125</ele>
        <time>2026-09-29T22:22:30.000Z</time>
        <extensions>
          <ns3:TrackPointExtension>
            <ns3:hr>130</ns3:hr>
            <ns3:cad>93</ns3:cad>
          </ns3:TrackPointExtension>
        </extensions>
      </trkpt>
      <trkpt lat="22.59208015166223049163818359375" lon="113.87875241227447986602783203125">
        <ele>12.80000019073486328125</ele>
        <time>2026-09-29T22:22:31.000Z</time>
        <extensions>
          <ns3:TrackPointExtension>
            <ns3:hr>130</ns3:hr>
            <ns3:cad>92</ns3:cad>
          </ns3:TrackPointExtension>
        </extensions>
      </trkpt>
      <trkpt lat="22.592100016772747039794921875" lon="113.87873447500169277191162109375">
        <ele>12.80000019073486328125</ele>
        <time>2026-09-29T22:22:32.000Z</time>
        <extensions>
          <ns3:TrackPointExtension>
            <ns3:hr>129</ns3:hr>
            <ns3:cad>92</ns3:cad>
          </ns3:TrackPointExtension>
        </extensions>
      </trkpt>
      <trkpt lat="22.59211845695972442626953125" lon="113.87872206978499889373779296875">
        <ele>12.80000019073486328125</ele>
        <time>2026-09-29T22:22:33.000Z</time>
        <extensions>
          <ns3:TrackPointExtension>
            <ns3:hr>130</ns3:hr>
            <ns3:cad>92</ns3:cad>
          </ns3:TrackPointExtension>
        </extensions>
      </trkpt>
      <trkpt lat="22.59213563986122608184814453125" lon="113.87870480306446552276611328125">
        <ele>12.80000019073486328125</ele>
        <time>2026-09-29T22:22:34.000Z</time>
        <extensions>
          <ns3:TrackPointExtension>
            <ns3:hr>130</ns3:hr>
            <ns3:cad>92</ns3:cad>
          </ns3:TrackPointExtension>
        </extensions>
      </trkpt>
      <trkpt lat="22.59215332567691802978515625" lon="113.87869097292423248291015625">
        <ele>12.80000019073486328125</ele>
        <time>2026-09-29T22:22:35.000Z</time>
        <extensions>
          <ns3:TrackPointExtension>
            <ns3:hr>129</ns3:hr>
            <ns3:cad>93</ns3:cad>
          </ns3:TrackPointExtension>
        </extensions>
      </trkpt>
      <trkpt lat="22.59217184968292713165283203125" lon="113.8786713592708110809326171875">
        <ele>12.80000019073486328125</ele>
        <time>2026-09-29T22:22:36.000Z</time>
        <extensions>
          <ns3:TrackPointExtension>
            <ns3:hr>130</ns3:hr>
            <ns3:cad>94</ns3:cad>
          </ns3:TrackPointExtension>
        </extensions>
      </trkpt>
      <trkpt lat="22.59218819439411163330078125" lon="113.8786535896360874176025390625">
        <ele>12.80000019073486328125</ele>
        <time>2026-09-29T22:22:37.000Z</time>
        <extensions>
          <ns3:TrackPointExtension>
            <ns3:hr>130</ns3:hr>
            <ns3:cad>95</ns3:cad>
          </ns3:TrackPointExtension>
        </extensions>
      </trkpt>
      <trkpt lat="22.59221275337040424346923828125" lon="113.8786324672400951385498046875">
        <ele>12.80000019073486328125</ele>
        <time>2026-09-29T22:22:38.000Z</time>
        <extensions>
          <ns3:TrackPointExtension>
            <ns3:hr>130</ns3:hr>
            <ns3:cad>95</ns3:cad>
          </ns3:TrackPointExtension>
        </extensions>
      </trkpt>
      <trkpt lat="22.5922349654138088226318359375" lon="113.87862064875662326812744140625">
        <ele>12.80000019073486328125</ele>
        <time>2026-09-29T22:22:39.000Z</time>
        <extensions>
          <ns3:TrackPointExtension>
            <ns3:hr>131</ns3:hr>
            <ns3:cad>94</ns3:cad>
          </ns3:TrackPointExtension>
        </extensions>
      </trkpt>
      <trkpt lat="22.592264302074909210205078125" lon="113.878600113093852996826171875">
        <ele>12.80000019073486328125</ele>
        <time>2026-09-29T22:22:40.000Z</time>
        <extensions>
          <ns3:TrackPointExtension>
            <ns3:hr>130</ns3:hr>
            <ns3:cad>92</ns3:cad>
          </ns3:TrackPointExtension>
        </extensions>
      </trkpt>
      <trkpt lat="22.592281065881252288818359375" lon="113.8785845227539539337158203125">
        <ele>12.80000019073486328125</ele>
        <time>2026-09-29T22:22:41.000Z</time>
        <extensions>
          <ns3:TrackPointExtension>
            <ns3:hr>130</ns3:hr>
            <ns3:cad>92</ns3:cad>
          </ns3:TrackPointExtension>
        </extensions>
      </trkpt>
      <trkpt lat="22.592306546866893768310546875" lon="113.87856767512857913970947265625">
        <ele>12.80000019073486328125</ele>
        <time>2026-09-29T22:22:42.000Z</time>
        <extensions>
          <ns3:TrackPointExtension>
            <ns3:hr>129</ns3:hr>
            <ns3:cad>92</ns3:cad>
          </ns3:TrackPointExtension>
        </extensions>
      </trkpt>
      <trkpt lat="22.5923229753971099853515625" lon="113.87855954468250274658203125">
        <ele>13</ele>
        <time>2026-09-29T22:22:43.000Z</time>
        <extensions>
          <ns3:TrackPointExtension>
            <ns3:hr>129</ns3:hr>
            <ns3:cad>92</ns3:cad>
          </ns3:TrackPointExtension>
        </extensions>
      </trkpt>
      <trkpt lat="22.5923375599086284637451171875" lon="113.87855418026447296142578125">
        <ele>13.19999980926513671875</ele>
        <time>2026-09-29T22:22:44.000Z</time>
        <extensions>
          <ns3:TrackPointExtension>
            <ns3:hr>128</ns3:hr>
            <ns3:cad>93</ns3:cad>
          </ns3:TrackPointExtension>
        </extensions>
      </trkpt>
      <trkpt lat="22.5926416553556919097900390625" lon="113.87860916554927825927734375">
        <ele>13.19999980926513671875</ele>
        <time>2026-09-29T22:24:27.000Z</time>
        <extensions>
          <ns3:TrackPointExtension>
            <ns3:hr>89</ns3:hr>
            <ns3:cad>0</ns3:cad>
          </ns3:TrackPointExtension>
        </extensions>
      </trkpt>
      <trkpt lat="22.59264282882213592529296875" lon="113.87862525880336761474609375">
        <ele>13.19999980926513671875</ele>
        <time>2026-09-29T22:24:28.000Z</time>
        <extensions>
          <ns3:TrackPointExtension>
            <ns3:hr>89</ns3:hr>
            <ns3:cad>0</ns3:cad>
          </ns3:TrackPointExtension>
        </extensions>
      </trkpt>
      <trkpt lat="22.59267124347388744354248046875" lon="113.8787058927118778228759765625">
        <ele>13</ele>
        <time>2026-09-29T22:24:32.000Z</time>
        <extensions>
          <ns3:TrackPointExtension>
            <ns3:hr>89</ns3:hr>
            <ns3:cad>0</ns3:cad>
          </ns3:TrackPointExtension>
        </extensions>
      </trkpt>
      <trkpt lat="22.59267794899642467498779296875" lon="113.878733552992343902587890625">
        <ele>13</ele>
        <time>2026-09-29T22:24:33.000Z</time>
        <extensions>
          <ns3:TrackPointExtension>
            <ns3:hr>90</ns3:hr>
            <ns3:cad>93</ns3:cad>
          </ns3:TrackPointExtension>
        </extensions>
      </trkpt>
      <trkpt lat="22.592684738337993621826171875" lon="113.8787592016160488128662109375">
        <ele>13</ele>
        <time>2026-09-29T22:24:34.000Z</time>
        <extensions>
          <ns3:TrackPointExtension>
            <ns3:hr>90</ns3:hr>
            <ns3:cad>93</ns3:cad>
          </ns3:TrackPointExtension>
        </extensions>
      </trkpt>
      <trkpt lat="22.5926926173269748687744140625" lon="113.87878627516329288482666015625">
        <ele>13</ele>
        <time>2026-09-29T22:24:35.000Z</time>
        <extensions>
          <ns3:TrackPointExtension>
            <ns3:hr>90</ns3:hr>
            <ns3:cad>93</ns3:cad>
          </ns3:TrackPointExtension>
        </extensions>
      </trkpt>
      <trkpt lat="22.59271164424717426300048828125" lon="113.87879616580903530120849609375">
        <ele>13</ele>
        <time>2026-09-29T22:24:36.000Z</time>
        <extensions>
          <ns3:TrackPointExtension>
            <ns3:hr>90</ns3:hr>
            <ns3:cad>93</ns3:cad>
          </ns3:TrackPointExtension>
        </extensions>
      </trkpt>
      <trkpt lat="22.592735029757022857666015625" lon="113.87880823574960231781005859375">
        <ele>13</ele>
        <time>2026-09-29T22:24:37.000Z</time>
        <extensions>
          <ns3:TrackPointExtension>
            <ns3:hr>90</ns3:hr>
            <ns3:cad>93</ns3:cad>
          </ns3:TrackPointExtension>
        </extensions>
      </trkpt>
      <trkpt lat="22.59275824762880802154541015625" lon="113.87880991213023662567138671875">
        <ele>13</ele>
        <time>2026-09-29T22:24:38.000Z</time>
        <extensions>
          <ns3:TrackPointExtension>
            <ns3:hr>90</ns3:hr>
            <ns3:cad>93</ns3:cad>
          </ns3:TrackPointExtension>
        </extensions>
      </trkpt>
      <trkpt lat="22.592780292034149169921875" lon="113.87880270369350910186767578125">
        <ele>13</ele>
        <time>2026-09-29T22:24:39.000Z</time>
        <extensions>
          <ns3:TrackPointExtension>
            <ns3:hr>90</ns3:hr>
            <ns3:cad>93</ns3:cad>
          </ns3:TrackPointExtension>
        </extensions>
      </trkpt>
      <trkpt lat="22.592801414430141448974609375" lon="113.8787907175719738006591796875">
        <ele>13</ele>
        <time>2026-09-29T22:24:40.000Z</time>
        <extensions>
          <ns3:TrackPointExtension>
            <ns3:hr>90</ns3:hr>
            <ns3:cad>92</ns3:cad>
          </ns3:TrackPointExtension>
        </extensions>
      </trkpt>
      <trkpt lat="22.59281490929424762725830078125" lon="113.87877671979367733001708984375">
        <ele>13</ele>
        <time>2026-09-29T22:24:41.000Z</time>
        <extensions>
          <ns3:TrackPointExtension>
            <ns3:hr>90</ns3:hr>
            <ns3:cad>92</ns3:cad>
          </ns3:TrackPointExtension>
        </extensions>
      </trkpt>
      <trkpt lat="22.59283351711928844451904296875" lon="113.87875576503574848175048828125">
        <ele>13</ele>
        <time>2026-09-29T22:24:42.000Z</time>
        <extensions>
          <ns3:TrackPointExtension>
            <ns3:hr>90</ns3:hr>
            <ns3:cad>92</ns3:cad>
          </ns3:TrackPointExtension>
        </extensions>
      </trkpt>
      <trkpt lat="22.5928421504795551300048828125" lon="113.8787343911826610565185546875">
        <ele>13</ele>
        <time>2026-09-29T22:24:43.000Z</time>
        <extensions>
          <ns3:TrackPointExtension>
            <ns3:hr>90</ns3:hr>
            <ns3:cad>93</ns3:cad>
          </ns3:TrackPointExtension>
        </extensions>
      </trkpt>
      <trkpt lat="22.59285698644816875457763671875" lon="113.878701031208038330078125">
        <ele>13</ele>
        <time>2026-09-29T22:24:44.000Z</time>
        <extensions>
          <ns3:TrackPointExtension>
            <ns3:hr>90</ns3:hr>
            <ns3:cad>93</ns3:cad>
          </ns3:TrackPointExtension>
        </extensions>
      </trkpt>
      <trkpt lat="22.5928666256368160247802734375" lon="113.87867529876530170440673828125">
        <ele>13</ele>
        <time>2026-09-29T22:24:45.000Z</time>
        <extensions>
          <ns3:TrackPointExtension>
            <ns3:hr>91</ns3:hr>
            <ns3:cad>93</ns3:cad>
          </ns3:TrackPointExtension>
        </extensions>
      </trkpt>
      <trkpt lat="22.59288514964282512664794921875" lon="113.87864780612289905548095703125">
        <ele>13</ele>
        <time>2026-09-29T22:24:46.000Z</time>
        <extensions>
          <ns3:TrackPointExtension>
            <ns3:hr>90</ns3:hr>
            <ns3:cad>92</ns3:cad>
          </ns3:TrackPointExtension>
        </extensions>
      </trkpt>
      <trkpt lat="22.59289470501244068145751953125" lon="113.87861897237598896026611328125">
        <ele>12.80000019073486328125</ele>
        <time>2026-09-29T22:24:47.000Z</time>
        <extensions>
          <ns3:TrackPointExtension>
            <ns3:hr>90</ns3:hr>
            <ns3:cad>92</ns3:cad>
          </ns3:TrackPointExtension>
        </extensions>
      </trkpt>
      <trkpt lat="22.592911384999752044677734375" lon="113.87859734706580638885498046875">
        <ele>12.80000019073486328125</ele>
        <time>2026-09-29T22:24:48.000Z</time>
        <extensions>
          <ns3:TrackPointExtension>
            <ns3:hr>91</ns3:hr>
            <ns3:cad>92</ns3:cad>
          </ns3:TrackPointExtension>
        </extensions>
      </trkpt>
      <trkpt lat="22.5929289869964122772216796875" lon="113.87857270427048206329345703125">
        <ele>12.80000019073486328125</ele>
        <time>2026-09-29T22:24:49.000Z</time>
        <extensions>
          <ns3:TrackPointExtension>
            <ns3:hr>91</ns3:hr>
            <ns3:cad>92</ns3:cad>
          </ns3:TrackPointExtension>
        </extensions>
      </trkpt>
      <trkpt lat="22.5929454155266284942626953125" lon="113.8785563595592975616455078125">
        <ele>12.80000019073486328125</ele>
        <time>2026-09-29T22:24:50.000Z</time>
        <extensions>
          <ns3:TrackPointExtension>
            <ns3:hr>91</ns3:hr>
            <ns3:cad>93</ns3:cad>
          </ns3:TrackPointExtension>
        </extensions>
      </trkpt>
      <trkpt lat="22.5929695554077625274658203125" lon="113.87853682972490787506103515625">
        <ele>12.80000019073486328125</ele>
        <time>2026-09-29T22:24:51.000Z</time>
        <extensions>
          <ns3:TrackPointExtension>
            <ns3:hr>92</ns3:hr>
            <ns3:cad>93</ns3:cad>
          </ns3:TrackPointExtension>
        </extensions>
      </trkpt>
      <trkpt lat="22.592984139919281005859375" lon="113.878518305718898773193359375">
        <ele>12.80000019073486328125</ele>
        <time>2026-09-29T22:24:52.000Z</time>
        <extensions>
          <ns3:TrackPointExtension>
            <ns3:hr>93</ns3:hr>
            <ns3:cad>92</ns3:cad>
          </ns3:TrackPointExtension>
        </extensions>
      </trkpt>
      <trkpt lat="22.593005262315273284912109375" lon="113.87849324382841587066650390625">
        <ele>12.80000019073486328125</ele>
        <time>2026-09-29T22:24:53.000Z</time>
        <extensions>
          <ns3:TrackPointExtension>
            <ns3:hr>93</ns3:hr>
            <ns3:cad>92</ns3:cad>
          </ns3:TrackPointExtension>
        </extensions>
      </trkpt>
      <trkpt lat="22.59301699697971343994140625" lon="113.87847145088016986846923828125">
        <ele>12.6000003814697265625</ele>
        <time>2026-09-29T22:24:54.000Z</time>
        <extensions>
          <ns3:TrackPointExtension>
            <ns3:hr>94</ns3:hr>
            <ns3:cad>92</ns3:cad>
          </ns3:TrackPointExtension>
        </extensions>
      </trkpt>
      <trkpt lat="22.59303845465183258056640625" lon="113.87844814918935298919677734375">
        <ele>12.6000003814697265625</ele>
        <time>2026-09-29T22:24:55.000Z</time>
        <extensions>
          <ns3:TrackPointExtension>
            <ns3:hr>95</ns3:hr>
            <ns3:cad>93</ns3:cad>
          </ns3:TrackPointExtension>
        </extensions>
      </trkpt>
      <trkpt lat="22.59305111132562160491943359375" lon="113.878423087298870086669921875">
        <ele>12.6000003814697265625</ele>
        <time>2026-09-29T22:24:56.000Z</time>
        <extensions>
          <ns3:TrackPointExtension>
            <ns3:hr>96</ns3:hr>
            <ns3:cad>93</ns3:cad>
          </ns3:TrackPointExtension>
        </extensions>
      </trkpt>
      <trkpt lat="22.5930718146264553070068359375" lon="113.878403641283512115478515625">
        <ele>12.80000019073486328125</ele>
        <time>2026-09-29T22:24:57.000Z</time>
        <extensions>
          <ns3:TrackPointExtension>
            <ns3:hr>96</ns3:hr>
            <ns3:cad>92</ns3:cad>
          </ns3:TrackPointExtension>
        </extensions>
      </trkpt>
      <trkpt lat="22.59309318847954273223876953125" lon="113.8783796690404415130615234375">
        <ele>12.80000019073486328125</ele>
        <time>2026-09-29T22:24:58.000Z</time>
        <extensions>
          <ns3:TrackPointExtension>
            <ns3:hr>97</ns3:hr>
            <ns3:cad>92</ns3:cad>
          </ns3:TrackPointExtension>
        </extensions>
      </trkpt>
      <trkpt lat="22.59311162866652011871337890625" lon="113.87836634181439876556396484375">
        <ele>12.80000019073486328125</ele>
        <time>2026-09-29T22:24:59.000Z</time>
        <extensions>
          <ns3:TrackPointExtension>
            <ns3:hr>98</ns3:hr>
            <ns3:cad>92</ns3:cad>
          </ns3:TrackPointExtension>
        </extensions>
      </trkpt>
      <trkpt lat="22.59313476271927356719970703125" lon="113.87834538705646991729736328125">
        <ele>12.6000003814697265625</ele>
        <time>2026-09-29T22:25:00.000Z</time>
        <extensions>
          <ns3:TrackPointExtension>
            <ns3:hr>99</ns3:hr>
            <ns3:cad>93</ns3:cad>
          </ns3:TrackPointExtension>
        </extensions>
      </trkpt>
      <trkpt lat="22.5931506045162677764892578125" lon="113.878325521945953369140625">
        <ele>12.6000003814697265625</ele>
        <time>2026-09-29T22:25:01.000Z</time>
        <extensions>
          <ns3:TrackPointExtension>
            <ns3:hr>100</ns3:hr>
            <ns3:cad>94</ns3:cad>
          </ns3:TrackPointExtension>
        </extensions>
      </trkpt>
      <trkpt lat="22.593174241483211517333984375" lon="113.87830113060772418975830078125">
        <ele>12.6000003814697265625</ele>
        <time>2026-09-29T22:25:02.000Z</time>
        <extensions>
          <ns3:TrackPointExtension>
            <ns3:hr>100</ns3:hr>
            <ns3:cad>94</ns3:cad>
          </ns3:TrackPointExtension>
        </extensions>
      </trkpt>
      <trkpt lat="22.59318857453763484954833984375" lon="113.8782814331352710723876953125">
        <ele>12.6000003814697265625</ele>
        <time>2026-09-29T22:25:03.000Z</time>
        <extensions>
          <ns3:TrackPointExtension>
            <ns3:hr>101</ns3:hr>
            <ns3:cad>94</ns3:cad>
          </ns3:TrackPointExtension>
        </extensions>
      </trkpt>
      <trkpt lat="22.5932136364281177520751953125" lon="113.87826207093894481658935546875">
        <ele>12.6000003814697265625</ele>
        <time>2026-09-29T22:25:04.000Z</time>
        <extensions>
          <ns3:TrackPointExtension>
            <ns3:hr>102</ns3:hr>
            <ns3:cad>94</ns3:cad>
          </ns3:TrackPointExtension>
        </extensions>
      </trkpt>
      <trkpt lat="22.59323433972895145416259765625" lon="113.87824765406548976898193359375">
        <ele>12.6000003814697265625</ele>
        <time>2026-09-29T22:25:05.000Z</time>
        <extensions>
          <ns3:TrackPointExtension>
            <ns3:hr>104</ns3:hr>
            <ns3:cad>94</ns3:cad>
          </ns3:TrackPointExtension>
        </extensions>
      </trkpt>
      <trkpt lat="22.59325948543846607208251953125" lon="113.87823172844946384429931640625">
        <ele>12.6000003814697265625</ele>
        <time>2026-09-29T22:25:06.000Z</time>
        <extensions>
          <ns3:TrackPointExtension>
            <ns3:hr>105</ns3:hr>
            <ns3:cad>94</ns3:cad>
          </ns3:TrackPointExtension>
        </extensions>
      </trkpt>
      <trkpt lat="22.59327792562544345855712890625" lon="113.8782100193202495574951171875">
        <ele>12.6000003814697265625</ele>
        <time>2026-09-29T22:25:07.000Z</time>
        <extensions>
          <ns3:TrackPointExtension>
            <ns3:hr>107</ns3:hr>
            <ns3:cad>94</ns3:cad>
          </ns3:TrackPointExtension>
        </extensions>
      </trkpt>
      <trkpt lat="22.5932977907359600067138671875" lon="113.878193087875843048095703125">
        <ele>12.6000003814697265625</ele>
        <time>2026-09-29T22:25:08.000Z</time>
        <extensions>
          <ns3:TrackPointExtension>
            <ns3:hr>109</ns3:hr>
            <ns3:cad>91</ns3:cad>
          </ns3:TrackPointExtension>
        </extensions>
      </trkpt>
      <trkpt lat="22.593319751322269439697265625" lon="113.878172971308231353759765625">
        <ele>12.6000003814697265625</ele>
        <time>2026-09-29T22:25:09.000Z</time>
        <extensions>
          <ns3:TrackPointExtension>
            <ns3:hr>110</ns3:hr>
            <ns3:cad>91</ns3:cad>
          </ns3:TrackPointExtension>
        </extensions>
      </trkpt>
      <trkpt lat="22.593343220651149749755859375" lon="113.87815897352993488311767578125">
        <ele>12.3999996185302734375</ele>
        <time>2026-09-29T22:25:10.000Z</time>
        <extensions>
          <ns3:TrackPointExtension>
            <ns3:hr>111</ns3:hr>
            <ns3:cad>92</ns3:cad>
          </ns3:TrackPointExtension>
        </extensions>
      </trkpt>
      <trkpt lat="22.59336878545582294464111328125" lon="113.87813734821975231170654296875">
        <ele>12.3999996185302734375</ele>
        <time>2026-09-29T22:25:11.000Z</time>
        <extensions>
          <ns3:TrackPointExtension>
            <ns3:hr>111</ns3:hr>
            <ns3:cad>93</ns3:cad>
          </ns3:TrackPointExtension>
        </extensions>
      </trkpt>
      <trkpt lat="22.59338839910924434661865234375" lon="113.8781203329563140869140625">
        <ele>12.3999996185302734375</ele>
        <time>2026-09-29T22:25:12.000Z</time>
        <extensions>
          <ns3:TrackPointExtension>
            <ns3:hr>112</ns3:hr>
            <ns3:cad>93</ns3:cad>
          </ns3:TrackPointExtension>
        </extensions>
      </trkpt>
      <trkpt lat="22.59341371245682239532470703125" lon="113.87809460051357746124267578125">
        <ele>12.3999996185302734375</ele>
        <time>2026-09-29T22:25:13.000Z</time>
        <extensions>
          <ns3:TrackPointExtension>
            <ns3:hr>113</ns3:hr>
            <ns3:cad>93</ns3:cad>
          </ns3:TrackPointExtension>
        </extensions>
      </trkpt>
      <trkpt lat="22.59342603385448455810546875" lon="113.8780752383172512054443359375">
        <ele>12.3999996185302734375</ele>
        <time>2026-09-29T22:25:14.000Z</time>
        <extensions>
          <ns3:TrackPointExtension>
            <ns3:hr>113</ns3:hr>
            <ns3:cad>93</ns3:cad>
          </ns3:TrackPointExtension>
        </extensions>
      </trkpt>
      <trkpt lat="22.593448162078857421875" lon="113.8780487515032291412353515625">
        <ele>12.3999996185302734375</ele>
        <time>2026-09-29T22:25:15.000Z</time>
        <extensions>
          <ns3:TrackPointExtension>
            <ns3:hr>114</ns3:hr>
            <ns3:cad>93</ns3:cad>
          </ns3:TrackPointExtension>
        </extensions>
      </trkpt>
      <trkpt lat="22.5934602320194244384765625" lon="113.8780272938311100006103515625">
        <ele>12.3999996185302734375</ele>
        <time>2026-09-29T22:25:16.000Z</time>
        <extensions>
          <ns3:TrackPointExtension>
            <ns3:hr>114</ns3:hr>
            <ns3:cad>92</ns3:cad>
          </ns3:TrackPointExtension>
        </extensions>
      </trkpt>
      <trkpt lat="22.59348361752927303314208984375" lon="113.87800944037735462188720703125">
        <ele>12.19999980926513671875</ele>
        <time>2026-09-29T22:25:17.000Z</time>
        <extensions>
          <ns3:TrackPointExtension>
            <ns3:hr>115</ns3:hr>
            <ns3:cad>92</ns3:cad>
          </ns3:TrackPointExtension>
        </extensions>
      </trkpt>
      <trkpt lat="22.59350272826850414276123046875" lon="113.8779870606958866119384765625">
        <ele>12.19999980926513671875</ele>
        <time>2026-09-29T22:25:18.000Z</time>
        <extensions>
          <ns3:TrackPointExtension>
            <ns3:hr>115</ns3:hr>
            <ns3:cad>92</ns3:cad>
          </ns3:TrackPointExtension>
        </extensions>
      </trkpt>
      <trkpt lat="22.59352636523544788360595703125" lon="113.87797054834663867950439453125">
        <ele>12.19999980926513671875</ele>
        <time>2026-09-29T22:25:19.000Z</time>
        <extensions>
          <ns3:TrackPointExtension>
            <ns3:hr>115</ns3:hr>
            <ns3:cad>92</ns3:cad>
          </ns3:TrackPointExtension>
        </extensions>
      </trkpt>
      <trkpt lat="22.59355134330689907073974609375" lon="113.8779488392174243927001953125">
        <ele>12.19999980926513671875</ele>
        <time>2026-09-29T22:25:20.000Z</time>
        <extensions>
          <ns3:TrackPointExtension>
            <ns3:hr>116</ns3:hr>
            <ns3:cad>93</ns3:cad>
          </ns3:TrackPointExtension>
        </extensions>
      </trkpt>
      <trkpt lat="22.5935730524361133575439453125" lon="113.87793400324881076812744140625">
        <ele>12.19999980926513671875</ele>
        <time>2026-09-29T22:25:21.000Z</time>
        <extensions>
          <ns3:TrackPointExtension>
            <ns3:hr>116</ns3:hr>
            <ns3:cad>94</ns3:cad>
          </ns3:TrackPointExtension>
        </extensions>
      </trkpt>
      <trkpt lat="22.593606077134609222412109375" lon="113.8779206760227680206298828125">
        <ele>12.19999980926513671875</ele>
        <time>2026-09-29T22:25:22.000Z</time>
        <extensions>
          <ns3:TrackPointExtension>
            <ns3:hr>117</ns3:hr>
            <ns3:cad>94</ns3:cad>
          </ns3:TrackPointExtension>
        </extensions>
      </trkpt>
      <trkpt lat="22.5936280377209186553955078125" lon="113.87791656889021396636962890625">
        <ele>12.19999980926513671875</ele>
        <time>2026-09-29T22:25:23.000Z</time>
        <extensions>
          <ns3:TrackPointExtension>
            <ns3:hr>117</ns3:hr>
            <ns3:cad>93</ns3:cad>
          </ns3:TrackPointExtension>
        </extensions>
      </trkpt>
      <trkpt lat="22.59366340935230255126953125" lon="113.877923190593719482421875">
        <ele>12.19999980926513671875</ele>
        <time>2026-09-29T22:25:24.000Z</time>
        <extensions>
          <ns3:TrackPointExtension>
            <ns3:hr>118</ns3:hr>
            <ns3:cad>93</ns3:cad>
          </ns3:TrackPointExtension>
        </extensions>
      </trkpt>
      <trkpt lat="22.593684531748294830322265625" lon="113.8779297284781932830810546875">
        <ele>12.3999996185302734375</ele>
        <time>2026-09-29T22:25:25.000Z</time>
        <extensions>
          <ns3:TrackPointExtension>
            <ns3:hr>118</ns3:hr>
            <ns3:cad>93</ns3:cad>
          </ns3:TrackPointExtension>
        </extensions>
      </trkpt>
      <trkpt lat="22.5937101803719997406005859375" lon="113.87793903239071369171142578125">
        <ele>12.3999996185302734375</ele>
        <time>2026-09-29T22:25:26.000Z</time>
        <extensions>
          <ns3:TrackPointExtension>
            <ns3:hr>118</ns3:hr>
            <ns3:cad>93</ns3:cad>
          </ns3:TrackPointExtension>
        </extensions>
      </trkpt>
      <trkpt lat="22.5937257707118988037109375" lon="113.8779414631426334381103515625">
        <ele>12.3999996185302734375</ele>
        <time>2026-09-29T22:25:27.000Z</time>
        <extensions>
          <ns3:TrackPointExtension>
            <ns3:hr>119</ns3:hr>
            <ns3:cad>92</ns3:cad>
          </ns3:TrackPointExtension>
        </extensions>
      </trkpt>
      <trkpt lat="22.59375032968819141387939453125" lon="113.877954371273517608642578125">
        <ele>12.3999996185302734375</ele>
        <time>2026-09-29T22:25:28.000Z</time>
        <extensions>
          <ns3:TrackPointExtension>
            <ns3:hr>119</ns3:hr>
            <ns3:cad>92</ns3:cad>
          </ns3:TrackPointExtension>
        </extensions>
      </trkpt>
      <trkpt lat="22.59377396665513515472412109375" lon="113.8779582269489765167236328125">
        <ele>12.3999996185302734375</ele>
        <time>2026-09-29T22:25:29.000Z</time>
        <extensions>
          <ns3:TrackPointExtension>
            <ns3:hr>120</ns3:hr>
            <ns3:cad>92</ns3:cad>
          </ns3:TrackPointExtension>
        </extensions>
      </trkpt>
      <trkpt lat="22.59380011819303035736083984375" lon="113.87796753086149692535400390625">
        <ele>12.6000003814697265625</ele>
        <time>2026-09-29T22:25:30.000Z</time>
        <extensions>
          <ns3:TrackPointExtension>
            <ns3:hr>120</ns3:hr>
            <ns3:cad>94</ns3:cad>
          </ns3:TrackPointExtension>
        </extensions>
      </trkpt>
      <trkpt lat="22.5938281975686550140380859375" lon="113.87797272764146327972412109375">
        <ele>12.6000003814697265625</ele>
        <time>2026-09-29T22:25:31.000Z</time>
        <extensions>
          <ns3:TrackPointExtension>
            <ns3:hr>120</ns3:hr>
            <ns3:cad>95</ns3:cad>
          </ns3:TrackPointExtension>
        </extensions>
      </trkpt>
      <trkpt lat="22.593850158154964447021484375" lon="113.8779840432107448577880859375">
        <ele>12.6000003814697265625</ele>
        <time>2026-09-29T22:25:32.000Z</time>
        <extensions>
          <ns3:TrackPointExtension>
            <ns3:hr>121</ns3:hr>
            <ns3:cad>95</ns3:cad>
          </ns3:TrackPointExtension>
        </extensions>
      </trkpt>
      <trkpt lat="22.59388226084411144256591796875" lon="113.8779964484274387359619140625">
        <ele>12.6000003814697265625</ele>
        <time>2026-09-29T22:25:33.000Z</time>
        <extensions>
          <ns3:TrackPointExtension>
            <ns3:hr>121</ns3:hr>
            <ns3:cad>92</ns3:cad>
          </ns3:TrackPointExtension>
        </extensions>
      </trkpt>
      <trkpt lat="22.59390623308718204498291015625" lon="113.87800541706383228302001953125">
        <ele>12.6000003814697265625</ele>
        <time>2026-09-29T22:25:34.000Z</time>
        <extensions>
          <ns3:TrackPointExtension>
            <ns3:hr>121</ns3:hr>
            <ns3:cad>92</ns3:cad>
          </ns3:TrackPointExtension>
        </extensions>
      </trkpt>
      <trkpt lat="22.5939338095486164093017578125" lon="113.878014720976352691650390625">
        <ele>12.6000003814697265625</ele>
        <time>2026-09-29T22:25:35.000Z</time>
        <extensions>
          <ns3:TrackPointExtension>
            <ns3:hr>122</ns3:hr>
            <ns3:cad>92</ns3:cad>
          </ns3:TrackPointExtension>
        </extensions>
      </trkpt>
      <trkpt lat="22.59395711123943328857421875" lon="113.8780179060995578765869140625">
        <ele>12.6000003814697265625</ele>
        <time>2026-09-29T22:25:36.000Z</time>
        <extensions>
          <ns3:TrackPointExtension>
            <ns3:hr>122</ns3:hr>
            <ns3:cad>92</ns3:cad>
          </ns3:TrackPointExtension>
        </extensions>
      </trkpt>
      <trkpt lat="22.59398384951055049896240234375" lon="113.87802578508853912353515625">
        <ele>12.6000003814697265625</ele>
        <time>2026-09-29T22:25:37.000Z</time>
        <extensions>
          <ns3:TrackPointExtension>
            <ns3:hr>122</ns3:hr>
            <ns3:cad>93</ns3:cad>
          </ns3:TrackPointExtension>
        </extensions>
      </trkpt>
      <trkpt lat="22.59400815702974796295166015625" lon="113.8780249468982219696044921875">
        <ele>12.6000003814697265625</ele>
        <time>2026-09-29T22:25:38.000Z</time>
        <extensions>
          <ns3:TrackPointExtension>
            <ns3:hr>123</ns3:hr>
            <ns3:cad>93</ns3:cad>
          </ns3:TrackPointExtension>
        </extensions>
      </trkpt>
      <trkpt lat="22.59403414092957973480224609375" lon="113.878026120364665985107421875">
        <ele>12.6000003814697265625</ele>
        <time>2026-09-29T22:25:39.000Z</time>
        <extensions>
          <ns3:TrackPointExtension>
            <ns3:hr>123</ns3:hr>
            <ns3:cad>93</ns3:cad>
          </ns3:TrackPointExtension>
        </extensions>
      </trkpt>
      <trkpt lat="22.59406481869518756866455078125" lon="113.87803249061107635498046875">
        <ele>12.6000003814697265625</ele>
        <time>2026-09-29T22:25:40.000Z</time>
        <extensions>
          <ns3:TrackPointExtension>
            <ns3:hr>123</ns3:hr>
            <ns3:cad>94</ns3:cad>
          </ns3:TrackPointExtension>
        </extensions>
      </trkpt>
      <trkpt lat="22.59409214369952678680419921875" lon="113.87804145924746990203857421875">
        <ele>12.6000003814697265625</ele>
        <time>2026-09-29T22:25:41.000Z</time>
        <extensions>
          <ns3:TrackPointExtension>
            <ns3:hr>123</ns3:hr>
            <ns3:cad>94</ns3:cad>
          </ns3:TrackPointExtension>
        </extensions>
      </trkpt>
      <trkpt lat="22.59412013925611972808837890625" lon="113.8780396990478038787841796875">
        <ele>12.80000019073486328125</ele>
        <time>2026-09-29T22:25:42.000Z</time>
        <extensions>
          <ns3:TrackPointExtension>
            <ns3:hr>124</ns3:hr>
            <ns3:cad>93</ns3:cad>
          </ns3:TrackPointExtension>
        </extensions>
      </trkpt>
      <trkpt lat="22.594148218631744384765625" lon="113.87803944759070873260498046875">
        <ele>12.80000019073486328125</ele>
        <time>2026-09-29T22:25:43.000Z</time>
        <extensions>
          <ns3:TrackPointExtension>
            <ns3:hr>124</ns3:hr>
            <ns3:cad>93</ns3:cad>
          </ns3:TrackPointExtension>
        </extensions>
      </trkpt>
      <trkpt lat="22.5941822491586208343505859375" lon="113.8780479133129119873046875">
        <ele>12.6000003814697265625</ele>
        <time>2026-09-29T22:25:44.000Z</time>
        <extensions>
          <ns3:TrackPointExtension>
            <ns3:hr>124</ns3:hr>
            <ns3:cad>92</ns3:cad>
          </ns3:TrackPointExtension>
        </extensions>
      </trkpt>
      <trkpt lat="22.59420580230653285980224609375" lon="113.87805134989321231842041015625">
        <ele>12.6000003814697265625</ele>
        <time>2026-09-29T22:25:45.000Z</time>
        <extensions>
          <ns3:TrackPointExtension>
            <ns3:hr>125</ns3:hr>
            <ns3:cad>92</ns3:cad>
          </ns3:TrackPointExtension>
        </extensions>
      </trkpt>
      <trkpt lat="22.59423614479601383209228515625" lon="113.8780507631599903106689453125">
        <ele>12.6000003814697265625</ele>
        <time>2026-09-29T22:25:46.000Z</time>
        <extensions>
          <ns3:TrackPointExtension>
            <ns3:hr>125</ns3:hr>
            <ns3:cad>92</ns3:cad>
          </ns3:TrackPointExtension>
        </extensions>
      </trkpt>
      <trkpt lat="22.59426078759133815765380859375" lon="113.87804782949388027191162109375">
        <ele>12.6000003814697265625</ele>
        <time>2026-09-29T22:25:47.000Z</time>
        <extensions>
          <ns3:TrackPointExtension>
            <ns3:hr>125</ns3:hr>
            <ns3:cad>92</ns3:cad>
          </ns3:TrackPointExtension>
        </extensions>
      </trkpt>
      <trkpt lat="22.59428526274859905242919921875" lon="113.8780507631599903106689453125">
        <ele>12.6000003814697265625</ele>
        <time>2026-09-29T22:25:48.000Z</time>
        <extensions>
          <ns3:TrackPointExtension>
            <ns3:hr>126</ns3:hr>
            <ns3:cad>93</ns3:cad>
          </ns3:TrackPointExtension>
        </extensions>
      </trkpt>
      <trkpt lat="22.59432231076061725616455078125" lon="113.87804925441741943359375">
        <ele>12.6000003814697265625</ele>
        <time>2026-09-29T22:25:49.000Z</time>
        <extensions>
          <ns3:TrackPointExtension>
            <ns3:hr>126</ns3:hr>
            <ns3:cad>93</ns3:cad>
          </ns3:TrackPointExtension>
        </extensions>
      </trkpt>
      <trkpt lat="22.59434712119400501251220703125" lon="113.878047578036785125732421875">
        <ele>12.80000019073486328125</ele>
        <time>2026-09-29T22:25:50.000Z</time>
        <extensions>
          <ns3:TrackPointExtension>
            <ns3:hr>126</ns3:hr>
            <ns3:cad>94</ns3:cad>
          </ns3:TrackPointExtension>
        </extensions>
      </trkpt>
      <trkpt lat="22.59438165463507175445556640625" lon="113.8780477456748485565185546875">
        <ele>12.80000019073486328125</ele>
        <time>2026-09-29T22:25:51.000Z</time>
        <extensions>
          <ns3:TrackPointExtension>
            <ns3:hr>126</ns3:hr>
            <ns3:cad>94</ns3:cad>
          </ns3:TrackPointExtension>
        </extensions>
      </trkpt>
      <trkpt lat="22.5944045372307300567626953125" lon="113.87803793884813785552978515625">
        <ele>12.6000003814697265625</ele>
        <time>2026-09-29T22:25:52.000Z</time>
        <extensions>
          <ns3:TrackPointExtension>
            <ns3:hr>126</ns3:hr>
            <ns3:cad>95</ns3:cad>
          </ns3:TrackPointExtension>
        </extensions>
      </trkpt>
      <trkpt lat="22.594434209167957305908203125" lon="113.87803961522877216339111328125">
        <ele>12.6000003814697265625</ele>
        <time>2026-09-29T22:25:53.000Z</time>
        <extensions>
          <ns3:TrackPointExtension>
            <ns3:hr>127</ns3:hr>
            <ns3:cad>94</ns3:cad>
          </ns3:TrackPointExtension>
        </extensions>
      </trkpt>
      <trkpt lat="22.59446673095226287841796875" lon="113.87803726829588413238525390625">
        <ele>12.6000003814697265625</ele>
        <time>2026-09-29T22:25:54.000Z</time>
        <extensions>
          <ns3:TrackPointExtension>
            <ns3:hr>126</ns3:hr>
            <ns3:cad>94</ns3:cad>
          </ns3:TrackPointExtension>
        </extensions>
      </trkpt>
      <trkpt lat="22.5944928824901580810546875" lon="113.878032825887203216552734375">
        <ele>12.6000003814697265625</ele>
        <time>2026-09-29T22:25:55.000Z</time>
        <extensions>
          <ns3:TrackPointExtension>
            <ns3:hr>126</ns3:hr>
            <ns3:cad>94</ns3:cad>
          </ns3:TrackPointExtension>
        </extensions>
      </trkpt>
      <trkpt lat="22.5945272482931613922119140625" lon="113.87802586890757083892822265625">
        <ele>12.6000003814697265625</ele>
        <time>2026-09-29T22:25:56.000Z</time>
        <extensions>
          <ns3:TrackPointExtension>
            <ns3:hr>127</ns3:hr>
            <ns3:cad>94</ns3:cad>
          </ns3:TrackPointExtension>
        </extensions>
      </trkpt>
      <trkpt lat="22.59455063380300998687744140625" lon="113.8780219294130802154541015625">
        <ele>12.6000003814697265625</ele>
        <time>2026-09-29T22:25:57.000Z</time>
        <extensions>
          <ns3:TrackPointExtension>
            <ns3:hr>127</ns3:hr>
            <ns3:cad>95</ns3:cad>
          </ns3:TrackPointExtension>
        </extensions>
      </trkpt>
      <trkpt lat="22.59458206593990325927734375" lon="113.878018744289875030517578125">
        <ele>12.6000003814697265625</ele>
        <time>2026-09-29T22:25:58.000Z</time>
        <extensions>
          <ns3:TrackPointExtension>
            <ns3:hr>127</ns3:hr>
            <ns3:cad>95</ns3:cad>
          </ns3:TrackPointExtension>
        </extensions>
      </trkpt>
      <trkpt lat="22.59460352361202239990234375" lon="113.87800893746316432952880859375">
        <ele>12.80000019073486328125</ele>
        <time>2026-09-29T22:25:59.000Z</time>
        <extensions>
          <ns3:TrackPointExtension>
            <ns3:hr>127</ns3:hr>
            <ns3:cad>95</ns3:cad>
          </ns3:TrackPointExtension>
        </extensions>
      </trkpt>
      <trkpt lat="22.5946348719298839569091796875" lon="113.87800692580640316009521484375">
        <ele>12.80000019073486328125</ele>
        <time>2026-09-29T22:26:00.000Z</time>
        <extensions>
          <ns3:TrackPointExtension>
            <ns3:hr>128</ns3:hr>
            <ns3:cad>95</ns3:cad>
          </ns3:TrackPointExtension>
        </extensions>
      </trkpt>
      <trkpt lat="22.59465876035392284393310546875" lon="113.87800139375030994415283203125">
        <ele>13</ele>
        <time>2026-09-29T22:26:01.000Z</time>
        <extensions>
          <ns3:TrackPointExtension>
            <ns3:hr>128</ns3:hr>
            <ns3:cad>95</ns3:cad>
          </ns3:TrackPointExtension>
        </extensions>
      </trkpt>
      <trkpt lat="22.5946858339011669158935546875" lon="113.87800055555999279022216796875">
        <ele>13</ele>
        <time>2026-09-29T22:26:02.000Z</time>
        <extensions>
          <ns3:TrackPointExtension>
            <ns3:hr>128</ns3:hr>
            <ns3:cad>95</ns3:cad>
          </ns3:TrackPointExtension>
        </extensions>
      </trkpt>
      <trkpt lat="22.59471190162003040313720703125" lon="113.87799535878002643585205078125">
        <ele>13.19999980926513671875</ele>
        <time>2026-09-29T22:26:03.000Z</time>
        <extensions>
          <ns3:TrackPointExtension>
            <ns3:hr>128</ns3:hr>
            <ns3:cad>94</ns3:cad>
          </ns3:TrackPointExtension>
        </extensions>
      </trkpt>
      <trkpt lat="22.594738304615020751953125" lon="113.8779927603900432586669921875">
        <ele>13.19999980926513671875</ele>
        <time>2026-09-29T22:26:04.000Z</time>
        <extensions>
          <ns3:TrackPointExtension>
            <ns3:hr>128</ns3:hr>
            <ns3:cad>93</ns3:cad>
          </ns3:TrackPointExtension>
        </extensions>
      </trkpt>
      <trkpt lat="22.5947696529328823089599609375" lon="113.87798630632460117340087890625">
        <ele>13.19999980926513671875</ele>
        <time>2026-09-29T22:26:05.000Z</time>
        <extensions>
          <ns3:TrackPointExtension>
            <ns3:hr>128</ns3:hr>
            <ns3:cad>92</ns3:cad>
          </ns3:TrackPointExtension>
        </extensions>
      </trkpt>
      <trkpt lat="22.5947941280901432037353515625" lon="113.87797708623111248016357421875">
        <ele>13.19999980926513671875</ele>
        <time>2026-09-29T22:26:06.000Z</time>
        <extensions>
          <ns3:TrackPointExtension>
            <ns3:hr>128</ns3:hr>
            <ns3:cad>92</ns3:cad>
          </ns3:TrackPointExtension>
        </extensions>
      </trkpt>
      <trkpt lat="22.5948243029415607452392578125" lon="113.877971135079860687255859375">
        <ele>13.19999980926513671875</ele>
        <time>2026-09-29T22:26:07.000Z</time>
        <extensions>
          <ns3:TrackPointExtension>
            <ns3:hr>129</ns3:hr>
            <ns3:cad>92</ns3:cad>
          </ns3:TrackPointExtension>
        </extensions>
      </trkpt>
      <trkpt lat="22.59484634734690189361572265625" lon="113.87796669267117977142333984375">
        <ele>13.19999980926513671875</ele>
        <time>2026-09-29T22:26:08.000Z</time>
        <extensions>
          <ns3:TrackPointExtension>
            <ns3:hr>129</ns3:hr>
            <ns3:cad>93</ns3:cad>
          </ns3:TrackPointExtension>
        </extensions>
      </trkpt>
      <trkpt lat="22.59488037787377834320068359375" lon="113.877966441214084625244140625">
        <ele>13.3999996185302734375</ele>
        <time>2026-09-29T22:26:09.000Z</time>
        <extensions>
          <ns3:TrackPointExtension>
            <ns3:hr>129</ns3:hr>
            <ns3:cad>93</ns3:cad>
          </ns3:TrackPointExtension>
        </extensions>
      </trkpt>
      <trkpt lat="22.594904266297817230224609375" lon="113.87796015478670597076416015625">
        <ele>13.3999996185302734375</ele>
        <time>2026-09-29T22:26:10.000Z</time>
        <extensions>
          <ns3:TrackPointExtension>
            <ns3:hr>129</ns3:hr>
            <ns3:cad>93</ns3:cad>
          </ns3:TrackPointExtension>
        </extensions>
      </trkpt>
      <trkpt lat="22.59493100456893444061279296875" lon="113.8779580593109130859375">
        <ele>13.3999996185302734375</ele>
        <time>2026-09-29T22:26:11.000Z</time>
        <extensions>
          <ns3:TrackPointExtension>
            <ns3:hr>130</ns3:hr>
            <ns3:cad>93</ns3:cad>
          </ns3:TrackPointExtension>
        </extensions>
      </trkpt>
      <trkpt lat="22.5949600897729396820068359375" lon="113.87794942595064640045166015625">
        <ele>13.3999996185302734375</ele>
        <time>2026-09-29T22:26:12.000Z</time>
        <extensions>
          <ns3:TrackPointExtension>
            <ns3:hr>130</ns3:hr>
            <ns3:cad>93</ns3:cad>
          </ns3:TrackPointExtension>
        </extensions>
      </trkpt>
      <trkpt lat="22.5949842296540737152099609375" lon="113.8779421336948871612548828125">
        <ele>13.3999996185302734375</ele>
        <time>2026-09-29T22:26:13.000Z</time>
        <extensions>
          <ns3:TrackPointExtension>
            <ns3:hr>130</ns3:hr>
            <ns3:cad>93</ns3:cad>
          </ns3:TrackPointExtension>
        </extensions>
      </trkpt>
      <trkpt lat="22.59501666761934757232666015625" lon="113.8779344223439693450927734375">
        <ele>13.3999996185302734375</ele>
        <time>2026-09-29T22:26:14.000Z</time>
        <extensions>
          <ns3:TrackPointExtension>
            <ns3:hr>130</ns3:hr>
            <ns3:cad>94</ns3:cad>
          </ns3:TrackPointExtension>
        </extensions>
      </trkpt>
      <trkpt lat="22.5950405560433864593505859375" lon="113.87792830355465412139892578125">
        <ele>13.3999996185302734375</ele>
        <time>2026-09-29T22:26:15.000Z</time>
        <extensions>
          <ns3:TrackPointExtension>
            <ns3:hr>130</ns3:hr>
            <ns3:cad>94</ns3:cad>
          </ns3:TrackPointExtension>
        </extensions>
      </trkpt>
      <trkpt lat="22.595074586570262908935546875" lon="113.87792645953595638275146484375">
        <ele>13.3999996185302734375</ele>
        <time>2026-09-29T22:26:16.000Z</time>
        <extensions>
          <ns3:TrackPointExtension>
            <ns3:hr>130</ns3:hr>
            <ns3:cad>94</ns3:cad>
          </ns3:TrackPointExtension>
        </extensions>
      </trkpt>
      <trkpt lat="22.59510216303169727325439453125" lon="113.87791941873729228973388671875">
        <ele>13.19999980926513671875</ele>
        <time>2026-09-29T22:26:17.000Z</time>
        <extensions>
          <ns3:TrackPointExtension>
            <ns3:hr>130</ns3:hr>
            <ns3:cad>93</ns3:cad>
          </ns3:TrackPointExtension>
        </extensions>
      </trkpt>
      <trkpt lat="22.59513066150248050689697265625" lon="113.87792025692760944366455078125">
        <ele>13.3999996185302734375</ele>
        <time>2026-09-29T22:26:18.000Z</time>
        <extensions>
          <ns3:TrackPointExtension>
            <ns3:hr>130</ns3:hr>
            <ns3:cad>93</ns3:cad>
          </ns3:TrackPointExtension>
        </extensions>
      </trkpt>
      <trkpt lat="22.595159076154232025146484375" lon="113.8779156468808650970458984375">
        <ele>13.3999996185302734375</ele>
        <time>2026-09-29T22:26:19.000Z</time>
        <extensions>
          <ns3:TrackPointExtension>
            <ns3:hr>130</ns3:hr>
            <ns3:cad>94</ns3:cad>
          </ns3:TrackPointExtension>
        </extensions>
      </trkpt>
      <trkpt lat="22.59518464095890522003173828125" lon="113.8779153116047382354736328125">
        <ele>13.3999996185302734375</ele>
        <time>2026-09-29T22:26:20.000Z</time>
        <extensions>
          <ns3:TrackPointExtension>
            <ns3:hr>131</ns3:hr>
            <ns3:cad>94</ns3:cad>
          </ns3:TrackPointExtension>
        </extensions>
      </trkpt>
      <trkpt lat="22.59521632455289363861083984375" lon="113.877906762063503265380859375">
        <ele>13.3999996185302734375</ele>
        <time>2026-09-29T22:26:21.000Z</time>
        <extensions>
          <ns3:TrackPointExtension>
            <ns3:hr>131</ns3:hr>
            <ns3:cad>94</ns3:cad>
          </ns3:TrackPointExtension>
        </extensions>
      </trkpt>
      <trkpt lat="22.5952346809208393096923828125" lon="113.87789427302777767181396484375">
        <ele>13.3999996185302734375</ele>
        <time>2026-09-29T22:26:22.000Z</time>
        <extensions>
          <ns3:TrackPointExtension>
            <ns3:hr>131</ns3:hr>
            <ns3:cad>94</ns3:cad>
          </ns3:TrackPointExtension>
        </extensions>
      </trkpt>
      <trkpt lat="22.59526711888611316680908203125" lon="113.87789041735231876373291015625">
        <ele>13.3999996185302734375</ele>
        <time>2026-09-29T22:26:23.000Z</time>
        <extensions>
          <ns3:TrackPointExtension>
            <ns3:hr>131</ns3:hr>
            <ns3:cad>93</ns3:cad>
          </ns3:TrackPointExtension>
        </extensions>
      </trkpt>
      <trkpt lat="22.5952903367578983306884765625" lon="113.87788170017302036285400390625">
        <ele>13.3999996185302734375</ele>
        <time>2026-09-29T22:26:24.000Z</time>
        <extensions>
          <ns3:TrackPointExtension>
            <ns3:hr>132</ns3:hr>
            <ns3:cad>94</ns3:cad>
          </ns3:TrackPointExtension>
        </extensions>
      </trkpt>
      <trkpt lat="22.5953178294003009796142578125" lon="113.8778827898204326629638671875">
        <ele>13.3999996185302734375</ele>
        <time>2026-09-29T22:26:25.000Z</time>
        <extensions>
          <ns3:TrackPointExtension>
            <ns3:hr>132</ns3:hr>
            <ns3:cad>94</ns3:cad>
          </ns3:TrackPointExtension>
        </extensions>
      </trkpt>
      <trkpt lat="22.59534389711916446685791015625" lon="113.8778774254024028778076171875">
        <ele>13.3999996185302734375</ele>
        <time>2026-09-29T22:26:26.000Z</time>
        <extensions>
          <ns3:TrackPointExtension>
            <ns3:hr>132</ns3:hr>
            <ns3:cad>94</ns3:cad>
          </ns3:TrackPointExtension>
        </extensions>
      </trkpt>
      <trkpt lat="22.5953704677522182464599609375" lon="113.87787482701241970062255859375">
        <ele>13.3999996185302734375</ele>
        <time>2026-09-29T22:26:27.000Z</time>
        <extensions>
          <ns3:TrackPointExtension>
            <ns3:hr>132</ns3:hr>
            <ns3:cad>94</ns3:cad>
          </ns3:TrackPointExtension>
        </extensions>
      </trkpt>
      <trkpt lat="22.59540173225104808807373046875" lon="113.8778727315366268157958984375">
        <ele>13.3999996185302734375</ele>
        <time>2026-09-29T22:26:28.000Z</time>
        <extensions>
          <ns3:TrackPointExtension>
            <ns3:hr>132</ns3:hr>
            <ns3:cad>94</ns3:cad>
          </ns3:TrackPointExtension>
        </extensions>
      </trkpt>
      <trkpt lat="22.59542687796056270599365234375" lon="113.87786543928086757659912109375">
        <ele>13.3999996185302734375</ele>
        <time>2026-09-29T22:26:29.000Z</time>
        <extensions>
          <ns3:TrackPointExtension>
            <ns3:hr>132</ns3:hr>
            <ns3:cad>94</ns3:cad>
          </ns3:TrackPointExtension>
        </extensions>
      </trkpt>
      <trkpt lat="22.5954539515078067779541015625" lon="113.87787248007953166961669921875">
        <ele>13.3999996185302734375</ele>
        <time>2026-09-29T22:26:30.000Z</time>
        <extensions>
          <ns3:TrackPointExtension>
            <ns3:hr>132</ns3:hr>
            <ns3:cad>94</ns3:cad>
          </ns3:TrackPointExtension>
        </extensions>
      </trkpt>
      <trkpt lat="22.595473229885101318359375" lon="113.8778626732528209686279296875">
        <ele>13.6000003814697265625</ele>
        <time>2026-09-29T22:26:31.000Z</time>
        <extensions>
          <ns3:TrackPointExtension>
            <ns3:hr>132</ns3:hr>
            <ns3:cad>94</ns3:cad>
          </ns3:TrackPointExtension>
        </extensions>
      </trkpt>
      <trkpt lat="22.59550466202199459075927734375" lon="113.87784867547452449798583984375">
        <ele>13.80000019073486328125</ele>
        <time>2026-09-29T22:26:32.000Z</time>
        <extensions>
          <ns3:TrackPointExtension>
            <ns3:hr>133</ns3:hr>
            <ns3:cad>94</ns3:cad>
          </ns3:TrackPointExtension>
        </extensions>
      </trkpt>
      <trkpt lat="22.59552394039928913116455078125" lon="113.8778351806104183197021484375">
        <ele>14</ele>
        <time>2026-09-29T22:26:33.000Z</time>
        <extensions>
          <ns3:TrackPointExtension>
            <ns3:hr>132</ns3:hr>
            <ns3:cad>95</ns3:cad>
          </ns3:TrackPointExtension>
        </extensions>
      </trkpt>
      <trkpt lat="22.595553696155548095703125" lon="113.8778358511626720428466796875">
        <ele>14</ele>
        <time>2026-09-29T22:26:34.000Z</time>
        <extensions>
          <ns3:TrackPointExtension>
            <ns3:hr>132</ns3:hr>
            <ns3:cad>95</ns3:cad>
          </ns3:TrackPointExtension>
        </extensions>
      </trkpt>
      <trkpt lat="22.59557775221765041351318359375" lon="113.8778318278491497039794921875">
        <ele>14</ele>
        <time>2026-09-29T22:26:35.000Z</time>
        <extensions>
          <ns3:TrackPointExtension>
            <ns3:hr>132</ns3:hr>
            <ns3:cad>93</ns3:cad>
          </ns3:TrackPointExtension>
        </extensions>
      </trkpt>
      <trkpt lat="22.595605663955211639404296875" lon="113.877829648554325103759765625">
        <ele>14</ele>
        <time>2026-09-29T22:26:36.000Z</time>
        <extensions>
          <ns3:TrackPointExtension>
            <ns3:hr>132</ns3:hr>
            <ns3:cad>91</ns3:cad>
          </ns3:TrackPointExtension>
        </extensions>
      </trkpt>
      <trkpt lat="22.59563256986439228057861328125" lon="113.8778261281549930572509765625">
        <ele>14</ele>
        <time>2026-09-29T22:26:37.000Z</time>
        <extensions>
          <ns3:TrackPointExtension>
            <ns3:hr>132</ns3:hr>
            <ns3:cad>91</ns3:cad>
          </ns3:TrackPointExtension>
        </extensions>
      </trkpt>
      <trkpt lat="22.5956638343632221221923828125" lon="113.87782906182110309600830078125">
        <ele>14.19999980926513671875</ele>
        <time>2026-09-29T22:26:38.000Z</time>
        <extensions>
          <ns3:TrackPointExtension>
            <ns3:hr>132</ns3:hr>
            <ns3:cad>92</ns3:cad>
          </ns3:TrackPointExtension>
        </extensions>
      </trkpt>
      <trkpt lat="22.5956913270056247711181640625" lon="113.8778194226324558258056640625">
        <ele>14</ele>
        <time>2026-09-29T22:26:39.000Z</time>
        <extensions>
          <ns3:TrackPointExtension>
            <ns3:hr>132</ns3:hr>
            <ns3:cad>93</ns3:cad>
          </ns3:TrackPointExtension>
        </extensions>
      </trkpt>
      <trkpt lat="22.59572292678058147430419921875" lon="113.8778194226324558258056640625">
        <ele>14</ele>
        <time>2026-09-29T22:26:40.000Z</time>
        <extensions>
          <ns3:TrackPointExtension>
            <ns3:hr>132</ns3:hr>
            <ns3:cad>93</ns3:cad>
          </ns3:TrackPointExtension>
        </extensions>
      </trkpt>
      <trkpt lat="22.59575360454618930816650390625" lon="113.87781523168087005615234375">
        <ele>13.80000019073486328125</ele>
        <time>2026-09-29T22:26:41.000Z</time>
        <extensions>
          <ns3:TrackPointExtension>
            <ns3:hr>132</ns3:hr>
            <ns3:cad>92</ns3:cad>
          </ns3:TrackPointExtension>
        </extensions>
      </trkpt>
      <trkpt lat="22.595780007541179656982421875" lon="113.87781062163412570953369140625">
        <ele>13.6000003814697265625</ele>
        <time>2026-09-29T22:26:42.000Z</time>
        <extensions>
          <ns3:TrackPointExtension>
            <ns3:hr>132</ns3:hr>
            <ns3:cad>92</ns3:cad>
          </ns3:TrackPointExtension>
        </extensions>
      </trkpt>
      <trkpt lat="22.5958110205829143524169921875" lon="113.87780643068253993988037109375">
        <ele>13.6000003814697265625</ele>
        <time>2026-09-29T22:26:43.000Z</time>
        <extensions>
          <ns3:TrackPointExtension>
            <ns3:hr>132</ns3:hr>
            <ns3:cad>90</ns3:cad>
          </ns3:TrackPointExtension>
        </extensions>
      </trkpt>
      <trkpt lat="22.595836333930492401123046875" lon="113.87780492193996906280517578125">
        <ele>13.6000003814697265625</ele>
        <time>2026-09-29T22:26:44.000Z</time>
        <extensions>
          <ns3:TrackPointExtension>
            <ns3:hr>132</ns3:hr>
            <ns3:cad>90</ns3:cad>
          </ns3:TrackPointExtension>
        </extensions>
      </trkpt>
      <trkpt lat="22.59587279520928859710693359375" lon="113.8778060115873813629150390625">
        <ele>13.6000003814697265625</ele>
        <time>2026-09-29T22:26:45.000Z</time>
        <extensions>
          <ns3:TrackPointExtension>
            <ns3:hr>132</ns3:hr>
            <ns3:cad>90</ns3:cad>
          </ns3:TrackPointExtension>
        </extensions>
      </trkpt>
      <trkpt lat="22.5958945043385028839111328125" lon="113.87780710123479366302490234375">
        <ele>13.6000003814697265625</ele>
        <time>2026-09-29T22:26:46.000Z</time>
        <extensions>
          <ns3:TrackPointExtension>
            <ns3:hr>132</ns3:hr>
            <ns3:cad>93</ns3:cad>
          </ns3:TrackPointExtension>
        </extensions>
      </trkpt>
      <trkpt lat="22.595926187932491302490234375" lon="113.8778080232441425323486328125">
        <ele>13.6000003814697265625</ele>
        <time>2026-09-29T22:26:47.000Z</time>
        <extensions>
          <ns3:TrackPointExtension>
            <ns3:hr>132</ns3:hr>
            <ns3:cad>93</ns3:cad>
          </ns3:TrackPointExtension>
        </extensions>
      </trkpt>
      <trkpt lat="22.59595342911779880523681640625" lon="113.877806179225444793701171875">
        <ele>13.6000003814697265625</ele>
        <time>2026-09-29T22:26:48.000Z</time>
        <extensions>
          <ns3:TrackPointExtension>
            <ns3:hr>133</ns3:hr>
            <ns3:cad>94</ns3:cad>
          </ns3:TrackPointExtension>
        </extensions>
      </trkpt>
      <trkpt lat="22.595979161560535430908203125" lon="113.8778117112815380096435546875">
        <ele>13.6000003814697265625</ele>
        <time>2026-09-29T22:26:49.000Z</time>
        <extensions>
          <ns3:TrackPointExtension>
            <ns3:hr>132</ns3:hr>
            <ns3:cad>94</ns3:cad>
          </ns3:TrackPointExtension>
        </extensions>
      </trkpt>
      <trkpt lat="22.59601159952580928802490234375" lon="113.87781883589923381805419921875">
        <ele>13.6000003814697265625</ele>
        <time>2026-09-29T22:26:50.000Z</time>
        <extensions>
          <ns3:TrackPointExtension>
            <ns3:hr>132</ns3:hr>
            <ns3:cad>94</ns3:cad>
          </ns3:TrackPointExtension>
        </extensions>
      </trkpt>
      <trkpt lat="22.5960356555879116058349609375" lon="113.87782570905983448028564453125">
        <ele>13.6000003814697265625</ele>
        <time>2026-09-29T22:26:51.000Z</time>
        <extensions>
          <ns3:TrackPointExtension>
            <ns3:hr>133</ns3:hr>
            <ns3:cad>94</ns3:cad>
          </ns3:TrackPointExtension>
        </extensions>
      </trkpt>
      <trkpt lat="22.59606792591512203216552734375" lon="113.87782839126884937286376953125">
        <ele>13.6000003814697265625</ele>
        <time>2026-09-29T22:26:52.000Z</time>
        <extensions>
          <ns3:TrackPointExtension>
            <ns3:hr>133</ns3:hr>
            <ns3:cad>93</ns3:cad>
          </ns3:TrackPointExtension>
        </extensions>
      </trkpt>
      <trkpt lat="22.59609273634850978851318359375" lon="113.87782487086951732635498046875">
        <ele>13.6000003814697265625</ele>
        <time>2026-09-29T22:26:53.000Z</time>
        <extensions>
          <ns3:TrackPointExtension>
            <ns3:hr>132</ns3:hr>
            <ns3:cad>93</ns3:cad>
          </ns3:TrackPointExtension>
        </extensions>
      </trkpt>
      <trkpt lat="22.59612299501895904541015625" lon="113.8778331689536571502685546875">
        <ele>13.6000003814697265625</ele>
        <time>2026-09-29T22:26:54.000Z</time>
        <extensions>
          <ns3:TrackPointExtension>
            <ns3:hr>132</ns3:hr>
            <ns3:cad>93</ns3:cad>
          </ns3:TrackPointExtension>
        </extensions>
      </trkpt>
      <trkpt lat="22.5961489789187908172607421875" lon="113.8778365217149257659912109375">
        <ele>13.6000003814697265625</ele>
        <time>2026-09-29T22:26:55.000Z</time>
        <extensions>
          <ns3:TrackPointExtension>
            <ns3:hr>132</ns3:hr>
            <ns3:cad>94</ns3:cad>
          </ns3:TrackPointExtension>
        </extensions>
      </trkpt>
      <trkpt lat="22.596174962818622589111328125" lon="113.8778455741703510284423828125">
        <ele>13.6000003814697265625</ele>
        <time>2026-09-29T22:26:56.000Z</time>
        <extensions>
          <ns3:TrackPointExtension>
            <ns3:hr>132</ns3:hr>
            <ns3:cad>94</ns3:cad>
          </ns3:TrackPointExtension>
        </extensions>
      </trkpt>
      <trkpt lat="22.596203126013278961181640625" lon="113.877853788435459136962890625">
        <ele>13.6000003814697265625</ele>
        <time>2026-09-29T22:26:57.000Z</time>
        <extensions>
          <ns3:TrackPointExtension>
            <ns3:hr>132</ns3:hr>
            <ns3:cad>94</ns3:cad>
          </ns3:TrackPointExtension>
        </extensions>
      </trkpt>
      <trkpt lat="22.5962274335324764251708984375" lon="113.87786644510924816131591796875">
        <ele>13.6000003814697265625</ele>
        <time>2026-09-29T22:26:58.000Z</time>
        <extensions>
          <ns3:TrackPointExtension>
            <ns3:hr>132</ns3:hr>
            <ns3:cad>94</ns3:cad>
          </ns3:TrackPointExtension>
        </extensions>
      </trkpt>
      <trkpt lat="22.59625953622162342071533203125" lon="113.8778740726411342620849609375">
        <ele>13.6000003814697265625</ele>
        <time>2026-09-29T22:26:59.000Z</time>
        <extensions>
          <ns3:TrackPointExtension>
            <ns3:hr>131</ns3:hr>
            <ns3:cad>93</ns3:cad>
          </ns3:TrackPointExtension>
        </extensions>
      </trkpt>
      <trkpt lat="22.59628526866436004638671875" lon="113.877881281077861785888671875">
        <ele>13.6000003814697265625</ele>
        <time>2026-09-29T22:27:00.000Z</time>
        <extensions>
          <ns3:TrackPointExtension>
            <ns3:hr>131</ns3:hr>
            <ns3:cad>93</ns3:cad>
          </ns3:TrackPointExtension>
        </extensions>
      </trkpt>
      <trkpt lat="22.59631401859223842620849609375" lon="113.87788765132427215576171875">
        <ele>13.80000019073486328125</ele>
        <time>2026-09-29T22:27:01.000Z</time>
        <extensions>
          <ns3:TrackPointExtension>
            <ns3:hr>131</ns3:hr>
            <ns3:cad>93</ns3:cad>
          </ns3:TrackPointExtension>
        </extensions>
      </trkpt>
      <trkpt lat="22.59633597917854785919189453125" lon="113.87789645232260227203369140625">
        <ele>13.80000019073486328125</ele>
        <time>2026-09-29T22:27:02.000Z</time>
        <extensions>
          <ns3:TrackPointExtension>
            <ns3:hr>131</ns3:hr>
            <ns3:cad>94</ns3:cad>
          </ns3:TrackPointExtension>
        </extensions>
      </trkpt>
      <trkpt lat="22.59636447764933109283447265625" lon="113.8779136352241039276123046875">
        <ele>13.80000019073486328125</ele>
        <time>2026-09-29T22:27:03.000Z</time>
        <extensions>
          <ns3:TrackPointExtension>
            <ns3:hr>130</ns3:hr>
            <ns3:cad>94</ns3:cad>
          </ns3:TrackPointExtension>
        </extensions>
      </trkpt>
      <trkpt lat="22.59639247320592403411865234375" lon="113.87792176567018032073974609375">
        <ele>13.80000019073486328125</ele>
        <time>2026-09-29T22:27:04.000Z</time>
        <extensions>
          <ns3:TrackPointExtension>
            <ns3:hr>130</ns3:hr>
            <ns3:cad>93</ns3:cad>
          </ns3:TrackPointExtension>
        </extensions>
      </trkpt>
      <trkpt lat="22.5964151881635189056396484375" lon="113.87793400324881076812744140625">
        <ele>13.80000019073486328125</ele>
        <time>2026-09-29T22:27:05.000Z</time>
        <extensions>
          <ns3:TrackPointExtension>
            <ns3:hr>130</ns3:hr>
            <ns3:cad>92</ns3:cad>
          </ns3:TrackPointExtension>
        </extensions>
      </trkpt>
      <trkpt lat="22.5964428484439849853515625" lon="113.8779424689710140228271484375">
        <ele>13.80000019073486328125</ele>
        <time>2026-09-29T22:27:06.000Z</time>
        <extensions>
          <ns3:TrackPointExtension>
            <ns3:hr>130</ns3:hr>
            <ns3:cad>92</ns3:cad>
          </ns3:TrackPointExtension>
        </extensions>
      </trkpt>
      <trkpt lat="22.59646229445934295654296875" lon="113.87794808484613895416259765625">
        <ele>13.80000019073486328125</ele>
        <time>2026-09-29T22:27:07.000Z</time>
        <extensions>
          <ns3:TrackPointExtension>
            <ns3:hr>130</ns3:hr>
            <ns3:cad>93</ns3:cad>
          </ns3:TrackPointExtension>
        </extensions>
      </trkpt>
      <trkpt lat="22.59648978710174560546875" lon="113.87796065770089626312255859375">
        <ele>13.80000019073486328125</ele>
        <time>2026-09-29T22:27:08.000Z</time>
        <extensions>
          <ns3:TrackPointExtension>
            <ns3:hr>130</ns3:hr>
            <ns3:cad>93</ns3:cad>
          </ns3:TrackPointExtension>
        </extensions>
      </trkpt>
      <trkpt lat="22.5965117476880550384521484375" lon="113.87797272764146327972412109375">
        <ele>13.80000019073486328125</ele>
        <time>2026-09-29T22:27:09.000Z</time>
        <extensions>
          <ns3:TrackPointExtension>
            <ns3:hr>130</ns3:hr>
            <ns3:cad>92</ns3:cad>
          </ns3:TrackPointExtension>
        </extensions>
      </trkpt>
      <trkpt lat="22.59653949178755283355712890625" lon="113.87799183838069438934326171875">
        <ele>13.80000019073486328125</ele>
        <time>2026-09-29T22:27:10.000Z</time>
        <extensions>
          <ns3:TrackPointExtension>
            <ns3:hr>130</ns3:hr>
            <ns3:cad>92</ns3:cad>
          </ns3:TrackPointExtension>
        </extensions>
      </trkpt>
      <trkpt lat="22.5965595245361328125" lon="113.87800575233995914459228515625">
        <ele>13.80000019073486328125</ele>
        <time>2026-09-29T22:27:11.000Z</time>
        <extensions>
          <ns3:TrackPointExtension>
            <ns3:hr>130</ns3:hr>
            <ns3:cad>93</ns3:cad>
          </ns3:TrackPointExtension>
        </extensions>
      </trkpt>
      <trkpt lat="22.596583664417266845703125" lon="113.87802218087017536163330078125">
        <ele>13.80000019073486328125</ele>
        <time>2026-09-29T22:27:12.000Z</time>
        <extensions>
          <ns3:TrackPointExtension>
            <ns3:hr>130</ns3:hr>
            <ns3:cad>93</ns3:cad>
          </ns3:TrackPointExtension>
        </extensions>
      </trkpt>
      <trkpt lat="22.59660738520324230194091796875" lon="113.87803651392459869384765625">
        <ele>13.80000019073486328125</ele>
        <time>2026-09-29T22:27:13.000Z</time>
        <extensions>
          <ns3:TrackPointExtension>
            <ns3:hr>130</ns3:hr>
            <ns3:cad>93</ns3:cad>
          </ns3:TrackPointExtension>
        </extensions>
      </trkpt>
      <trkpt lat="22.59662783704698085784912109375" lon="113.87804883532226085662841796875">
        <ele>13.80000019073486328125</ele>
        <time>2026-09-29T22:27:14.000Z</time>
        <extensions>
          <ns3:TrackPointExtension>
            <ns3:hr>129</ns3:hr>
            <ns3:cad>93</ns3:cad>
          </ns3:TrackPointExtension>
        </extensions>
      </trkpt>
      <trkpt lat="22.5966559164226055145263671875" lon="113.87807046063244342803955078125">
        <ele>13.80000019073486328125</ele>
        <time>2026-09-29T22:27:15.000Z</time>
        <extensions>
          <ns3:TrackPointExtension>
            <ns3:hr>130</ns3:hr>
            <ns3:cad>92</ns3:cad>
          </ns3:TrackPointExtension>
        </extensions>
      </trkpt>
      <trkpt lat="22.59667645208537578582763671875" lon="113.878081776201725006103515625">
        <ele>13.80000019073486328125</ele>
        <time>2026-09-29T22:27:16.000Z</time>
        <extensions>
          <ns3:TrackPointExtension>
            <ns3:hr>130</ns3:hr>
            <ns3:cad>92</ns3:cad>
          </ns3:TrackPointExtension>
        </extensions>
      </trkpt>
      <trkpt lat="22.59670662693679332733154296875" lon="113.8781047426164150238037109375">
        <ele>13.80000019073486328125</ele>
        <time>2026-09-29T22:27:17.000Z</time>
        <extensions>
          <ns3:TrackPointExtension>
            <ns3:hr>130</ns3:hr>
            <ns3:cad>93</ns3:cad>
          </ns3:TrackPointExtension>
        </extensions>
      </trkpt>
      <trkpt lat="22.596728503704071044921875" lon="113.87810784392058849334716796875">
        <ele>13.80000019073486328125</ele>
        <time>2026-09-29T22:27:18.000Z</time>
        <extensions>
          <ns3:TrackPointExtension>
            <ns3:hr>130</ns3:hr>
            <ns3:cad>93</ns3:cad>
          </ns3:TrackPointExtension>
        </extensions>
      </trkpt>
      <trkpt lat="22.59675465524196624755859375" lon="113.8781211711466312408447265625">
        <ele>13.80000019073486328125</ele>
        <time>2026-09-29T22:27:19.000Z</time>
        <extensions>
          <ns3:TrackPointExtension>
            <ns3:hr>130</ns3:hr>
            <ns3:cad>94</ns3:cad>
          </ns3:TrackPointExtension>
        </extensions>
      </trkpt>
      <trkpt lat="22.5967796333134174346923828125" lon="113.87813148088753223419189453125">
        <ele>13.80000019073486328125</ele>
        <time>2026-09-29T22:27:20.000Z</time>
        <extensions>
          <ns3:TrackPointExtension>
            <ns3:hr>130</ns3:hr>
            <ns3:cad>94</ns3:cad>
          </ns3:TrackPointExtension>
        </extensions>
      </trkpt>
      <trkpt lat="22.5968047790229320526123046875" lon="113.8781389407813549041748046875">
        <ele>13.80000019073486328125</ele>
        <time>2026-09-29T22:27:21.000Z</time>
        <extensions>
          <ns3:TrackPointExtension>
            <ns3:hr>130</ns3:hr>
            <ns3:cad>95</ns3:cad>
          </ns3:TrackPointExtension>
        </extensions>
      </trkpt>
      <trkpt lat="22.59683202020823955535888671875" lon="113.878154866397380828857421875">
        <ele>13.80000019073486328125</ele>
        <time>2026-09-29T22:27:22.000Z</time>
        <extensions>
          <ns3:TrackPointExtension>
            <ns3:hr>130</ns3:hr>
            <ns3:cad>95</ns3:cad>
          </ns3:TrackPointExtension>
        </extensions>
      </trkpt>
      <trkpt lat="22.5968530587852001190185546875" lon="113.87816257774829864501953125">
        <ele>13.80000019073486328125</ele>
        <time>2026-09-29T22:27:23.000Z</time>
        <extensions>
          <ns3:TrackPointExtension>
            <ns3:hr>130</ns3:hr>
            <ns3:cad>93</ns3:cad>
          </ns3:TrackPointExtension>
        </extensions>
      </trkpt>
      <trkpt lat="22.5968788750469684600830078125" lon="113.87817657552659511566162109375">
        <ele>13.80000019073486328125</ele>
        <time>2026-09-29T22:27:24.000Z</time>
        <extensions>
          <ns3:TrackPointExtension>
            <ns3:hr>130</ns3:hr>
            <ns3:cad>93</ns3:cad>
          </ns3:TrackPointExtension>
        </extensions>
      </trkpt>
      <trkpt lat="22.59689890779554843902587890625" lon="113.87818311341106891632080078125">
        <ele>13.80000019073486328125</ele>
        <time>2026-09-29T22:27:25.000Z</time>
        <extensions>
          <ns3:TrackPointExtension>
            <ns3:hr>130</ns3:hr>
            <ns3:cad>93</ns3:cad>
          </ns3:TrackPointExtension>
        </extensions>
      </trkpt>
      <trkpt lat="22.5969224609434604644775390625" lon="113.8781966082751750946044921875">
        <ele>13.80000019073486328125</ele>
        <time>2026-09-29T22:27:26.000Z</time>
        <extensions>
          <ns3:TrackPointExtension>
            <ns3:hr>131</ns3:hr>
            <ns3:cad>94</ns3:cad>
          </ns3:TrackPointExtension>
        </extensions>
      </trkpt>
      <trkpt lat="22.5969442538917064666748046875" lon="113.87820172123610973358154296875">
        <ele>13.80000019073486328125</ele>
        <time>2026-09-29T22:27:27.000Z</time>
        <extensions>
          <ns3:TrackPointExtension>
            <ns3:hr>130</ns3:hr>
            <ns3:cad>94</ns3:cad>
          </ns3:TrackPointExtension>
        </extensions>
      </trkpt>
      <trkpt lat="22.59696043096482753753662109375" lon="113.878215216100215911865234375">
        <ele>13.6000003814697265625</ele>
        <time>2026-09-29T22:27:28.000Z</time>
        <extensions>
          <ns3:TrackPointExtension>
            <ns3:hr>130</ns3:hr>
            <ns3:cad>94</ns3:cad>
          </ns3:TrackPointExtension>
        </extensions>
      </trkpt>
      <trkpt lat="22.59698172099888324737548828125" lon="113.8782277889549732208251953125">
        <ele>13.6000003814697265625</ele>
        <time>2026-09-29T22:27:29.000Z</time>
        <extensions>
          <ns3:TrackPointExtension>
            <ns3:hr>129</ns3:hr>
            <ns3:cad>93</ns3:cad>
          </ns3:TrackPointExtension>
        </extensions>
      </trkpt>
      <trkpt lat="22.5970002450048923492431640625" lon="113.878245055675506591796875">
        <ele>13.3999996185302734375</ele>
        <time>2026-09-29T22:27:30.000Z</time>
        <extensions>
          <ns3:TrackPointExtension>
            <ns3:hr>129</ns3:hr>
            <ns3:cad>92</ns3:cad>
          </ns3:TrackPointExtension>
        </extensions>
      </trkpt>
      <trkpt lat="22.59702580980956554412841796875" lon="113.87826592661440372467041015625">
        <ele>13.3999996185302734375</ele>
        <time>2026-09-29T22:27:31.000Z</time>
        <extensions>
          <ns3:TrackPointExtension>
            <ns3:hr>129</ns3:hr>
            <ns3:cad>92</ns3:cad>
          </ns3:TrackPointExtension>
        </extensions>
      </trkpt>
      <trkpt lat="22.59704031050205230712890625" lon="113.87829191051423549652099609375">
        <ele>13.3999996185302734375</ele>
        <time>2026-09-29T22:27:32.000Z</time>
        <extensions>
          <ns3:TrackPointExtension>
            <ns3:hr>129</ns3:hr>
            <ns3:cad>94</ns3:cad>
          </ns3:TrackPointExtension>
        </extensions>
      </trkpt>
      <trkpt lat="22.59706235490739345550537109375" lon="113.8783183135092258453369140625">
        <ele>13.3999996185302734375</ele>
        <time>2026-09-29T22:27:33.000Z</time>
        <extensions>
          <ns3:TrackPointExtension>
            <ns3:hr>129</ns3:hr>
            <ns3:cad>95</ns3:cad>
          </ns3:TrackPointExtension>
        </extensions>
      </trkpt>
      <trkpt lat="22.59707962162792682647705078125" lon="113.8783401064574718475341796875">
        <ele>13.3999996185302734375</ele>
        <time>2026-09-29T22:27:34.000Z</time>
        <extensions>
          <ns3:TrackPointExtension>
            <ns3:hr>129</ns3:hr>
            <ns3:cad>95</ns3:cad>
          </ns3:TrackPointExtension>
        </extensions>
      </trkpt>
      <trkpt lat="22.59710225276648998260498046875" lon="113.8783675990998744964599609375">
        <ele>13.3999996185302734375</ele>
        <time>2026-09-29T22:27:35.000Z</time>
        <extensions>
          <ns3:TrackPointExtension>
            <ns3:hr>129</ns3:hr>
            <ns3:cad>93</ns3:cad>
          </ns3:TrackPointExtension>
        </extensions>
      </trkpt>
      <trkpt lat="22.59712019003927707672119140625" lon="113.8783843629062175750732421875">
        <ele>13.3999996185302734375</ele>
        <time>2026-09-29T22:27:36.000Z</time>
        <extensions>
          <ns3:TrackPointExtension>
            <ns3:hr>128</ns3:hr>
            <ns3:cad>93</ns3:cad>
          </ns3:TrackPointExtension>
        </extensions>
      </trkpt>
      <trkpt lat="22.5971454195678234100341796875" lon="113.8784038089215755462646484375">
        <ele>13.3999996185302734375</ele>
        <time>2026-09-29T22:27:37.000Z</time>
        <extensions>
          <ns3:TrackPointExtension>
            <ns3:hr>128</ns3:hr>
            <ns3:cad>92</ns3:cad>
          </ns3:TrackPointExtension>
        </extensions>
      </trkpt>
      <trkpt lat="22.5971682183444499969482421875" lon="113.87841562740504741668701171875">
        <ele>13.3999996185302734375</ele>
        <time>2026-09-29T22:27:38.000Z</time>
        <extensions>
          <ns3:TrackPointExtension>
            <ns3:hr>128</ns3:hr>
            <ns3:cad>93</ns3:cad>
          </ns3:TrackPointExtension>
        </extensions>
      </trkpt>
      <trkpt lat="22.59719227440655231475830078125" lon="113.87843205593526363372802734375">
        <ele>13.3999996185302734375</ele>
        <time>2026-09-29T22:27:39.000Z</time>
        <extensions>
          <ns3:TrackPointExtension>
            <ns3:hr>127</ns3:hr>
            <ns3:cad>93</ns3:cad>
          </ns3:TrackPointExtension>
        </extensions>
      </trkpt>
      <trkpt lat="22.59721934795379638671875" lon="113.8784473948180675506591796875">
        <ele>13.3999996185302734375</ele>
        <time>2026-09-29T22:27:40.000Z</time>
        <extensions>
          <ns3:TrackPointExtension>
            <ns3:hr>127</ns3:hr>
            <ns3:cad>93</ns3:cad>
          </ns3:TrackPointExtension>
        </extensions>
      </trkpt>
      <trkpt lat="22.5972443260252475738525390625" lon="113.87846340425312519073486328125">
        <ele>13.3999996185302734375</ele>
        <time>2026-09-29T22:27:41.000Z</time>
        <extensions>
          <ns3:TrackPointExtension>
            <ns3:hr>127</ns3:hr>
            <ns3:cad>93</ns3:cad>
          </ns3:TrackPointExtension>
        </extensions>
      </trkpt>
      <trkpt lat="22.59727190248668193817138671875" lon="113.87847865931689739227294921875">
        <ele>13.3999996185302734375</ele>
        <time>2026-09-29T22:27:42.000Z</time>
        <extensions>
          <ns3:TrackPointExtension>
            <ns3:hr>126</ns3:hr>
            <ns3:cad>93</ns3:cad>
          </ns3:TrackPointExtension>
        </extensions>
      </trkpt>
      <trkpt lat="22.59729218669235706329345703125" lon="113.8784876279532909393310546875">
        <ele>13.3999996185302734375</ele>
        <time>2026-09-29T22:27:43.000Z</time>
        <extensions>
          <ns3:TrackPointExtension>
            <ns3:hr>126</ns3:hr>
            <ns3:cad>94</ns3:cad>
          </ns3:TrackPointExtension>
        </extensions>
      </trkpt>
      <trkpt lat="22.59731682948768138885498046875" lon="113.87850246392190456390380859375">
        <ele>13.3999996185302734375</ele>
        <time>2026-09-29T22:27:44.000Z</time>
        <extensions>
          <ns3:TrackPointExtension>
            <ns3:hr>126</ns3:hr>
            <ns3:cad>94</ns3:cad>
          </ns3:TrackPointExtension>
        </extensions>
      </trkpt>
      <trkpt lat="22.59733937680721282958984375" lon="113.8785107620060443878173828125">
        <ele>13.3999996185302734375</ele>
        <time>2026-09-29T22:27:45.000Z</time>
        <extensions>
          <ns3:TrackPointExtension>
            <ns3:hr>126</ns3:hr>
            <ns3:cad>94</ns3:cad>
          </ns3:TrackPointExtension>
        </extensions>
      </trkpt>
      <trkpt lat="22.59736376814544200897216796875" lon="113.8785218261182308197021484375">
        <ele>13.6000003814697265625</ele>
        <time>2026-09-29T22:27:46.000Z</time>
        <extensions>
          <ns3:TrackPointExtension>
            <ns3:hr>126</ns3:hr>
            <ns3:cad>93</ns3:cad>
          </ns3:TrackPointExtension>
        </extensions>
      </trkpt>
      <trkpt lat="22.5973888300359249114990234375" lon="113.878531046211719512939453125">
        <ele>13.6000003814697265625</ele>
        <time>2026-09-29T22:27:47.000Z</time>
        <extensions>
          <ns3:TrackPointExtension>
            <ns3:hr>127</ns3:hr>
            <ns3:cad>93</ns3:cad>
          </ns3:TrackPointExtension>
        </extensions>
      </trkpt>
      <trkpt lat="22.59741221554577350616455078125" lon="113.87853984721004962921142578125">
        <ele>13.6000003814697265625</ele>
        <time>2026-09-29T22:27:48.000Z</time>
        <extensions>
          <ns3:TrackPointExtension>
            <ns3:hr>126</ns3:hr>
            <ns3:cad>93</ns3:cad>
          </ns3:TrackPointExtension>
        </extensions>
      </trkpt>
      <trkpt lat="22.5974406301975250244140625" lon="113.87855091132223606109619140625">
        <ele>13.6000003814697265625</ele>
        <time>2026-09-29T22:27:49.000Z</time>
        <extensions>
          <ns3:TrackPointExtension>
            <ns3:hr>126</ns3:hr>
            <ns3:cad>93</ns3:cad>
          </ns3:TrackPointExtension>
        </extensions>
      </trkpt>
      <trkpt lat="22.5974652729928493499755859375" lon="113.87856231071054935455322265625">
        <ele>13.6000003814697265625</ele>
        <time>2026-09-29T22:27:50.000Z</time>
        <extensions>
          <ns3:TrackPointExtension>
            <ns3:hr>126</ns3:hr>
            <ns3:cad>93</ns3:cad>
          </ns3:TrackPointExtension>
        </extensions>
      </trkpt>
      <trkpt lat="22.59749787859618663787841796875" lon="113.878577984869480133056640625">
        <ele>13.6000003814697265625</ele>
        <time>2026-09-29T22:27:51.000Z</time>
        <extensions>
          <ns3:TrackPointExtension>
            <ns3:hr>126</ns3:hr>
            <ns3:cad>93</ns3:cad>
          </ns3:TrackPointExtension>
        </extensions>
      </trkpt>
      <trkpt lat="22.5975179113447666168212890625" lon="113.878588378429412841796875">
        <ele>13.6000003814697265625</ele>
        <time>2026-09-29T22:27:52.000Z</time>
        <extensions>
          <ns3:TrackPointExtension>
            <ns3:hr>126</ns3:hr>
            <ns3:cad>93</ns3:cad>
          </ns3:TrackPointExtension>
        </extensions>
      </trkpt>
      <trkpt lat="22.59754498489201068878173828125" lon="113.8786036334931850433349609375">
        <ele>13.80000019073486328125</ele>
        <time>2026-09-29T22:27:53.000Z</time>
        <extensions>
          <ns3:TrackPointExtension>
            <ns3:hr>126</ns3:hr>
            <ns3:cad>92</ns3:cad>
          </ns3:TrackPointExtension>
        </extensions>
      </trkpt>
      <trkpt lat="22.597568370401859283447265625" lon="113.8786111772060394287109375">
        <ele>13.80000019073486328125</ele>
        <time>2026-09-29T22:27:54.000Z</time>
        <extensions>
          <ns3:TrackPointExtension>
            <ns3:hr>126</ns3:hr>
            <ns3:cad>92</ns3:cad>
          </ns3:TrackPointExtension>
        </extensions>
      </trkpt>
      <trkpt lat="22.597590498626232147216796875" lon="113.878628946840763092041015625">
        <ele>13.80000019073486328125</ele>
        <time>2026-09-29T22:27:55.000Z</time>
        <extensions>
          <ns3:TrackPointExtension>
            <ns3:hr>127</ns3:hr>
            <ns3:cad>93</ns3:cad>
          </ns3:TrackPointExtension>
        </extensions>
      </trkpt>
      <trkpt lat="22.59761564433574676513671875" lon="113.87864327989518642425537109375">
        <ele>13.80000019073486328125</ele>
        <time>2026-09-29T22:27:56.000Z</time>
        <extensions>
          <ns3:TrackPointExtension>
            <ns3:hr>126</ns3:hr>
            <ns3:cad>94</ns3:cad>
          </ns3:TrackPointExtension>
        </extensions>
      </trkpt>
      <trkpt lat="22.59763307869434356689453125" lon="113.8786589540541172027587890625">
        <ele>14</ele>
        <time>2026-09-29T22:27:57.000Z</time>
        <extensions>
          <ns3:TrackPointExtension>
            <ns3:hr>127</ns3:hr>
            <ns3:cad>94</ns3:cad>
          </ns3:TrackPointExtension>
        </extensions>
      </trkpt>
      <trkpt lat="22.59766199626028537750244140625" lon="113.87867747806012630462646484375">
        <ele>14</ele>
        <time>2026-09-29T22:27:58.000Z</time>
        <extensions>
          <ns3:TrackPointExtension>
            <ns3:hr>127</ns3:hr>
            <ns3:cad>94</ns3:cad>
          </ns3:TrackPointExtension>
        </extensions>
      </trkpt>
      <trkpt lat="22.59768714196979999542236328125" lon="113.8786840997636318206787109375">
        <ele>14</ele>
        <time>2026-09-29T22:27:59.000Z</time>
        <extensions>
          <ns3:TrackPointExtension>
            <ns3:hr>127</ns3:hr>
            <ns3:cad>93</ns3:cad>
          </ns3:TrackPointExtension>
        </extensions>
      </trkpt>
      <trkpt lat="22.59771882556378841400146484375" lon="113.878693990409374237060546875">
        <ele>14</ele>
        <time>2026-09-29T22:28:00.000Z</time>
        <extensions>
          <ns3:TrackPointExtension>
            <ns3:hr>127</ns3:hr>
            <ns3:cad>93</ns3:cad>
          </ns3:TrackPointExtension>
        </extensions>
      </trkpt>
      <trkpt lat="22.5977405346930027008056640625" lon="113.878695666790008544921875">
        <ele>14.19999980926513671875</ele>
        <time>2026-09-29T22:28:01.000Z</time>
        <extensions>
          <ns3:TrackPointExtension>
            <ns3:hr>127</ns3:hr>
            <ns3:cad>93</ns3:cad>
          </ns3:TrackPointExtension>
        </extensions>
      </trkpt>
      <trkpt lat="22.59777112863957881927490234375" lon="113.8787055574357509613037109375">
        <ele>14.19999980926513671875</ele>
        <time>2026-09-29T22:28:02.000Z</time>
        <extensions>
          <ns3:TrackPointExtension>
            <ns3:hr>127</ns3:hr>
            <ns3:cad>94</ns3:cad>
          </ns3:TrackPointExtension>
        </extensions>
      </trkpt>
      <trkpt lat="22.59779677726328372955322265625" lon="113.87870983220636844635009765625">
        <ele>14.19999980926513671875</ele>
        <time>2026-09-29T22:28:03.000Z</time>
        <extensions>
          <ns3:TrackPointExtension>
            <ns3:hr>128</ns3:hr>
            <ns3:cad>94</ns3:cad>
          </ns3:TrackPointExtension>
        </extensions>
      </trkpt>
      <trkpt lat="22.59781806729733943939208984375" lon="113.8787189684808254241943359375">
        <ele>14.19999980926513671875</ele>
        <time>2026-09-29T22:28:04.000Z</time>
        <extensions>
          <ns3:TrackPointExtension>
            <ns3:hr>128</ns3:hr>
            <ns3:cad>92</ns3:cad>
          </ns3:TrackPointExtension>
        </extensions>
      </trkpt>
      <trkpt lat="22.59784069843590259552001953125" lon="113.8787199743092060089111328125">
        <ele>14.3999996185302734375</ele>
        <time>2026-09-29T22:28:05.000Z</time>
        <extensions>
          <ns3:TrackPointExtension>
            <ns3:hr>129</ns3:hr>
            <ns3:cad>92</ns3:cad>
          </ns3:TrackPointExtension>
        </extensions>
      </trkpt>
      <trkpt lat="22.59786282666027545928955078125" lon="113.87873196043074131011962890625">
        <ele>14.3999996185302734375</ele>
        <time>2026-09-29T22:28:06.000Z</time>
        <extensions>
          <ns3:TrackPointExtension>
            <ns3:hr>129</ns3:hr>
            <ns3:cad>93</ns3:cad>
          </ns3:TrackPointExtension>
        </extensions>
      </trkpt>
      <trkpt lat="22.59789057075977325439453125" lon="113.8787426054477691650390625">
        <ele>14.19999980926513671875</ele>
        <time>2026-09-29T22:28:07.000Z</time>
        <extensions>
          <ns3:TrackPointExtension>
            <ns3:hr>129</ns3:hr>
            <ns3:cad>93</ns3:cad>
          </ns3:TrackPointExtension>
        </extensions>
      </trkpt>
      <trkpt lat="22.59790926240384578704833984375" lon="113.87875224463641643524169921875">
        <ele>14.19999980926513671875</ele>
        <time>2026-09-29T22:28:08.000Z</time>
        <extensions>
          <ns3:TrackPointExtension>
            <ns3:hr>129</ns3:hr>
            <ns3:cad>94</ns3:cad>
          </ns3:TrackPointExtension>
        </extensions>
      </trkpt>
      <trkpt lat="22.59794287383556365966796875" lon="113.8787669129669666290283203125">
        <ele>14.19999980926513671875</ele>
        <time>2026-09-29T22:28:09.000Z</time>
        <extensions>
          <ns3:TrackPointExtension>
            <ns3:hr>129</ns3:hr>
            <ns3:cad>94</ns3:cad>
          </ns3:TrackPointExtension>
        </extensions>
      </trkpt>
      <trkpt lat="22.59796491824090480804443359375" lon="113.87877303175628185272216796875">
        <ele>14.19999980926513671875</ele>
        <time>2026-09-29T22:28:10.000Z</time>
        <extensions>
          <ns3:TrackPointExtension>
            <ns3:hr>129</ns3:hr>
            <ns3:cad>92</ns3:cad>
          </ns3:TrackPointExtension>
        </extensions>
      </trkpt>
      <trkpt lat="22.59799643419682979583740234375" lon="113.87878543697297573089599609375">
        <ele>14.19999980926513671875</ele>
        <time>2026-09-29T22:28:11.000Z</time>
        <extensions>
          <ns3:TrackPointExtension>
            <ns3:hr>130</ns3:hr>
            <ns3:cad>92</ns3:cad>
          </ns3:TrackPointExtension>
        </extensions>
      </trkpt>
      <trkpt lat="22.59802191518247127532958984375" lon="113.8787900470197200775146484375">
        <ele>14</ele>
        <time>2026-09-29T22:28:12.000Z</time>
        <extensions>
          <ns3:TrackPointExtension>
            <ns3:hr>130</ns3:hr>
            <ns3:cad>92</ns3:cad>
          </ns3:TrackPointExtension>
        </extensions>
      </trkpt>
      <trkpt lat="22.59805007837712764739990234375" lon="113.87880857102572917938232421875">
        <ele>14</ele>
        <time>2026-09-29T22:28:13.000Z</time>
        <extensions>
          <ns3:TrackPointExtension>
            <ns3:hr>130</ns3:hr>
            <ns3:cad>94</ns3:cad>
          </ns3:TrackPointExtension>
        </extensions>
      </trkpt>
      <trkpt lat="22.59807505644857883453369140625" lon="113.878818713128566741943359375">
        <ele>14</ele>
        <time>2026-09-29T22:28:14.000Z</time>
        <extensions>
          <ns3:TrackPointExtension>
            <ns3:hr>130</ns3:hr>
            <ns3:cad>94</ns3:cad>
          </ns3:TrackPointExtension>
        </extensions>
      </trkpt>
      <trkpt lat="22.5981036387383937835693359375" lon="113.87883304618299007415771484375">
        <ele>14</ele>
        <time>2026-09-29T22:28:15.000Z</time>
        <extensions>
          <ns3:TrackPointExtension>
            <ns3:hr>130</ns3:hr>
            <ns3:cad>94</ns3:cad>
          </ns3:TrackPointExtension>
        </extensions>
      </trkpt>
      <trkpt lat="22.5981331430375576019287109375" lon="113.87884561903774738311767578125">
        <ele>14</ele>
        <time>2026-09-29T22:28:16.000Z</time>
        <extensions>
          <ns3:TrackPointExtension>
            <ns3:hr>130</ns3:hr>
            <ns3:cad>94</ns3:cad>
          </ns3:TrackPointExtension>
        </extensions>
      </trkpt>
      <trkpt lat="22.598159126937389373779296875" lon="113.87885735370218753814697265625">
        <ele>14.19999980926513671875</ele>
        <time>2026-09-29T22:28:17.000Z</time>
        <extensions>
          <ns3:TrackPointExtension>
            <ns3:hr>131</ns3:hr>
            <ns3:cad>93</ns3:cad>
          </ns3:TrackPointExtension>
        </extensions>
      </trkpt>
      <trkpt lat="22.59819257073104381561279296875" lon="113.87887378223240375518798828125">
        <ele>14.19999980926513671875</ele>
        <time>2026-09-29T22:28:18.000Z</time>
        <extensions>
          <ns3:TrackPointExtension>
            <ns3:hr>131</ns3:hr>
            <ns3:cad>93</ns3:cad>
          </ns3:TrackPointExtension>
        </extensions>
      </trkpt>
      <trkpt lat="22.59821712970733642578125" lon="113.8788859359920024871826171875">
        <ele>14.19999980926513671875</ele>
        <time>2026-09-29T22:28:19.000Z</time>
        <extensions>
          <ns3:TrackPointExtension>
            <ns3:hr>131</ns3:hr>
            <ns3:cad>93</ns3:cad>
          </ns3:TrackPointExtension>
        </extensions>
      </trkpt>
      <trkpt lat="22.59824336506426334381103515625" lon="113.87889943085610866546630859375">
        <ele>14.19999980926513671875</ele>
        <time>2026-09-29T22:28:20.000Z</time>
        <extensions>
          <ns3:TrackPointExtension>
            <ns3:hr>130</ns3:hr>
            <ns3:cad>94</ns3:cad>
          </ns3:TrackPointExtension>
        </extensions>
      </trkpt>
      <trkpt lat="22.59826901368796825408935546875" lon="113.87890714220702648162841796875">
        <ele>14.19999980926513671875</ele>
        <time>2026-09-29T22:28:21.000Z</time>
        <extensions>
          <ns3:TrackPointExtension>
            <ns3:hr>130</ns3:hr>
            <ns3:cad>94</ns3:cad>
          </ns3:TrackPointExtension>
        </extensions>
      </trkpt>
      <trkpt lat="22.59829633869230747222900390625" lon="113.87891753576695919036865234375">
        <ele>14.19999980926513671875</ele>
        <time>2026-09-29T22:28:22.000Z</time>
        <extensions>
          <ns3:TrackPointExtension>
            <ns3:hr>130</ns3:hr>
            <ns3:cad>94</ns3:cad>
          </ns3:TrackPointExtension>
        </extensions>
      </trkpt>
      <trkpt lat="22.59832299314439296722412109375" lon="113.8789241574704647064208984375">
        <ele>14</ele>
        <time>2026-09-29T22:28:23.000Z</time>
        <extensions>
          <ns3:TrackPointExtension>
            <ns3:hr>131</ns3:hr>
            <ns3:cad>93</ns3:cad>
          </ns3:TrackPointExtension>
        </extensions>
      </trkpt>
      <trkpt lat="22.59834545664489269256591796875" lon="113.878932707011699676513671875">
        <ele>14</ele>
        <time>2026-09-29T22:28:24.000Z</time>
        <extensions>
          <ns3:TrackPointExtension>
            <ns3:hr>131</ns3:hr>
            <ns3:cad>93</ns3:cad>
          </ns3:TrackPointExtension>
        </extensions>
      </trkpt>
      <trkpt lat="22.59837479330599308013916015625" lon="113.87894251383841037750244140625">
        <ele>14</ele>
        <time>2026-09-29T22:28:25.000Z</time>
        <extensions>
          <ns3:TrackPointExtension>
            <ns3:hr>131</ns3:hr>
            <ns3:cad>93</ns3:cad>
          </ns3:TrackPointExtension>
        </extensions>
      </trkpt>
      <trkpt lat="22.59839222766458988189697265625" lon="113.87894905172288417816162109375">
        <ele>14</ele>
        <time>2026-09-29T22:28:26.000Z</time>
        <extensions>
          <ns3:TrackPointExtension>
            <ns3:hr>130</ns3:hr>
            <ns3:cad>94</ns3:cad>
          </ns3:TrackPointExtension>
        </extensions>
      </trkpt>
      <trkpt lat="22.59842005558311939239501953125" lon="113.87896296568214893341064453125">
        <ele>14</ele>
        <time>2026-09-29T22:28:27.000Z</time>
        <extensions>
          <ns3:TrackPointExtension>
            <ns3:hr>130</ns3:hr>
            <ns3:cad>94</ns3:cad>
          </ns3:TrackPointExtension>
        </extensions>
      </trkpt>
      <trkpt lat="22.59844687767326831817626953125" lon="113.878970257937908172607421875">
        <ele>14</ele>
        <time>2026-09-29T22:28:28.000Z</time>
        <extensions>
          <ns3:TrackPointExtension>
            <ns3:hr>131</ns3:hr>
            <ns3:cad>94</ns3:cad>
          </ns3:TrackPointExtension>
        </extensions>
      </trkpt>
      <trkpt lat="22.5984734483063220977783203125" lon="113.87898744083940982818603515625">
        <ele>14</ele>
        <time>2026-09-29T22:28:29.000Z</time>
        <extensions>
          <ns3:TrackPointExtension>
            <ns3:hr>131</ns3:hr>
            <ns3:cad>94</ns3:cad>
          </ns3:TrackPointExtension>
        </extensions>
      </trkpt>
      <trkpt lat="22.598505131900310516357421875" lon="113.879001103341579437255859375">
        <ele>14</ele>
        <time>2026-09-29T22:28:30.000Z</time>
        <extensions>
          <ns3:TrackPointExtension>
            <ns3:hr>131</ns3:hr>
            <ns3:cad>93</ns3:cad>
          </ns3:TrackPointExtension>
        </extensions>
      </trkpt>
      <trkpt lat="22.5985274277627468109130859375" lon="113.87901493348181247711181640625">
        <ele>14</ele>
        <time>2026-09-29T22:28:31.000Z</time>
        <extensions>
          <ns3:TrackPointExtension>
            <ns3:hr>131</ns3:hr>
            <ns3:cad>94</ns3:cad>
          </ns3:TrackPointExtension>
        </extensions>
      </trkpt>
      <trkpt lat="22.5985629670321941375732421875" lon="113.87903161346912384033203125">
        <ele>14</ele>
        <time>2026-09-29T22:28:32.000Z</time>
        <extensions>
          <ns3:TrackPointExtension>
            <ns3:hr>130</ns3:hr>
            <ns3:cad>94</ns3:cad>
          </ns3:TrackPointExtension>
        </extensions>
      </trkpt>
      <trkpt lat="22.5985867716372013092041015625" lon="113.87904074974358081817626953125">
        <ele>13.80000019073486328125</ele>
        <time>2026-09-29T22:28:33.000Z</time>
        <extensions>
          <ns3:TrackPointExtension>
            <ns3:hr>131</ns3:hr>
            <ns3:cad>94</ns3:cad>
          </ns3:TrackPointExtension>
        </extensions>
      </trkpt>
      <trkpt lat="22.59861719794571399688720703125" lon="113.8790636323392391204833984375">
        <ele>14</ele>
        <time>2026-09-29T22:28:34.000Z</time>
        <extensions>
          <ns3:TrackPointExtension>
            <ns3:hr>130</ns3:hr>
            <ns3:cad>94</ns3:cad>
          </ns3:TrackPointExtension>
        </extensions>
      </trkpt>
      <trkpt lat="22.5986410863697528839111328125" lon="113.87907511554658412933349609375">
        <ele>14</ele>
        <time>2026-09-29T22:28:35.000Z</time>
        <extensions>
          <ns3:TrackPointExtension>
            <ns3:hr>130</ns3:hr>
            <ns3:cad>93</ns3:cad>
          </ns3:TrackPointExtension>
        </extensions>
      </trkpt>
      <trkpt lat="22.598665058612823486328125" lon="113.87909037061035633087158203125">
        <ele>14</ele>
        <time>2026-09-29T22:28:36.000Z</time>
        <extensions>
          <ns3:TrackPointExtension>
            <ns3:hr>130</ns3:hr>
            <ns3:cad>93</ns3:cad>
          </ns3:TrackPointExtension>
        </extensions>
      </trkpt>
      <trkpt lat="22.59869012050330638885498046875" lon="113.8791028596460819244384765625">
        <ele>14</ele>
        <time>2026-09-29T22:28:37.000Z</time>
        <extensions>
          <ns3:TrackPointExtension>
            <ns3:hr>130</ns3:hr>
            <ns3:cad>93</ns3:cad>
          </ns3:TrackPointExtension>
        </extensions>
      </trkpt>
      <trkpt lat="22.59871157817542552947998046875" lon="113.87911685742437839508056640625">
        <ele>14.19999980926513671875</ele>
        <time>2026-09-29T22:28:38.000Z</time>
        <extensions>
          <ns3:TrackPointExtension>
            <ns3:hr>130</ns3:hr>
            <ns3:cad>94</ns3:cad>
          </ns3:TrackPointExtension>
        </extensions>
      </trkpt>
      <trkpt lat="22.598735801875591278076171875" lon="113.87913127429783344268798828125">
        <ele>14.19999980926513671875</ele>
        <time>2026-09-29T22:28:39.000Z</time>
        <extensions>
          <ns3:TrackPointExtension>
            <ns3:hr>131</ns3:hr>
            <ns3:cad>94</ns3:cad>
          </ns3:TrackPointExtension>
        </extensions>
      </trkpt>
      <trkpt lat="22.598756588995456695556640625" lon="113.87914694845676422119140625">
        <ele>14.19999980926513671875</ele>
        <time>2026-09-29T22:28:40.000Z</time>
        <extensions>
          <ns3:TrackPointExtension>
            <ns3:hr>130</ns3:hr>
            <ns3:cad>94</ns3:cad>
          </ns3:TrackPointExtension>
        </extensions>
      </trkpt>
      <trkpt lat="22.59878533892333507537841796875" lon="113.87916865758597850799560546875">
        <ele>14</ele>
        <time>2026-09-29T22:28:41.000Z</time>
        <extensions>
          <ns3:TrackPointExtension>
            <ns3:hr>130</ns3:hr>
            <ns3:cad>94</ns3:cad>
          </ns3:TrackPointExtension>
        </extensions>
      </trkpt>
      <trkpt lat="22.59880780242383480072021484375" lon="113.8791806437075138092041015625">
        <ele>14</ele>
        <time>2026-09-29T22:28:42.000Z</time>
        <extensions>
          <ns3:TrackPointExtension>
            <ns3:hr>130</ns3:hr>
            <ns3:cad>93</ns3:cad>
          </ns3:TrackPointExtension>
        </extensions>
      </trkpt>
      <trkpt lat="22.5988326966762542724609375" lon="113.8792000897228717803955078125">
        <ele>14</ele>
        <time>2026-09-29T22:28:43.000Z</time>
        <extensions>
          <ns3:TrackPointExtension>
            <ns3:hr>130</ns3:hr>
            <ns3:cad>93</ns3:cad>
          </ns3:TrackPointExtension>
        </extensions>
      </trkpt>
      <trkpt lat="22.59885826148092746734619140625" lon="113.87921039946377277374267578125">
        <ele>14.19999980926513671875</ele>
        <time>2026-09-29T22:28:44.000Z</time>
        <extensions>
          <ns3:TrackPointExtension>
            <ns3:hr>130</ns3:hr>
            <ns3:cad>94</ns3:cad>
          </ns3:TrackPointExtension>
        </extensions>
      </trkpt>
      <trkpt lat="22.59888072498142719268798828125" lon="113.879227079451084136962890625">
        <ele>14.19999980926513671875</ele>
        <time>2026-09-29T22:28:45.000Z</time>
        <extensions>
          <ns3:TrackPointExtension>
            <ns3:hr>131</ns3:hr>
            <ns3:cad>95</ns3:cad>
          </ns3:TrackPointExtension>
        </extensions>
      </trkpt>
      <trkpt lat="22.5989042781293392181396484375" lon="113.87924560345709323883056640625">
        <ele>14.19999980926513671875</ele>
        <time>2026-09-29T22:28:46.000Z</time>
        <extensions>
          <ns3:TrackPointExtension>
            <ns3:hr>131</ns3:hr>
            <ns3:cad>95</ns3:cad>
          </ns3:TrackPointExtension>
        </extensions>
      </trkpt>
      <trkpt lat="22.598922550678253173828125" lon="113.87926219962537288665771484375">
        <ele>14.19999980926513671875</ele>
        <time>2026-09-29T22:28:47.000Z</time>
        <extensions>
          <ns3:TrackPointExtension>
            <ns3:hr>131</ns3:hr>
            <ns3:cad>93</ns3:cad>
          </ns3:TrackPointExtension>
        </extensions>
      </trkpt>
      <trkpt lat="22.59894861839711666107177734375" lon="113.87928231619298458099365234375">
        <ele>14.19999980926513671875</ele>
        <time>2026-09-29T22:28:48.000Z</time>
        <extensions>
          <ns3:TrackPointExtension>
            <ns3:hr>132</ns3:hr>
            <ns3:cad>93</ns3:cad>
          </ns3:TrackPointExtension>
        </extensions>
      </trkpt>
      <trkpt lat="22.59896814823150634765625" lon="113.87929522432386875152587890625">
        <ele>14.19999980926513671875</ele>
        <time>2026-09-29T22:28:49.000Z</time>
        <extensions>
          <ns3:TrackPointExtension>
            <ns3:hr>132</ns3:hr>
            <ns3:cad>93</ns3:cad>
          </ns3:TrackPointExtension>
        </extensions>
      </trkpt>
      <trkpt lat="22.59898935444653034210205078125" lon="113.87931785546243190765380859375">
        <ele>14.19999980926513671875</ele>
        <time>2026-09-29T22:28:50.000Z</time>
        <extensions>
          <ns3:TrackPointExtension>
            <ns3:hr>132</ns3:hr>
            <ns3:cad>94</ns3:cad>
          </ns3:TrackPointExtension>
        </extensions>
      </trkpt>
      <trkpt lat="22.59901232086122035980224609375" lon="113.87933428399264812469482421875">
        <ele>14.19999980926513671875</ele>
        <time>2026-09-29T22:28:51.000Z</time>
        <extensions>
          <ns3:TrackPointExtension>
            <ns3:hr>132</ns3:hr>
            <ns3:cad>94</ns3:cad>
          </ns3:TrackPointExtension>
        </extensions>
      </trkpt>
      <trkpt lat="22.5990336947143077850341796875" lon="113.87935373000800609588623046875">
        <ele>14.19999980926513671875</ele>
        <time>2026-09-29T22:28:52.000Z</time>
        <extensions>
          <ns3:TrackPointExtension>
            <ns3:hr>131</ns3:hr>
            <ns3:cad>94</ns3:cad>
          </ns3:TrackPointExtension>
        </extensions>
      </trkpt>
      <trkpt lat="22.599056325852870941162109375" lon="113.8793764449656009674072265625">
        <ele>14.19999980926513671875</ele>
        <time>2026-09-29T22:28:53.000Z</time>
        <extensions>
          <ns3:TrackPointExtension>
            <ns3:hr>131</ns3:hr>
            <ns3:cad>95</ns3:cad>
          </ns3:TrackPointExtension>
        </extensions>
      </trkpt>
      <trkpt lat="22.59907233528792858123779296875" lon="113.87939547188580036163330078125">
        <ele>14.19999980926513671875</ele>
        <time>2026-09-29T22:28:54.000Z</time>
        <extensions>
          <ns3:TrackPointExtension>
            <ns3:hr>132</ns3:hr>
            <ns3:cad>95</ns3:cad>
          </ns3:TrackPointExtension>
        </extensions>
      </trkpt>
      <trkpt lat="22.599097229540348052978515625" lon="113.87942195869982242584228515625">
        <ele>14.19999980926513671875</ele>
        <time>2026-09-29T22:28:55.000Z</time>
        <extensions>
          <ns3:TrackPointExtension>
            <ns3:hr>132</ns3:hr>
            <ns3:cad>95</ns3:cad>
          </ns3:TrackPointExtension>
        </extensions>
      </trkpt>
      <trkpt lat="22.59911860339343547821044921875" lon="113.87943805195391178131103515625">
        <ele>14.19999980926513671875</ele>
        <time>2026-09-29T22:28:56.000Z</time>
        <extensions>
          <ns3:TrackPointExtension>
            <ns3:hr>132</ns3:hr>
            <ns3:cad>94</ns3:cad>
          </ns3:TrackPointExtension>
        </extensions>
      </trkpt>
      <trkpt lat="22.5991376303136348724365234375" lon="113.87946437112987041473388671875">
        <ele>14.19999980926513671875</ele>
        <time>2026-09-29T22:28:57.000Z</time>
        <extensions>
          <ns3:TrackPointExtension>
            <ns3:hr>132</ns3:hr>
            <ns3:cad>94</ns3:cad>
          </ns3:TrackPointExtension>
        </extensions>
      </trkpt>
      <trkpt lat="22.59915967471897602081298828125" lon="113.87948364950716495513916015625">
        <ele>14.19999980926513671875</ele>
        <time>2026-09-29T22:28:58.000Z</time>
        <extensions>
          <ns3:TrackPointExtension>
            <ns3:hr>132</ns3:hr>
            <ns3:cad>94</ns3:cad>
          </ns3:TrackPointExtension>
        </extensions>
      </trkpt>
      <trkpt lat="22.59917358867824077606201171875" lon="113.87950292788445949554443359375">
        <ele>14.19999980926513671875</ele>
        <time>2026-09-29T22:28:59.000Z</time>
        <extensions>
          <ns3:TrackPointExtension>
            <ns3:hr>131</ns3:hr>
            <ns3:cad>94</ns3:cad>
          </ns3:TrackPointExtension>
        </extensions>
      </trkpt>
      <trkpt lat="22.59919370524585247039794921875" lon="113.8795286603271961212158203125">
        <ele>14.19999980926513671875</ele>
        <time>2026-09-29T22:29:00.000Z</time>
        <extensions>
          <ns3:TrackPointExtension>
            <ns3:hr>132</ns3:hr>
            <ns3:cad>94</ns3:cad>
          </ns3:TrackPointExtension>
        </extensions>
      </trkpt>
      <trkpt lat="22.59920711629092693328857421875" lon="113.87955154292285442352294921875">
        <ele>14.19999980926513671875</ele>
        <time>2026-09-29T22:29:01.000Z</time>
        <extensions>
          <ns3:TrackPointExtension>
            <ns3:hr>132</ns3:hr>
            <ns3:cad>94</ns3:cad>
          </ns3:TrackPointExtension>
        </extensions>
      </trkpt>
      <trkpt lat="22.59922362864017486572265625" lon="113.879579789936542510986328125">
        <ele>14.19999980926513671875</ele>
        <time>2026-09-29T22:29:02.000Z</time>
        <extensions>
          <ns3:TrackPointExtension>
            <ns3:hr>132</ns3:hr>
            <ns3:cad>95</ns3:cad>
          </ns3:TrackPointExtension>
        </extensions>
      </trkpt>
      <trkpt lat="22.59923779405653476715087890625" lon="113.87959957122802734375">
        <ele>14.19999980926513671875</ele>
        <time>2026-09-29T22:29:03.000Z</time>
        <extensions>
          <ns3:TrackPointExtension>
            <ns3:hr>132</ns3:hr>
            <ns3:cad>95</ns3:cad>
          </ns3:TrackPointExtension>
        </extensions>
      </trkpt>
      <trkpt lat="22.59924885816872119903564453125" lon="113.8796315900981426239013671875">
        <ele>14.19999980926513671875</ele>
        <time>2026-09-29T22:29:04.000Z</time>
        <extensions>
          <ns3:TrackPointExtension>
            <ns3:hr>132</ns3:hr>
            <ns3:cad>95</ns3:cad>
          </ns3:TrackPointExtension>
        </extensions>
      </trkpt>
      <trkpt lat="22.5992640294134616851806640625" lon="113.8796530477702617645263671875">
        <ele>14.19999980926513671875</ele>
        <time>2026-09-29T22:29:05.000Z</time>
        <extensions>
          <ns3:TrackPointExtension>
            <ns3:hr>132</ns3:hr>
            <ns3:cad>95</ns3:cad>
          </ns3:TrackPointExtension>
        </extensions>
      </trkpt>
      <trkpt lat="22.599276266992092132568359375" lon="113.87967978604137897491455078125">
        <ele>14.19999980926513671875</ele>
        <time>2026-09-29T22:29:06.000Z</time>
        <extensions>
          <ns3:TrackPointExtension>
            <ns3:hr>132</ns3:hr>
            <ns3:cad>94</ns3:cad>
          </ns3:TrackPointExtension>
        </extensions>
      </trkpt>
      <trkpt lat="22.59929311461746692657470703125" lon="113.8797046802937984466552734375">
        <ele>14.19999980926513671875</ele>
        <time>2026-09-29T22:29:07.000Z</time>
        <extensions>
          <ns3:TrackPointExtension>
            <ns3:hr>132</ns3:hr>
            <ns3:cad>93</ns3:cad>
          </ns3:TrackPointExtension>
        </extensions>
      </trkpt>
      <trkpt lat="22.5993059389293193817138671875" lon="113.87972823344171047210693359375">
        <ele>14.19999980926513671875</ele>
        <time>2026-09-29T22:29:08.000Z</time>
        <extensions>
          <ns3:TrackPointExtension>
            <ns3:hr>132</ns3:hr>
            <ns3:cad>93</ns3:cad>
          </ns3:TrackPointExtension>
        </extensions>
      </trkpt>
      <trkpt lat="22.599325887858867645263671875" lon="113.87975639663636684417724609375">
        <ele>14.19999980926513671875</ele>
        <time>2026-09-29T22:29:09.000Z</time>
        <extensions>
          <ns3:TrackPointExtension>
            <ns3:hr>132</ns3:hr>
            <ns3:cad>94</ns3:cad>
          </ns3:TrackPointExtension>
        </extensions>
      </trkpt>
      <trkpt lat="22.5993404723703861236572265625" lon="113.8797764293849468231201171875">
        <ele>14.19999980926513671875</ele>
        <time>2026-09-29T22:29:10.000Z</time>
        <extensions>
          <ns3:TrackPointExtension>
            <ns3:hr>132</ns3:hr>
            <ns3:cad>94</ns3:cad>
          </ns3:TrackPointExtension>
        </extensions>
      </trkpt>
      <trkpt lat="22.59935916401445865631103515625" lon="113.8798047602176666259765625">
        <ele>14.19999980926513671875</ele>
        <time>2026-09-29T22:29:11.000Z</time>
        <extensions>
          <ns3:TrackPointExtension>
            <ns3:hr>131</ns3:hr>
            <ns3:cad>94</ns3:cad>
          </ns3:TrackPointExtension>
        </extensions>
      </trkpt>
      <trkpt lat="22.59937651455402374267578125" lon="113.8798203505575656890869140625">
        <ele>14.19999980926513671875</ele>
        <time>2026-09-29T22:29:12.000Z</time>
        <extensions>
          <ns3:TrackPointExtension>
            <ns3:hr>132</ns3:hr>
            <ns3:cad>94</ns3:cad>
          </ns3:TrackPointExtension>
        </extensions>
      </trkpt>
      <trkpt lat="22.59939067997038364410400390625" lon="113.8798471726477146148681640625">
        <ele>14.19999980926513671875</ele>
        <time>2026-09-29T22:29:13.000Z</time>
        <extensions>
          <ns3:TrackPointExtension>
            <ns3:hr>132</ns3:hr>
            <ns3:cad>92</ns3:cad>
          </ns3:TrackPointExtension>
        </extensions>
      </trkpt>
      <trkpt lat="22.59940945543348789215087890625" lon="113.879868127405643463134765625">
        <ele>14.19999980926513671875</ele>
        <time>2026-09-29T22:29:14.000Z</time>
        <extensions>
          <ns3:TrackPointExtension>
            <ns3:hr>132</ns3:hr>
            <ns3:cad>92</ns3:cad>
          </ns3:TrackPointExtension>
        </extensions>
      </trkpt>
      <trkpt lat="22.599423117935657501220703125" lon="113.8798924349248409271240234375">
        <ele>14.19999980926513671875</ele>
        <time>2026-09-29T22:29:15.000Z</time>
        <extensions>
          <ns3:TrackPointExtension>
            <ns3:hr>132</ns3:hr>
            <ns3:cad>93</ns3:cad>
          </ns3:TrackPointExtension>
        </extensions>
      </trkpt>
      <trkpt lat="22.599441893398761749267578125" lon="113.8799182511866092681884765625">
        <ele>14.19999980926513671875</ele>
        <time>2026-09-29T22:29:16.000Z</time>
        <extensions>
          <ns3:TrackPointExtension>
            <ns3:hr>132</ns3:hr>
            <ns3:cad>93</ns3:cad>
          </ns3:TrackPointExtension>
        </extensions>
      </trkpt>
      <trkpt lat="22.59945488534867763519287109375" lon="113.879940547049045562744140625">
        <ele>14.19999980926513671875</ele>
        <time>2026-09-29T22:29:17.000Z</time>
        <extensions>
          <ns3:TrackPointExtension>
            <ns3:hr>132</ns3:hr>
            <ns3:cad>93</ns3:cad>
          </ns3:TrackPointExtension>
        </extensions>
      </trkpt>
      <trkpt lat="22.599472738802433013916015625" lon="113.87997130863368511199951171875">
        <ele>14.19999980926513671875</ele>
        <time>2026-09-29T22:29:18.000Z</time>
        <extensions>
          <ns3:TrackPointExtension>
            <ns3:hr>132</ns3:hr>
            <ns3:cad>93</ns3:cad>
          </ns3:TrackPointExtension>
        </extensions>
      </trkpt>
      <trkpt lat="22.59948589839041233062744140625" lon="113.879991509020328521728515625">
        <ele>14.19999980926513671875</ele>
        <time>2026-09-29T22:29:19.000Z</time>
        <extensions>
          <ns3:TrackPointExtension>
            <ns3:hr>132</ns3:hr>
            <ns3:cad>93</ns3:cad>
          </ns3:TrackPointExtension>
        </extensions>
      </trkpt>
      <trkpt lat="22.59950433857738971710205078125" lon="113.880020678043365478515625">
        <ele>14.19999980926513671875</ele>
        <time>2026-09-29T22:29:20.000Z</time>
        <extensions>
          <ns3:TrackPointExtension>
            <ns3:hr>132</ns3:hr>
            <ns3:cad>93</ns3:cad>
          </ns3:TrackPointExtension>
        </extensions>
      </trkpt>
      <trkpt lat="22.5995242036879062652587890625" lon="113.8800402916967868804931640625">
        <ele>14.19999980926513671875</ele>
        <time>2026-09-29T22:29:21.000Z</time>
        <extensions>
          <ns3:TrackPointExtension>
            <ns3:hr>132</ns3:hr>
            <ns3:cad>94</ns3:cad>
          </ns3:TrackPointExtension>
        </extensions>
      </trkpt>
      <trkpt lat="22.5995402969419956207275390625" lon="113.880067281424999237060546875">
        <ele>14.19999980926513671875</ele>
        <time>2026-09-29T22:29:22.000Z</time>
        <extensions>
          <ns3:TrackPointExtension>
            <ns3:hr>131</ns3:hr>
            <ns3:cad>94</ns3:cad>
          </ns3:TrackPointExtension>
        </extensions>
      </trkpt>
      <trkpt lat="22.5995587371289730072021484375" lon="113.8800925947725772857666015625">
        <ele>14.19999980926513671875</ele>
        <time>2026-09-29T22:29:23.000Z</time>
        <extensions>
          <ns3:TrackPointExtension>
            <ns3:hr>131</ns3:hr>
            <ns3:cad>94</ns3:cad>
          </ns3:TrackPointExtension>
        </extensions>
      </trkpt>
      <trkpt lat="22.59957139380276203155517578125" lon="113.88011866249144077301025390625">
        <ele>14.19999980926513671875</ele>
        <time>2026-09-29T22:29:24.000Z</time>
        <extensions>
          <ns3:TrackPointExtension>
            <ns3:hr>131</ns3:hr>
            <ns3:cad>93</ns3:cad>
          </ns3:TrackPointExtension>
        </extensions>
      </trkpt>
      <trkpt lat="22.59959100745618343353271484375" lon="113.88014950789511203765869140625">
        <ele>14.19999980926513671875</ele>
        <time>2026-09-29T22:29:25.000Z</time>
        <extensions>
          <ns3:TrackPointExtension>
            <ns3:hr>131</ns3:hr>
            <ns3:cad>93</ns3:cad>
          </ns3:TrackPointExtension>
        </extensions>
      </trkpt>
      <trkpt lat="22.59960944764316082000732421875" lon="113.88017096556723117828369140625">
        <ele>14.19999980926513671875</ele>
        <time>2026-09-29T22:29:26.000Z</time>
        <extensions>
          <ns3:TrackPointExtension>
            <ns3:hr>130</ns3:hr>
            <ns3:cad>93</ns3:cad>
          </ns3:TrackPointExtension>
        </extensions>
      </trkpt>
      <trkpt lat="22.59962772019207477569580078125" lon="113.8802018947899341583251953125">
        <ele>14.19999980926513671875</ele>
        <time>2026-09-29T22:29:27.000Z</time>
        <extensions>
          <ns3:TrackPointExtension>
            <ns3:hr>131</ns3:hr>
            <ns3:cad>93</ns3:cad>
          </ns3:TrackPointExtension>
        </extensions>
      </trkpt>
      <trkpt lat="22.5996482558548450469970703125" lon="113.88022142462432384490966796875">
        <ele>14</ele>
        <time>2026-09-29T22:29:28.000Z</time>
        <extensions>
          <ns3:TrackPointExtension>
            <ns3:hr>131</ns3:hr>
            <ns3:cad>94</ns3:cad>
          </ns3:TrackPointExtension>
        </extensions>
      </trkpt>
      <trkpt lat="22.59965814650058746337890625" lon="113.8802498392760753631591796875">
        <ele>14</ele>
        <time>2026-09-29T22:29:29.000Z</time>
        <extensions>
          <ns3:TrackPointExtension>
            <ns3:hr>131</ns3:hr>
            <ns3:cad>93</ns3:cad>
          </ns3:TrackPointExtension>
        </extensions>
      </trkpt>
      <trkpt lat="22.59967449121177196502685546875" lon="113.88027607463300228118896484375">
        <ele>14.19999980926513671875</ele>
        <time>2026-09-29T22:29:30.000Z</time>
        <extensions>
          <ns3:TrackPointExtension>
            <ns3:hr>131</ns3:hr>
            <ns3:cad>93</ns3:cad>
          </ns3:TrackPointExtension>
        </extensions>
      </trkpt>
      <trkpt lat="22.59968656115233898162841796875" lon="113.8802987895905971527099609375">
        <ele>14</ele>
        <time>2026-09-29T22:29:31.000Z</time>
        <extensions>
          <ns3:TrackPointExtension>
            <ns3:hr>131</ns3:hr>
            <ns3:cad>93</ns3:cad>
          </ns3:TrackPointExtension>
        </extensions>
      </trkpt>
      <trkpt lat="22.59970751591026782989501953125" lon="113.880328796803951263427734375">
        <ele>14.19999980926513671875</ele>
        <time>2026-09-29T22:29:32.000Z</time>
        <extensions>
          <ns3:TrackPointExtension>
            <ns3:hr>131</ns3:hr>
            <ns3:cad>93</ns3:cad>
          </ns3:TrackPointExtension>
        </extensions>
      </trkpt>
      <trkpt lat="22.59972310625016689300537109375" lon="113.8803500868380069732666015625">
        <ele>14.3999996185302734375</ele>
        <time>2026-09-29T22:29:33.000Z</time>
        <extensions>
          <ns3:TrackPointExtension>
            <ns3:hr>131</ns3:hr>
            <ns3:cad>93</ns3:cad>
          </ns3:TrackPointExtension>
        </extensions>
      </trkpt>
      <trkpt lat="22.5997374393045902252197265625" lon="113.88038084842264652252197265625">
        <ele>14.3999996185302734375</ele>
        <time>2026-09-29T22:29:34.000Z</time>
        <extensions>
          <ns3:TrackPointExtension>
            <ns3:hr>132</ns3:hr>
            <ns3:cad>95</ns3:cad>
          </ns3:TrackPointExtension>
        </extensions>
      </trkpt>
      <trkpt lat="22.59975110180675983428955078125" lon="113.880399204790592193603515625">
        <ele>14.3999996185302734375</ele>
        <time>2026-09-29T22:29:35.000Z</time>
        <extensions>
          <ns3:TrackPointExtension>
            <ns3:hr>132</ns3:hr>
            <ns3:cad>95</ns3:cad>
          </ns3:TrackPointExtension>
        </extensions>
      </trkpt>
      <trkpt lat="22.5997615791857242584228515625" lon="113.88042636215686798095703125">
        <ele>14.3999996185302734375</ele>
        <time>2026-09-29T22:29:36.000Z</time>
        <extensions>
          <ns3:TrackPointExtension>
            <ns3:hr>132</ns3:hr>
            <ns3:cad>95</ns3:cad>
          </ns3:TrackPointExtension>
        </extensions>
      </trkpt>
      <trkpt lat="22.5997800193727016448974609375" lon="113.88044890947639942169189453125">
        <ele>14.3999996185302734375</ele>
        <time>2026-09-29T22:29:37.000Z</time>
        <extensions>
          <ns3:TrackPointExtension>
            <ns3:hr>132</ns3:hr>
            <ns3:cad>95</ns3:cad>
          </ns3:TrackPointExtension>
        </extensions>
      </trkpt>
      <trkpt lat="22.5997900776565074920654296875" lon="113.88046751730144023895263671875">
        <ele>14.19999980926513671875</ele>
        <time>2026-09-29T22:29:38.000Z</time>
        <extensions>
          <ns3:TrackPointExtension>
            <ns3:hr>132</ns3:hr>
            <ns3:cad>94</ns3:cad>
          </ns3:TrackPointExtension>
        </extensions>
      </trkpt>
      <trkpt lat="22.5998090207576751708984375" lon="113.88049609959125518798828125">
        <ele>14.19999980926513671875</ele>
        <time>2026-09-29T22:29:39.000Z</time>
        <extensions>
          <ns3:TrackPointExtension>
            <ns3:hr>132</ns3:hr>
            <ns3:cad>94</ns3:cad>
          </ns3:TrackPointExtension>
        </extensions>
      </trkpt>
      <trkpt lat="22.59981631301343441009521484375" lon="113.8805197365581989288330078125">
        <ele>14.3999996185302734375</ele>
        <time>2026-09-29T22:29:40.000Z</time>
        <extensions>
          <ns3:TrackPointExtension>
            <ns3:hr>132</ns3:hr>
            <ns3:cad>94</ns3:cad>
          </ns3:TrackPointExtension>
        </extensions>
      </trkpt>
      <trkpt lat="22.59983190335333347320556640625" lon="113.88055016286671161651611328125">
        <ele>14.3999996185302734375</ele>
        <time>2026-09-29T22:29:41.000Z</time>
        <extensions>
          <ns3:TrackPointExtension>
            <ns3:hr>132</ns3:hr>
            <ns3:cad>94</ns3:cad>
          </ns3:TrackPointExtension>
        </extensions>
      </trkpt>
      <trkpt lat="22.599845565855503082275390625" lon="113.880571536719799041748046875">
        <ele>14.3999996185302734375</ele>
        <time>2026-09-29T22:29:42.000Z</time>
        <extensions>
          <ns3:TrackPointExtension>
            <ns3:hr>132</ns3:hr>
            <ns3:cad>95</ns3:cad>
          </ns3:TrackPointExtension>
        </extensions>
      </trkpt>
      <trkpt lat="22.5998497568070888519287109375" lon="113.8806040585041046142578125">
        <ele>14.3999996185302734375</ele>
        <time>2026-09-29T22:29:43.000Z</time>
        <extensions>
          <ns3:TrackPointExtension>
            <ns3:hr>131</ns3:hr>
            <ns3:cad>95</ns3:cad>
          </ns3:TrackPointExtension>
        </extensions>
      </trkpt>
      <trkpt lat="22.5998574681580066680908203125" lon="113.8806327246129512786865234375">
        <ele>14.3999996185302734375</ele>
        <time>2026-09-29T22:29:44.000Z</time>
        <extensions>
          <ns3:TrackPointExtension>
            <ns3:hr>131</ns3:hr>
            <ns3:cad>95</ns3:cad>
          </ns3:TrackPointExtension>
        </extensions>
      </trkpt>
      <trkpt lat="22.59985922835767269134521484375" lon="113.880667425692081451416015625">
        <ele>14.19999980926513671875</ele>
        <time>2026-09-29T22:29:45.000Z</time>
        <extensions>
          <ns3:TrackPointExtension>
            <ns3:hr>131</ns3:hr>
            <ns3:cad>94</ns3:cad>
          </ns3:TrackPointExtension>
        </extensions>
      </trkpt>
      <trkpt lat="22.59987029246985912322998046875" lon="113.88069885782897472381591796875">
        <ele>14.19999980926513671875</ele>
        <time>2026-09-29T22:29:46.000Z</time>
        <extensions>
          <ns3:TrackPointExtension>
            <ns3:hr>132</ns3:hr>
            <ns3:cad>95</ns3:cad>
          </ns3:TrackPointExtension>
        </extensions>
      </trkpt>
      <trkpt lat="22.59987674653530120849609375" lon="113.880729116499423980712890625">
        <ele>14.19999980926513671875</ele>
        <time>2026-09-29T22:29:47.000Z</time>
        <extensions>
          <ns3:TrackPointExtension>
            <ns3:hr>132</ns3:hr>
            <ns3:cad>94</ns3:cad>
          </ns3:TrackPointExtension>
        </extensions>
      </trkpt>
      <trkpt lat="22.599890492856502532958984375" lon="113.88076406903564929962158203125">
        <ele>14.19999980926513671875</ele>
        <time>2026-09-29T22:29:48.000Z</time>
        <extensions>
          <ns3:TrackPointExtension>
            <ns3:hr>132</ns3:hr>
            <ns3:cad>93</ns3:cad>
          </ns3:TrackPointExtension>
        </extensions>
      </trkpt>
      <trkpt lat="22.59990180842578411102294921875" lon="113.88078686781227588653564453125">
        <ele>14.19999980926513671875</ele>
        <time>2026-09-29T22:29:49.000Z</time>
        <extensions>
          <ns3:TrackPointExtension>
            <ns3:hr>131</ns3:hr>
            <ns3:cad>92</ns3:cad>
          </ns3:TrackPointExtension>
        </extensions>
      </trkpt>
      <trkpt lat="22.59991589002311229705810546875" lon="113.88082056306302547454833984375">
        <ele>14.19999980926513671875</ele>
        <time>2026-09-29T22:29:50.000Z</time>
        <extensions>
          <ns3:TrackPointExtension>
            <ns3:hr>132</ns3:hr>
            <ns3:cad>92</ns3:cad>
          </ns3:TrackPointExtension>
        </extensions>
      </trkpt>
      <trkpt lat="22.5999349169433116912841796875" lon="113.88084285892546176910400390625">
        <ele>14.19999980926513671875</ele>
        <time>2026-09-29T22:29:51.000Z</time>
        <extensions>
          <ns3:TrackPointExtension>
            <ns3:hr>132</ns3:hr>
            <ns3:cad>93</ns3:cad>
          </ns3:TrackPointExtension>
        </extensions>
      </trkpt>
      <trkpt lat="22.59994220919907093048095703125" lon="113.88087294995784759521484375">
        <ele>14.19999980926513671875</ele>
        <time>2026-09-29T22:29:52.000Z</time>
        <extensions>
          <ns3:TrackPointExtension>
            <ns3:hr>132</ns3:hr>
            <ns3:cad>93</ns3:cad>
          </ns3:TrackPointExtension>
        </extensions>
      </trkpt>
      <trkpt lat="22.59995830245316028594970703125" lon="113.88089566491544246673583984375">
        <ele>14.19999980926513671875</ele>
        <time>2026-09-29T22:29:53.000Z</time>
        <extensions>
          <ns3:TrackPointExtension>
            <ns3:hr>131</ns3:hr>
            <ns3:cad>93</ns3:cad>
          </ns3:TrackPointExtension>
        </extensions>
      </trkpt>
      <trkpt lat="22.5999677740037441253662109375" lon="113.880922235548496246337890625">
        <ele>14.19999980926513671875</ele>
        <time>2026-09-29T22:29:54.000Z</time>
        <extensions>
          <ns3:TrackPointExtension>
            <ns3:hr>132</ns3:hr>
            <ns3:cad>93</ns3:cad>
          </ns3:TrackPointExtension>
        </extensions>
      </trkpt>
      <trkpt lat="22.59998277761042118072509765625" lon="113.880953080952167510986328125">
        <ele>14.3999996185302734375</ele>
        <time>2026-09-29T22:29:55.000Z</time>
        <extensions>
          <ns3:TrackPointExtension>
            <ns3:hr>132</ns3:hr>
            <ns3:cad>93</ns3:cad>
          </ns3:TrackPointExtension>
        </extensions>
      </trkpt>
      <trkpt lat="22.599999792873859405517578125" lon="113.8809710182249546051025390625">
        <ele>14.3999996185302734375</ele>
        <time>2026-09-29T22:29:56.000Z</time>
        <extensions>
          <ns3:TrackPointExtension>
            <ns3:hr>132</ns3:hr>
            <ns3:cad>93</ns3:cad>
          </ns3:TrackPointExtension>
        </extensions>
      </trkpt>
      <trkpt lat="22.60002267546951770782470703125" lon="113.8809998519718647003173828125">
        <ele>14.3999996185302734375</ele>
        <time>2026-09-29T22:29:57.000Z</time>
        <extensions>
          <ns3:TrackPointExtension>
            <ns3:hr>132</ns3:hr>
            <ns3:cad>94</ns3:cad>
          </ns3:TrackPointExtension>
        </extensions>
      </trkpt>
      <trkpt lat="22.6000365056097507476806640625" lon="113.88102457858622074127197265625">
        <ele>14.3999996185302734375</ele>
        <time>2026-09-29T22:29:58.000Z</time>
        <extensions>
          <ns3:TrackPointExtension>
            <ns3:hr>132</ns3:hr>
            <ns3:cad>94</ns3:cad>
          </ns3:TrackPointExtension>
        </extensions>
      </trkpt>
      <trkpt lat="22.6000515930354595184326171875" lon="113.8810578547418117523193359375">
        <ele>14.3999996185302734375</ele>
        <time>2026-09-29T22:29:59.000Z</time>
        <extensions>
          <ns3:TrackPointExtension>
            <ns3:hr>132</ns3:hr>
            <ns3:cad>95</ns3:cad>
          </ns3:TrackPointExtension>
        </extensions>
      </trkpt>
      <trkpt lat="22.6000643335282802581787109375" lon="113.88107771985232830047607421875">
        <ele>14.3999996185302734375</ele>
        <time>2026-09-29T22:30:00.000Z</time>
        <extensions>
          <ns3:TrackPointExtension>
            <ns3:hr>132</ns3:hr>
            <ns3:cad>95</ns3:cad>
          </ns3:TrackPointExtension>
        </extensions>
      </trkpt>
      <trkpt lat="22.60007120668888092041015625" lon="113.8811061345040798187255859375">
        <ele>14.3999996185302734375</ele>
        <time>2026-09-29T22:30:01.000Z</time>
        <extensions>
          <ns3:TrackPointExtension>
            <ns3:hr>132</ns3:hr>
            <ns3:cad>93</ns3:cad>
          </ns3:TrackPointExtension>
        </extensions>
      </trkpt>
      <trkpt lat="22.60008621029555797576904296875" lon="113.881127424538135528564453125">
        <ele>14.3999996185302734375</ele>
        <time>2026-09-29T22:30:02.000Z</time>
        <extensions>
          <ns3:TrackPointExtension>
            <ns3:hr>132</ns3:hr>
            <ns3:cad>92</ns3:cad>
          </ns3:TrackPointExtension>
        </extensions>
      </trkpt>
      <trkpt lat="22.60009543038904666900634765625" lon="113.88115365989506244659423828125">
        <ele>14.3999996185302734375</ele>
        <time>2026-09-29T22:30:03.000Z</time>
        <extensions>
          <ns3:TrackPointExtension>
            <ns3:hr>133</ns3:hr>
            <ns3:cad>92</ns3:cad>
          </ns3:TrackPointExtension>
        </extensions>
      </trkpt>
      <trkpt lat="22.60010917671024799346923828125" lon="113.881182409822940826416015625">
        <ele>14.3999996185302734375</ele>
        <time>2026-09-29T22:30:04.000Z</time>
        <extensions>
          <ns3:TrackPointExtension>
            <ns3:hr>133</ns3:hr>
            <ns3:cad>92</ns3:cad>
          </ns3:TrackPointExtension>
        </extensions>
      </trkpt>
      <trkpt lat="22.60011739097535610198974609375" lon="113.88120830990374088287353515625">
        <ele>14.3999996185302734375</ele>
        <time>2026-09-29T22:30:05.000Z</time>
        <extensions>
          <ns3:TrackPointExtension>
            <ns3:hr>133</ns3:hr>
            <ns3:cad>93</ns3:cad>
          </ns3:TrackPointExtension>
        </extensions>
      </trkpt>
      <trkpt lat="22.6001323945820331573486328125" lon="113.8812412507832050323486328125">
        <ele>14.3999996185302734375</ele>
        <time>2026-09-29T22:30:06.000Z</time>
        <extensions>
          <ns3:TrackPointExtension>
            <ns3:hr>133</ns3:hr>
            <ns3:cad>93</ns3:cad>
          </ns3:TrackPointExtension>
        </extensions>
      </trkpt>
      <trkpt lat="22.60014303959906101226806640625" lon="113.8812647201120853424072265625">
        <ele>14.3999996185302734375</ele>
        <time>2026-09-29T22:30:07.000Z</time>
        <extensions>
          <ns3:TrackPointExtension>
            <ns3:hr>133</ns3:hr>
            <ns3:cad>93</ns3:cad>
          </ns3:TrackPointExtension>
        </extensions>
      </trkpt>
      <trkpt lat="22.60015058331191539764404296875" lon="113.88129732571542263031005859375">
        <ele>14.3999996185302734375</ele>
        <time>2026-09-29T22:30:08.000Z</time>
        <extensions>
          <ns3:TrackPointExtension>
            <ns3:hr>133</ns3:hr>
            <ns3:cad>93</ns3:cad>
          </ns3:TrackPointExtension>
        </extensions>
      </trkpt>
      <trkpt lat="22.60016516782343387603759765625" lon="113.88132247142493724822998046875">
        <ele>14.19999980926513671875</ele>
        <time>2026-09-29T22:30:09.000Z</time>
        <extensions>
          <ns3:TrackPointExtension>
            <ns3:hr>134</ns3:hr>
            <ns3:cad>93</ns3:cad>
          </ns3:TrackPointExtension>
        </extensions>
      </trkpt>
      <trkpt lat="22.60017371736466884613037109375" lon="113.8813505508005619049072265625">
        <ele>14.19999980926513671875</ele>
        <time>2026-09-29T22:30:10.000Z</time>
        <extensions>
          <ns3:TrackPointExtension>
            <ns3:hr>133</ns3:hr>
            <ns3:cad>93</ns3:cad>
          </ns3:TrackPointExtension>
        </extensions>
      </trkpt>
      <trkpt lat="22.60018411092460155487060546875" lon="113.8813793845474720001220703125">
        <ele>14.19999980926513671875</ele>
        <time>2026-09-29T22:30:11.000Z</time>
        <extensions>
          <ns3:TrackPointExtension>
            <ns3:hr>134</ns3:hr>
            <ns3:cad>93</ns3:cad>
          </ns3:TrackPointExtension>
        </extensions>
      </trkpt>
      <trkpt lat="22.600192911922931671142578125" lon="113.88140494935214519500732421875">
        <ele>14.19999980926513671875</ele>
        <time>2026-09-29T22:30:12.000Z</time>
        <extensions>
          <ns3:TrackPointExtension>
            <ns3:hr>134</ns3:hr>
            <ns3:cad>93</ns3:cad>
          </ns3:TrackPointExtension>
        </extensions>
      </trkpt>
      <trkpt lat="22.60020791552960872650146484375" lon="113.88143495656549930572509765625">
        <ele>14</ele>
        <time>2026-09-29T22:30:13.000Z</time>
        <extensions>
          <ns3:TrackPointExtension>
            <ns3:hr>134</ns3:hr>
            <ns3:cad>93</ns3:cad>
          </ns3:TrackPointExtension>
        </extensions>
      </trkpt>
      <trkpt lat="22.60022417642176151275634765625" lon="113.88145423494279384613037109375">
        <ele>14.19999980926513671875</ele>
        <time>2026-09-29T22:30:14.000Z</time>
        <extensions>
          <ns3:TrackPointExtension>
            <ns3:hr>134</ns3:hr>
            <ns3:cad>94</ns3:cad>
          </ns3:TrackPointExtension>
        </extensions>
      </trkpt>
      <trkpt lat="22.60023306123912334442138671875" lon="113.88148709200322628021240234375">
        <ele>14.19999980926513671875</ele>
        <time>2026-09-29T22:30:15.000Z</time>
        <extensions>
          <ns3:TrackPointExtension>
            <ns3:hr>135</ns3:hr>
            <ns3:cad>94</ns3:cad>
          </ns3:TrackPointExtension>
        </extensions>
      </trkpt>
      <trkpt lat="22.6002489030361175537109375" lon="113.8815098069608211517333984375">
        <ele>14.19999980926513671875</ele>
        <time>2026-09-29T22:30:16.000Z</time>
        <extensions>
          <ns3:TrackPointExtension>
            <ns3:hr>135</ns3:hr>
            <ns3:cad>95</ns3:cad>
          </ns3:TrackPointExtension>
        </extensions>
      </trkpt>
      <trkpt lat="22.6002594642341136932373046875" lon="113.88153805397450923919677734375">
        <ele>14.19999980926513671875</ele>
        <time>2026-09-29T22:30:17.000Z</time>
        <extensions>
          <ns3:TrackPointExtension>
            <ns3:hr>135</ns3:hr>
            <ns3:cad>95</ns3:cad>
          </ns3:TrackPointExtension>
        </extensions>
      </trkpt>
      <trkpt lat="22.600269354879856109619140625" lon="113.88156755827367305755615234375">
        <ele>14.19999980926513671875</ele>
        <time>2026-09-29T22:30:18.000Z</time>
        <extensions>
          <ns3:TrackPointExtension>
            <ns3:hr>134</ns3:hr>
            <ns3:cad>95</ns3:cad>
          </ns3:TrackPointExtension>
        </extensions>
      </trkpt>
      <trkpt lat="22.60027907788753509521484375" lon="113.8815892674028873443603515625">
        <ele>14.19999980926513671875</ele>
        <time>2026-09-29T22:30:19.000Z</time>
        <extensions>
          <ns3:TrackPointExtension>
            <ns3:hr>134</ns3:hr>
            <ns3:cad>93</ns3:cad>
          </ns3:TrackPointExtension>
        </extensions>
      </trkpt>
      <trkpt lat="22.60029315948486328125" lon="113.8816181011497974395751953125">
        <ele>14.19999980926513671875</ele>
        <time>2026-09-29T22:30:20.000Z</time>
        <extensions>
          <ns3:TrackPointExtension>
            <ns3:hr>134</ns3:hr>
            <ns3:cad>93</ns3:cad>
          </ns3:TrackPointExtension>
        </extensions>
      </trkpt>
      <trkpt lat="22.60030514560639858245849609375" lon="113.881638050079345703125">
        <ele>14.19999980926513671875</ele>
        <time>2026-09-29T22:30:21.000Z</time>
        <extensions>
          <ns3:TrackPointExtension>
            <ns3:hr>134</ns3:hr>
            <ns3:cad>94</ns3:cad>
          </ns3:TrackPointExtension>
        </extensions>
      </trkpt>
      <trkpt lat="22.60031201876699924468994140625" lon="113.8816693983972072601318359375">
        <ele>14.19999980926513671875</ele>
        <time>2026-09-29T22:30:22.000Z</time>
        <extensions>
          <ns3:TrackPointExtension>
            <ns3:hr>135</ns3:hr>
            <ns3:cad>95</ns3:cad>
          </ns3:TrackPointExtension>
        </extensions>
      </trkpt>
      <trkpt lat="22.6003245078027248382568359375" lon="113.88168993405997753143310546875">
        <ele>14.19999980926513671875</ele>
        <time>2026-09-29T22:30:23.000Z</time>
        <extensions>
          <ns3:TrackPointExtension>
            <ns3:hr>135</ns3:hr>
            <ns3:cad>95</ns3:cad>
          </ns3:TrackPointExtension>
        </extensions>
      </trkpt>
      <trkpt lat="22.60033213533461093902587890625" lon="113.881716839969158172607421875">
        <ele>14.19999980926513671875</ele>
        <time>2026-09-29T22:30:24.000Z</time>
        <extensions>
          <ns3:TrackPointExtension>
            <ns3:hr>134</ns3:hr>
            <ns3:cad>95</ns3:cad>
          </ns3:TrackPointExtension>
        </extensions>
      </trkpt>
      <trkpt lat="22.60034319944679737091064453125" lon="113.8817439973354339599609375">
        <ele>14.19999980926513671875</ele>
        <time>2026-09-29T22:30:25.000Z</time>
        <extensions>
          <ns3:TrackPointExtension>
            <ns3:hr>134</ns3:hr>
            <ns3:cad>95</ns3:cad>
          </ns3:TrackPointExtension>
        </extensions>
      </trkpt>
      <trkpt lat="22.60035459883511066436767578125" lon="113.88176721520721912384033203125">
        <ele>14.19999980926513671875</ele>
        <time>2026-09-29T22:30:26.000Z</time>
        <extensions>
          <ns3:TrackPointExtension>
            <ns3:hr>134</ns3:hr>
            <ns3:cad>95</ns3:cad>
          </ns3:TrackPointExtension>
        </extensions>
      </trkpt>
      <trkpt lat="22.60036817751824855804443359375" lon="113.88179806061089038848876953125">
        <ele>14.19999980926513671875</ele>
        <time>2026-09-29T22:30:27.000Z</time>
        <extensions>
          <ns3:TrackPointExtension>
            <ns3:hr>133</ns3:hr>
            <ns3:cad>93</ns3:cad>
          </ns3:TrackPointExtension>
        </extensions>
      </trkpt>
      <trkpt lat="22.60037831962108612060546875" lon="113.881819434463977813720703125">
        <ele>14.19999980926513671875</ele>
        <time>2026-09-29T22:30:28.000Z</time>
        <extensions>
          <ns3:TrackPointExtension>
            <ns3:hr>133</ns3:hr>
            <ns3:cad>93</ns3:cad>
          </ns3:TrackPointExtension>
        </extensions>
      </trkpt>
      <trkpt lat="22.600392401218414306640625" lon="113.881848938763141632080078125">
        <ele>14</ele>
        <time>2026-09-29T22:30:29.000Z</time>
        <extensions>
          <ns3:TrackPointExtension>
            <ns3:hr>133</ns3:hr>
            <ns3:cad>94</ns3:cad>
          </ns3:TrackPointExtension>
        </extensions>
      </trkpt>
      <trkpt lat="22.60040572844445705413818359375" lon="113.8818688876926898956298828125">
        <ele>14</ele>
        <time>2026-09-29T22:30:30.000Z</time>
        <extensions>
          <ns3:TrackPointExtension>
            <ns3:hr>132</ns3:hr>
            <ns3:cad>94</ns3:cad>
          </ns3:TrackPointExtension>
        </extensions>
      </trkpt>
      <trkpt lat="22.600416205823421478271484375" lon="113.881897889077663421630859375">
        <ele>14</ele>
        <time>2026-09-29T22:30:31.000Z</time>
        <extensions>
          <ns3:TrackPointExtension>
            <ns3:hr>132</ns3:hr>
            <ns3:cad>94</ns3:cad>
          </ns3:TrackPointExtension>
        </extensions>
      </trkpt>
      <trkpt lat="22.600430957973003387451171875" lon="113.8819198496639728546142578125">
        <ele>13.80000019073486328125</ele>
        <time>2026-09-29T22:30:32.000Z</time>
        <extensions>
          <ns3:TrackPointExtension>
            <ns3:hr>132</ns3:hr>
            <ns3:cad>92</ns3:cad>
          </ns3:TrackPointExtension>
        </extensions>
      </trkpt>
      <trkpt lat="22.6004411838948726654052734375" lon="113.88194583356380462646484375">
        <ele>13.80000019073486328125</ele>
        <time>2026-09-29T22:30:33.000Z</time>
        <extensions>
          <ns3:TrackPointExtension>
            <ns3:hr>131</ns3:hr>
            <ns3:cad>92</ns3:cad>
          </ns3:TrackPointExtension>
        </extensions>
      </trkpt>
      <trkpt lat="22.60045467875897884368896484375" lon="113.881972320377826690673828125">
        <ele>13.80000019073486328125</ele>
        <time>2026-09-29T22:30:34.000Z</time>
        <extensions>
          <ns3:TrackPointExtension>
            <ns3:hr>131</ns3:hr>
            <ns3:cad>92</ns3:cad>
          </ns3:TrackPointExtension>
        </extensions>
      </trkpt>
      <trkpt lat="22.6004663296043872833251953125" lon="113.88199654407799243927001953125">
        <ele>13.80000019073486328125</ele>
        <time>2026-09-29T22:30:35.000Z</time>
        <extensions>
          <ns3:TrackPointExtension>
            <ns3:hr>132</ns3:hr>
            <ns3:cad>93</ns3:cad>
          </ns3:TrackPointExtension>
        </extensions>
      </trkpt>
      <trkpt lat="22.60047781281173229217529296875" lon="113.88203107751905918121337890625">
        <ele>13.80000019073486328125</ele>
        <time>2026-09-29T22:30:36.000Z</time>
        <extensions>
          <ns3:TrackPointExtension>
            <ns3:hr>132</ns3:hr>
            <ns3:cad>93</ns3:cad>
          </ns3:TrackPointExtension>
        </extensions>
      </trkpt>
      <trkpt lat="22.6004897989332675933837890625" lon="113.88205370865762233734130859375">
        <ele>13.80000019073486328125</ele>
        <time>2026-09-29T22:30:37.000Z</time>
        <extensions>
          <ns3:TrackPointExtension>
            <ns3:hr>131</ns3:hr>
            <ns3:cad>92</ns3:cad>
          </ns3:TrackPointExtension>
        </extensions>
      </trkpt>
      <trkpt lat="22.60050178505480289459228515625" lon="113.88208664953708648681640625">
        <ele>13.80000019073486328125</ele>
        <time>2026-09-29T22:30:38.000Z</time>
        <extensions>
          <ns3:TrackPointExtension>
            <ns3:hr>131</ns3:hr>
            <ns3:cad>92</ns3:cad>
          </ns3:TrackPointExtension>
        </extensions>
      </trkpt>
      <trkpt lat="22.60051603429019451141357421875" lon="113.88210542500019073486328125">
        <ele>13.80000019073486328125</ele>
        <time>2026-09-29T22:30:39.000Z</time>
        <extensions>
          <ns3:TrackPointExtension>
            <ns3:hr>131</ns3:hr>
            <ns3:cad>92</ns3:cad>
          </ns3:TrackPointExtension>
        </extensions>
      </trkpt>
      <trkpt lat="22.6005219854414463043212890625" lon="113.882136605679988861083984375">
        <ele>13.80000019073486328125</ele>
        <time>2026-09-29T22:30:40.000Z</time>
        <extensions>
          <ns3:TrackPointExtension>
            <ns3:hr>131</ns3:hr>
            <ns3:cad>93</ns3:cad>
          </ns3:TrackPointExtension>
        </extensions>
      </trkpt>
      <trkpt lat="22.6005333848297595977783203125" lon="113.88216183520853519439697265625">
        <ele>13.80000019073486328125</ele>
        <time>2026-09-29T22:30:41.000Z</time>
        <extensions>
          <ns3:TrackPointExtension>
            <ns3:hr>131</ns3:hr>
            <ns3:cad>94</ns3:cad>
          </ns3:TrackPointExtension>
        </extensions>
      </trkpt>
      <trkpt lat="22.60054193437099456787109375" lon="113.882187902927398681640625">
        <ele>13.80000019073486328125</ele>
        <time>2026-09-29T22:30:42.000Z</time>
        <extensions>
          <ns3:TrackPointExtension>
            <ns3:hr>130</ns3:hr>
            <ns3:cad>94</ns3:cad>
          </ns3:TrackPointExtension>
        </extensions>
      </trkpt>
      <trkpt lat="22.6005538366734981536865234375" lon="113.88221866451203823089599609375">
        <ele>13.80000019073486328125</ele>
        <time>2026-09-29T22:30:43.000Z</time>
        <extensions>
          <ns3:TrackPointExtension>
            <ns3:hr>130</ns3:hr>
            <ns3:cad>94</ns3:cad>
          </ns3:TrackPointExtension>
        </extensions>
      </trkpt>
      <trkpt lat="22.6005669124424457550048828125" lon="113.882245235145092010498046875">
        <ele>13.80000019073486328125</ele>
        <time>2026-09-29T22:30:44.000Z</time>
        <extensions>
          <ns3:TrackPointExtension>
            <ns3:hr>130</ns3:hr>
            <ns3:cad>93</ns3:cad>
          </ns3:TrackPointExtension>
        </extensions>
      </trkpt>
      <trkpt lat="22.600580155849456787109375" lon="113.882276080548763275146484375">
        <ele>13.80000019073486328125</ele>
        <time>2026-09-29T22:30:45.000Z</time>
        <extensions>
          <ns3:TrackPointExtension>
            <ns3:hr>129</ns3:hr>
            <ns3:cad>93</ns3:cad>
          </ns3:TrackPointExtension>
        </extensions>
      </trkpt>
      <trkpt lat="22.60059155523777008056640625" lon="113.8822977058589458465576171875">
        <ele>13.80000019073486328125</ele>
        <time>2026-09-29T22:30:46.000Z</time>
        <extensions>
          <ns3:TrackPointExtension>
            <ns3:hr>129</ns3:hr>
            <ns3:cad>93</ns3:cad>
          </ns3:TrackPointExtension>
        </extensions>
      </trkpt>
      <trkpt lat="22.6006014458835124969482421875" lon="113.88233114965260028839111328125">
        <ele>13.80000019073486328125</ele>
        <time>2026-09-29T22:30:47.000Z</time>
        <extensions>
          <ns3:TrackPointExtension>
            <ns3:hr>129</ns3:hr>
            <ns3:cad>94</ns3:cad>
          </ns3:TrackPointExtension>
        </extensions>
      </trkpt>
      <trkpt lat="22.60061225853860378265380859375" lon="113.88235461898148059844970703125">
        <ele>13.80000019073486328125</ele>
        <time>2026-09-29T22:30:48.000Z</time>
        <extensions>
          <ns3:TrackPointExtension>
            <ns3:hr>129</ns3:hr>
            <ns3:cad>94</ns3:cad>
          </ns3:TrackPointExtension>
        </extensions>
      </trkpt>
      <trkpt lat="22.60061946697533130645751953125" lon="113.88238177634775638580322265625">
        <ele>13.6000003814697265625</ele>
        <time>2026-09-29T22:30:49.000Z</time>
        <extensions>
          <ns3:TrackPointExtension>
            <ns3:hr>129</ns3:hr>
            <ns3:cad>94</ns3:cad>
          </ns3:TrackPointExtension>
        </extensions>
      </trkpt>
      <trkpt lat="22.60063254274427890777587890625" lon="113.882410861551761627197265625">
        <ele>13.6000003814697265625</ele>
        <time>2026-09-29T22:30:50.000Z</time>
        <extensions>
          <ns3:TrackPointExtension>
            <ns3:hr>129</ns3:hr>
            <ns3:cad>93</ns3:cad>
          </ns3:TrackPointExtension>
        </extensions>
      </trkpt>
      <trkpt lat="22.6006458699703216552734375" lon="113.882433660328388214111328125">
        <ele>13.6000003814697265625</ele>
        <time>2026-09-29T22:30:51.000Z</time>
        <extensions>
          <ns3:TrackPointExtension>
            <ns3:hr>128</ns3:hr>
            <ns3:cad>93</ns3:cad>
          </ns3:TrackPointExtension>
        </extensions>
      </trkpt>
      <trkpt lat="22.6006638072431087493896484375" lon="113.88246810995042324066162109375">
        <ele>13.6000003814697265625</ele>
        <time>2026-09-29T22:30:52.000Z</time>
        <extensions>
          <ns3:TrackPointExtension>
            <ns3:hr>128</ns3:hr>
            <ns3:cad>93</ns3:cad>
          </ns3:TrackPointExtension>
        </extensions>
      </trkpt>
      <trkpt lat="22.60067579336464405059814453125" lon="113.8824911601841449737548828125">
        <ele>13.80000019073486328125</ele>
        <time>2026-09-29T22:30:53.000Z</time>
        <extensions>
          <ns3:TrackPointExtension>
            <ns3:hr>129</ns3:hr>
            <ns3:cad>93</ns3:cad>
          </ns3:TrackPointExtension>
        </extensions>
      </trkpt>
      <trkpt lat="22.60068417526781558990478515625" lon="113.88252275995910167694091796875">
        <ele>13.80000019073486328125</ele>
        <time>2026-09-29T22:30:54.000Z</time>
        <extensions>
          <ns3:TrackPointExtension>
            <ns3:hr>129</ns3:hr>
            <ns3:cad>94</ns3:cad>
          </ns3:TrackPointExtension>
        </extensions>
      </trkpt>
      <trkpt lat="22.6006990112364292144775390625" lon="113.8825441338121891021728515625">
        <ele>13.80000019073486328125</ele>
        <time>2026-09-29T22:30:55.000Z</time>
        <extensions>
          <ns3:TrackPointExtension>
            <ns3:hr>129</ns3:hr>
            <ns3:cad>94</ns3:cad>
          </ns3:TrackPointExtension>
        </extensions>
      </trkpt>
      <trkpt lat="22.6007090695202350616455078125" lon="113.88257347047328948974609375">
        <ele>13.80000019073486328125</ele>
        <time>2026-09-29T22:30:56.000Z</time>
        <extensions>
          <ns3:TrackPointExtension>
            <ns3:hr>129</ns3:hr>
            <ns3:cad>94</ns3:cad>
          </ns3:TrackPointExtension>
        </extensions>
      </trkpt>
      <trkpt lat="22.6007241569459438323974609375" lon="113.88260188512504100799560546875">
        <ele>13.80000019073486328125</ele>
        <time>2026-09-29T22:30:57.000Z</time>
        <extensions>
          <ns3:TrackPointExtension>
            <ns3:hr>130</ns3:hr>
            <ns3:cad>94</ns3:cad>
          </ns3:TrackPointExtension>
        </extensions>
      </trkpt>
      <trkpt lat="22.60073832236230373382568359375" lon="113.88262401334941387176513671875">
        <ele>13.80000019073486328125</ele>
        <time>2026-09-29T22:30:58.000Z</time>
        <extensions>
          <ns3:TrackPointExtension>
            <ns3:hr>130</ns3:hr>
            <ns3:cad>94</ns3:cad>
          </ns3:TrackPointExtension>
        </extensions>
      </trkpt>
      <trkpt lat="22.60075357742607593536376953125" lon="113.88265796005725860595703125">
        <ele>13.80000019073486328125</ele>
        <time>2026-09-29T22:30:59.000Z</time>
        <extensions>
          <ns3:TrackPointExtension>
            <ns3:hr>130</ns3:hr>
            <ns3:cad>94</ns3:cad>
          </ns3:TrackPointExtension>
        </extensions>
      </trkpt>
      <trkpt lat="22.60077101178467273712158203125" lon="113.8826787471771240234375">
        <ele>13.80000019073486328125</ele>
        <time>2026-09-29T22:31:00.000Z</time>
        <extensions>
          <ns3:TrackPointExtension>
            <ns3:hr>130</ns3:hr>
            <ns3:cad>94</ns3:cad>
          </ns3:TrackPointExtension>
        </extensions>
      </trkpt>
      <trkpt lat="22.60078576393425464630126953125" lon="113.8827087543904781341552734375">
        <ele>13.6000003814697265625</ele>
        <time>2026-09-29T22:31:01.000Z</time>
        <extensions>
          <ns3:TrackPointExtension>
            <ns3:hr>131</ns3:hr>
            <ns3:cad>94</ns3:cad>
          </ns3:TrackPointExtension>
        </extensions>
      </trkpt>
      <trkpt lat="22.6008041203022003173828125" lon="113.88273029588162899017333984375">
        <ele>13.6000003814697265625</ele>
        <time>2026-09-29T22:31:02.000Z</time>
        <extensions>
          <ns3:TrackPointExtension>
            <ns3:hr>131</ns3:hr>
            <ns3:cad>95</ns3:cad>
          </ns3:TrackPointExtension>
        </extensions>
      </trkpt>
      <trkpt lat="22.60081627406179904937744140625" lon="113.88275317847728729248046875">
        <ele>13.6000003814697265625</ele>
        <time>2026-09-29T22:31:03.000Z</time>
        <extensions>
          <ns3:TrackPointExtension>
            <ns3:hr>131</ns3:hr>
            <ns3:cad>95</ns3:cad>
          </ns3:TrackPointExtension>
        </extensions>
      </trkpt>
      <trkpt lat="22.6008327864110469818115234375" lon="113.88278134167194366455078125">
        <ele>13.6000003814697265625</ele>
        <time>2026-09-29T22:31:04.000Z</time>
        <extensions>
          <ns3:TrackPointExtension>
            <ns3:hr>132</ns3:hr>
            <ns3:cad>94</ns3:cad>
          </ns3:TrackPointExtension>
        </extensions>
      </trkpt>
      <trkpt lat="22.60083856992423534393310546875" lon="113.88280590064823627471923828125">
        <ele>13.6000003814697265625</ele>
        <time>2026-09-29T22:31:05.000Z</time>
        <extensions>
          <ns3:TrackPointExtension>
            <ns3:hr>132</ns3:hr>
            <ns3:cad>94</ns3:cad>
          </ns3:TrackPointExtension>
        </extensions>
      </trkpt>
      <trkpt lat="22.60084779001772403717041015625" lon="113.882842361927032470703125">
        <ele>13.80000019073486328125</ele>
        <time>2026-09-29T22:31:06.000Z</time>
        <extensions>
          <ns3:TrackPointExtension>
            <ns3:hr>132</ns3:hr>
            <ns3:cad>94</ns3:cad>
          </ns3:TrackPointExtension>
        </extensions>
      </trkpt>
      <trkpt lat="22.6008502207696437835693359375" lon="113.88286557979881763458251953125">
        <ele>13.80000019073486328125</ele>
        <time>2026-09-29T22:31:07.000Z</time>
        <extensions>
          <ns3:TrackPointExtension>
            <ns3:hr>132</ns3:hr>
            <ns3:cad>94</ns3:cad>
          </ns3:TrackPointExtension>
        </extensions>
      </trkpt>
      <trkpt lat="22.60085013695061206817626953125" lon="113.8829025439918041229248046875">
        <ele>13.6000003814697265625</ele>
        <time>2026-09-29T22:31:08.000Z</time>
        <extensions>
          <ns3:TrackPointExtension>
            <ns3:hr>133</ns3:hr>
            <ns3:cad>94</ns3:cad>
          </ns3:TrackPointExtension>
        </extensions>
      </trkpt>
      <trkpt lat="22.60085843503475189208984375" lon="113.8829216547310352325439453125">
        <ele>13.6000003814697265625</ele>
        <time>2026-09-29T22:31:09.000Z</time>
        <extensions>
          <ns3:TrackPointExtension>
            <ns3:hr>133</ns3:hr>
            <ns3:cad>94</ns3:cad>
          </ns3:TrackPointExtension>
        </extensions>
      </trkpt>
      <trkpt lat="22.60086782276630401611328125" lon="113.882949985563755035400390625">
        <ele>13.6000003814697265625</ele>
        <time>2026-09-29T22:31:10.000Z</time>
        <extensions>
          <ns3:TrackPointExtension>
            <ns3:hr>132</ns3:hr>
            <ns3:cad>93</ns3:cad>
          </ns3:TrackPointExtension>
        </extensions>
      </trkpt>
      <trkpt lat="22.60088182054460048675537109375" lon="113.88296968303620815277099609375">
        <ele>13.6000003814697265625</ele>
        <time>2026-09-29T22:31:11.000Z</time>
        <extensions>
          <ns3:TrackPointExtension>
            <ns3:hr>133</ns3:hr>
            <ns3:cad>93</ns3:cad>
          </ns3:TrackPointExtension>
        </extensions>
      </trkpt>
      <trkpt lat="22.60089221410453319549560546875" lon="113.8829957507550716400146484375">
        <ele>13.3999996185302734375</ele>
        <time>2026-09-29T22:31:12.000Z</time>
        <extensions>
          <ns3:TrackPointExtension>
            <ns3:hr>133</ns3:hr>
            <ns3:cad>93</ns3:cad>
          </ns3:TrackPointExtension>
        </extensions>
      </trkpt>
      <trkpt lat="22.60090780444443225860595703125" lon="113.88301695697009563446044921875">
        <ele>13.6000003814697265625</ele>
        <time>2026-09-29T22:31:13.000Z</time>
        <extensions>
          <ns3:TrackPointExtension>
            <ns3:hr>132</ns3:hr>
            <ns3:cad>93</ns3:cad>
          </ns3:TrackPointExtension>
        </extensions>
      </trkpt>
      <trkpt lat="22.60091501288115978240966796875" lon="113.8830396719276905059814453125">
        <ele>13.6000003814697265625</ele>
        <time>2026-09-29T22:31:14.000Z</time>
        <extensions>
          <ns3:TrackPointExtension>
            <ns3:hr>132</ns3:hr>
            <ns3:cad>92</ns3:cad>
          </ns3:TrackPointExtension>
        </extensions>
      </trkpt>
      <trkpt lat="22.6009253226220607757568359375" lon="113.8830705173313617706298828125">
        <ele>13.6000003814697265625</ele>
        <time>2026-09-29T22:31:15.000Z</time>
        <extensions>
          <ns3:TrackPointExtension>
            <ns3:hr>132</ns3:hr>
            <ns3:cad>92</ns3:cad>
          </ns3:TrackPointExtension>
        </extensions>
      </trkpt>
      <trkpt lat="22.60093353688716888427734375" lon="113.8830956630408763885498046875">
        <ele>13.6000003814697265625</ele>
        <time>2026-09-29T22:31:16.000Z</time>
        <extensions>
          <ns3:TrackPointExtension>
            <ns3:hr>132</ns3:hr>
            <ns3:cad>92</ns3:cad>
          </ns3:TrackPointExtension>
        </extensions>
      </trkpt>
      <trkpt lat="22.60094535537064075469970703125" lon="113.883126340806484222412109375">
        <ele>13.6000003814697265625</ele>
        <time>2026-09-29T22:31:17.000Z</time>
        <extensions>
          <ns3:TrackPointExtension>
            <ns3:hr>132</ns3:hr>
            <ns3:cad>92</ns3:cad>
          </ns3:TrackPointExtension>
        </extensions>
      </trkpt>
      <trkpt lat="22.60095910169184207916259765625" lon="113.883150480687618255615234375">
        <ele>13.6000003814697265625</ele>
        <time>2026-09-29T22:31:18.000Z</time>
        <extensions>
          <ns3:TrackPointExtension>
            <ns3:hr>132</ns3:hr>
            <ns3:cad>92</ns3:cad>
          </ns3:TrackPointExtension>
        </extensions>
      </trkpt>
      <trkpt lat="22.6009690761566162109375" lon="113.883176632225513458251953125">
        <ele>13.6000003814697265625</ele>
        <time>2026-09-29T22:31:19.000Z</time>
        <extensions>
          <ns3:TrackPointExtension>
            <ns3:hr>132</ns3:hr>
            <ns3:cad>93</ns3:cad>
          </ns3:TrackPointExtension>
        </extensions>
      </trkpt>
      <trkpt lat="22.600982151925563812255859375" lon="113.88319917954504489898681640625">
        <ele>13.6000003814697265625</ele>
        <time>2026-09-29T22:31:20.000Z</time>
        <extensions>
          <ns3:TrackPointExtension>
            <ns3:hr>132</ns3:hr>
            <ns3:cad>93</ns3:cad>
          </ns3:TrackPointExtension>
        </extensions>
      </trkpt>
      <trkpt lat="22.60099011473357677459716796875" lon="113.88322683982551097869873046875">
        <ele>13.6000003814697265625</ele>
        <time>2026-09-29T22:31:21.000Z</time>
        <extensions>
          <ns3:TrackPointExtension>
            <ns3:hr>132</ns3:hr>
            <ns3:cad>93</ns3:cad>
          </ns3:TrackPointExtension>
        </extensions>
      </trkpt>
      <trkpt lat="22.60100268758833408355712890625" lon="113.88325475156307220458984375">
        <ele>13.6000003814697265625</ele>
        <time>2026-09-29T22:31:22.000Z</time>
        <extensions>
          <ns3:TrackPointExtension>
            <ns3:hr>132</ns3:hr>
            <ns3:cad>93</ns3:cad>
          </ns3:TrackPointExtension>
        </extensions>
      </trkpt>
      <trkpt lat="22.60100997984409332275390625" lon="113.883281238377094268798828125">
        <ele>13.3999996185302734375</ele>
        <time>2026-09-29T22:31:23.000Z</time>
        <extensions>
          <ns3:TrackPointExtension>
            <ns3:hr>132</ns3:hr>
            <ns3:cad>93</ns3:cad>
          </ns3:TrackPointExtension>
        </extensions>
      </trkpt>
      <trkpt lat="22.60102582164108753204345703125" lon="113.8833129219710826873779296875">
        <ele>13.3999996185302734375</ele>
        <time>2026-09-29T22:31:24.000Z</time>
        <extensions>
          <ns3:TrackPointExtension>
            <ns3:hr>132</ns3:hr>
            <ns3:cad>93</ns3:cad>
          </ns3:TrackPointExtension>
        </extensions>
      </trkpt>
      <trkpt lat="22.6010376401245594024658203125" lon="113.88333161361515522003173828125">
        <ele>13.3999996185302734375</ele>
        <time>2026-09-29T22:31:25.000Z</time>
        <extensions>
          <ns3:TrackPointExtension>
            <ns3:hr>132</ns3:hr>
            <ns3:cad>94</ns3:cad>
          </ns3:TrackPointExtension>
        </extensions>
      </trkpt>
      <trkpt lat="22.6010490395128726959228515625" lon="113.88336338102817535400390625">
        <ele>13.3999996185302734375</ele>
        <time>2026-09-29T22:31:26.000Z</time>
        <extensions>
          <ns3:TrackPointExtension>
            <ns3:hr>132</ns3:hr>
            <ns3:cad>94</ns3:cad>
          </ns3:TrackPointExtension>
        </extensions>
      </trkpt>
      <trkpt lat="22.6010668091475963592529296875" lon="113.88338509015738964080810546875">
        <ele>13.3999996185302734375</ele>
        <time>2026-09-29T22:31:27.000Z</time>
        <extensions>
          <ns3:TrackPointExtension>
            <ns3:hr>132</ns3:hr>
            <ns3:cad>93</ns3:cad>
          </ns3:TrackPointExtension>
        </extensions>
      </trkpt>
      <trkpt lat="22.6010768674314022064208984375" lon="113.88341157697141170501708984375">
        <ele>13.3999996185302734375</ele>
        <time>2026-09-29T22:31:28.000Z</time>
        <extensions>
          <ns3:TrackPointExtension>
            <ns3:hr>132</ns3:hr>
            <ns3:cad>93</ns3:cad>
          </ns3:TrackPointExtension>
        </extensions>
      </trkpt>
      <trkpt lat="22.60109304450452327728271484375" lon="113.883436806499958038330078125">
        <ele>13.3999996185302734375</ele>
        <time>2026-09-29T22:31:29.000Z</time>
        <extensions>
          <ns3:TrackPointExtension>
            <ns3:hr>132</ns3:hr>
            <ns3:cad>93</ns3:cad>
          </ns3:TrackPointExtension>
        </extensions>
      </trkpt>
      <trkpt lat="22.60110461153090000152587890625" lon="113.8834604434669017791748046875">
        <ele>13.3999996185302734375</ele>
        <time>2026-09-29T22:31:30.000Z</time>
        <extensions>
          <ns3:TrackPointExtension>
            <ns3:hr>131</ns3:hr>
            <ns3:cad>93</ns3:cad>
          </ns3:TrackPointExtension>
        </extensions>
      </trkpt>
      <trkpt lat="22.6011248119175434112548828125" lon="113.88348919339478015899658203125">
        <ele>13.3999996185302734375</ele>
        <time>2026-09-29T22:31:31.000Z</time>
        <extensions>
          <ns3:TrackPointExtension>
            <ns3:hr>132</ns3:hr>
            <ns3:cad>94</ns3:cad>
          </ns3:TrackPointExtension>
        </extensions>
      </trkpt>
      <trkpt lat="22.6011378876864910125732421875" lon="113.8835093937814235687255859375">
        <ele>13.3999996185302734375</ele>
        <time>2026-09-29T22:31:32.000Z</time>
        <extensions>
          <ns3:TrackPointExtension>
            <ns3:hr>132</ns3:hr>
            <ns3:cad>94</ns3:cad>
          </ns3:TrackPointExtension>
        </extensions>
      </trkpt>
      <trkpt lat="22.60114987380802631378173828125" lon="113.88353772461414337158203125">
        <ele>13.3999996185302734375</ele>
        <time>2026-09-29T22:31:33.000Z</time>
        <extensions>
          <ns3:TrackPointExtension>
            <ns3:hr>132</ns3:hr>
            <ns3:cad>94</ns3:cad>
          </ns3:TrackPointExtension>
        </extensions>
      </trkpt>
      <trkpt lat="22.60116261430084705352783203125" lon="113.8835570029914379119873046875">
        <ele>13.6000003814697265625</ele>
        <time>2026-09-29T22:31:34.000Z</time>
        <extensions>
          <ns3:TrackPointExtension>
            <ns3:hr>132</ns3:hr>
            <ns3:cad>93</ns3:cad>
          </ns3:TrackPointExtension>
        </extensions>
      </trkpt>
      <trkpt lat="22.6011689007282257080078125" lon="113.88358340598642826080322265625">
        <ele>13.6000003814697265625</ele>
        <time>2026-09-29T22:31:35.000Z</time>
        <extensions>
          <ns3:TrackPointExtension>
            <ns3:hr>132</ns3:hr>
            <ns3:cad>93</ns3:cad>
          </ns3:TrackPointExtension>
        </extensions>
      </trkpt>
      <trkpt lat="22.60117166675627231597900390625" lon="113.88360335491597652435302734375">
        <ele>13.6000003814697265625</ele>
        <time>2026-09-29T22:31:36.000Z</time>
        <extensions>
          <ns3:TrackPointExtension>
            <ns3:hr>132</ns3:hr>
            <ns3:cad>93</ns3:cad>
          </ns3:TrackPointExtension>
        </extensions>
      </trkpt>
      <trkpt lat="22.60117837227880954742431640625" lon="113.88362933881580829620361328125">
        <ele>13.6000003814697265625</ele>
        <time>2026-09-29T22:31:37.000Z</time>
        <extensions>
          <ns3:TrackPointExtension>
            <ns3:hr>132</ns3:hr>
            <ns3:cad>93</ns3:cad>
          </ns3:TrackPointExtension>
        </extensions>
      </trkpt>
      <trkpt lat="22.60118298232555389404296875" lon="113.88365196995437145233154296875">
        <ele>13.6000003814697265625</ele>
        <time>2026-09-29T22:31:38.000Z</time>
        <extensions>
          <ns3:TrackPointExtension>
            <ns3:hr>133</ns3:hr>
            <ns3:cad>94</ns3:cad>
          </ns3:TrackPointExtension>
        </extensions>
      </trkpt>
      <trkpt lat="22.6011922024190425872802734375" lon="113.8836766965687274932861328125">
        <ele>13.6000003814697265625</ele>
        <time>2026-09-29T22:31:39.000Z</time>
        <extensions>
          <ns3:TrackPointExtension>
            <ns3:hr>133</ns3:hr>
            <ns3:cad>94</ns3:cad>
          </ns3:TrackPointExtension>
        </extensions>
      </trkpt>
      <trkpt lat="22.6012022607028484344482421875" lon="113.8836998306214809417724609375">
        <ele>13.6000003814697265625</ele>
        <time>2026-09-29T22:31:40.000Z</time>
        <extensions>
          <ns3:TrackPointExtension>
            <ns3:hr>133</ns3:hr>
            <ns3:cad>93</ns3:cad>
          </ns3:TrackPointExtension>
        </extensions>
      </trkpt>
      <trkpt lat="22.60121005587279796600341796875" lon="113.88371919281780719757080078125">
        <ele>13.6000003814697265625</ele>
        <time>2026-09-29T22:31:41.000Z</time>
        <extensions>
          <ns3:TrackPointExtension>
            <ns3:hr>133</ns3:hr>
            <ns3:cad>93</ns3:cad>
          </ns3:TrackPointExtension>
        </extensions>
      </trkpt>
      <trkpt lat="22.60122464038431644439697265625" lon="113.88374014757573604583740234375">
        <ele>13.80000019073486328125</ele>
        <time>2026-09-29T22:31:42.000Z</time>
        <extensions>
          <ns3:TrackPointExtension>
            <ns3:hr>133</ns3:hr>
            <ns3:cad>93</ns3:cad>
          </ns3:TrackPointExtension>
        </extensions>
      </trkpt>
      <trkpt lat="22.601234279572963714599609375" lon="113.88376344926655292510986328125">
        <ele>13.80000019073486328125</ele>
        <time>2026-09-29T22:31:43.000Z</time>
        <extensions>
          <ns3:TrackPointExtension>
            <ns3:hr>133</ns3:hr>
            <ns3:cad>93</ns3:cad>
          </ns3:TrackPointExtension>
        </extensions>
      </trkpt>
      <trkpt lat="22.60124961845576763153076171875" lon="113.88378960080444812774658203125">
        <ele>13.80000019073486328125</ele>
        <time>2026-09-29T22:31:44.000Z</time>
        <extensions>
          <ns3:TrackPointExtension>
            <ns3:hr>133</ns3:hr>
            <ns3:cad>94</ns3:cad>
          </ns3:TrackPointExtension>
        </extensions>
      </trkpt>
      <trkpt lat="22.6012600958347320556640625" lon="113.8838134892284870147705078125">
        <ele>13.80000019073486328125</ele>
        <time>2026-09-29T22:31:45.000Z</time>
        <extensions>
          <ns3:TrackPointExtension>
            <ns3:hr>134</ns3:hr>
            <ns3:cad>94</ns3:cad>
          </ns3:TrackPointExtension>
        </extensions>
      </trkpt>
      <trkpt lat="22.601275183260440826416015625" lon="113.88383955694735050201416015625">
        <ele>13.80000019073486328125</ele>
        <time>2026-09-29T22:31:46.000Z</time>
        <extensions>
          <ns3:TrackPointExtension>
            <ns3:hr>133</ns3:hr>
            <ns3:cad>94</ns3:cad>
          </ns3:TrackPointExtension>
        </extensions>
      </trkpt>
      <trkpt lat="22.60128884576261043548583984375" lon="113.88386453501880168914794921875">
        <ele>13.80000019073486328125</ele>
        <time>2026-09-29T22:31:47.000Z</time>
        <extensions>
          <ns3:TrackPointExtension>
            <ns3:hr>133</ns3:hr>
            <ns3:cad>93</ns3:cad>
          </ns3:TrackPointExtension>
        </extensions>
      </trkpt>
      <trkpt lat="22.60130560956895351409912109375" lon="113.88389420695602893829345703125">
        <ele>14</ele>
        <time>2026-09-29T22:31:48.000Z</time>
        <extensions>
          <ns3:TrackPointExtension>
            <ns3:hr>133</ns3:hr>
            <ns3:cad>93</ns3:cad>
          </ns3:TrackPointExtension>
        </extensions>
      </trkpt>
      <trkpt lat="22.60131751187145709991455078125" lon="113.88392371125519275665283203125">
        <ele>14</ele>
        <time>2026-09-29T22:31:49.000Z</time>
        <extensions>
          <ns3:TrackPointExtension>
            <ns3:hr>134</ns3:hr>
            <ns3:cad>93</ns3:cad>
          </ns3:TrackPointExtension>
        </extensions>
      </trkpt>
      <trkpt lat="22.601330839097499847412109375" lon="113.88394902460277080535888671875">
        <ele>14</ele>
        <time>2026-09-29T22:31:50.000Z</time>
        <extensions>
          <ns3:TrackPointExtension>
            <ns3:hr>133</ns3:hr>
            <ns3:cad>95</ns3:cad>
          </ns3:TrackPointExtension>
        </extensions>
      </trkpt>
      <trkpt lat="22.60133880190551280975341796875" lon="113.8839814625680446624755859375">
        <ele>14</ele>
        <time>2026-09-29T22:31:51.000Z</time>
        <extensions>
          <ns3:TrackPointExtension>
            <ns3:hr>134</ns3:hr>
            <ns3:cad>95</ns3:cad>
          </ns3:TrackPointExtension>
        </extensions>
      </trkpt>
      <trkpt lat="22.60134869255125522613525390625" lon="113.88400954194366931915283203125">
        <ele>14</ele>
        <time>2026-09-29T22:31:52.000Z</time>
        <extensions>
          <ns3:TrackPointExtension>
            <ns3:hr>134</ns3:hr>
            <ns3:cad>94</ns3:cad>
          </ns3:TrackPointExtension>
        </extensions>
      </trkpt>
      <trkpt lat="22.60135573334991931915283203125" lon="113.88403787277638912200927734375">
        <ele>14</ele>
        <time>2026-09-29T22:31:53.000Z</time>
        <extensions>
          <ns3:TrackPointExtension>
            <ns3:hr>134</ns3:hr>
            <ns3:cad>93</ns3:cad>
          </ns3:TrackPointExtension>
        </extensions>
      </trkpt>
      <trkpt lat="22.6013638637959957122802734375" lon="113.88406368903815746307373046875">
        <ele>14</ele>
        <time>2026-09-29T22:31:54.000Z</time>
        <extensions>
          <ns3:TrackPointExtension>
            <ns3:hr>133</ns3:hr>
            <ns3:cad>93</ns3:cad>
          </ns3:TrackPointExtension>
        </extensions>
      </trkpt>
      <trkpt lat="22.60137115605175495147705078125" lon="113.88408623635768890380859375">
        <ele>14</ele>
        <time>2026-09-29T22:31:55.000Z</time>
        <extensions>
          <ns3:TrackPointExtension>
            <ns3:hr>133</ns3:hr>
            <ns3:cad>93</ns3:cad>
          </ns3:TrackPointExtension>
        </extensions>
      </trkpt>
      <trkpt lat="22.6013819687068462371826171875" lon="113.88411548919975757598876953125">
        <ele>14</ele>
        <time>2026-09-29T22:31:56.000Z</time>
        <extensions>
          <ns3:TrackPointExtension>
            <ns3:hr>133</ns3:hr>
            <ns3:cad>94</ns3:cad>
          </ns3:TrackPointExtension>
        </extensions>
      </trkpt>
      <trkpt lat="22.60139244608581066131591796875" lon="113.88414264656603336334228515625">
        <ele>14</ele>
        <time>2026-09-29T22:31:57.000Z</time>
        <extensions>
          <ns3:TrackPointExtension>
            <ns3:hr>132</ns3:hr>
            <ns3:cad>94</ns3:cad>
          </ns3:TrackPointExtension>
        </extensions>
      </trkpt>
      <trkpt lat="22.6013977266848087310791015625" lon="113.88417047448456287384033203125">
        <ele>13.80000019073486328125</ele>
        <time>2026-09-29T22:31:58.000Z</time>
        <extensions>
          <ns3:TrackPointExtension>
            <ns3:hr>132</ns3:hr>
            <ns3:cad>94</ns3:cad>
          </ns3:TrackPointExtension>
        </extensions>
      </trkpt>
      <trkpt lat="22.601405940949916839599609375" lon="113.884195871651172637939453125">
        <ele>13.80000019073486328125</ele>
        <time>2026-09-29T22:31:59.000Z</time>
        <extensions>
          <ns3:TrackPointExtension>
            <ns3:hr>132</ns3:hr>
            <ns3:cad>94</ns3:cad>
          </ns3:TrackPointExtension>
        </extensions>
      </trkpt>
      <trkpt lat="22.601411305367946624755859375" lon="113.884221352636814117431640625">
        <ele>14</ele>
        <time>2026-09-29T22:32:00.000Z</time>
        <extensions>
          <ns3:TrackPointExtension>
            <ns3:hr>132</ns3:hr>
            <ns3:cad>94</ns3:cad>
          </ns3:TrackPointExtension>
        </extensions>
      </trkpt>
      <trkpt lat="22.60142044164240360260009765625" lon="113.88424959965050220489501953125">
        <ele>14</ele>
        <time>2026-09-29T22:32:01.000Z</time>
        <extensions>
          <ns3:TrackPointExtension>
            <ns3:hr>133</ns3:hr>
            <ns3:cad>94</ns3:cad>
          </ns3:TrackPointExtension>
        </extensions>
      </trkpt>
      <trkpt lat="22.601426728069782257080078125" lon="113.88427491299808025360107421875">
        <ele>14</ele>
        <time>2026-09-29T22:32:02.000Z</time>
        <extensions>
          <ns3:TrackPointExtension>
            <ns3:hr>132</ns3:hr>
            <ns3:cad>95</ns3:cad>
          </ns3:TrackPointExtension>
        </extensions>
      </trkpt>
      <trkpt lat="22.60142865590751171112060546875" lon="113.88430139981210231781005859375">
        <ele>13.80000019073486328125</ele>
        <time>2026-09-29T22:32:03.000Z</time>
        <extensions>
          <ns3:TrackPointExtension>
            <ns3:hr>132</ns3:hr>
            <ns3:cad>95</ns3:cad>
          </ns3:TrackPointExtension>
        </extensions>
      </trkpt>
      <trkpt lat="22.6014325954020023345947265625" lon="113.8843291439116001129150390625">
        <ele>13.80000019073486328125</ele>
        <time>2026-09-29T22:32:04.000Z</time>
        <extensions>
          <ns3:TrackPointExtension>
            <ns3:hr>132</ns3:hr>
            <ns3:cad>95</ns3:cad>
          </ns3:TrackPointExtension>
        </extensions>
      </trkpt>
      <trkpt lat="22.6014399714767932891845703125" lon="113.88435739092528820037841796875">
        <ele>13.80000019073486328125</ele>
        <time>2026-09-29T22:32:05.000Z</time>
        <extensions>
          <ns3:TrackPointExtension>
            <ns3:hr>132</ns3:hr>
            <ns3:cad>94</ns3:cad>
          </ns3:TrackPointExtension>
        </extensions>
      </trkpt>
      <trkpt lat="22.601448185741901397705078125" lon="113.88438102789223194122314453125">
        <ele>13.6000003814697265625</ele>
        <time>2026-09-29T22:32:06.000Z</time>
        <extensions>
          <ns3:TrackPointExtension>
            <ns3:hr>132</ns3:hr>
            <ns3:cad>93</ns3:cad>
          </ns3:TrackPointExtension>
        </extensions>
      </trkpt>
      <trkpt lat="22.60145430453121662139892578125" lon="113.88440835289657115936279296875">
        <ele>13.6000003814697265625</ele>
        <time>2026-09-29T22:32:07.000Z</time>
        <extensions>
          <ns3:TrackPointExtension>
            <ns3:hr>132</ns3:hr>
            <ns3:cad>94</ns3:cad>
          </ns3:TrackPointExtension>
        </extensions>
      </trkpt>
      <trkpt lat="22.6014604233205318450927734375" lon="113.88443366624414920806884765625">
        <ele>13.6000003814697265625</ele>
        <time>2026-09-29T22:32:08.000Z</time>
        <extensions>
          <ns3:TrackPointExtension>
            <ns3:hr>131</ns3:hr>
            <ns3:cad>94</ns3:cad>
          </ns3:TrackPointExtension>
        </extensions>
      </trkpt>
      <trkpt lat="22.60146771557629108428955078125" lon="113.88445529155433177947998046875">
        <ele>13.6000003814697265625</ele>
        <time>2026-09-29T22:32:09.000Z</time>
        <extensions>
          <ns3:TrackPointExtension>
            <ns3:hr>130</ns3:hr>
            <ns3:cad>95</ns3:cad>
          </ns3:TrackPointExtension>
        </extensions>
      </trkpt>
      <trkpt lat="22.601476348936557769775390625" lon="113.8844806887209415435791015625">
        <ele>13.6000003814697265625</ele>
        <time>2026-09-29T22:32:10.000Z</time>
        <extensions>
          <ns3:TrackPointExtension>
            <ns3:hr>129</ns3:hr>
            <ns3:cad>95</ns3:cad>
          </ns3:TrackPointExtension>
        </extensions>
      </trkpt>
      <trkpt lat="22.6014788635075092315673828125" lon="113.8845068402588367462158203125">
        <ele>13.6000003814697265625</ele>
        <time>2026-09-29T22:32:11.000Z</time>
        <extensions>
          <ns3:TrackPointExtension>
            <ns3:hr>129</ns3:hr>
            <ns3:cad>95</ns3:cad>
          </ns3:TrackPointExtension>
        </extensions>
      </trkpt>
      <trkpt lat="22.60148816742002964019775390625" lon="113.88453416526317596435546875">
        <ele>13.3999996185302734375</ele>
        <time>2026-09-29T22:32:12.000Z</time>
        <extensions>
          <ns3:TrackPointExtension>
            <ns3:hr>129</ns3:hr>
            <ns3:cad>95</ns3:cad>
          </ns3:TrackPointExtension>
        </extensions>
      </trkpt>
      <trkpt lat="22.60149587877094745635986328125" lon="113.884563334286212921142578125">
        <ele>13.3999996185302734375</ele>
        <time>2026-09-29T22:32:13.000Z</time>
        <extensions>
          <ns3:TrackPointExtension>
            <ns3:hr>129</ns3:hr>
            <ns3:cad>94</ns3:cad>
          </ns3:TrackPointExtension>
        </extensions>
      </trkpt>
      <trkpt lat="22.60150006972253322601318359375" lon="113.88458940200507640838623046875">
        <ele>13.3999996185302734375</ele>
        <time>2026-09-29T22:32:14.000Z</time>
        <extensions>
          <ns3:TrackPointExtension>
            <ns3:hr>129</ns3:hr>
            <ns3:cad>94</ns3:cad>
          </ns3:TrackPointExtension>
        </extensions>
      </trkpt>
      <trkpt lat="22.60150711052119731903076171875" lon="113.88462594710290431976318359375">
        <ele>13.3999996185302734375</ele>
        <time>2026-09-29T22:32:15.000Z</time>
        <extensions>
          <ns3:TrackPointExtension>
            <ns3:hr>129</ns3:hr>
            <ns3:cad>94</ns3:cad>
          </ns3:TrackPointExtension>
        </extensions>
      </trkpt>
      <trkpt lat="22.60151716880500316619873046875" lon="113.88465260155498981475830078125">
        <ele>13.3999996185302734375</ele>
        <time>2026-09-29T22:32:16.000Z</time>
        <extensions>
          <ns3:TrackPointExtension>
            <ns3:hr>129</ns3:hr>
            <ns3:cad>94</ns3:cad>
          </ns3:TrackPointExtension>
        </extensions>
      </trkpt>
      <trkpt lat="22.601534686982631683349609375" lon="113.88468361459672451019287109375">
        <ele>13.3999996185302734375</ele>
        <time>2026-09-29T22:32:17.000Z</time>
        <extensions>
          <ns3:TrackPointExtension>
            <ns3:hr>129</ns3:hr>
            <ns3:cad>94</ns3:cad>
          </ns3:TrackPointExtension>
        </extensions>
      </trkpt>
      <trkpt lat="22.601552121341228485107421875" lon="113.88469853438436985015869140625">
        <ele>13.3999996185302734375</ele>
        <time>2026-09-29T22:32:18.000Z</time>
        <extensions>
          <ns3:TrackPointExtension>
            <ns3:hr>129</ns3:hr>
            <ns3:cad>94</ns3:cad>
          </ns3:TrackPointExtension>
        </extensions>
      </trkpt>
      <trkpt lat="22.60157584212720394134521484375" lon="113.8847271166741847991943359375">
        <ele>13.3999996185302734375</ele>
        <time>2026-09-29T22:32:19.000Z</time>
        <extensions>
          <ns3:TrackPointExtension>
            <ns3:hr>128</ns3:hr>
            <ns3:cad>94</ns3:cad>
          </ns3:TrackPointExtension>
        </extensions>
      </trkpt>
      <trkpt lat="22.60159528814256191253662109375" lon="113.88474949635565280914306640625">
        <ele>13.3999996185302734375</ele>
        <time>2026-09-29T22:32:20.000Z</time>
        <extensions>
          <ns3:TrackPointExtension>
            <ns3:hr>128</ns3:hr>
            <ns3:cad>94</ns3:cad>
          </ns3:TrackPointExtension>
        </extensions>
      </trkpt>
      <trkpt lat="22.601606436073780059814453125" lon="113.8847807608544826507568359375">
        <ele>13.3999996185302734375</ele>
        <time>2026-09-29T22:32:21.000Z</time>
        <extensions>
          <ns3:TrackPointExtension>
            <ns3:hr>128</ns3:hr>
            <ns3:cad>94</ns3:cad>
          </ns3:TrackPointExtension>
        </extensions>
      </trkpt>
      <trkpt lat="22.6016210205852985382080078125" lon="113.884816132485866546630859375">
        <ele>13.3999996185302734375</ele>
        <time>2026-09-29T22:32:22.000Z</time>
        <extensions>
          <ns3:TrackPointExtension>
            <ns3:hr>128</ns3:hr>
            <ns3:cad>94</ns3:cad>
          </ns3:TrackPointExtension>
        </extensions>
      </trkpt>
      <trkpt lat="22.60163216851651668548583984375" lon="113.884841613471508026123046875">
        <ele>13.3999996185302734375</ele>
        <time>2026-09-29T22:32:23.000Z</time>
        <extensions>
          <ns3:TrackPointExtension>
            <ns3:hr>128</ns3:hr>
            <ns3:cad>93</ns3:cad>
          </ns3:TrackPointExtension>
        </extensions>
      </trkpt>
      <trkpt lat="22.6016409695148468017578125" lon="113.88487773947417736053466796875">
        <ele>13.3999996185302734375</ele>
        <time>2026-09-29T22:32:24.000Z</time>
        <extensions>
          <ns3:TrackPointExtension>
            <ns3:hr>128</ns3:hr>
            <ns3:cad>93</ns3:cad>
          </ns3:TrackPointExtension>
        </extensions>
      </trkpt>
      <trkpt lat="22.6016498543322086334228515625" lon="113.88490405865013599395751953125">
        <ele>13.3999996185302734375</ele>
        <time>2026-09-29T22:32:25.000Z</time>
        <extensions>
          <ns3:TrackPointExtension>
            <ns3:hr>128</ns3:hr>
            <ns3:cad>93</ns3:cad>
          </ns3:TrackPointExtension>
        </extensions>
      </trkpt>
      <trkpt lat="22.60165236890316009521484375" lon="113.88493649661540985107421875">
        <ele>13.3999996185302734375</ele>
        <time>2026-09-29T22:32:26.000Z</time>
        <extensions>
          <ns3:TrackPointExtension>
            <ns3:hr>128</ns3:hr>
            <ns3:cad>93</ns3:cad>
          </ns3:TrackPointExtension>
        </extensions>
      </trkpt>
      <trkpt lat="22.6016624271869659423828125" lon="113.88496331870555877685546875">
        <ele>13.3999996185302734375</ele>
        <time>2026-09-29T22:32:27.000Z</time>
        <extensions>
          <ns3:TrackPointExtension>
            <ns3:hr>129</ns3:hr>
            <ns3:cad>93</ns3:cad>
          </ns3:TrackPointExtension>
        </extensions>
      </trkpt>
      <trkpt lat="22.6016677916049957275390625" lon="113.88499089516699314117431640625">
        <ele>13.3999996185302734375</ele>
        <time>2026-09-29T22:32:28.000Z</time>
        <extensions>
          <ns3:TrackPointExtension>
            <ns3:hr>129</ns3:hr>
            <ns3:cad>95</ns3:cad>
          </ns3:TrackPointExtension>
        </extensions>
      </trkpt>
      <trkpt lat="22.60167860426008701324462890625" lon="113.88502827845513820648193359375">
        <ele>13.3999996185302734375</ele>
        <time>2026-09-29T22:32:29.000Z</time>
        <extensions>
          <ns3:TrackPointExtension>
            <ns3:hr>129</ns3:hr>
            <ns3:cad>95</ns3:cad>
          </ns3:TrackPointExtension>
        </extensions>
      </trkpt>
      <trkpt lat="22.60168581269681453704833984375" lon="113.88504906557500362396240234375">
        <ele>13.3999996185302734375</ele>
        <time>2026-09-29T22:32:30.000Z</time>
        <extensions>
          <ns3:TrackPointExtension>
            <ns3:hr>129</ns3:hr>
            <ns3:cad>95</ns3:cad>
          </ns3:TrackPointExtension>
        </extensions>
      </trkpt>
      <trkpt lat="22.6016907580196857452392578125" lon="113.885084688663482666015625">
        <ele>13.3999996185302734375</ele>
        <time>2026-09-29T22:32:31.000Z</time>
        <extensions>
          <ns3:TrackPointExtension>
            <ns3:hr>129</ns3:hr>
            <ns3:cad>94</ns3:cad>
          </ns3:TrackPointExtension>
        </extensions>
      </trkpt>
      <trkpt lat="22.6016999781131744384765625" lon="113.88510547578334808349609375">
        <ele>13.3999996185302734375</ele>
        <time>2026-09-29T22:32:32.000Z</time>
        <extensions>
          <ns3:TrackPointExtension>
            <ns3:hr>129</ns3:hr>
            <ns3:cad>94</ns3:cad>
          </ns3:TrackPointExtension>
        </extensions>
      </trkpt>
      <trkpt lat="22.60170324705541133880615234375" lon="113.8851341418921947479248046875">
        <ele>13.3999996185302734375</ele>
        <time>2026-09-29T22:32:33.000Z</time>
        <extensions>
          <ns3:TrackPointExtension>
            <ns3:hr>129</ns3:hr>
            <ns3:cad>94</ns3:cad>
          </ns3:TrackPointExtension>
        </extensions>
      </trkpt>
      <trkpt lat="22.6017115451395511627197265625" lon="113.8851549290120601654052734375">
        <ele>13.3999996185302734375</ele>
        <time>2026-09-29T22:32:34.000Z</time>
        <extensions>
          <ns3:TrackPointExtension>
            <ns3:hr>129</ns3:hr>
            <ns3:cad>95</ns3:cad>
          </ns3:TrackPointExtension>
        </extensions>
      </trkpt>
      <trkpt lat="22.60171263478696346282958984375" lon="113.885180242359638214111328125">
        <ele>13.3999996185302734375</ele>
        <time>2026-09-29T22:32:35.000Z</time>
        <extensions>
          <ns3:TrackPointExtension>
            <ns3:hr>129</ns3:hr>
            <ns3:cad>95</ns3:cad>
          </ns3:TrackPointExtension>
        </extensions>
      </trkpt>
      <trkpt lat="22.60172210633754730224609375" lon="113.88520605862140655517578125">
        <ele>13.3999996185302734375</ele>
        <time>2026-09-29T22:32:36.000Z</time>
        <extensions>
          <ns3:TrackPointExtension>
            <ns3:hr>129</ns3:hr>
            <ns3:cad>95</ns3:cad>
          </ns3:TrackPointExtension>
        </extensions>
      </trkpt>
      <trkpt lat="22.601728476583957672119140625" lon="113.88523112051188945770263671875">
        <ele>13.3999996185302734375</ele>
        <time>2026-09-29T22:32:37.000Z</time>
        <extensions>
          <ns3:TrackPointExtension>
            <ns3:hr>129</ns3:hr>
            <ns3:cad>93</ns3:cad>
          </ns3:TrackPointExtension>
        </extensions>
      </trkpt>
      <trkpt lat="22.6017370261251926422119140625" lon="113.8852672465145587921142578125">
        <ele>13.19999980926513671875</ele>
        <time>2026-09-29T22:32:38.000Z</time>
        <extensions>
          <ns3:TrackPointExtension>
            <ns3:hr>128</ns3:hr>
            <ns3:cad>93</ns3:cad>
          </ns3:TrackPointExtension>
        </extensions>
      </trkpt>
      <trkpt lat="22.60174364782869815826416015625" lon="113.88529398478567600250244140625">
        <ele>13.3999996185302734375</ele>
        <time>2026-09-29T22:32:39.000Z</time>
        <extensions>
          <ns3:TrackPointExtension>
            <ns3:hr>129</ns3:hr>
            <ns3:cad>93</ns3:cad>
          </ns3:TrackPointExtension>
        </extensions>
      </trkpt>
      <trkpt lat="22.6017487607896327972412109375" lon="113.88532944023609161376953125">
        <ele>13.3999996185302734375</ele>
        <time>2026-09-29T22:32:40.000Z</time>
        <extensions>
          <ns3:TrackPointExtension>
            <ns3:hr>129</ns3:hr>
            <ns3:cad>94</ns3:cad>
          </ns3:TrackPointExtension>
        </extensions>
      </trkpt>
      <trkpt lat="22.6017563045024871826171875" lon="113.88535349629819393157958984375">
        <ele>13.3999996185302734375</ele>
        <time>2026-09-29T22:32:41.000Z</time>
        <extensions>
          <ns3:TrackPointExtension>
            <ns3:hr>128</ns3:hr>
            <ns3:cad>94</ns3:cad>
          </ns3:TrackPointExtension>
        </extensions>
      </trkpt>
      <trkpt lat="22.60176108218729496002197265625" lon="113.88538174331188201904296875">
        <ele>13.3999996185302734375</ele>
        <time>2026-09-29T22:32:42.000Z</time>
        <extensions>
          <ns3:TrackPointExtension>
            <ns3:hr>128</ns3:hr>
            <ns3:cad>93</ns3:cad>
          </ns3:TrackPointExtension>
        </extensions>
      </trkpt>
      <trkpt lat="22.60176770389080047607421875" lon="113.88540697284042835235595703125">
        <ele>13.3999996185302734375</ele>
        <time>2026-09-29T22:32:43.000Z</time>
        <extensions>
          <ns3:TrackPointExtension>
            <ns3:hr>127</ns3:hr>
            <ns3:cad>93</ns3:cad>
          </ns3:TrackPointExtension>
        </extensions>
      </trkpt>
      <trkpt lat="22.60177147574722766876220703125" lon="113.88543538749217987060546875">
        <ele>13.3999996185302734375</ele>
        <time>2026-09-29T22:32:44.000Z</time>
        <extensions>
          <ns3:TrackPointExtension>
            <ns3:hr>127</ns3:hr>
            <ns3:cad>93</ns3:cad>
          </ns3:TrackPointExtension>
        </extensions>
      </trkpt>
      <trkpt lat="22.6017779298126697540283203125" lon="113.8854704238474369049072265625">
        <ele>13.3999996185302734375</ele>
        <time>2026-09-29T22:32:45.000Z</time>
        <extensions>
          <ns3:TrackPointExtension>
            <ns3:hr>127</ns3:hr>
            <ns3:cad>93</ns3:cad>
          </ns3:TrackPointExtension>
        </extensions>
      </trkpt>
      <trkpt lat="22.60178321041166782379150390625" lon="113.88549548573791980743408203125">
        <ele>13.3999996185302734375</ele>
        <time>2026-09-29T22:32:46.000Z</time>
        <extensions>
          <ns3:TrackPointExtension>
            <ns3:hr>128</ns3:hr>
            <ns3:cad>94</ns3:cad>
          </ns3:TrackPointExtension>
        </extensions>
      </trkpt>
      <trkpt lat="22.60178606025874614715576171875" lon="113.88553052209317684173583984375">
        <ele>13.3999996185302734375</ele>
        <time>2026-09-29T22:32:47.000Z</time>
        <extensions>
          <ns3:TrackPointExtension>
            <ns3:hr>127</ns3:hr>
            <ns3:cad>95</ns3:cad>
          </ns3:TrackPointExtension>
        </extensions>
      </trkpt>
      <trkpt lat="22.60179511271417140960693359375" lon="113.8855542428791522979736328125">
        <ele>13.3999996185302734375</ele>
        <time>2026-09-29T22:32:48.000Z</time>
        <extensions>
          <ns3:TrackPointExtension>
            <ns3:hr>127</ns3:hr>
            <ns3:cad>95</ns3:cad>
          </ns3:TrackPointExtension>
        </extensions>
      </trkpt>
      <trkpt lat="22.601800896227359771728515625" lon="113.8855870999395847320556640625">
        <ele>13.3999996185302734375</ele>
        <time>2026-09-29T22:32:49.000Z</time>
        <extensions>
          <ns3:TrackPointExtension>
            <ns3:hr>128</ns3:hr>
            <ns3:cad>93</ns3:cad>
          </ns3:TrackPointExtension>
        </extensions>
      </trkpt>
      <trkpt lat="22.60181137360632419586181640625" lon="113.88561015017330646514892578125">
        <ele>13.3999996185302734375</ele>
        <time>2026-09-29T22:32:50.000Z</time>
        <extensions>
          <ns3:TrackPointExtension>
            <ns3:hr>127</ns3:hr>
            <ns3:cad>93</ns3:cad>
          </ns3:TrackPointExtension>
        </extensions>
      </trkpt>
      <trkpt lat="22.601818330585956573486328125" lon="113.88563462533056735992431640625">
        <ele>13.3999996185302734375</ele>
        <time>2026-09-29T22:32:51.000Z</time>
        <extensions>
          <ns3:TrackPointExtension>
            <ns3:hr>127</ns3:hr>
            <ns3:cad>94</ns3:cad>
          </ns3:TrackPointExtension>
        </extensions>
      </trkpt>
      <trkpt lat="22.60182763449847698211669921875" lon="113.8856675662100315093994140625">
        <ele>13.3999996185302734375</ele>
        <time>2026-09-29T22:32:52.000Z</time>
        <extensions>
          <ns3:TrackPointExtension>
            <ns3:hr>127</ns3:hr>
            <ns3:cad>95</ns3:cad>
          </ns3:TrackPointExtension>
        </extensions>
      </trkpt>
      <trkpt lat="22.601840458810329437255859375" lon="113.88568944297730922698974609375">
        <ele>13.3999996185302734375</ele>
        <time>2026-09-29T22:32:53.000Z</time>
        <extensions>
          <ns3:TrackPointExtension>
            <ns3:hr>128</ns3:hr>
            <ns3:cad>95</ns3:cad>
          </ns3:TrackPointExtension>
        </extensions>
      </trkpt>
      <trkpt lat="22.601853199303150177001953125" lon="113.88572280295193195343017578125">
        <ele>13.3999996185302734375</ele>
        <time>2026-09-29T22:32:54.000Z</time>
        <extensions>
          <ns3:TrackPointExtension>
            <ns3:hr>127</ns3:hr>
            <ns3:cad>95</ns3:cad>
          </ns3:TrackPointExtension>
        </extensions>
      </trkpt>
      <trkpt lat="22.60186552070081233978271484375" lon="113.8857466913759708404541015625">
        <ele>13.19999980926513671875</ele>
        <time>2026-09-29T22:32:55.000Z</time>
        <extensions>
          <ns3:TrackPointExtension>
            <ns3:hr>127</ns3:hr>
            <ns3:cad>93</ns3:cad>
          </ns3:TrackPointExtension>
        </extensions>
      </trkpt>
      <trkpt lat="22.60187323205173015594482421875" lon="113.885777033865451812744140625">
        <ele>13.19999980926513671875</ele>
        <time>2026-09-29T22:32:56.000Z</time>
        <extensions>
          <ns3:TrackPointExtension>
            <ns3:hr>127</ns3:hr>
            <ns3:cad>93</ns3:cad>
          </ns3:TrackPointExtension>
        </extensions>
      </trkpt>
      <trkpt lat="22.6018868945538997650146484375" lon="113.8858043588697910308837890625">
        <ele>13.19999980926513671875</ele>
        <time>2026-09-29T22:32:57.000Z</time>
        <extensions>
          <ns3:TrackPointExtension>
            <ns3:hr>128</ns3:hr>
            <ns3:cad>93</ns3:cad>
          </ns3:TrackPointExtension>
        </extensions>
      </trkpt>
      <trkpt lat="22.60189502499997615814208984375" lon="113.88583025895059108734130859375">
        <ele>13.19999980926513671875</ele>
        <time>2026-09-29T22:32:58.000Z</time>
        <extensions>
          <ns3:TrackPointExtension>
            <ns3:hr>127</ns3:hr>
            <ns3:cad>94</ns3:cad>
          </ns3:TrackPointExtension>
        </extensions>
      </trkpt>
      <trkpt lat="22.6019086875021457672119140625" lon="113.885861523449420928955078125">
        <ele>13</ele>
        <time>2026-09-29T22:32:59.000Z</time>
        <extensions>
          <ns3:TrackPointExtension>
            <ns3:hr>127</ns3:hr>
            <ns3:cad>95</ns3:cad>
          </ns3:TrackPointExtension>
        </extensions>
      </trkpt>
      <trkpt lat="22.6019227690994739532470703125" lon="113.88588239438831806182861328125">
        <ele>13.19999980926513671875</ele>
        <time>2026-09-29T22:33:00.000Z</time>
        <extensions>
          <ns3:TrackPointExtension>
            <ns3:hr>128</ns3:hr>
            <ns3:cad>95</ns3:cad>
          </ns3:TrackPointExtension>
        </extensions>
      </trkpt>
      <trkpt lat="22.601939700543880462646484375" lon="113.88591223396360874176025390625">
        <ele>13.19999980926513671875</ele>
        <time>2026-09-29T22:33:01.000Z</time>
        <extensions>
          <ns3:TrackPointExtension>
            <ns3:hr>128</ns3:hr>
            <ns3:cad>95</ns3:cad>
          </ns3:TrackPointExtension>
        </extensions>
      </trkpt>
      <trkpt lat="22.60195738635957241058349609375" lon="113.885933943092823028564453125">
        <ele>13.19999980926513671875</ele>
        <time>2026-09-29T22:33:02.000Z</time>
        <extensions>
          <ns3:TrackPointExtension>
            <ns3:hr>129</ns3:hr>
            <ns3:cad>95</ns3:cad>
          </ns3:TrackPointExtension>
        </extensions>
      </trkpt>
      <trkpt lat="22.60196744464337825775146484375" lon="113.8859582506120204925537109375">
        <ele>13.19999980926513671875</ele>
        <time>2026-09-29T22:33:03.000Z</time>
        <extensions>
          <ns3:TrackPointExtension>
            <ns3:hr>130</ns3:hr>
            <ns3:cad>94</ns3:cad>
          </ns3:TrackPointExtension>
        </extensions>
      </trkpt>
      <trkpt lat="22.60198362171649932861328125" lon="113.88598230667412281036376953125">
        <ele>13.19999980926513671875</ele>
        <time>2026-09-29T22:33:04.000Z</time>
        <extensions>
          <ns3:TrackPointExtension>
            <ns3:hr>130</ns3:hr>
            <ns3:cad>94</ns3:cad>
          </ns3:TrackPointExtension>
        </extensions>
      </trkpt>
      <trkpt lat="22.60199493728578090667724609375" lon="113.8860008306801319122314453125">
        <ele>13.19999980926513671875</ele>
        <time>2026-09-29T22:33:05.000Z</time>
        <extensions>
          <ns3:TrackPointExtension>
            <ns3:hr>130</ns3:hr>
            <ns3:cad>94</ns3:cad>
          </ns3:TrackPointExtension>
        </extensions>
      </trkpt>
      <trkpt lat="22.60201203636825084686279296875" lon="113.886029161512851715087890625">
        <ele>13</ele>
        <time>2026-09-29T22:33:06.000Z</time>
        <extensions>
          <ns3:TrackPointExtension>
            <ns3:hr>129</ns3:hr>
            <ns3:cad>95</ns3:cad>
          </ns3:TrackPointExtension>
        </extensions>
      </trkpt>
      <trkpt lat="22.60202829726040363311767578125" lon="113.88604969717562198638916015625">
        <ele>13</ele>
        <time>2026-09-29T22:33:07.000Z</time>
        <extensions>
          <ns3:TrackPointExtension>
            <ns3:hr>129</ns3:hr>
            <ns3:cad>95</ns3:cad>
          </ns3:TrackPointExtension>
        </extensions>
      </trkpt>
      <trkpt lat="22.60204288177192211151123046875" lon="113.88607953675091266632080078125">
        <ele>13</ele>
        <time>2026-09-29T22:33:08.000Z</time>
        <extensions>
          <ns3:TrackPointExtension>
            <ns3:hr>130</ns3:hr>
            <ns3:cad>95</ns3:cad>
          </ns3:TrackPointExtension>
        </extensions>
      </trkpt>
      <trkpt lat="22.60206132195889949798583984375" lon="113.88610191643238067626953125">
        <ele>13</ele>
        <time>2026-09-29T22:33:09.000Z</time>
        <extensions>
          <ns3:TrackPointExtension>
            <ns3:hr>129</ns3:hr>
            <ns3:cad>94</ns3:cad>
          </ns3:TrackPointExtension>
        </extensions>
      </trkpt>
      <trkpt lat="22.60207540355622768402099609375" lon="113.8861272297799587249755859375">
        <ele>13</ele>
        <time>2026-09-29T22:33:10.000Z</time>
        <extensions>
          <ns3:TrackPointExtension>
            <ns3:hr>129</ns3:hr>
            <ns3:cad>94</ns3:cad>
          </ns3:TrackPointExtension>
        </extensions>
      </trkpt>
      <trkpt lat="22.602091915905475616455078125" lon="113.88615128584206104278564453125">
        <ele>13</ele>
        <time>2026-09-29T22:33:11.000Z</time>
        <extensions>
          <ns3:TrackPointExtension>
            <ns3:hr>129</ns3:hr>
            <ns3:cad>94</ns3:cad>
          </ns3:TrackPointExtension>
        </extensions>
      </trkpt>
      <trkpt lat="22.6021081767976284027099609375" lon="113.88617441989481449127197265625">
        <ele>13</ele>
        <time>2026-09-29T22:33:12.000Z</time>
        <extensions>
          <ns3:TrackPointExtension>
            <ns3:hr>130</ns3:hr>
            <ns3:cad>95</ns3:cad>
          </ns3:TrackPointExtension>
        </extensions>
      </trkpt>
      <trkpt lat="22.60212770663201808929443359375" lon="113.88620425947010517120361328125">
        <ele>13</ele>
        <time>2026-09-29T22:33:13.000Z</time>
        <extensions>
          <ns3:TrackPointExtension>
            <ns3:hr>129</ns3:hr>
            <ns3:cad>95</ns3:cad>
          </ns3:TrackPointExtension>
        </extensions>
      </trkpt>
      <trkpt lat="22.60213977657258510589599609375" lon="113.8862231187522411346435546875">
        <ele>12.80000019073486328125</ele>
        <time>2026-09-29T22:33:14.000Z</time>
        <extensions>
          <ns3:TrackPointExtension>
            <ns3:hr>130</ns3:hr>
            <ns3:cad>93</ns3:cad>
          </ns3:TrackPointExtension>
        </extensions>
      </trkpt>
      <trkpt lat="22.60215855203568935394287109375" lon="113.88625212013721466064453125">
        <ele>13</ele>
        <time>2026-09-29T22:33:15.000Z</time>
        <extensions>
          <ns3:TrackPointExtension>
            <ns3:hr>130</ns3:hr>
            <ns3:cad>93</ns3:cad>
          </ns3:TrackPointExtension>
        </extensions>
      </trkpt>
      <trkpt lat="22.60218403302133083343505859375" lon="113.88627357780933380126953125">
        <ele>13</ele>
        <time>2026-09-29T22:33:16.000Z</time>
        <extensions>
          <ns3:TrackPointExtension>
            <ns3:hr>130</ns3:hr>
            <ns3:cad>93</ns3:cad>
          </ns3:TrackPointExtension>
        </extensions>
      </trkpt>
      <trkpt lat="22.6022003777325153350830078125" lon="113.88629461638629436492919921875">
        <ele>13</ele>
        <time>2026-09-29T22:33:17.000Z</time>
        <extensions>
          <ns3:TrackPointExtension>
            <ns3:hr>131</ns3:hr>
            <ns3:cad>94</ns3:cad>
          </ns3:TrackPointExtension>
        </extensions>
      </trkpt>
      <trkpt lat="22.60222426615655422210693359375" lon="113.88631942681968212127685546875">
        <ele>13</ele>
        <time>2026-09-29T22:33:18.000Z</time>
        <extensions>
          <ns3:TrackPointExtension>
            <ns3:hr>131</ns3:hr>
            <ns3:cad>95</ns3:cad>
          </ns3:TrackPointExtension>
        </extensions>
      </trkpt>
      <trkpt lat="22.60224203579127788543701171875" lon="113.886336944997310638427734375">
        <ele>13</ele>
        <time>2026-09-29T22:33:19.000Z</time>
        <extensions>
          <ns3:TrackPointExtension>
            <ns3:hr>131</ns3:hr>
            <ns3:cad>95</ns3:cad>
          </ns3:TrackPointExtension>
        </extensions>
      </trkpt>
      <trkpt lat="22.60226667858660221099853515625" lon="113.886363767087459564208984375">
        <ele>13</ele>
        <time>2026-09-29T22:33:20.000Z</time>
        <extensions>
          <ns3:TrackPointExtension>
            <ns3:hr>131</ns3:hr>
            <ns3:cad>95</ns3:cad>
          </ns3:TrackPointExtension>
        </extensions>
      </trkpt>
      <trkpt lat="22.60228268802165985107421875" lon="113.8863793574273586273193359375">
        <ele>12.80000019073486328125</ele>
        <time>2026-09-29T22:33:21.000Z</time>
        <extensions>
          <ns3:TrackPointExtension>
            <ns3:hr>131</ns3:hr>
            <ns3:cad>93</ns3:cad>
          </ns3:TrackPointExtension>
        </extensions>
      </trkpt>
      <trkpt lat="22.60230188257992267608642578125" lon="113.88640240766108036041259765625">
        <ele>13</ele>
        <time>2026-09-29T22:33:22.000Z</time>
        <extensions>
          <ns3:TrackPointExtension>
            <ns3:hr>131</ns3:hr>
            <ns3:cad>93</ns3:cad>
          </ns3:TrackPointExtension>
        </extensions>
      </trkpt>
      <trkpt lat="22.60231730528175830841064453125" lon="113.88642244040966033935546875">
        <ele>13</ele>
        <time>2026-09-29T22:33:23.000Z</time>
        <extensions>
          <ns3:TrackPointExtension>
            <ns3:hr>132</ns3:hr>
            <ns3:cad>93</ns3:cad>
          </ns3:TrackPointExtension>
        </extensions>
      </trkpt>
      <trkpt lat="22.6023264415562152862548828125" lon="113.88644314371049404144287109375">
        <ele>13</ele>
        <time>2026-09-29T22:33:24.000Z</time>
        <extensions>
          <ns3:TrackPointExtension>
            <ns3:hr>131</ns3:hr>
            <ns3:cad>94</ns3:cad>
          </ns3:TrackPointExtension>
        </extensions>
      </trkpt>
      <trkpt lat="22.6023452170193195343017578125" lon="113.8864725641906261444091796875">
        <ele>13</ele>
        <time>2026-09-29T22:33:25.000Z</time>
        <extensions>
          <ns3:TrackPointExtension>
            <ns3:hr>131</ns3:hr>
            <ns3:cad>95</ns3:cad>
          </ns3:TrackPointExtension>
        </extensions>
      </trkpt>
      <trkpt lat="22.6023656688630580902099609375" lon="113.8864943571388721466064453125">
        <ele>13</ele>
        <time>2026-09-29T22:33:26.000Z</time>
        <extensions>
          <ns3:TrackPointExtension>
            <ns3:hr>131</ns3:hr>
            <ns3:cad>95</ns3:cad>
          </ns3:TrackPointExtension>
        </extensions>
      </trkpt>
      <trkpt lat="22.602387629449367523193359375" lon="113.88651891611516475677490234375">
        <ele>13</ele>
        <time>2026-09-29T22:33:27.000Z</time>
        <extensions>
          <ns3:TrackPointExtension>
            <ns3:hr>131</ns3:hr>
            <ns3:cad>95</ns3:cad>
          </ns3:TrackPointExtension>
        </extensions>
      </trkpt>
      <trkpt lat="22.6024028845131397247314453125" lon="113.8865344226360321044921875">
        <ele>12.80000019073486328125</ele>
        <time>2026-09-29T22:33:28.000Z</time>
        <extensions>
          <ns3:TrackPointExtension>
            <ns3:hr>131</ns3:hr>
            <ns3:cad>95</ns3:cad>
          </ns3:TrackPointExtension>
        </extensions>
      </trkpt>
      <trkpt lat="22.60243046097457408905029296875" lon="113.8865510188043117523193359375">
        <ele>12.80000019073486328125</ele>
        <time>2026-09-29T22:33:29.000Z</time>
        <extensions>
          <ns3:TrackPointExtension>
            <ns3:hr>131</ns3:hr>
            <ns3:cad>94</ns3:cad>
          </ns3:TrackPointExtension>
        </extensions>
      </trkpt>
      <trkpt lat="22.60245510376989841461181640625" lon="113.88656300492584705352783203125">
        <ele>12.80000019073486328125</ele>
        <time>2026-09-29T22:33:30.000Z</time>
        <extensions>
          <ns3:TrackPointExtension>
            <ns3:hr>131</ns3:hr>
            <ns3:cad>94</ns3:cad>
          </ns3:TrackPointExtension>
        </extensions>
      </trkpt>
      <trkpt lat="22.60248058475553989410400390625" lon="113.8865827023983001708984375">
        <ele>12.80000019073486328125</ele>
        <time>2026-09-29T22:33:31.000Z</time>
        <extensions>
          <ns3:TrackPointExtension>
            <ns3:hr>132</ns3:hr>
            <ns3:cad>95</ns3:cad>
          </ns3:TrackPointExtension>
        </extensions>
      </trkpt>
      <trkpt lat="22.6025126874446868896484375" lon="113.88659351505339145660400390625">
        <ele>12.80000019073486328125</ele>
        <time>2026-09-29T22:33:32.000Z</time>
        <extensions>
          <ns3:TrackPointExtension>
            <ns3:hr>132</ns3:hr>
            <ns3:cad>95</ns3:cad>
          </ns3:TrackPointExtension>
        </extensions>
      </trkpt>
      <trkpt lat="22.6025349833071231842041015625" lon="113.88661681674420833587646484375">
        <ele>12.80000019073486328125</ele>
        <time>2026-09-29T22:33:33.000Z</time>
        <extensions>
          <ns3:TrackPointExtension>
            <ns3:hr>132</ns3:hr>
            <ns3:cad>95</ns3:cad>
          </ns3:TrackPointExtension>
        </extensions>
      </trkpt>
      <trkpt lat="22.6025676727294921875" lon="113.88663165271282196044921875">
        <ele>12.6000003814697265625</ele>
        <time>2026-09-29T22:33:34.000Z</time>
        <extensions>
          <ns3:TrackPointExtension>
            <ns3:hr>132</ns3:hr>
            <ns3:cad>95</ns3:cad>
          </ns3:TrackPointExtension>
        </extensions>
      </trkpt>
      <trkpt lat="22.60259105823934078216552734375" lon="113.886646740138530731201171875">
        <ele>12.6000003814697265625</ele>
        <time>2026-09-29T22:33:35.000Z</time>
        <extensions>
          <ns3:TrackPointExtension>
            <ns3:hr>132</ns3:hr>
            <ns3:cad>93</ns3:cad>
          </ns3:TrackPointExtension>
        </extensions>
      </trkpt>
      <trkpt lat="22.602613605558872222900390625" lon="113.8866586424410343170166015625">
        <ele>12.6000003814697265625</ele>
        <time>2026-09-29T22:33:36.000Z</time>
        <extensions>
          <ns3:TrackPointExtension>
            <ns3:hr>132</ns3:hr>
            <ns3:cad>93</ns3:cad>
          </ns3:TrackPointExtension>
        </extensions>
      </trkpt>
      <trkpt lat="22.60263648815453052520751953125" lon="113.88667247258126735687255859375">
        <ele>12.6000003814697265625</ele>
        <time>2026-09-29T22:33:37.000Z</time>
        <extensions>
          <ns3:TrackPointExtension>
            <ns3:hr>132</ns3:hr>
            <ns3:cad>95</ns3:cad>
          </ns3:TrackPointExtension>
        </extensions>
      </trkpt>
      <trkpt lat="22.60265928693115711212158203125" lon="113.88668554835021495819091796875">
        <ele>12.3999996185302734375</ele>
        <time>2026-09-29T22:33:38.000Z</time>
        <extensions>
          <ns3:TrackPointExtension>
            <ns3:hr>132</ns3:hr>
            <ns3:cad>95</ns3:cad>
          </ns3:TrackPointExtension>
        </extensions>
      </trkpt>
      <trkpt lat="22.60268175043165683746337890625" lon="113.88669828884303569793701171875">
        <ele>12.3999996185302734375</ele>
        <time>2026-09-29T22:33:39.000Z</time>
        <extensions>
          <ns3:TrackPointExtension>
            <ns3:hr>133</ns3:hr>
            <ns3:cad>95</ns3:cad>
          </ns3:TrackPointExtension>
        </extensions>
      </trkpt>
      <trkpt lat="22.60270379483699798583984375" lon="113.88671086169779300689697265625">
        <ele>12.6000003814697265625</ele>
        <time>2026-09-29T22:33:40.000Z</time>
        <extensions>
          <ns3:TrackPointExtension>
            <ns3:hr>133</ns3:hr>
            <ns3:cad>95</ns3:cad>
          </ns3:TrackPointExtension>
        </extensions>
      </trkpt>
      <trkpt lat="22.60272500105202198028564453125" lon="113.88672259636223316192626953125">
        <ele>12.6000003814697265625</ele>
        <time>2026-09-29T22:33:41.000Z</time>
        <extensions>
          <ns3:TrackPointExtension>
            <ns3:hr>133</ns3:hr>
            <ns3:cad>94</ns3:cad>
          </ns3:TrackPointExtension>
        </extensions>
      </trkpt>
      <trkpt lat="22.6027452014386653900146484375" lon="113.88673248700797557830810546875">
        <ele>12.6000003814697265625</ele>
        <time>2026-09-29T22:33:42.000Z</time>
        <extensions>
          <ns3:TrackPointExtension>
            <ns3:hr>133</ns3:hr>
            <ns3:cad>94</ns3:cad>
          </ns3:TrackPointExtension>
        </extensions>
      </trkpt>
      <trkpt lat="22.60276456363499164581298828125" lon="113.88674296438694000244140625">
        <ele>12.6000003814697265625</ele>
        <time>2026-09-29T22:33:43.000Z</time>
        <extensions>
          <ns3:TrackPointExtension>
            <ns3:hr>133</ns3:hr>
            <ns3:cad>94</ns3:cad>
          </ns3:TrackPointExtension>
        </extensions>
      </trkpt>
      <trkpt lat="22.60278551839292049407958984375" lon="113.88675193302333354949951171875">
        <ele>12.3999996185302734375</ele>
        <time>2026-09-29T22:33:44.000Z</time>
        <extensions>
          <ns3:TrackPointExtension>
            <ns3:hr>133</ns3:hr>
            <ns3:cad>96</ns3:cad>
          </ns3:TrackPointExtension>
        </extensions>
      </trkpt>
      <trkpt lat="22.6028055511415004730224609375" lon="113.886758051812648773193359375">
        <ele>12.3999996185302734375</ele>
        <time>2026-09-29T22:33:45.000Z</time>
        <extensions>
          <ns3:TrackPointExtension>
            <ns3:hr>132</ns3:hr>
            <ns3:cad>96</ns3:cad>
          </ns3:TrackPointExtension>
        </extensions>
      </trkpt>
      <trkpt lat="22.6028283499181270599365234375" lon="113.8867857120931148529052734375">
        <ele>12.3999996185302734375</ele>
        <time>2026-09-29T22:33:46.000Z</time>
        <extensions>
          <ns3:TrackPointExtension>
            <ns3:hr>132</ns3:hr>
            <ns3:cad>96</ns3:cad>
          </ns3:TrackPointExtension>
        </extensions>
      </trkpt>
      <trkpt lat="22.602843940258026123046875" lon="113.886800967156887054443359375">
        <ele>12.3999996185302734375</ele>
        <time>2026-09-29T22:33:47.000Z</time>
        <extensions>
          <ns3:TrackPointExtension>
            <ns3:hr>132</ns3:hr>
            <ns3:cad>94</ns3:cad>
          </ns3:TrackPointExtension>
        </extensions>
      </trkpt>
      <trkpt lat="22.602892555296421051025390625" lon="113.88680373318493366241455078125">
        <ele>12.3999996185302734375</ele>
        <time>2026-09-29T22:33:48.000Z</time>
        <extensions>
          <ns3:TrackPointExtension>
            <ns3:hr>133</ns3:hr>
            <ns3:cad>94</ns3:cad>
          </ns3:TrackPointExtension>
        </extensions>
      </trkpt>
      <trkpt lat="22.60292507708072662353515625" lon="113.88681127689778804779052734375">
        <ele>12.3999996185302734375</ele>
        <time>2026-09-29T22:33:49.000Z</time>
        <extensions>
          <ns3:TrackPointExtension>
            <ns3:hr>133</ns3:hr>
            <ns3:cad>95</ns3:cad>
          </ns3:TrackPointExtension>
        </extensions>
      </trkpt>
      <trkpt lat="22.60294930078089237213134765625" lon="113.886825107038021087646484375">
        <ele>12.3999996185302734375</ele>
        <time>2026-09-29T22:33:50.000Z</time>
        <extensions>
          <ns3:TrackPointExtension>
            <ns3:hr>133</ns3:hr>
            <ns3:cad>95</ns3:cad>
          </ns3:TrackPointExtension>
        </extensions>
      </trkpt>
      <trkpt lat="22.60297344066202640533447265625" lon="113.8868375122547149658203125">
        <ele>12.6000003814697265625</ele>
        <time>2026-09-29T22:33:51.000Z</time>
        <extensions>
          <ns3:TrackPointExtension>
            <ns3:hr>134</ns3:hr>
            <ns3:cad>95</ns3:cad>
          </ns3:TrackPointExtension>
        </extensions>
      </trkpt>
      <trkpt lat="22.60299389250576496124267578125" lon="113.886849917471408843994140625">
        <ele>12.6000003814697265625</ele>
        <time>2026-09-29T22:33:52.000Z</time>
        <extensions>
          <ns3:TrackPointExtension>
            <ns3:hr>134</ns3:hr>
            <ns3:cad>95</ns3:cad>
          </ns3:TrackPointExtension>
        </extensions>
      </trkpt>
      <trkpt lat="22.6030258275568485260009765625" lon="113.88686634600162506103515625">
        <ele>12.6000003814697265625</ele>
        <time>2026-09-29T22:33:53.000Z</time>
        <extensions>
          <ns3:TrackPointExtension>
            <ns3:hr>134</ns3:hr>
            <ns3:cad>95</ns3:cad>
          </ns3:TrackPointExtension>
        </extensions>
      </trkpt>
      <trkpt lat="22.60304803960025310516357421875" lon="113.88687246479094028472900390625">
        <ele>12.80000019073486328125</ele>
        <time>2026-09-29T22:33:54.000Z</time>
        <extensions>
          <ns3:TrackPointExtension>
            <ns3:hr>133</ns3:hr>
            <ns3:cad>93</ns3:cad>
          </ns3:TrackPointExtension>
        </extensions>
      </trkpt>
      <trkpt lat="22.603077627718448638916015625" lon="113.88689090497791767120361328125">
        <ele>12.80000019073486328125</ele>
        <time>2026-09-29T22:33:55.000Z</time>
        <extensions>
          <ns3:TrackPointExtension>
            <ns3:hr>133</ns3:hr>
            <ns3:cad>93</ns3:cad>
          </ns3:TrackPointExtension>
        </extensions>
      </trkpt>
      <trkpt lat="22.60310118086636066436767578125" lon="113.88689828105270862579345703125">
        <ele>12.80000019073486328125</ele>
        <time>2026-09-29T22:33:56.000Z</time>
        <extensions>
          <ns3:TrackPointExtension>
            <ns3:hr>133</ns3:hr>
            <ns3:cad>93</ns3:cad>
          </ns3:TrackPointExtension>
        </extensions>
      </trkpt>
      <trkpt lat="22.60312297381460666656494140625" lon="113.88691487722098827362060546875">
        <ele>12.80000019073486328125</ele>
        <time>2026-09-29T22:33:57.000Z</time>
        <extensions>
          <ns3:TrackPointExtension>
            <ns3:hr>133</ns3:hr>
            <ns3:cad>94</ns3:cad>
          </ns3:TrackPointExtension>
        </extensions>
      </trkpt>
      <trkpt lat="22.6031451858580112457275390625" lon="113.88692543841898441314697265625">
        <ele>12.80000019073486328125</ele>
        <time>2026-09-29T22:33:58.000Z</time>
        <extensions>
          <ns3:TrackPointExtension>
            <ns3:hr>134</ns3:hr>
            <ns3:cad>93</ns3:cad>
          </ns3:TrackPointExtension>
        </extensions>
      </trkpt>
      <trkpt lat="22.60316924192011356353759765625" lon="113.88694278895854949951171875">
        <ele>12.80000019073486328125</ele>
        <time>2026-09-29T22:33:59.000Z</time>
        <extensions>
          <ns3:TrackPointExtension>
            <ns3:hr>133</ns3:hr>
            <ns3:cad>93</ns3:cad>
          </ns3:TrackPointExtension>
        </extensions>
      </trkpt>
      <trkpt lat="22.6031958125531673431396484375" lon="113.886959888041019439697265625">
        <ele>13</ele>
        <time>2026-09-29T22:34:00.000Z</time>
        <extensions>
          <ns3:TrackPointExtension>
            <ns3:hr>134</ns3:hr>
            <ns3:cad>93</ns3:cad>
          </ns3:TrackPointExtension>
        </extensions>
      </trkpt>
      <trkpt lat="22.60321785695850849151611328125" lon="113.8869771547615528106689453125">
        <ele>13</ele>
        <time>2026-09-29T22:34:01.000Z</time>
        <extensions>
          <ns3:TrackPointExtension>
            <ns3:hr>134</ns3:hr>
            <ns3:cad>93</ns3:cad>
          </ns3:TrackPointExtension>
        </extensions>
      </trkpt>
      <trkpt lat="22.60324895381927490234375" lon="113.886992745101451873779296875">
        <ele>13</ele>
        <time>2026-09-29T22:34:02.000Z</time>
        <extensions>
          <ns3:TrackPointExtension>
            <ns3:hr>134</ns3:hr>
            <ns3:cad>94</ns3:cad>
          </ns3:TrackPointExtension>
        </extensions>
      </trkpt>
      <trkpt lat="22.60327150113880634307861328125" lon="113.8869966007769107818603515625">
        <ele>13</ele>
        <time>2026-09-29T22:34:03.000Z</time>
        <extensions>
          <ns3:TrackPointExtension>
            <ns3:hr>134</ns3:hr>
            <ns3:cad>94</ns3:cad>
          </ns3:TrackPointExtension>
        </extensions>
      </trkpt>
      <trkpt lat="22.6033024303615093231201171875" lon="113.8870033062994480133056640625">
        <ele>13</ele>
        <time>2026-09-29T22:34:04.000Z</time>
        <extensions>
          <ns3:TrackPointExtension>
            <ns3:hr>134</ns3:hr>
            <ns3:cad>92</ns3:cad>
          </ns3:TrackPointExtension>
        </extensions>
      </trkpt>
      <trkpt lat="22.60332648642361164093017578125" lon="113.88699467293918132781982421875">
        <ele>13</ele>
        <time>2026-09-29T22:34:05.000Z</time>
        <extensions>
          <ns3:TrackPointExtension>
            <ns3:hr>134</ns3:hr>
            <ns3:cad>92</ns3:cad>
          </ns3:TrackPointExtension>
        </extensions>
      </trkpt>
      <trkpt lat="22.60335515253245830535888671875" lon="113.88699249364435672760009765625">
        <ele>13</ele>
        <time>2026-09-29T22:34:06.000Z</time>
        <extensions>
          <ns3:TrackPointExtension>
            <ns3:hr>134</ns3:hr>
            <ns3:cad>92</ns3:cad>
          </ns3:TrackPointExtension>
        </extensions>
      </trkpt>
      <trkpt lat="22.60338415391743183135986328125" lon="113.8869905658066272735595703125">
        <ele>13.19999980926513671875</ele>
        <time>2026-09-29T22:34:07.000Z</time>
        <extensions>
          <ns3:TrackPointExtension>
            <ns3:hr>134</ns3:hr>
            <ns3:cad>93</ns3:cad>
          </ns3:TrackPointExtension>
        </extensions>
      </trkpt>
      <trkpt lat="22.60340795852243900299072265625" lon="113.8869892247021198272705078125">
        <ele>13.19999980926513671875</ele>
        <time>2026-09-29T22:34:08.000Z</time>
        <extensions>
          <ns3:TrackPointExtension>
            <ns3:hr>134</ns3:hr>
            <ns3:cad>94</ns3:cad>
          </ns3:TrackPointExtension>
        </extensions>
      </trkpt>
      <trkpt lat="22.6034398935735225677490234375" lon="113.886994421482086181640625">
        <ele>13.19999980926513671875</ele>
        <time>2026-09-29T22:34:09.000Z</time>
        <extensions>
          <ns3:TrackPointExtension>
            <ns3:hr>133</ns3:hr>
            <ns3:cad>94</ns3:cad>
          </ns3:TrackPointExtension>
        </extensions>
      </trkpt>
      <trkpt lat="22.60346244089305400848388671875" lon="113.88699701987206935882568359375">
        <ele>13.19999980926513671875</ele>
        <time>2026-09-29T22:34:10.000Z</time>
        <extensions>
          <ns3:TrackPointExtension>
            <ns3:hr>134</ns3:hr>
            <ns3:cad>94</ns3:cad>
          </ns3:TrackPointExtension>
        </extensions>
      </trkpt>
      <trkpt lat="22.60349378921091556549072265625" lon="113.88701344840228557586669921875">
        <ele>13.19999980926513671875</ele>
        <time>2026-09-29T22:34:11.000Z</time>
        <extensions>
          <ns3:TrackPointExtension>
            <ns3:hr>134</ns3:hr>
            <ns3:cad>93</ns3:cad>
          </ns3:TrackPointExtension>
        </extensions>
      </trkpt>
      <trkpt lat="22.6035203598439693450927734375" lon="113.88701244257390499114990234375">
        <ele>13.19999980926513671875</ele>
        <time>2026-09-29T22:34:12.000Z</time>
        <extensions>
          <ns3:TrackPointExtension>
            <ns3:hr>134</ns3:hr>
            <ns3:cad>93</ns3:cad>
          </ns3:TrackPointExtension>
        </extensions>
      </trkpt>
      <trkpt lat="22.603547014296054840087890625" lon="113.88702082447707653045654296875">
        <ele>13.19999980926513671875</ele>
        <time>2026-09-29T22:34:13.000Z</time>
        <extensions>
          <ns3:TrackPointExtension>
            <ns3:hr>134</ns3:hr>
            <ns3:cad>94</ns3:cad>
          </ns3:TrackPointExtension>
        </extensions>
      </trkpt>
      <trkpt lat="22.60357819497585296630859375" lon="113.88702870346605777740478515625">
        <ele>13.3999996185302734375</ele>
        <time>2026-09-29T22:34:14.000Z</time>
        <extensions>
          <ns3:TrackPointExtension>
            <ns3:hr>133</ns3:hr>
            <ns3:cad>95</ns3:cad>
          </ns3:TrackPointExtension>
        </extensions>
      </trkpt>
      <trkpt lat="22.6036004908382892608642578125" lon="113.8870415277779102325439453125">
        <ele>13.3999996185302734375</ele>
        <time>2026-09-29T22:34:15.000Z</time>
        <extensions>
          <ns3:TrackPointExtension>
            <ns3:hr>134</ns3:hr>
            <ns3:cad>95</ns3:cad>
          </ns3:TrackPointExtension>
        </extensions>
      </trkpt>
      <trkpt lat="22.60362991131842136383056640625" lon="113.88706214725971221923828125">
        <ele>13.6000003814697265625</ele>
        <time>2026-09-29T22:34:16.000Z</time>
        <extensions>
          <ns3:TrackPointExtension>
            <ns3:hr>134</ns3:hr>
            <ns3:cad>95</ns3:cad>
          </ns3:TrackPointExtension>
        </extensions>
      </trkpt>
      <trkpt lat="22.60364969260990619659423828125" lon="113.8870750553905963897705078125">
        <ele>13.6000003814697265625</ele>
        <time>2026-09-29T22:34:17.000Z</time>
        <extensions>
          <ns3:TrackPointExtension>
            <ns3:hr>134</ns3:hr>
            <ns3:cad>95</ns3:cad>
          </ns3:TrackPointExtension>
        </extensions>
      </trkpt>
      <trkpt lat="22.6036799512803554534912109375" lon="113.88709039427340030670166015625">
        <ele>13.6000003814697265625</ele>
        <time>2026-09-29T22:34:18.000Z</time>
        <extensions>
          <ns3:TrackPointExtension>
            <ns3:hr>134</ns3:hr>
            <ns3:cad>93</ns3:cad>
          </ns3:TrackPointExtension>
        </extensions>
      </trkpt>
      <trkpt lat="22.6037047617137432098388671875" lon="113.8870990276336669921875">
        <ele>13.6000003814697265625</ele>
        <time>2026-09-29T22:34:19.000Z</time>
        <extensions>
          <ns3:TrackPointExtension>
            <ns3:hr>134</ns3:hr>
            <ns3:cad>93</ns3:cad>
          </ns3:TrackPointExtension>
        </extensions>
      </trkpt>
      <trkpt lat="22.6037329249083995819091796875" lon="113.8871105946600437164306640625">
        <ele>13.6000003814697265625</ele>
        <time>2026-09-29T22:34:20.000Z</time>
        <extensions>
          <ns3:TrackPointExtension>
            <ns3:hr>135</ns3:hr>
            <ns3:cad>93</ns3:cad>
          </ns3:TrackPointExtension>
        </extensions>
      </trkpt>
      <trkpt lat="22.60375698097050189971923828125" lon="113.88711176812648773193359375">
        <ele>13.6000003814697265625</ele>
        <time>2026-09-29T22:34:21.000Z</time>
        <extensions>
          <ns3:TrackPointExtension>
            <ns3:hr>135</ns3:hr>
            <ns3:cad>94</ns3:cad>
          </ns3:TrackPointExtension>
        </extensions>
      </trkpt>
      <trkpt lat="22.60378128848969936370849609375" lon="113.8871176354587078094482421875">
        <ele>13.6000003814697265625</ele>
        <time>2026-09-29T22:34:22.000Z</time>
        <extensions>
          <ns3:TrackPointExtension>
            <ns3:hr>136</ns3:hr>
            <ns3:cad>94</ns3:cad>
          </ns3:TrackPointExtension>
        </extensions>
      </trkpt>
      <trkpt lat="22.6038083620369434356689453125" lon="113.88711101375520229339599609375">
        <ele>13.6000003814697265625</ele>
        <time>2026-09-29T22:34:23.000Z</time>
        <extensions>
          <ns3:TrackPointExtension>
            <ns3:hr>137</ns3:hr>
            <ns3:cad>94</ns3:cad>
          </ns3:TrackPointExtension>
        </extensions>
      </trkpt>
      <trkpt lat="22.603831328451633453369140625" lon="113.887106068432331085205078125">
        <ele>13.6000003814697265625</ele>
        <time>2026-09-29T22:34:24.000Z</time>
        <extensions>
          <ns3:TrackPointExtension>
            <ns3:hr>138</ns3:hr>
            <ns3:cad>93</ns3:cad>
          </ns3:TrackPointExtension>
        </extensions>
      </trkpt>
      <trkpt lat="22.60384733788669109344482421875" lon="113.88707815669476985931396484375">
        <ele>13.6000003814697265625</ele>
        <time>2026-09-29T22:34:25.000Z</time>
        <extensions>
          <ns3:TrackPointExtension>
            <ns3:hr>139</ns3:hr>
            <ns3:cad>93</ns3:cad>
          </ns3:TrackPointExtension>
        </extensions>
      </trkpt>
      <trkpt lat="22.60385169647634029388427734375" lon="113.88705871067941188812255859375">
        <ele>13.6000003814697265625</ele>
        <time>2026-09-29T22:34:26.000Z</time>
        <extensions>
          <ns3:TrackPointExtension>
            <ns3:hr>139</ns3:hr>
            <ns3:cad>93</ns3:cad>
          </ns3:TrackPointExtension>
        </extensions>
      </trkpt>
      <trkpt lat="22.60385689325630664825439453125" lon="113.8870271109044551849365234375">
        <ele>13.3999996185302734375</ele>
        <time>2026-09-29T22:34:27.000Z</time>
        <extensions>
          <ns3:TrackPointExtension>
            <ns3:hr>140</ns3:hr>
            <ns3:cad>93</ns3:cad>
          </ns3:TrackPointExtension>
        </extensions>
      </trkpt>
      <trkpt lat="22.60385924018919467926025390625" lon="113.8870063237845897674560546875">
        <ele>13.3999996185302734375</ele>
        <time>2026-09-29T22:34:28.000Z</time>
        <extensions>
          <ns3:TrackPointExtension>
            <ns3:hr>140</ns3:hr>
            <ns3:cad>94</ns3:cad>
          </ns3:TrackPointExtension>
        </extensions>
      </trkpt>
      <trkpt lat="22.60386443696916103363037109375" lon="113.88697606511414051055908203125">
        <ele>13.3999996185302734375</ele>
        <time>2026-09-29T22:34:29.000Z</time>
        <extensions>
          <ns3:TrackPointExtension>
            <ns3:hr>140</ns3:hr>
            <ns3:cad>93</ns3:cad>
          </ns3:TrackPointExtension>
        </extensions>
      </trkpt>
      <trkpt lat="22.60386678390204906463623046875" lon="113.88695712201297283172607421875">
        <ele>13.19999980926513671875</ele>
        <time>2026-09-29T22:34:30.000Z</time>
        <extensions>
          <ns3:TrackPointExtension>
            <ns3:hr>140</ns3:hr>
            <ns3:cad>93</ns3:cad>
          </ns3:TrackPointExtension>
        </extensions>
      </trkpt>
      <trkpt lat="22.60388262569904327392578125" lon="113.88693616725504398345947265625">
        <ele>13.19999980926513671875</ele>
        <time>2026-09-29T22:34:31.000Z</time>
        <extensions>
          <ns3:TrackPointExtension>
            <ns3:hr>139</ns3:hr>
            <ns3:cad>93</ns3:cad>
          </ns3:TrackPointExtension>
        </extensions>
      </trkpt>
      <trkpt lat="22.60388924740254878997802734375" lon="113.8869228400290012359619140625">
        <ele>13.19999980926513671875</ele>
        <time>2026-09-29T22:34:32.000Z</time>
        <extensions>
          <ns3:TrackPointExtension>
            <ns3:hr>139</ns3:hr>
            <ns3:cad>93</ns3:cad>
          </ns3:TrackPointExtension>
        </extensions>
      </trkpt>
      <trkpt lat="22.6039126329123973846435546875" lon="113.88691127300262451171875">
        <ele>13.19999980926513671875</ele>
        <time>2026-09-29T22:34:33.000Z</time>
        <extensions>
          <ns3:TrackPointExtension>
            <ns3:hr>139</ns3:hr>
            <ns3:cad>93</ns3:cad>
          </ns3:TrackPointExtension>
        </extensions>
      </trkpt>
      <trkpt lat="22.60392931289970874786376953125" lon="113.88689828105270862579345703125">
        <ele>13</ele>
        <time>2026-09-29T22:34:34.000Z</time>
        <extensions>
          <ns3:TrackPointExtension>
            <ns3:hr>140</ns3:hr>
            <ns3:cad>91</ns3:cad>
          </ns3:TrackPointExtension>
        </extensions>
      </trkpt>
      <trkpt lat="22.60395613498985767364501953125" lon="113.88689559884369373321533203125">
        <ele>13</ele>
        <time>2026-09-29T22:34:35.000Z</time>
        <extensions>
          <ns3:TrackPointExtension>
            <ns3:hr>139</ns3:hr>
            <ns3:cad>90</ns3:cad>
          </ns3:TrackPointExtension>
        </extensions>
      </trkpt>
      <trkpt lat="22.603978849947452545166015625" lon="113.88688788749277591705322265625">
        <ele>12.80000019073486328125</ele>
        <time>2026-09-29T22:34:36.000Z</time>
        <extensions>
          <ns3:TrackPointExtension>
            <ns3:hr>139</ns3:hr>
            <ns3:cad>90</ns3:cad>
          </ns3:TrackPointExtension>
        </extensions>
      </trkpt>
      <trkpt lat="22.6040118746459484100341796875" lon="113.886888809502124786376953125">
        <ele>12.80000019073486328125</ele>
        <time>2026-09-29T22:34:37.000Z</time>
        <extensions>
          <ns3:TrackPointExtension>
            <ns3:hr>140</ns3:hr>
            <ns3:cad>90</ns3:cad>
          </ns3:TrackPointExtension>
        </extensions>
      </trkpt>
      <trkpt lat="22.6040375232696533203125" lon="113.8868789188563823699951171875">
        <ele>12.80000019073486328125</ele>
        <time>2026-09-29T22:34:38.000Z</time>
        <extensions>
          <ns3:TrackPointExtension>
            <ns3:hr>139</ns3:hr>
            <ns3:cad>89</ns3:cad>
          </ns3:TrackPointExtension>
        </extensions>
      </trkpt>
      <trkpt lat="22.6040628366172313690185546875" lon="113.8868809305131435394287109375">
        <ele>12.80000019073486328125</ele>
        <time>2026-09-29T22:34:39.000Z</time>
        <extensions>
          <ns3:TrackPointExtension>
            <ns3:hr>139</ns3:hr>
            <ns3:cad>90</ns3:cad>
          </ns3:TrackPointExtension>
        </extensions>
      </trkpt>
      <trkpt lat="22.60408647358417510986328125" lon="113.88688285835087299346923828125">
        <ele>13</ele>
        <time>2026-09-29T22:34:40.000Z</time>
        <extensions>
          <ns3:TrackPointExtension>
            <ns3:hr>138</ns3:hr>
            <ns3:cad>90</ns3:cad>
          </ns3:TrackPointExtension>
        </extensions>
      </trkpt>
      <trkpt lat="22.60410365648567676544189453125" lon="113.88689585030078887939453125">
        <ele>13</ele>
        <time>2026-09-29T22:34:41.000Z</time>
        <extensions>
          <ns3:TrackPointExtension>
            <ns3:hr>137</ns3:hr>
            <ns3:cad>92</ns3:cad>
          </ns3:TrackPointExtension>
        </extensions>
      </trkpt>
      <trkpt lat="22.6041121222078800201416015625" lon="113.88691923581063747406005859375">
        <ele>13</ele>
        <time>2026-09-29T22:34:42.000Z</time>
        <extensions>
          <ns3:TrackPointExtension>
            <ns3:hr>137</ns3:hr>
            <ns3:cad>92</ns3:cad>
          </ns3:TrackPointExtension>
        </extensions>
      </trkpt>
      <trkpt lat="22.60411354713141918182373046875" lon="113.88694169931113719940185546875">
        <ele>13</ele>
        <time>2026-09-29T22:34:43.000Z</time>
        <extensions>
          <ns3:TrackPointExtension>
            <ns3:hr>136</ns3:hr>
            <ns3:cad>92</ns3:cad>
          </ns3:TrackPointExtension>
        </extensions>
      </trkpt>
      <trkpt lat="22.604115642607212066650390625" lon="113.88697355054318904876708984375">
        <ele>13.19999980926513671875</ele>
        <time>2026-09-29T22:34:44.000Z</time>
        <extensions>
          <ns3:TrackPointExtension>
            <ns3:hr>136</ns3:hr>
            <ns3:cad>93</ns3:cad>
          </ns3:TrackPointExtension>
        </extensions>
      </trkpt>
      <trkpt lat="22.60411421768367290496826171875" lon="113.8870026357471942901611328125">
        <ele>13.19999980926513671875</ele>
        <time>2026-09-29T22:34:45.000Z</time>
        <extensions>
          <ns3:TrackPointExtension>
            <ns3:hr>135</ns3:hr>
            <ns3:cad>93</ns3:cad>
          </ns3:TrackPointExtension>
        </extensions>
      </trkpt>
      <trkpt lat="22.60411463677883148193359375" lon="113.8870401866734027862548828125">
        <ele>13.19999980926513671875</ele>
        <time>2026-09-29T22:34:46.000Z</time>
        <extensions>
          <ns3:TrackPointExtension>
            <ns3:hr>135</ns3:hr>
            <ns3:cad>93</ns3:cad>
          </ns3:TrackPointExtension>
        </extensions>
      </trkpt>
      <trkpt lat="22.6041194982826709747314453125" lon="113.8870730437338352203369140625">
        <ele>13.19999980926513671875</ele>
        <time>2026-09-29T22:34:47.000Z</time>
        <extensions>
          <ns3:TrackPointExtension>
            <ns3:hr>134</ns3:hr>
            <ns3:cad>91</ns3:cad>
          </ns3:TrackPointExtension>
        </extensions>
      </trkpt>
      <trkpt lat="22.60412746109068393707275390625" lon="113.887110091745853424072265625">
        <ele>13.19999980926513671875</ele>
        <time>2026-09-29T22:34:48.000Z</time>
        <extensions>
          <ns3:TrackPointExtension>
            <ns3:hr>134</ns3:hr>
            <ns3:cad>90</ns3:cad>
          </ns3:TrackPointExtension>
        </extensions>
      </trkpt>
      <trkpt lat="22.6041402854025363922119140625" lon="113.887129537761211395263671875">
        <ele>13.19999980926513671875</ele>
        <time>2026-09-29T22:34:49.000Z</time>
        <extensions>
          <ns3:TrackPointExtension>
            <ns3:hr>134</ns3:hr>
            <ns3:cad>90</ns3:cad>
          </ns3:TrackPointExtension>
        </extensions>
      </trkpt>
      <trkpt lat="22.60416568256914615631103515625" lon="113.8871561922132968902587890625">
        <ele>13.19999980926513671875</ele>
        <time>2026-09-29T22:34:50.000Z</time>
        <extensions>
          <ns3:TrackPointExtension>
            <ns3:hr>134</ns3:hr>
            <ns3:cad>91</ns3:cad>
          </ns3:TrackPointExtension>
        </extensions>
      </trkpt>
      <trkpt lat="22.60418630205094814300537109375" lon="113.88715912587940692901611328125">
        <ele>13.19999980926513671875</ele>
        <time>2026-09-29T22:34:51.000Z</time>
        <extensions>
          <ns3:TrackPointExtension>
            <ns3:hr>133</ns3:hr>
            <ns3:cad>94</ns3:cad>
          </ns3:TrackPointExtension>
        </extensions>
      </trkpt>
      <trkpt lat="22.60421748273074626922607421875" lon="113.8871696032583713531494140625">
        <ele>13.19999980926513671875</ele>
        <time>2026-09-29T22:34:52.000Z</time>
        <extensions>
          <ns3:TrackPointExtension>
            <ns3:hr>133</ns3:hr>
            <ns3:cad>94</ns3:cad>
          </ns3:TrackPointExtension>
        </extensions>
      </trkpt>
      <trkpt lat="22.60423994623124599456787109375" lon="113.88716273009777069091796875">
        <ele>13.19999980926513671875</ele>
        <time>2026-09-29T22:34:53.000Z</time>
        <extensions>
          <ns3:TrackPointExtension>
            <ns3:hr>133</ns3:hr>
            <ns3:cad>94</ns3:cad>
          </ns3:TrackPointExtension>
        </extensions>
      </trkpt>
      <trkpt lat="22.60426810942590236663818359375" lon="113.88716876506805419921875">
        <ele>13.19999980926513671875</ele>
        <time>2026-09-29T22:34:54.000Z</time>
        <extensions>
          <ns3:TrackPointExtension>
            <ns3:hr>133</ns3:hr>
            <ns3:cad>93</ns3:cad>
          </ns3:TrackPointExtension>
        </extensions>
      </trkpt>
      <trkpt lat="22.60429660789668560028076171875" lon="113.88716935180127620697021484375">
        <ele>13.19999980926513671875</ele>
        <time>2026-09-29T22:34:55.000Z</time>
        <extensions>
          <ns3:TrackPointExtension>
            <ns3:hr>134</ns3:hr>
            <ns3:cad>92</ns3:cad>
          </ns3:TrackPointExtension>
        </extensions>
      </trkpt>
      <trkpt lat="22.6043233461678028106689453125" lon="113.8871696032583713531494140625">
        <ele>13.19999980926513671875</ele>
        <time>2026-09-29T22:34:56.000Z</time>
        <extensions>
          <ns3:TrackPointExtension>
            <ns3:hr>134</ns3:hr>
            <ns3:cad>92</ns3:cad>
          </ns3:TrackPointExtension>
        </extensions>
      </trkpt>
      <trkpt lat="22.60435611940920352935791015625" lon="113.88716633431613445281982421875">
        <ele>13.19999980926513671875</ele>
        <time>2026-09-29T22:34:57.000Z</time>
        <extensions>
          <ns3:TrackPointExtension>
            <ns3:hr>134</ns3:hr>
            <ns3:cad>92</ns3:cad>
          </ns3:TrackPointExtension>
        </extensions>
      </trkpt>
      <trkpt lat="22.60438210330903530120849609375" lon="113.887164406478404998779296875">
        <ele>13.19999980926513671875</ele>
        <time>2026-09-29T22:34:58.000Z</time>
        <extensions>
          <ns3:TrackPointExtension>
            <ns3:hr>135</ns3:hr>
            <ns3:cad>91</ns3:cad>
          </ns3:TrackPointExtension>
        </extensions>
      </trkpt>
      <trkpt lat="22.60441496036946773529052734375" lon="113.88715778477489948272705078125">
        <ele>13.19999980926513671875</ele>
        <time>2026-09-29T22:34:59.000Z</time>
        <extensions>
          <ns3:TrackPointExtension>
            <ns3:hr>136</ns3:hr>
            <ns3:cad>91</ns3:cad>
          </ns3:TrackPointExtension>
        </extensions>
      </trkpt>
      <trkpt lat="22.6044339872896671295166015625" lon="113.8871451281011104583740234375">
        <ele>13.19999980926513671875</ele>
        <time>2026-09-29T22:35:00.000Z</time>
        <extensions>
          <ns3:TrackPointExtension>
            <ns3:hr>137</ns3:hr>
            <ns3:cad>92</ns3:cad>
          </ns3:TrackPointExtension>
        </extensions>
      </trkpt>
      <trkpt lat="22.6044631563127040863037109375" lon="113.88713859021663665771484375">
        <ele>13.19999980926513671875</ele>
        <time>2026-09-29T22:35:01.000Z</time>
        <extensions>
          <ns3:TrackPointExtension>
            <ns3:hr>137</ns3:hr>
            <ns3:cad>92</ns3:cad>
          </ns3:TrackPointExtension>
        </extensions>
      </trkpt>
      <trkpt lat="22.6044856198132038116455078125" lon="113.8871297053992748260498046875">
        <ele>13.19999980926513671875</ele>
        <time>2026-09-29T22:35:02.000Z</time>
        <extensions>
          <ns3:TrackPointExtension>
            <ns3:hr>137</ns3:hr>
            <ns3:cad>92</ns3:cad>
          </ns3:TrackPointExtension>
        </extensions>
      </trkpt>
      <trkpt lat="22.60451336391270160675048828125" lon="113.88712375424802303314208984375">
        <ele>13.3999996185302734375</ele>
        <time>2026-09-29T22:35:03.000Z</time>
        <extensions>
          <ns3:TrackPointExtension>
            <ns3:hr>138</ns3:hr>
            <ns3:cad>93</ns3:cad>
          </ns3:TrackPointExtension>
        </extensions>
      </trkpt>
      <trkpt lat="22.604535408318042755126953125" lon="113.8871109299361705780029296875">
        <ele>13.3999996185302734375</ele>
        <time>2026-09-29T22:35:04.000Z</time>
        <extensions>
          <ns3:TrackPointExtension>
            <ns3:hr>138</ns3:hr>
            <ns3:cad>93</ns3:cad>
          </ns3:TrackPointExtension>
        </extensions>
      </trkpt>
      <trkpt lat="22.604558207094669342041015625" lon="113.88710347004234790802001953125">
        <ele>13.3999996185302734375</ele>
        <time>2026-09-29T22:35:05.000Z</time>
        <extensions>
          <ns3:TrackPointExtension>
            <ns3:hr>138</ns3:hr>
            <ns3:cad>93</ns3:cad>
          </ns3:TrackPointExtension>
        </extensions>
      </trkpt>
      <trkpt lat="22.6045905612409114837646484375" lon="113.8870955072343349456787109375">
        <ele>13.3999996185302734375</ele>
        <time>2026-09-29T22:35:06.000Z</time>
        <extensions>
          <ns3:TrackPointExtension>
            <ns3:hr>138</ns3:hr>
            <ns3:cad>93</ns3:cad>
          </ns3:TrackPointExtension>
        </extensions>
      </trkpt>
      <trkpt lat="22.6046133600175380706787109375" lon="113.88708570040762424468994140625">
        <ele>13.3999996185302734375</ele>
        <time>2026-09-29T22:35:07.000Z</time>
        <extensions>
          <ns3:TrackPointExtension>
            <ns3:hr>139</ns3:hr>
            <ns3:cad>92</ns3:cad>
          </ns3:TrackPointExtension>
        </extensions>
      </trkpt>
      <trkpt lat="22.60464034974575042724609375" lon="113.88707153499126434326171875">
        <ele>13.3999996185302734375</ele>
        <time>2026-09-29T22:35:08.000Z</time>
        <extensions>
          <ns3:TrackPointExtension>
            <ns3:hr>138</ns3:hr>
            <ns3:cad>92</ns3:cad>
          </ns3:TrackPointExtension>
        </extensions>
      </trkpt>
      <trkpt lat="22.60466323234140872955322265625" lon="113.8870623148977756500244140625">
        <ele>13.3999996185302734375</ele>
        <time>2026-09-29T22:35:09.000Z</time>
        <extensions>
          <ns3:TrackPointExtension>
            <ns3:hr>138</ns3:hr>
            <ns3:cad>94</ns3:cad>
          </ns3:TrackPointExtension>
        </extensions>
      </trkpt>
      <trkpt lat="22.60469340719282627105712890625" lon="113.88705410063266754150390625">
        <ele>13.3999996185302734375</ele>
        <time>2026-09-29T22:35:10.000Z</time>
        <extensions>
          <ns3:TrackPointExtension>
            <ns3:hr>138</ns3:hr>
            <ns3:cad>94</ns3:cad>
          </ns3:TrackPointExtension>
        </extensions>
      </trkpt>
      <trkpt lat="22.60471754707396030426025390625" lon="113.88704094104468822479248046875">
        <ele>13.3999996185302734375</ele>
        <time>2026-09-29T22:35:11.000Z</time>
        <extensions>
          <ns3:TrackPointExtension>
            <ns3:hr>138</ns3:hr>
            <ns3:cad>94</ns3:cad>
          </ns3:TrackPointExtension>
        </extensions>
      </trkpt>
      <trkpt lat="22.604745291173458099365234375" lon="113.887037672102451324462890625">
        <ele>13.3999996185302734375</ele>
        <time>2026-09-29T22:35:12.000Z</time>
        <extensions>
          <ns3:TrackPointExtension>
            <ns3:hr>138</ns3:hr>
            <ns3:cad>94</ns3:cad>
          </ns3:TrackPointExtension>
        </extensions>
      </trkpt>
      <trkpt lat="22.6047749631106853485107421875" lon="113.88703071512281894683837890625">
        <ele>13.3999996185302734375</ele>
        <time>2026-09-29T22:35:13.000Z</time>
        <extensions>
          <ns3:TrackPointExtension>
            <ns3:hr>138</ns3:hr>
            <ns3:cad>93</ns3:cad>
          </ns3:TrackPointExtension>
        </extensions>
      </trkpt>
      <trkpt lat="22.60479885153472423553466796875" lon="113.88701579533517360687255859375">
        <ele>13.3999996185302734375</ele>
        <time>2026-09-29T22:35:14.000Z</time>
        <extensions>
          <ns3:TrackPointExtension>
            <ns3:hr>138</ns3:hr>
            <ns3:cad>93</ns3:cad>
          </ns3:TrackPointExtension>
        </extensions>
      </trkpt>
      <trkpt lat="22.60482902638614177703857421875" lon="113.88700623996555805206298828125">
        <ele>13.3999996185302734375</ele>
        <time>2026-09-29T22:35:15.000Z</time>
        <extensions>
          <ns3:TrackPointExtension>
            <ns3:hr>137</ns3:hr>
            <ns3:cad>93</ns3:cad>
          </ns3:TrackPointExtension>
        </extensions>
      </trkpt>
      <trkpt lat="22.6048517413437366485595703125" lon="113.88699509203433990478515625">
        <ele>13.19999980926513671875</ele>
        <time>2026-09-29T22:35:16.000Z</time>
        <extensions>
          <ns3:TrackPointExtension>
            <ns3:hr>137</ns3:hr>
            <ns3:cad>94</ns3:cad>
          </ns3:TrackPointExtension>
        </extensions>
      </trkpt>
      <trkpt lat="22.6048822514712810516357421875" lon="113.88699031434953212738037109375">
        <ele>13.3999996185302734375</ele>
        <time>2026-09-29T22:35:17.000Z</time>
        <extensions>
          <ns3:TrackPointExtension>
            <ns3:hr>136</ns3:hr>
            <ns3:cad>94</ns3:cad>
          </ns3:TrackPointExtension>
        </extensions>
      </trkpt>
      <trkpt lat="22.60490722954273223876953125" lon="113.886977322399616241455078125">
        <ele>13.3999996185302734375</ele>
        <time>2026-09-29T22:35:18.000Z</time>
        <extensions>
          <ns3:TrackPointExtension>
            <ns3:hr>136</ns3:hr>
            <ns3:cad>95</ns3:cad>
          </ns3:TrackPointExtension>
        </extensions>
      </trkpt>
      <trkpt lat="22.60493715293705463409423828125" lon="113.88697589747607707977294921875">
        <ele>13.3999996185302734375</ele>
        <time>2026-09-29T22:35:19.000Z</time>
        <extensions>
          <ns3:TrackPointExtension>
            <ns3:hr>136</ns3:hr>
            <ns3:cad>95</ns3:cad>
          </ns3:TrackPointExtension>
        </extensions>
      </trkpt>
      <trkpt lat="22.60496732778847217559814453125" lon="113.8869664259254932403564453125">
        <ele>13.3999996185302734375</ele>
        <time>2026-09-29T22:35:20.000Z</time>
        <extensions>
          <ns3:TrackPointExtension>
            <ns3:hr>136</ns3:hr>
            <ns3:cad>94</ns3:cad>
          </ns3:TrackPointExtension>
        </extensions>
      </trkpt>
      <trkpt lat="22.6049888692796230316162109375" lon="113.8869620673358440399169921875">
        <ele>13.6000003814697265625</ele>
        <time>2026-09-29T22:35:21.000Z</time>
        <extensions>
          <ns3:TrackPointExtension>
            <ns3:hr>136</ns3:hr>
            <ns3:cad>94</ns3:cad>
          </ns3:TrackPointExtension>
        </extensions>
      </trkpt>
      <trkpt lat="22.60501896031200885772705078125" lon="113.88695259578526020050048828125">
        <ele>13.6000003814697265625</ele>
        <time>2026-09-29T22:35:22.000Z</time>
        <extensions>
          <ns3:TrackPointExtension>
            <ns3:hr>136</ns3:hr>
            <ns3:cad>94</ns3:cad>
          </ns3:TrackPointExtension>
        </extensions>
      </trkpt>
      <trkpt lat="22.60503740049898624420166015625" lon="113.886941783130168914794921875">
        <ele>13.3999996185302734375</ele>
        <time>2026-09-29T22:35:23.000Z</time>
        <extensions>
          <ns3:TrackPointExtension>
            <ns3:hr>137</ns3:hr>
            <ns3:cad>94</ns3:cad>
          </ns3:TrackPointExtension>
        </extensions>
      </trkpt>
      <trkpt lat="22.60506606660783290863037109375" lon="113.88693382032215595245361328125">
        <ele>13.6000003814697265625</ele>
        <time>2026-09-29T22:35:24.000Z</time>
        <extensions>
          <ns3:TrackPointExtension>
            <ns3:hr>137</ns3:hr>
            <ns3:cad>93</ns3:cad>
          </ns3:TrackPointExtension>
        </extensions>
      </trkpt>
      <trkpt lat="22.60508534498512744903564453125" lon="113.88692359440028667449951171875">
        <ele>13.6000003814697265625</ele>
        <time>2026-09-29T22:35:25.000Z</time>
        <extensions>
          <ns3:TrackPointExtension>
            <ns3:hr>137</ns3:hr>
            <ns3:cad>93</ns3:cad>
          </ns3:TrackPointExtension>
        </extensions>
      </trkpt>
      <trkpt lat="22.60511199943721294403076171875" lon="113.88692107982933521270751953125">
        <ele>13.6000003814697265625</ele>
        <time>2026-09-29T22:35:26.000Z</time>
        <extensions>
          <ns3:TrackPointExtension>
            <ns3:hr>137</ns3:hr>
            <ns3:cad>93</ns3:cad>
          </ns3:TrackPointExtension>
        </extensions>
      </trkpt>
      <trkpt lat="22.60513396002352237701416015625" lon="113.886908590793609619140625">
        <ele>13.6000003814697265625</ele>
        <time>2026-09-29T22:35:27.000Z</time>
        <extensions>
          <ns3:TrackPointExtension>
            <ns3:hr>137</ns3:hr>
            <ns3:cad>93</ns3:cad>
          </ns3:TrackPointExtension>
        </extensions>
      </trkpt>
      <trkpt lat="22.60515935719013214111328125" lon="113.88690448366105556488037109375">
        <ele>13.6000003814697265625</ele>
        <time>2026-09-29T22:35:28.000Z</time>
        <extensions>
          <ns3:TrackPointExtension>
            <ns3:hr>136</ns3:hr>
            <ns3:cad>93</ns3:cad>
          </ns3:TrackPointExtension>
        </extensions>
      </trkpt>
      <trkpt lat="22.60518508963286876678466796875" lon="113.88689710758626461029052734375">
        <ele>13.6000003814697265625</ele>
        <time>2026-09-29T22:35:29.000Z</time>
        <extensions>
          <ns3:TrackPointExtension>
            <ns3:hr>136</ns3:hr>
            <ns3:cad>93</ns3:cad>
          </ns3:TrackPointExtension>
        </extensions>
      </trkpt>
      <trkpt lat="22.60520520620048046112060546875" lon="113.88688839040696620941162109375">
        <ele>13.6000003814697265625</ele>
        <time>2026-09-29T22:35:30.000Z</time>
        <extensions>
          <ns3:TrackPointExtension>
            <ns3:hr>137</ns3:hr>
            <ns3:cad>93</ns3:cad>
          </ns3:TrackPointExtension>
        </extensions>
      </trkpt>
      <trkpt lat="22.60523521341383457183837890625" lon="113.8868779130280017852783203125">
        <ele>13.6000003814697265625</ele>
        <time>2026-09-29T22:35:31.000Z</time>
        <extensions>
          <ns3:TrackPointExtension>
            <ns3:hr>137</ns3:hr>
            <ns3:cad>93</ns3:cad>
          </ns3:TrackPointExtension>
        </extensions>
      </trkpt>
      <trkpt lat="22.60525851510465145111083984375" lon="113.88686768710613250732421875">
        <ele>13.6000003814697265625</ele>
        <time>2026-09-29T22:35:32.000Z</time>
        <extensions>
          <ns3:TrackPointExtension>
            <ns3:hr>136</ns3:hr>
            <ns3:cad>93</ns3:cad>
          </ns3:TrackPointExtension>
        </extensions>
      </trkpt>
      <trkpt lat="22.60528969578444957733154296875" lon="113.88686575926840305328369140625">
        <ele>13.6000003814697265625</ele>
        <time>2026-09-29T22:35:33.000Z</time>
        <extensions>
          <ns3:TrackPointExtension>
            <ns3:hr>136</ns3:hr>
            <ns3:cad>93</ns3:cad>
          </ns3:TrackPointExtension>
        </extensions>
      </trkpt>
      <trkpt lat="22.6053130812942981719970703125" lon="113.8868537731468677520751953125">
        <ele>13.6000003814697265625</ele>
        <time>2026-09-29T22:35:34.000Z</time>
        <extensions>
          <ns3:TrackPointExtension>
            <ns3:hr>136</ns3:hr>
            <ns3:cad>94</ns3:cad>
          </ns3:TrackPointExtension>
        </extensions>
      </trkpt>
      <trkpt lat="22.60534116066992282867431640625" lon="113.88684891164302825927734375">
        <ele>13.6000003814697265625</ele>
        <time>2026-09-29T22:35:35.000Z</time>
        <extensions>
          <ns3:TrackPointExtension>
            <ns3:hr>135</ns3:hr>
            <ns3:cad>95</ns3:cad>
          </ns3:TrackPointExtension>
        </extensions>
      </trkpt>
      <trkpt lat="22.60537217371165752410888671875" lon="113.8868428766727447509765625">
        <ele>13.6000003814697265625</ele>
        <time>2026-09-29T22:35:36.000Z</time>
        <extensions>
          <ns3:TrackPointExtension>
            <ns3:hr>135</ns3:hr>
            <ns3:cad>95</ns3:cad>
          </ns3:TrackPointExtension>
        </extensions>
      </trkpt>
      <trkpt lat="22.60539765469729900360107421875" lon="113.88683508150279521942138671875">
        <ele>13.6000003814697265625</ele>
        <time>2026-09-29T22:35:37.000Z</time>
        <extensions>
          <ns3:TrackPointExtension>
            <ns3:hr>135</ns3:hr>
            <ns3:cad>95</ns3:cad>
          </ns3:TrackPointExtension>
        </extensions>
      </trkpt>
      <trkpt lat="22.60542732663452625274658203125" lon="113.8868241012096405029296875">
        <ele>13.6000003814697265625</ele>
        <time>2026-09-29T22:35:38.000Z</time>
        <extensions>
          <ns3:TrackPointExtension>
            <ns3:hr>135</ns3:hr>
            <ns3:cad>93</ns3:cad>
          </ns3:TrackPointExtension>
        </extensions>
      </trkpt>
      <trkpt lat="22.6054471917450428009033203125" lon="113.88681245036423206329345703125">
        <ele>13.6000003814697265625</ele>
        <time>2026-09-29T22:35:39.000Z</time>
        <extensions>
          <ns3:TrackPointExtension>
            <ns3:hr>134</ns3:hr>
            <ns3:cad>93</ns3:cad>
          </ns3:TrackPointExtension>
        </extensions>
      </trkpt>
      <trkpt lat="22.605474852025508880615234375" lon="113.88679954223334789276123046875">
        <ele>13.6000003814697265625</ele>
        <time>2026-09-29T22:35:40.000Z</time>
        <extensions>
          <ns3:TrackPointExtension>
            <ns3:hr>134</ns3:hr>
            <ns3:cad>93</ns3:cad>
          </ns3:TrackPointExtension>
        </extensions>
      </trkpt>
      <trkpt lat="22.60549723170697689056396484375" lon="113.8867853768169879913330078125">
        <ele>13.6000003814697265625</ele>
        <time>2026-09-29T22:35:41.000Z</time>
        <extensions>
          <ns3:TrackPointExtension>
            <ns3:hr>134</ns3:hr>
            <ns3:cad>94</ns3:cad>
          </ns3:TrackPointExtension>
        </extensions>
      </trkpt>
      <trkpt lat="22.60552547872066497802734375" lon="113.88679585419595241546630859375">
        <ele>13.6000003814697265625</ele>
        <time>2026-09-29T22:35:42.000Z</time>
        <extensions>
          <ns3:TrackPointExtension>
            <ns3:hr>134</ns3:hr>
            <ns3:cad>94</ns3:cad>
          </ns3:TrackPointExtension>
        </extensions>
      </trkpt>
      <trkpt lat="22.60555188171565532684326171875" lon="113.8868031464517116546630859375">
        <ele>13.80000019073486328125</ele>
        <time>2026-09-29T22:35:43.000Z</time>
        <extensions>
          <ns3:TrackPointExtension>
            <ns3:hr>134</ns3:hr>
            <ns3:cad>92</ns3:cad>
          </ns3:TrackPointExtension>
        </extensions>
      </trkpt>
      <trkpt lat="22.605568058788776397705078125" lon="113.88682435266673564910888671875">
        <ele>13.80000019073486328125</ele>
        <time>2026-09-29T22:35:44.000Z</time>
        <extensions>
          <ns3:TrackPointExtension>
            <ns3:hr>133</ns3:hr>
            <ns3:cad>92</ns3:cad>
          </ns3:TrackPointExtension>
        </extensions>
      </trkpt>
      <trkpt lat="22.60558725334703922271728515625" lon="113.8868536055088043212890625">
        <ele>13.80000019073486328125</ele>
        <time>2026-09-29T22:35:45.000Z</time>
        <extensions>
          <ns3:TrackPointExtension>
            <ns3:hr>134</ns3:hr>
            <ns3:cad>92</ns3:cad>
          </ns3:TrackPointExtension>
        </extensions>
      </trkpt>
      <trkpt lat="22.605596892535686492919921875" lon="113.886879421770572662353515625">
        <ele>13.80000019073486328125</ele>
        <time>2026-09-29T22:35:46.000Z</time>
        <extensions>
          <ns3:TrackPointExtension>
            <ns3:hr>134</ns3:hr>
            <ns3:cad>93</ns3:cad>
          </ns3:TrackPointExtension>
        </extensions>
      </trkpt>
      <trkpt lat="22.60561273433268070220947265625" lon="113.8869137875735759735107421875">
        <ele>13.80000019073486328125</ele>
        <time>2026-09-29T22:35:47.000Z</time>
        <extensions>
          <ns3:TrackPointExtension>
            <ns3:hr>134</ns3:hr>
            <ns3:cad>93</ns3:cad>
          </ns3:TrackPointExtension>
        </extensions>
      </trkpt>
      <trkpt lat="22.605624385178089141845703125" lon="113.8869355805218219757080078125">
        <ele>13.80000019073486328125</ele>
        <time>2026-09-29T22:35:48.000Z</time>
        <extensions>
          <ns3:TrackPointExtension>
            <ns3:hr>133</ns3:hr>
            <ns3:cad>93</ns3:cad>
          </ns3:TrackPointExtension>
        </extensions>
      </trkpt>
      <trkpt lat="22.60563704185187816619873046875" lon="113.8869662582874298095703125">
        <ele>13.80000019073486328125</ele>
        <time>2026-09-29T22:35:49.000Z</time>
        <extensions>
          <ns3:TrackPointExtension>
            <ns3:hr>134</ns3:hr>
            <ns3:cad>92</ns3:cad>
          </ns3:TrackPointExtension>
        </extensions>
      </trkpt>
      <trkpt lat="22.60564978234469890594482421875" lon="113.8869872130453586578369140625">
        <ele>14</ele>
        <time>2026-09-29T22:35:50.000Z</time>
        <extensions>
          <ns3:TrackPointExtension>
            <ns3:hr>134</ns3:hr>
            <ns3:cad>92</ns3:cad>
          </ns3:TrackPointExtension>
        </extensions>
      </trkpt>
      <trkpt lat="22.6056614331901073455810546875" lon="113.88701520860195159912109375">
        <ele>14</ele>
        <time>2026-09-29T22:35:51.000Z</time>
        <extensions>
          <ns3:TrackPointExtension>
            <ns3:hr>133</ns3:hr>
            <ns3:cad>92</ns3:cad>
          </ns3:TrackPointExtension>
        </extensions>
      </trkpt>
      <trkpt lat="22.6056795381009578704833984375" lon="113.8870359957218170166015625">
        <ele>14.19999980926513671875</ele>
        <time>2026-09-29T22:35:52.000Z</time>
        <extensions>
          <ns3:TrackPointExtension>
            <ns3:hr>134</ns3:hr>
            <ns3:cad>93</ns3:cad>
          </ns3:TrackPointExtension>
        </extensions>
      </trkpt>
      <trkpt lat="22.6056911051273345947265625" lon="113.88706214725971221923828125">
        <ele>14.3999996185302734375</ele>
        <time>2026-09-29T22:35:53.000Z</time>
        <extensions>
          <ns3:TrackPointExtension>
            <ns3:hr>134</ns3:hr>
            <ns3:cad>93</ns3:cad>
          </ns3:TrackPointExtension>
        </extensions>
      </trkpt>
      <trkpt lat="22.6057073660194873809814453125" lon="113.8870894722640514373779296875">
        <ele>14.6000003814697265625</ele>
        <time>2026-09-29T22:35:54.000Z</time>
        <extensions>
          <ns3:TrackPointExtension>
            <ns3:hr>133</ns3:hr>
            <ns3:cad>93</ns3:cad>
          </ns3:TrackPointExtension>
        </extensions>
      </trkpt>
      <trkpt lat="22.6057201065123081207275390625" lon="113.88711285777390003204345703125">
        <ele>14.6000003814697265625</ele>
        <time>2026-09-29T22:35:55.000Z</time>
        <extensions>
          <ns3:TrackPointExtension>
            <ns3:hr>134</ns3:hr>
            <ns3:cad>92</ns3:cad>
          </ns3:TrackPointExtension>
        </extensions>
      </trkpt>
      <trkpt lat="22.60573795996606349945068359375" lon="113.88714261353015899658203125">
        <ele>14.6000003814697265625</ele>
        <time>2026-09-29T22:35:56.000Z</time>
        <extensions>
          <ns3:TrackPointExtension>
            <ns3:hr>134</ns3:hr>
            <ns3:cad>92</ns3:cad>
          </ns3:TrackPointExtension>
        </extensions>
      </trkpt>
      <trkpt lat="22.60575078427791595458984375" lon="113.887161724269390106201171875">
        <ele>14.6000003814697265625</ele>
        <time>2026-09-29T22:35:57.000Z</time>
        <extensions>
          <ns3:TrackPointExtension>
            <ns3:hr>134</ns3:hr>
            <ns3:cad>92</ns3:cad>
          </ns3:TrackPointExtension>
        </extensions>
      </trkpt>
      <trkpt lat="22.60576478205621242523193359375" lon="113.88718997128307819366455078125">
        <ele>14.6000003814697265625</ele>
        <time>2026-09-29T22:35:58.000Z</time>
        <extensions>
          <ns3:TrackPointExtension>
            <ns3:hr>134</ns3:hr>
            <ns3:cad>93</ns3:cad>
          </ns3:TrackPointExtension>
        </extensions>
      </trkpt>
      <trkpt lat="22.6057757623493671417236328125" lon="113.88720966875553131103515625">
        <ele>14.6000003814697265625</ele>
        <time>2026-09-29T22:35:59.000Z</time>
        <extensions>
          <ns3:TrackPointExtension>
            <ns3:hr>135</ns3:hr>
            <ns3:cad>94</ns3:cad>
          </ns3:TrackPointExtension>
        </extensions>
      </trkpt>
      <trkpt lat="22.605785988271236419677734375" lon="113.887236826121807098388671875">
        <ele>14.6000003814697265625</ele>
        <time>2026-09-29T22:36:00.000Z</time>
        <extensions>
          <ns3:TrackPointExtension>
            <ns3:hr>135</ns3:hr>
            <ns3:cad>94</ns3:cad>
          </ns3:TrackPointExtension>
        </extensions>
      </trkpt>
      <trkpt lat="22.6057995669543743133544921875" lon="113.88725937344133853912353515625">
        <ele>14.80000019073486328125</ele>
        <time>2026-09-29T22:36:01.000Z</time>
        <extensions>
          <ns3:TrackPointExtension>
            <ns3:hr>136</ns3:hr>
            <ns3:cad>94</ns3:cad>
          </ns3:TrackPointExtension>
        </extensions>
      </trkpt>
      <trkpt lat="22.60580937378108501434326171875" lon="113.8872852735221385955810546875">
        <ele>14.80000019073486328125</ele>
        <time>2026-09-29T22:36:02.000Z</time>
        <extensions>
          <ns3:TrackPointExtension>
            <ns3:hr>136</ns3:hr>
            <ns3:cad>93</ns3:cad>
          </ns3:TrackPointExtension>
        </extensions>
      </trkpt>
      <trkpt lat="22.6058243773877620697021484375" lon="113.88731419108808040618896484375">
        <ele>14.80000019073486328125</ele>
        <time>2026-09-29T22:36:03.000Z</time>
        <extensions>
          <ns3:TrackPointExtension>
            <ns3:hr>136</ns3:hr>
            <ns3:cad>93</ns3:cad>
          </ns3:TrackPointExtension>
        </extensions>
      </trkpt>
      <trkpt lat="22.60583720169961452484130859375" lon="113.8873355649411678314208984375">
        <ele>14.80000019073486328125</ele>
        <time>2026-09-29T22:36:04.000Z</time>
        <extensions>
          <ns3:TrackPointExtension>
            <ns3:hr>137</ns3:hr>
            <ns3:cad>93</ns3:cad>
          </ns3:TrackPointExtension>
        </extensions>
      </trkpt>
      <trkpt lat="22.6058525405824184417724609375" lon="113.88736247085034847259521484375">
        <ele>15</ele>
        <time>2026-09-29T22:36:05.000Z</time>
        <extensions>
          <ns3:TrackPointExtension>
            <ns3:hr>137</ns3:hr>
            <ns3:cad>93</ns3:cad>
          </ns3:TrackPointExtension>
        </extensions>
      </trkpt>
      <trkpt lat="22.60586469434201717376708984375" lon="113.88738057576119899749755859375">
        <ele>15</ele>
        <time>2026-09-29T22:36:06.000Z</time>
        <extensions>
          <ns3:TrackPointExtension>
            <ns3:hr>137</ns3:hr>
            <ns3:cad>94</ns3:cad>
          </ns3:TrackPointExtension>
        </extensions>
      </trkpt>
      <trkpt lat="22.6058796979486942291259765625" lon="113.88740890659391880035400390625">
        <ele>15.19999980926513671875</ele>
        <time>2026-09-29T22:36:07.000Z</time>
        <extensions>
          <ns3:TrackPointExtension>
            <ns3:hr>138</ns3:hr>
            <ns3:cad>95</ns3:cad>
          </ns3:TrackPointExtension>
        </extensions>
      </trkpt>
      <trkpt lat="22.60589755140244960784912109375" lon="113.88742969371378421783447265625">
        <ele>15.19999980926513671875</ele>
        <time>2026-09-29T22:36:08.000Z</time>
        <extensions>
          <ns3:TrackPointExtension>
            <ns3:hr>138</ns3:hr>
            <ns3:cad>94</ns3:cad>
          </ns3:TrackPointExtension>
        </extensions>
      </trkpt>
      <trkpt lat="22.60590928606688976287841796875" lon="113.887455426156520843505859375">
        <ele>15</ele>
        <time>2026-09-29T22:36:09.000Z</time>
        <extensions>
          <ns3:TrackPointExtension>
            <ns3:hr>138</ns3:hr>
            <ns3:cad>93</ns3:cad>
          </ns3:TrackPointExtension>
        </extensions>
      </trkpt>
      <trkpt lat="22.60592973791062831878662109375" lon="113.88748032040894031524658203125">
        <ele>15</ele>
        <time>2026-09-29T22:36:10.000Z</time>
        <extensions>
          <ns3:TrackPointExtension>
            <ns3:hr>138</ns3:hr>
            <ns3:cad>92</ns3:cad>
          </ns3:TrackPointExtension>
        </extensions>
      </trkpt>
      <trkpt lat="22.605938203632831573486328125" lon="113.8875005207955837249755859375">
        <ele>15</ele>
        <time>2026-09-29T22:36:11.000Z</time>
        <extensions>
          <ns3:TrackPointExtension>
            <ns3:hr>137</ns3:hr>
            <ns3:cad>92</ns3:cad>
          </ns3:TrackPointExtension>
        </extensions>
      </trkpt>
      <trkpt lat="22.60595605708658695220947265625" lon="113.8875323720276355743408203125">
        <ele>15</ele>
        <time>2026-09-29T22:36:12.000Z</time>
        <extensions>
          <ns3:TrackPointExtension>
            <ns3:hr>137</ns3:hr>
            <ns3:cad>92</ns3:cad>
          </ns3:TrackPointExtension>
        </extensions>
      </trkpt>
      <trkpt lat="22.60596678592264652252197265625" lon="113.88754921965301036834716796875">
        <ele>15</ele>
        <time>2026-09-29T22:36:13.000Z</time>
        <extensions>
          <ns3:TrackPointExtension>
            <ns3:hr>137</ns3:hr>
            <ns3:cad>92</ns3:cad>
          </ns3:TrackPointExtension>
        </extensions>
      </trkpt>
      <trkpt lat="22.60597935877740383148193359375" lon="113.88757822103798389434814453125">
        <ele>15</ele>
        <time>2026-09-29T22:36:14.000Z</time>
        <extensions>
          <ns3:TrackPointExtension>
            <ns3:hr>137</ns3:hr>
            <ns3:cad>92</ns3:cad>
          </ns3:TrackPointExtension>
        </extensions>
      </trkpt>
      <trkpt lat="22.6059856452047824859619140625" lon="113.88759900815784931182861328125">
        <ele>14.80000019073486328125</ele>
        <time>2026-09-29T22:36:15.000Z</time>
        <extensions>
          <ns3:TrackPointExtension>
            <ns3:hr>137</ns3:hr>
            <ns3:cad>92</ns3:cad>
          </ns3:TrackPointExtension>
        </extensions>
      </trkpt>
      <trkpt lat="22.60599930770695209503173828125" lon="113.8876252435147762298583984375">
        <ele>14.80000019073486328125</ele>
        <time>2026-09-29T22:36:16.000Z</time>
        <extensions>
          <ns3:TrackPointExtension>
            <ns3:hr>137</ns3:hr>
            <ns3:cad>92</ns3:cad>
          </ns3:TrackPointExtension>
        </extensions>
      </trkpt>
      <trkpt lat="22.606011293828487396240234375" lon="113.887647204101085662841796875">
        <ele>14.80000019073486328125</ele>
        <time>2026-09-29T22:36:17.000Z</time>
        <extensions>
          <ns3:TrackPointExtension>
            <ns3:hr>137</ns3:hr>
            <ns3:cad>94</ns3:cad>
          </ns3:TrackPointExtension>
        </extensions>
      </trkpt>
      <trkpt lat="22.60602612979710102081298828125" lon="113.88766773976385593414306640625">
        <ele>14.80000019073486328125</ele>
        <time>2026-09-29T22:36:18.000Z</time>
        <extensions>
          <ns3:TrackPointExtension>
            <ns3:hr>137</ns3:hr>
            <ns3:cad>94</ns3:cad>
          </ns3:TrackPointExtension>
        </extensions>
      </trkpt>
      <trkpt lat="22.60604188777506351470947265625" lon="113.8876904547214508056640625">
        <ele>14.80000019073486328125</ele>
        <time>2026-09-29T22:36:19.000Z</time>
        <extensions>
          <ns3:TrackPointExtension>
            <ns3:hr>137</ns3:hr>
            <ns3:cad>94</ns3:cad>
          </ns3:TrackPointExtension>
        </extensions>
      </trkpt>
      <trkpt lat="22.60605261661112308502197265625" lon="113.88771166093647480010986328125">
        <ele>15</ele>
        <time>2026-09-29T22:36:20.000Z</time>
        <extensions>
          <ns3:TrackPointExtension>
            <ns3:hr>137</ns3:hr>
            <ns3:cad>94</ns3:cad>
          </ns3:TrackPointExtension>
        </extensions>
      </trkpt>
      <trkpt lat="22.6060671173036098480224609375" lon="113.88773940503597259521484375">
        <ele>15</ele>
        <time>2026-09-29T22:36:21.000Z</time>
        <extensions>
          <ns3:TrackPointExtension>
            <ns3:hr>137</ns3:hr>
            <ns3:cad>94</ns3:cad>
          </ns3:TrackPointExtension>
        </extensions>
      </trkpt>
      <trkpt lat="22.60608245618641376495361328125" lon="113.8877586834132671356201171875">
        <ele>15</ele>
        <time>2026-09-29T22:36:22.000Z</time>
        <extensions>
          <ns3:TrackPointExtension>
            <ns3:hr>138</ns3:hr>
            <ns3:cad>94</ns3:cad>
          </ns3:TrackPointExtension>
        </extensions>
      </trkpt>
      <trkpt lat="22.6060996390879154205322265625" lon="113.8877891935408115386962890625">
        <ele>15.19999980926513671875</ele>
        <time>2026-09-29T22:36:23.000Z</time>
        <extensions>
          <ns3:TrackPointExtension>
            <ns3:hr>138</ns3:hr>
            <ns3:cad>94</ns3:cad>
          </ns3:TrackPointExtension>
        </extensions>
      </trkpt>
      <trkpt lat="22.60611028410494327545166015625" lon="113.887809477746486663818359375">
        <ele>15.19999980926513671875</ele>
        <time>2026-09-29T22:36:24.000Z</time>
        <extensions>
          <ns3:TrackPointExtension>
            <ns3:hr>138</ns3:hr>
            <ns3:cad>94</ns3:cad>
          </ns3:TrackPointExtension>
        </extensions>
      </trkpt>
      <trkpt lat="22.606118582189083099365234375" lon="113.88784023933112621307373046875">
        <ele>15.19999980926513671875</ele>
        <time>2026-09-29T22:36:25.000Z</time>
        <extensions>
          <ns3:TrackPointExtension>
            <ns3:hr>138</ns3:hr>
            <ns3:cad>94</ns3:cad>
          </ns3:TrackPointExtension>
        </extensions>
      </trkpt>
      <trkpt lat="22.606131322681903839111328125" lon="113.887869827449321746826171875">
        <ele>15.19999980926513671875</ele>
        <time>2026-09-29T22:36:26.000Z</time>
        <extensions>
          <ns3:TrackPointExtension>
            <ns3:hr>139</ns3:hr>
            <ns3:cad>92</ns3:cad>
          </ns3:TrackPointExtension>
        </extensions>
      </trkpt>
      <trkpt lat="22.60614917613565921783447265625" lon="113.88789908029139041900634765625">
        <ele>15.19999980926513671875</ele>
        <time>2026-09-29T22:36:27.000Z</time>
        <extensions>
          <ns3:TrackPointExtension>
            <ns3:hr>139</ns3:hr>
            <ns3:cad>92</ns3:cad>
          </ns3:TrackPointExtension>
        </extensions>
      </trkpt>
      <trkpt lat="22.60616920888423919677734375" lon="113.887919448316097259521484375">
        <ele>15.19999980926513671875</ele>
        <time>2026-09-29T22:36:28.000Z</time>
        <extensions>
          <ns3:TrackPointExtension>
            <ns3:hr>140</ns3:hr>
            <ns3:cad>92</ns3:cad>
          </ns3:TrackPointExtension>
        </extensions>
      </trkpt>
      <trkpt lat="22.6061908341944217681884765625" lon="113.88793160207569599151611328125">
        <ele>15.19999980926513671875</ele>
        <time>2026-09-29T22:36:29.000Z</time>
        <extensions>
          <ns3:TrackPointExtension>
            <ns3:hr>140</ns3:hr>
            <ns3:cad>92</ns3:cad>
          </ns3:TrackPointExtension>
        </extensions>
      </trkpt>
      <trkpt lat="22.606223188340663909912109375" lon="113.88793118298053741455078125">
        <ele>15.3999996185302734375</ele>
        <time>2026-09-29T22:36:30.000Z</time>
        <extensions>
          <ns3:TrackPointExtension>
            <ns3:hr>140</ns3:hr>
            <ns3:cad>94</ns3:cad>
          </ns3:TrackPointExtension>
        </extensions>
      </trkpt>
      <trkpt lat="22.6062478311359882354736328125" lon="113.88793042860925197601318359375">
        <ele>15.3999996185302734375</ele>
        <time>2026-09-29T22:36:31.000Z</time>
        <extensions>
          <ns3:TrackPointExtension>
            <ns3:hr>140</ns3:hr>
            <ns3:cad>94</ns3:cad>
          </ns3:TrackPointExtension>
        </extensions>
      </trkpt>
      <trkpt lat="22.60627557523548603057861328125" lon="113.8879199512302875518798828125">
        <ele>15.3999996185302734375</ele>
        <time>2026-09-29T22:36:32.000Z</time>
        <extensions>
          <ns3:TrackPointExtension>
            <ns3:hr>140</ns3:hr>
            <ns3:cad>94</ns3:cad>
          </ns3:TrackPointExtension>
        </extensions>
      </trkpt>
      <trkpt lat="22.606301642954349517822265625" lon="113.88791400007903575897216796875">
        <ele>15.3999996185302734375</ele>
        <time>2026-09-29T22:36:33.000Z</time>
        <extensions>
          <ns3:TrackPointExtension>
            <ns3:hr>140</ns3:hr>
            <ns3:cad>92</ns3:cad>
          </ns3:TrackPointExtension>
        </extensions>
      </trkpt>
      <trkpt lat="22.60633827187120914459228515625" lon="113.88791047967970371246337890625">
        <ele>15.19999980926513671875</ele>
        <time>2026-09-29T22:36:34.000Z</time>
        <extensions>
          <ns3:TrackPointExtension>
            <ns3:hr>141</ns3:hr>
            <ns3:cad>92</ns3:cad>
          </ns3:TrackPointExtension>
        </extensions>
      </trkpt>
      <trkpt lat="22.60636710561811923980712890625" lon="113.887904696166515350341796875">
        <ele>15.19999980926513671875</ele>
        <time>2026-09-29T22:36:35.000Z</time>
        <extensions>
          <ns3:TrackPointExtension>
            <ns3:hr>141</ns3:hr>
            <ns3:cad>92</ns3:cad>
          </ns3:TrackPointExtension>
        </extensions>
      </trkpt>
      <trkpt lat="22.60640214197337627410888671875" lon="113.8879055343568325042724609375">
        <ele>15</ele>
        <time>2026-09-29T22:36:36.000Z</time>
        <extensions>
          <ns3:TrackPointExtension>
            <ns3:hr>140</ns3:hr>
            <ns3:cad>93</ns3:cad>
          </ns3:TrackPointExtension>
        </extensions>
      </trkpt>
      <trkpt lat="22.606427371501922607421875" lon="113.8878971524536609649658203125">
        <ele>15</ele>
        <time>2026-09-29T22:36:37.000Z</time>
        <extensions>
          <ns3:TrackPointExtension>
            <ns3:hr>141</ns3:hr>
            <ns3:cad>93</ns3:cad>
          </ns3:TrackPointExtension>
        </extensions>
      </trkpt>
      <trkpt lat="22.60645226575434207916259765625" lon="113.887892626225948333740234375">
        <ele>15</ele>
        <time>2026-09-29T22:36:38.000Z</time>
        <extensions>
          <ns3:TrackPointExtension>
            <ns3:hr>141</ns3:hr>
            <ns3:cad>92</ns3:cad>
          </ns3:TrackPointExtension>
        </extensions>
      </trkpt>
      <trkpt lat="22.60647707618772983551025390625" lon="113.88788432814180850982666015625">
        <ele>15.19999980926513671875</ele>
        <time>2026-09-29T22:36:39.000Z</time>
        <extensions>
          <ns3:TrackPointExtension>
            <ns3:hr>141</ns3:hr>
            <ns3:cad>92</ns3:cad>
          </ns3:TrackPointExtension>
        </extensions>
      </trkpt>
      <trkpt lat="22.60649736039340496063232421875" lon="113.88787644915282726287841796875">
        <ele>15.19999980926513671875</ele>
        <time>2026-09-29T22:36:40.000Z</time>
        <extensions>
          <ns3:TrackPointExtension>
            <ns3:hr>141</ns3:hr>
            <ns3:cad>92</ns3:cad>
          </ns3:TrackPointExtension>
        </extensions>
      </trkpt>
      <trkpt lat="22.6065177284181118011474609375" lon="113.88786471448838710784912109375">
        <ele>15.19999980926513671875</ele>
        <time>2026-09-29T22:36:41.000Z</time>
        <extensions>
          <ns3:TrackPointExtension>
            <ns3:hr>142</ns3:hr>
            <ns3:cad>92</ns3:cad>
          </ns3:TrackPointExtension>
        </extensions>
      </trkpt>
      <trkpt lat="22.6065368391573429107666015625" lon="113.8878539018332958221435546875">
        <ele>15.19999980926513671875</ele>
        <time>2026-09-29T22:36:42.000Z</time>
        <extensions>
          <ns3:TrackPointExtension>
            <ns3:hr>142</ns3:hr>
            <ns3:cad>93</ns3:cad>
          </ns3:TrackPointExtension>
        </extensions>
      </trkpt>
      <trkpt lat="22.60655854828655719757080078125" lon="113.8878431729972362518310546875">
        <ele>15</ele>
        <time>2026-09-29T22:36:43.000Z</time>
        <extensions>
          <ns3:TrackPointExtension>
            <ns3:hr>142</ns3:hr>
            <ns3:cad>93</ns3:cad>
          </ns3:TrackPointExtension>
        </extensions>
      </trkpt>
      <trkpt lat="22.60657698847353458404541015625" lon="113.88783001340925693511962890625">
        <ele>15</ele>
        <time>2026-09-29T22:36:44.000Z</time>
        <extensions>
          <ns3:TrackPointExtension>
            <ns3:hr>142</ns3:hr>
            <ns3:cad>93</ns3:cad>
          </ns3:TrackPointExtension>
        </extensions>
      </trkpt>
      <trkpt lat="22.6066022180020809173583984375" lon="113.887820541858673095703125">
        <ele>15</ele>
        <time>2026-09-29T22:36:45.000Z</time>
        <extensions>
          <ns3:TrackPointExtension>
            <ns3:hr>142</ns3:hr>
            <ns3:cad>93</ns3:cad>
          </ns3:TrackPointExtension>
        </extensions>
      </trkpt>
      <trkpt lat="22.6066266931593418121337890625" lon="113.88781140558421611785888671875">
        <ele>15</ele>
        <time>2026-09-29T22:36:46.000Z</time>
        <extensions>
          <ns3:TrackPointExtension>
            <ns3:hr>141</ns3:hr>
            <ns3:cad>93</ns3:cad>
          </ns3:TrackPointExtension>
        </extensions>
      </trkpt>
      <trkpt lat="22.60666097514331340789794921875" lon="113.88780302368104457855224609375">
        <ele>15</ele>
        <time>2026-09-29T22:36:47.000Z</time>
        <extensions>
          <ns3:TrackPointExtension>
            <ns3:hr>141</ns3:hr>
            <ns3:cad>93</ns3:cad>
          </ns3:TrackPointExtension>
        </extensions>
      </trkpt>
      <trkpt lat="22.606690227985382080078125" lon="113.88779296539723873138427734375">
        <ele>15</ele>
        <time>2026-09-29T22:36:48.000Z</time>
        <extensions>
          <ns3:TrackPointExtension>
            <ns3:hr>141</ns3:hr>
            <ns3:cad>93</ns3:cad>
          </ns3:TrackPointExtension>
        </extensions>
      </trkpt>
      <trkpt lat="22.606711350381374359130859375" lon="113.88778206892311573028564453125">
        <ele>14.80000019073486328125</ele>
        <time>2026-09-29T22:36:49.000Z</time>
        <extensions>
          <ns3:TrackPointExtension>
            <ns3:hr>141</ns3:hr>
            <ns3:cad>93</ns3:cad>
          </ns3:TrackPointExtension>
        </extensions>
      </trkpt>
      <trkpt lat="22.60673590935766696929931640625" lon="113.88777201063930988311767578125">
        <ele>14.80000019073486328125</ele>
        <time>2026-09-29T22:36:50.000Z</time>
        <extensions>
          <ns3:TrackPointExtension>
            <ns3:hr>142</ns3:hr>
            <ns3:cad>93</ns3:cad>
          </ns3:TrackPointExtension>
        </extensions>
      </trkpt>
      <trkpt lat="22.60675786994397640228271484375" lon="113.8877573423087596893310546875">
        <ele>15</ele>
        <time>2026-09-29T22:36:51.000Z</time>
        <extensions>
          <ns3:TrackPointExtension>
            <ns3:hr>141</ns3:hr>
            <ns3:cad>93</ns3:cad>
          </ns3:TrackPointExtension>
        </extensions>
      </trkpt>
      <trkpt lat="22.6067802496254444122314453125" lon="113.887747116386890411376953125">
        <ele>15</ele>
        <time>2026-09-29T22:36:52.000Z</time>
        <extensions>
          <ns3:TrackPointExtension>
            <ns3:hr>141</ns3:hr>
            <ns3:cad>92</ns3:cad>
          </ns3:TrackPointExtension>
        </extensions>
      </trkpt>
      <trkpt lat="22.60680363513529300689697265625" lon="113.88773647136986255645751953125">
        <ele>15</ele>
        <time>2026-09-29T22:36:53.000Z</time>
        <extensions>
          <ns3:TrackPointExtension>
            <ns3:hr>142</ns3:hr>
            <ns3:cad>92</ns3:cad>
          </ns3:TrackPointExtension>
        </extensions>
      </trkpt>
      <trkpt lat="22.6068265177309513092041015625" lon="113.8877268321812152862548828125">
        <ele>14.80000019073486328125</ele>
        <time>2026-09-29T22:36:54.000Z</time>
        <extensions>
          <ns3:TrackPointExtension>
            <ns3:hr>141</ns3:hr>
            <ns3:cad>93</ns3:cad>
          </ns3:TrackPointExtension>
        </extensions>
      </trkpt>
      <trkpt lat="22.6068556867539882659912109375" lon="113.887714929878711700439453125">
        <ele>15</ele>
        <time>2026-09-29T22:36:55.000Z</time>
        <extensions>
          <ns3:TrackPointExtension>
            <ns3:hr>141</ns3:hr>
            <ns3:cad>93</ns3:cad>
          </ns3:TrackPointExtension>
        </extensions>
      </trkpt>
      <trkpt lat="22.60687739588320255279541015625" lon="113.8877047039568424224853515625">
        <ele>15</ele>
        <time>2026-09-29T22:36:56.000Z</time>
        <extensions>
          <ns3:TrackPointExtension>
            <ns3:hr>142</ns3:hr>
            <ns3:cad>93</ns3:cad>
          </ns3:TrackPointExtension>
        </extensions>
      </trkpt>
      <trkpt lat="22.6069012843072414398193359375" lon="113.8876902870833873748779296875">
        <ele>15</ele>
        <time>2026-09-29T22:36:57.000Z</time>
        <extensions>
          <ns3:TrackPointExtension>
            <ns3:hr>142</ns3:hr>
            <ns3:cad>93</ns3:cad>
          </ns3:TrackPointExtension>
        </extensions>
      </trkpt>
      <trkpt lat="22.606923580169677734375" lon="113.88768115080893039703369140625">
        <ele>15</ele>
        <time>2026-09-29T22:36:58.000Z</time>
        <extensions>
          <ns3:TrackPointExtension>
            <ns3:hr>141</ns3:hr>
            <ns3:cad>93</ns3:cad>
          </ns3:TrackPointExtension>
        </extensions>
      </trkpt>
      <trkpt lat="22.606949396431446075439453125" lon="113.88766857795417308807373046875">
        <ele>15</ele>
        <time>2026-09-29T22:36:59.000Z</time>
        <extensions>
          <ns3:TrackPointExtension>
            <ns3:hr>141</ns3:hr>
            <ns3:cad>93</ns3:cad>
          </ns3:TrackPointExtension>
        </extensions>
      </trkpt>
      <trkpt lat="22.60697630234062671661376953125" lon="113.8876582682132720947265625">
        <ele>15</ele>
        <time>2026-09-29T22:37:00.000Z</time>
        <extensions>
          <ns3:TrackPointExtension>
            <ns3:hr>141</ns3:hr>
            <ns3:cad>93</ns3:cad>
          </ns3:TrackPointExtension>
        </extensions>
      </trkpt>
      <trkpt lat="22.60700429789721965789794921875" lon="113.88764477334916591644287109375">
        <ele>15</ele>
        <time>2026-09-29T22:37:01.000Z</time>
        <extensions>
          <ns3:TrackPointExtension>
            <ns3:hr>141</ns3:hr>
            <ns3:cad>94</ns3:cad>
          </ns3:TrackPointExtension>
        </extensions>
      </trkpt>
      <trkpt lat="22.6070268452167510986328125" lon="113.887630440294742584228515625">
        <ele>15</ele>
        <time>2026-09-29T22:37:02.000Z</time>
        <extensions>
          <ns3:TrackPointExtension>
            <ns3:hr>140</ns3:hr>
            <ns3:cad>94</ns3:cad>
          </ns3:TrackPointExtension>
        </extensions>
      </trkpt>
      <trkpt lat="22.60705190710723400115966796875" lon="113.88762029819190502166748046875">
        <ele>15</ele>
        <time>2026-09-29T22:37:03.000Z</time>
        <extensions>
          <ns3:TrackPointExtension>
            <ns3:hr>140</ns3:hr>
            <ns3:cad>94</ns3:cad>
          </ns3:TrackPointExtension>
        </extensions>
      </trkpt>
      <trkpt lat="22.6070786453783512115478515625" lon="113.8876084797084331512451171875">
        <ele>15</ele>
        <time>2026-09-29T22:37:04.000Z</time>
        <extensions>
          <ns3:TrackPointExtension>
            <ns3:hr>139</ns3:hr>
            <ns3:cad>93</ns3:cad>
          </ns3:TrackPointExtension>
        </extensions>
      </trkpt>
      <trkpt lat="22.60710605420172214508056640625" lon="113.88760068453848361968994140625">
        <ele>15</ele>
        <time>2026-09-29T22:37:05.000Z</time>
        <extensions>
          <ns3:TrackPointExtension>
            <ns3:hr>139</ns3:hr>
            <ns3:cad>93</ns3:cad>
          </ns3:TrackPointExtension>
        </extensions>
      </trkpt>
      <trkpt lat="22.607135809957981109619140625" lon="113.8875873573124408721923828125">
        <ele>15</ele>
        <time>2026-09-29T22:37:06.000Z</time>
        <extensions>
          <ns3:TrackPointExtension>
            <ns3:hr>139</ns3:hr>
            <ns3:cad>93</ns3:cad>
          </ns3:TrackPointExtension>
        </extensions>
      </trkpt>
      <trkpt lat="22.6071587763726711273193359375" lon="113.88757889159023761749267578125">
        <ele>15</ele>
        <time>2026-09-29T22:37:07.000Z</time>
        <extensions>
          <ns3:TrackPointExtension>
            <ns3:hr>139</ns3:hr>
            <ns3:cad>93</ns3:cad>
          </ns3:TrackPointExtension>
        </extensions>
      </trkpt>
      <trkpt lat="22.607185430824756622314453125" lon="113.88756967149674892425537109375">
        <ele>15</ele>
        <time>2026-09-29T22:37:08.000Z</time>
        <extensions>
          <ns3:TrackPointExtension>
            <ns3:hr>139</ns3:hr>
            <ns3:cad>93</ns3:cad>
          </ns3:TrackPointExtension>
        </extensions>
      </trkpt>
      <trkpt lat="22.60720789432525634765625" lon="113.88755626045167446136474609375">
        <ele>15</ele>
        <time>2026-09-29T22:37:09.000Z</time>
        <extensions>
          <ns3:TrackPointExtension>
            <ns3:hr>138</ns3:hr>
            <ns3:cad>92</ns3:cad>
          </ns3:TrackPointExtension>
        </extensions>
      </trkpt>
      <trkpt lat="22.607233040034770965576171875" lon="113.88754628598690032958984375">
        <ele>14.80000019073486328125</ele>
        <time>2026-09-29T22:37:10.000Z</time>
        <extensions>
          <ns3:TrackPointExtension>
            <ns3:hr>138</ns3:hr>
            <ns3:cad>92</ns3:cad>
          </ns3:TrackPointExtension>
        </extensions>
      </trkpt>
      <trkpt lat="22.6072570122778415679931640625" lon="113.88753530569374561309814453125">
        <ele>14.80000019073486328125</ele>
        <time>2026-09-29T22:37:11.000Z</time>
        <extensions>
          <ns3:TrackPointExtension>
            <ns3:hr>138</ns3:hr>
            <ns3:cad>92</ns3:cad>
          </ns3:TrackPointExtension>
        </extensions>
      </trkpt>
      <trkpt lat="22.60728274472057819366455078125" lon="113.88753111474215984344482421875">
        <ele>14.80000019073486328125</ele>
        <time>2026-09-29T22:37:12.000Z</time>
        <extensions>
          <ns3:TrackPointExtension>
            <ns3:hr>137</ns3:hr>
            <ns3:cad>93</ns3:cad>
          </ns3:TrackPointExtension>
        </extensions>
      </trkpt>
      <trkpt lat="22.60731048882007598876953125" lon="113.88752189464867115020751953125">
        <ele>15</ele>
        <time>2026-09-29T22:37:13.000Z</time>
        <extensions>
          <ns3:TrackPointExtension>
            <ns3:hr>136</ns3:hr>
            <ns3:cad>93</ns3:cad>
          </ns3:TrackPointExtension>
        </extensions>
      </trkpt>
      <trkpt lat="22.60733370669186115264892578125" lon="113.8875166140496730804443359375">
        <ele>15</ele>
        <time>2026-09-29T22:37:14.000Z</time>
        <extensions>
          <ns3:TrackPointExtension>
            <ns3:hr>135</ns3:hr>
            <ns3:cad>94</ns3:cad>
          </ns3:TrackPointExtension>
        </extensions>
      </trkpt>
      <trkpt lat="22.6073616184294223785400390625" lon="113.8875045441091060638427734375">
        <ele>15.19999980926513671875</ele>
        <time>2026-09-29T22:37:15.000Z</time>
        <extensions>
          <ns3:TrackPointExtension>
            <ns3:hr>135</ns3:hr>
            <ns3:cad>94</ns3:cad>
          </ns3:TrackPointExtension>
        </extensions>
      </trkpt>
      <trkpt lat="22.60738181881606578826904296875" lon="113.88749339617788791656494140625">
        <ele>15</ele>
        <time>2026-09-29T22:37:16.000Z</time>
        <extensions>
          <ns3:TrackPointExtension>
            <ns3:hr>135</ns3:hr>
            <ns3:cad>93</ns3:cad>
          </ns3:TrackPointExtension>
        </extensions>
      </trkpt>
      <trkpt lat="22.6074092276394367218017578125" lon="113.88748149387538433074951171875">
        <ele>15</ele>
        <time>2026-09-29T22:37:17.000Z</time>
        <extensions>
          <ns3:TrackPointExtension>
            <ns3:hr>134</ns3:hr>
            <ns3:cad>93</ns3:cad>
          </ns3:TrackPointExtension>
        </extensions>
      </trkpt>
      <trkpt lat="22.60742775164544582366943359375" lon="113.8874723576009273529052734375">
        <ele>15</ele>
        <time>2026-09-29T22:37:18.000Z</time>
        <extensions>
          <ns3:TrackPointExtension>
            <ns3:hr>134</ns3:hr>
            <ns3:cad>94</ns3:cad>
          </ns3:TrackPointExtension>
        </extensions>
      </trkpt>
      <trkpt lat="22.60745306499302387237548828125" lon="113.88746120966970920562744140625">
        <ele>15</ele>
        <time>2026-09-29T22:37:19.000Z</time>
        <extensions>
          <ns3:TrackPointExtension>
            <ns3:hr>134</ns3:hr>
            <ns3:cad>94</ns3:cad>
          </ns3:TrackPointExtension>
        </extensions>
      </trkpt>
      <trkpt lat="22.60747502557933330535888671875" lon="113.88745802454650402069091796875">
        <ele>15</ele>
        <time>2026-09-29T22:37:20.000Z</time>
        <extensions>
          <ns3:TrackPointExtension>
            <ns3:hr>135</ns3:hr>
            <ns3:cad>94</ns3:cad>
          </ns3:TrackPointExtension>
        </extensions>
      </trkpt>
      <trkpt lat="22.60750084184110164642333984375" lon="113.88745752163231372833251953125">
        <ele>15</ele>
        <time>2026-09-29T22:37:21.000Z</time>
        <extensions>
          <ns3:TrackPointExtension>
            <ns3:hr>134</ns3:hr>
            <ns3:cad>94</ns3:cad>
          </ns3:TrackPointExtension>
        </extensions>
      </trkpt>
      <trkpt lat="22.60752514936029911041259765625" lon="113.8874512352049350738525390625">
        <ele>15</ele>
        <time>2026-09-29T22:37:22.000Z</time>
        <extensions>
          <ns3:TrackPointExtension>
            <ns3:hr>135</ns3:hr>
            <ns3:cad>94</ns3:cad>
          </ns3:TrackPointExtension>
        </extensions>
      </trkpt>
      <trkpt lat="22.60755532421171665191650390625" lon="113.8874495588243007659912109375">
        <ele>15.19999980926513671875</ele>
        <time>2026-09-29T22:37:23.000Z</time>
        <extensions>
          <ns3:TrackPointExtension>
            <ns3:hr>135</ns3:hr>
            <ns3:cad>92</ns3:cad>
          </ns3:TrackPointExtension>
        </extensions>
      </trkpt>
      <trkpt lat="22.60758449323475360870361328125" lon="113.887447379529476165771484375">
        <ele>15.19999980926513671875</ele>
        <time>2026-09-29T22:37:24.000Z</time>
        <extensions>
          <ns3:TrackPointExtension>
            <ns3:hr>135</ns3:hr>
            <ns3:cad>92</ns3:cad>
          </ns3:TrackPointExtension>
        </extensions>
      </trkpt>
      <trkpt lat="22.60761030949652194976806640625" lon="113.88744494877755641937255859375">
        <ele>15.19999980926513671875</ele>
        <time>2026-09-29T22:37:25.000Z</time>
        <extensions>
          <ns3:TrackPointExtension>
            <ns3:hr>135</ns3:hr>
            <ns3:cad>92</ns3:cad>
          </ns3:TrackPointExtension>
        </extensions>
      </trkpt>
      <trkpt lat="22.60763905942440032958984375" lon="113.88743841089308261871337890625">
        <ele>15.19999980926513671875</ele>
        <time>2026-09-29T22:37:26.000Z</time>
        <extensions>
          <ns3:TrackPointExtension>
            <ns3:hr>135</ns3:hr>
            <ns3:cad>92</ns3:cad>
          </ns3:TrackPointExtension>
        </extensions>
      </trkpt>
      <trkpt lat="22.60766495950520038604736328125" lon="113.88743924908339977264404296875">
        <ele>15.19999980926513671875</ele>
        <time>2026-09-29T22:37:27.000Z</time>
        <extensions>
          <ns3:TrackPointExtension>
            <ns3:hr>135</ns3:hr>
            <ns3:cad>92</ns3:cad>
          </ns3:TrackPointExtension>
        </extensions>
      </trkpt>
      <trkpt lat="22.607698738574981689453125" lon="113.887440003454685211181640625">
        <ele>15.19999980926513671875</ele>
        <time>2026-09-29T22:37:28.000Z</time>
        <extensions>
          <ns3:TrackPointExtension>
            <ns3:hr>135</ns3:hr>
            <ns3:cad>91</ns3:cad>
          </ns3:TrackPointExtension>
        </extensions>
      </trkpt>
      <trkpt lat="22.6077213697135448455810546875" lon="113.8874395005404949188232421875">
        <ele>15.3999996185302734375</ele>
        <time>2026-09-29T22:37:29.000Z</time>
        <extensions>
          <ns3:TrackPointExtension>
            <ns3:hr>136</ns3:hr>
            <ns3:cad>91</ns3:cad>
          </ns3:TrackPointExtension>
        </extensions>
      </trkpt>
      <trkpt lat="22.6077465154230594635009765625" lon="113.88744302093982696533203125">
        <ele>15.3999996185302734375</ele>
        <time>2026-09-29T22:37:30.000Z</time>
        <extensions>
          <ns3:TrackPointExtension>
            <ns3:hr>136</ns3:hr>
            <ns3:cad>92</ns3:cad>
          </ns3:TrackPointExtension>
        </extensions>
      </trkpt>
      <trkpt lat="22.60776906274259090423583984375" lon="113.88744394294917583465576171875">
        <ele>15.6000003814697265625</ele>
        <time>2026-09-29T22:37:31.000Z</time>
        <extensions>
          <ns3:TrackPointExtension>
            <ns3:hr>136</ns3:hr>
            <ns3:cad>92</ns3:cad>
          </ns3:TrackPointExtension>
        </extensions>
      </trkpt>
      <trkpt lat="22.60779571719467639923095703125" lon="113.88745333068072795867919921875">
        <ele>15.80000019073486328125</ele>
        <time>2026-09-29T22:37:32.000Z</time>
        <extensions>
          <ns3:TrackPointExtension>
            <ns3:hr>137</ns3:hr>
            <ns3:cad>94</ns3:cad>
          </ns3:TrackPointExtension>
        </extensions>
      </trkpt>
      <trkpt lat="22.60781365446746349334716796875" lon="113.88745777308940887451171875">
        <ele>16</ele>
        <time>2026-09-29T22:37:33.000Z</time>
        <extensions>
          <ns3:TrackPointExtension>
            <ns3:hr>136</ns3:hr>
            <ns3:cad>94</ns3:cad>
          </ns3:TrackPointExtension>
        </extensions>
      </trkpt>
      <trkpt lat="22.60783025063574314117431640625" lon="113.887469507753849029541015625">
        <ele>16</ele>
        <time>2026-09-29T22:37:34.000Z</time>
        <extensions>
          <ns3:TrackPointExtension>
            <ns3:hr>136</ns3:hr>
            <ns3:cad>94</ns3:cad>
          </ns3:TrackPointExtension>
        </extensions>
      </trkpt>
      <trkpt lat="22.60784961283206939697265625" lon="113.887477219104766845703125">
        <ele>16.200000762939453125</ele>
        <time>2026-09-29T22:37:35.000Z</time>
        <extensions>
          <ns3:TrackPointExtension>
            <ns3:hr>137</ns3:hr>
            <ns3:cad>93</ns3:cad>
          </ns3:TrackPointExtension>
        </extensions>
      </trkpt>
      <trkpt lat="22.60786914266645908355712890625" lon="113.88748685829341411590576171875">
        <ele>16.3999996185302734375</ele>
        <time>2026-09-29T22:37:36.000Z</time>
        <extensions>
          <ns3:TrackPointExtension>
            <ns3:hr>136</ns3:hr>
            <ns3:cad>93</ns3:cad>
          </ns3:TrackPointExtension>
        </extensions>
      </trkpt>
      <trkpt lat="22.60789093561470508575439453125" lon="113.8874954916536808013916015625">
        <ele>16.6000003814697265625</ele>
        <time>2026-09-29T22:37:37.000Z</time>
        <extensions>
          <ns3:TrackPointExtension>
            <ns3:hr>136</ns3:hr>
            <ns3:cad>93</ns3:cad>
          </ns3:TrackPointExtension>
        </extensions>
      </trkpt>
      <trkpt lat="22.6079081185162067413330078125" lon="113.88750546611845493316650390625">
        <ele>17</ele>
        <time>2026-09-29T22:37:38.000Z</time>
        <extensions>
          <ns3:TrackPointExtension>
            <ns3:hr>137</ns3:hr>
            <ns3:cad>93</ns3:cad>
          </ns3:TrackPointExtension>
        </extensions>
      </trkpt>
      <trkpt lat="22.607934772968292236328125" lon="113.8875189609825611114501953125">
        <ele>17</ele>
        <time>2026-09-29T22:37:39.000Z</time>
        <extensions>
          <ns3:TrackPointExtension>
            <ns3:hr>137</ns3:hr>
            <ns3:cad>93</ns3:cad>
          </ns3:TrackPointExtension>
        </extensions>
      </trkpt>
      <trkpt lat="22.60795933194458484649658203125" lon="113.88752843253314495086669921875">
        <ele>17.200000762939453125</ele>
        <time>2026-09-29T22:37:40.000Z</time>
        <extensions>
          <ns3:TrackPointExtension>
            <ns3:hr>137</ns3:hr>
            <ns3:cad>93</ns3:cad>
          </ns3:TrackPointExtension>
        </extensions>
      </trkpt>
      <trkpt lat="22.60799068026244640350341796875" lon="113.8875434361398220062255859375">
        <ele>17.3999996185302734375</ele>
        <time>2026-09-29T22:37:41.000Z</time>
        <extensions>
          <ns3:TrackPointExtension>
            <ns3:hr>136</ns3:hr>
            <ns3:cad>91</ns3:cad>
          </ns3:TrackPointExtension>
        </extensions>
      </trkpt>
      <trkpt lat="22.60800543241202831268310546875" lon="113.88755022548139095306396484375">
        <ele>17.6000003814697265625</ele>
        <time>2026-09-29T22:37:42.000Z</time>
        <extensions>
          <ns3:TrackPointExtension>
            <ns3:hr>137</ns3:hr>
            <ns3:cad>91</ns3:cad>
          </ns3:TrackPointExtension>
        </extensions>
      </trkpt>
      <trkpt lat="22.60803074575960636138916015625" lon="113.88756765983998775482177734375">
        <ele>17.799999237060546875</ele>
        <time>2026-09-29T22:37:43.000Z</time>
        <extensions>
          <ns3:TrackPointExtension>
            <ns3:hr>137</ns3:hr>
            <ns3:cad>92</ns3:cad>
          </ns3:TrackPointExtension>
        </extensions>
      </trkpt>
      <trkpt lat="22.60805203579366207122802734375" lon="113.8875769637525081634521484375">
        <ele>18</ele>
        <time>2026-09-29T22:37:44.000Z</time>
        <extensions>
          <ns3:TrackPointExtension>
            <ns3:hr>137</ns3:hr>
            <ns3:cad>93</ns3:cad>
          </ns3:TrackPointExtension>
        </extensions>
      </trkpt>
      <trkpt lat="22.608069218695163726806640625" lon="113.88759322464466094970703125">
        <ele>18</ele>
        <time>2026-09-29T22:37:45.000Z</time>
        <extensions>
          <ns3:TrackPointExtension>
            <ns3:hr>138</ns3:hr>
            <ns3:cad>93</ns3:cad>
          </ns3:TrackPointExtension>
        </extensions>
      </trkpt>
      <trkpt lat="22.6080841384828090667724609375" lon="113.88760068453848361968994140625">
        <ele>18.200000762939453125</ele>
        <time>2026-09-29T22:37:46.000Z</time>
        <extensions>
          <ns3:TrackPointExtension>
            <ns3:hr>138</ns3:hr>
            <ns3:cad>92</ns3:cad>
          </ns3:TrackPointExtension>
        </extensions>
      </trkpt>
      <trkpt lat="22.608109451830387115478515625" lon="113.887613676488399505615234375">
        <ele>18.3999996185302734375</ele>
        <time>2026-09-29T22:37:47.000Z</time>
        <extensions>
          <ns3:TrackPointExtension>
            <ns3:hr>139</ns3:hr>
            <ns3:cad>92</ns3:cad>
          </ns3:TrackPointExtension>
        </extensions>
      </trkpt>
      <trkpt lat="22.60812747292220592498779296875" lon="113.88762046582996845245361328125">
        <ele>18.6000003814697265625</ele>
        <time>2026-09-29T22:37:48.000Z</time>
        <extensions>
          <ns3:TrackPointExtension>
            <ns3:hr>139</ns3:hr>
            <ns3:cad>92</ns3:cad>
          </ns3:TrackPointExtension>
        </extensions>
      </trkpt>
      <trkpt lat="22.6081454940140247344970703125" lon="113.88763287104666233062744140625">
        <ele>18.799999237060546875</ele>
        <time>2026-09-29T22:37:49.000Z</time>
        <extensions>
          <ns3:TrackPointExtension>
            <ns3:hr>139</ns3:hr>
            <ns3:cad>92</ns3:cad>
          </ns3:TrackPointExtension>
        </extensions>
      </trkpt>
      <trkpt lat="22.60816879570484161376953125" lon="113.8876406662166118621826171875">
        <ele>19.200000762939453125</ele>
        <time>2026-09-29T22:37:50.000Z</time>
        <extensions>
          <ns3:TrackPointExtension>
            <ns3:hr>139</ns3:hr>
            <ns3:cad>92</ns3:cad>
          </ns3:TrackPointExtension>
        </extensions>
      </trkpt>
      <trkpt lat="22.60818681679666042327880859375" lon="113.8876507245004177093505859375">
        <ele>19.3999996185302734375</ele>
        <time>2026-09-29T22:37:51.000Z</time>
        <extensions>
          <ns3:TrackPointExtension>
            <ns3:hr>139</ns3:hr>
            <ns3:cad>92</ns3:cad>
          </ns3:TrackPointExtension>
        </extensions>
      </trkpt>
      <trkpt lat="22.6082115434110164642333984375" lon="113.88766421936452388763427734375">
        <ele>19.799999237060546875</ele>
        <time>2026-09-29T22:37:52.000Z</time>
        <extensions>
          <ns3:TrackPointExtension>
            <ns3:hr>140</ns3:hr>
            <ns3:cad>92</ns3:cad>
          </ns3:TrackPointExtension>
        </extensions>
      </trkpt>
      <trkpt lat="22.60823073796927928924560546875" lon="113.88767193071544170379638671875">
        <ele>19.799999237060546875</ele>
        <time>2026-09-29T22:37:53.000Z</time>
        <extensions>
          <ns3:TrackPointExtension>
            <ns3:hr>140</ns3:hr>
            <ns3:cad>92</ns3:cad>
          </ns3:TrackPointExtension>
        </extensions>
      </trkpt>
      <trkpt lat="22.608257643878459930419921875" lon="113.88768366537988185882568359375">
        <ele>20</ele>
        <time>2026-09-29T22:37:54.000Z</time>
        <extensions>
          <ns3:TrackPointExtension>
            <ns3:hr>140</ns3:hr>
            <ns3:cad>92</ns3:cad>
          </ns3:TrackPointExtension>
        </extensions>
      </trkpt>
      <trkpt lat="22.608277089893817901611328125" lon="113.88768802396953105926513671875">
        <ele>20.200000762939453125</ele>
        <time>2026-09-29T22:37:55.000Z</time>
        <extensions>
          <ns3:TrackPointExtension>
            <ns3:hr>141</ns3:hr>
            <ns3:cad>92</ns3:cad>
          </ns3:TrackPointExtension>
        </extensions>
      </trkpt>
      <trkpt lat="22.608300559222698211669921875" lon="113.8876959867775440216064453125">
        <ele>20.3999996185302734375</ele>
        <time>2026-09-29T22:37:56.000Z</time>
        <extensions>
          <ns3:TrackPointExtension>
            <ns3:hr>141</ns3:hr>
            <ns3:cad>92</ns3:cad>
          </ns3:TrackPointExtension>
        </extensions>
      </trkpt>
      <trkpt lat="22.60832277126610279083251953125" lon="113.8877033628523349761962890625">
        <ele>20.6000003814697265625</ele>
        <time>2026-09-29T22:37:57.000Z</time>
        <extensions>
          <ns3:TrackPointExtension>
            <ns3:hr>141</ns3:hr>
            <ns3:cad>94</ns3:cad>
          </ns3:TrackPointExtension>
        </extensions>
      </trkpt>
      <trkpt lat="22.60834439657628536224365234375" lon="113.88771115802228450775146484375">
        <ele>20.799999237060546875</ele>
        <time>2026-09-29T22:37:58.000Z</time>
        <extensions>
          <ns3:TrackPointExtension>
            <ns3:hr>142</ns3:hr>
            <ns3:cad>94</ns3:cad>
          </ns3:TrackPointExtension>
        </extensions>
      </trkpt>
      <trkpt lat="22.60836593806743621826171875" lon="113.88771836645901203155517578125">
        <ele>21</ele>
        <time>2026-09-29T22:37:59.000Z</time>
        <extensions>
          <ns3:TrackPointExtension>
            <ns3:hr>142</ns3:hr>
            <ns3:cad>94</ns3:cad>
          </ns3:TrackPointExtension>
        </extensions>
      </trkpt>
      <trkpt lat="22.6083867251873016357421875" lon="113.88772725127637386322021484375">
        <ele>21.200000762939453125</ele>
        <time>2026-09-29T22:38:00.000Z</time>
        <extensions>
          <ns3:TrackPointExtension>
            <ns3:hr>142</ns3:hr>
            <ns3:cad>92</ns3:cad>
          </ns3:TrackPointExtension>
        </extensions>
      </trkpt>
      <trkpt lat="22.60840742848813533782958984375" lon="113.8877328671514987945556640625">
        <ele>21.3999996185302734375</ele>
        <time>2026-09-29T22:38:01.000Z</time>
        <extensions>
          <ns3:TrackPointExtension>
            <ns3:hr>142</ns3:hr>
            <ns3:cad>92</ns3:cad>
          </ns3:TrackPointExtension>
        </extensions>
      </trkpt>
      <trkpt lat="22.60842762887477874755859375" lon="113.887741081416606903076171875">
        <ele>21.6000003814697265625</ele>
        <time>2026-09-29T22:38:02.000Z</time>
        <extensions>
          <ns3:TrackPointExtension>
            <ns3:hr>142</ns3:hr>
            <ns3:cad>92</ns3:cad>
          </ns3:TrackPointExtension>
        </extensions>
      </trkpt>
      <trkpt lat="22.60845503769814968109130859375" lon="113.8877456076443195343017578125">
        <ele>21.799999237060546875</ele>
        <time>2026-09-29T22:38:03.000Z</time>
        <extensions>
          <ns3:TrackPointExtension>
            <ns3:hr>142</ns3:hr>
            <ns3:cad>92</ns3:cad>
          </ns3:TrackPointExtension>
        </extensions>
      </trkpt>
      <trkpt lat="22.6084700413048267364501953125" lon="113.88774937950074672698974609375">
        <ele>22</ele>
        <time>2026-09-29T22:38:04.000Z</time>
        <extensions>
          <ns3:TrackPointExtension>
            <ns3:hr>143</ns3:hr>
            <ns3:cad>93</ns3:cad>
          </ns3:TrackPointExtension>
        </extensions>
      </trkpt>
      <trkpt lat="22.60849468410015106201171875" lon="113.88775206170976161956787109375">
        <ele>22.200000762939453125</ele>
        <time>2026-09-29T22:38:05.000Z</time>
        <extensions>
          <ns3:TrackPointExtension>
            <ns3:hr>143</ns3:hr>
            <ns3:cad>93</ns3:cad>
          </ns3:TrackPointExtension>
        </extensions>
      </trkpt>
      <trkpt lat="22.60851555503904819488525390625" lon="113.88775407336652278900146484375">
        <ele>22.3999996185302734375</ele>
        <time>2026-09-29T22:38:06.000Z</time>
        <extensions>
          <ns3:TrackPointExtension>
            <ns3:hr>143</ns3:hr>
            <ns3:cad>93</ns3:cad>
          </ns3:TrackPointExtension>
        </extensions>
      </trkpt>
      <trkpt lat="22.60854438878595829010009765625" lon="113.887757845222949981689453125">
        <ele>22.799999237060546875</ele>
        <time>2026-09-29T22:38:07.000Z</time>
        <extensions>
          <ns3:TrackPointExtension>
            <ns3:hr>143</ns3:hr>
            <ns3:cad>93</ns3:cad>
          </ns3:TrackPointExtension>
        </extensions>
      </trkpt>
      <trkpt lat="22.6085645891726016998291015625" lon="113.88776245526969432830810546875">
        <ele>22.799999237060546875</ele>
        <time>2026-09-29T22:38:08.000Z</time>
        <extensions>
          <ns3:TrackPointExtension>
            <ns3:hr>143</ns3:hr>
            <ns3:cad>93</ns3:cad>
          </ns3:TrackPointExtension>
        </extensions>
      </trkpt>
      <trkpt lat="22.6085877232253551483154296875" lon="113.8877684064209461212158203125">
        <ele>23.200000762939453125</ele>
        <time>2026-09-29T22:38:09.000Z</time>
        <extensions>
          <ns3:TrackPointExtension>
            <ns3:hr>143</ns3:hr>
            <ns3:cad>93</ns3:cad>
          </ns3:TrackPointExtension>
        </extensions>
      </trkpt>
      <trkpt lat="22.608605325222015380859375" lon="113.887769244611263275146484375">
        <ele>23.3999996185302734375</ele>
        <time>2026-09-29T22:38:10.000Z</time>
        <extensions>
          <ns3:TrackPointExtension>
            <ns3:hr>144</ns3:hr>
            <ns3:cad>93</ns3:cad>
          </ns3:TrackPointExtension>
        </extensions>
      </trkpt>
      <trkpt lat="22.6086289621889591217041015625" lon="113.88777620159089565277099609375">
        <ele>23.6000003814697265625</ele>
        <time>2026-09-29T22:38:11.000Z</time>
        <extensions>
          <ns3:TrackPointExtension>
            <ns3:hr>144</ns3:hr>
            <ns3:cad>92</ns3:cad>
          </ns3:TrackPointExtension>
        </extensions>
      </trkpt>
      <trkpt lat="22.60865083895623683929443359375" lon="113.88777905143797397613525390625">
        <ele>23.799999237060546875</ele>
        <time>2026-09-29T22:38:12.000Z</time>
        <extensions>
          <ns3:TrackPointExtension>
            <ns3:hr>145</ns3:hr>
            <ns3:cad>92</ns3:cad>
          </ns3:TrackPointExtension>
        </extensions>
      </trkpt>
      <trkpt lat="22.60867380537092685699462890625" lon="113.88778408057987689971923828125">
        <ele>24</ele>
        <time>2026-09-29T22:38:13.000Z</time>
        <extensions>
          <ns3:TrackPointExtension>
            <ns3:hr>145</ns3:hr>
            <ns3:cad>92</ns3:cad>
          </ns3:TrackPointExtension>
        </extensions>
      </trkpt>
      <trkpt lat="22.60870247147977352142333984375" lon="113.8877841643989086151123046875">
        <ele>24.200000762939453125</ele>
        <time>2026-09-29T22:38:14.000Z</time>
        <extensions>
          <ns3:TrackPointExtension>
            <ns3:hr>145</ns3:hr>
            <ns3:cad>92</ns3:cad>
          </ns3:TrackPointExtension>
        </extensions>
      </trkpt>
      <trkpt lat="22.608727030456066131591796875" lon="113.8877814821898937225341796875">
        <ele>24.200000762939453125</ele>
        <time>2026-09-29T22:38:15.000Z</time>
        <extensions>
          <ns3:TrackPointExtension>
            <ns3:hr>146</ns3:hr>
            <ns3:cad>92</ns3:cad>
          </ns3:TrackPointExtension>
        </extensions>
      </trkpt>
      <trkpt lat="22.60875619947910308837890625" lon="113.8877824880182743072509765625">
        <ele>24.3999996185302734375</ele>
        <time>2026-09-29T22:38:16.000Z</time>
        <extensions>
          <ns3:TrackPointExtension>
            <ns3:hr>147</ns3:hr>
            <ns3:cad>93</ns3:cad>
          </ns3:TrackPointExtension>
        </extensions>
      </trkpt>
      <trkpt lat="22.608774639666080474853515625" lon="113.88778307475149631500244140625">
        <ele>24.799999237060546875</ele>
        <time>2026-09-29T22:38:17.000Z</time>
        <extensions>
          <ns3:TrackPointExtension>
            <ns3:hr>147</ns3:hr>
            <ns3:cad>93</ns3:cad>
          </ns3:TrackPointExtension>
        </extensions>
      </trkpt>
      <trkpt lat="22.608801461756229400634765625" lon="113.88778508640825748443603515625">
        <ele>24.799999237060546875</ele>
        <time>2026-09-29T22:38:18.000Z</time>
        <extensions>
          <ns3:TrackPointExtension>
            <ns3:hr>147</ns3:hr>
            <ns3:cad>93</ns3:cad>
          </ns3:TrackPointExtension>
        </extensions>
      </trkpt>
      <trkpt lat="22.60882182978093624114990234375" lon="113.8877841643989086151123046875">
        <ele>25</ele>
        <time>2026-09-29T22:38:19.000Z</time>
        <extensions>
          <ns3:TrackPointExtension>
            <ns3:hr>147</ns3:hr>
            <ns3:cad>92</ns3:cad>
          </ns3:TrackPointExtension>
        </extensions>
      </trkpt>
      <trkpt lat="22.608852088451385498046875" lon="113.88778776861727237701416015625">
        <ele>25.3999996185302734375</ele>
        <time>2026-09-29T22:38:20.000Z</time>
        <extensions>
          <ns3:TrackPointExtension>
            <ns3:hr>148</ns3:hr>
            <ns3:cad>92</ns3:cad>
          </ns3:TrackPointExtension>
        </extensions>
      </trkpt>
      <trkpt lat="22.60887262411415576934814453125" lon="113.88778232038021087646484375">
        <ele>25.6000003814697265625</ele>
        <time>2026-09-29T22:38:21.000Z</time>
        <extensions>
          <ns3:TrackPointExtension>
            <ns3:hr>148</ns3:hr>
            <ns3:cad>92</ns3:cad>
          </ns3:TrackPointExtension>
        </extensions>
      </trkpt>
      <trkpt lat="22.6088990271091461181640625" lon="113.88778659515082836151123046875">
        <ele>25.799999237060546875</ele>
        <time>2026-09-29T22:38:22.000Z</time>
        <extensions>
          <ns3:TrackPointExtension>
            <ns3:hr>149</ns3:hr>
            <ns3:cad>93</ns3:cad>
          </ns3:TrackPointExtension>
        </extensions>
      </trkpt>
      <trkpt lat="22.6089206524193286895751953125" lon="113.88778374530375003814697265625">
        <ele>26</ele>
        <time>2026-09-29T22:38:23.000Z</time>
        <extensions>
          <ns3:TrackPointExtension>
            <ns3:hr>149</ns3:hr>
            <ns3:cad>94</ns3:cad>
          </ns3:TrackPointExtension>
        </extensions>
      </trkpt>
      <trkpt lat="22.60894303210079669952392578125" lon="113.88778877444565296173095703125">
        <ele>26.200000762939453125</ele>
        <time>2026-09-29T22:38:24.000Z</time>
        <extensions>
          <ns3:TrackPointExtension>
            <ns3:hr>149</ns3:hr>
            <ns3:cad>93</ns3:cad>
          </ns3:TrackPointExtension>
        </extensions>
      </trkpt>
      <trkpt lat="22.60896331630647182464599609375" lon="113.8877901993691921234130859375">
        <ele>26.3999996185302734375</ele>
        <time>2026-09-29T22:38:25.000Z</time>
        <extensions>
          <ns3:TrackPointExtension>
            <ns3:hr>149</ns3:hr>
            <ns3:cad>92</ns3:cad>
          </ns3:TrackPointExtension>
        </extensions>
      </trkpt>
      <trkpt lat="22.608983181416988372802734375" lon="113.88779631815850734710693359375">
        <ele>26.6000003814697265625</ele>
        <time>2026-09-29T22:38:26.000Z</time>
        <extensions>
          <ns3:TrackPointExtension>
            <ns3:hr>150</ns3:hr>
            <ns3:cad>92</ns3:cad>
          </ns3:TrackPointExtension>
        </extensions>
      </trkpt>
      <trkpt lat="22.60901327244937419891357421875" lon="113.8877992518246173858642578125">
        <ele>26.799999237060546875</ele>
        <time>2026-09-29T22:38:27.000Z</time>
        <extensions>
          <ns3:TrackPointExtension>
            <ns3:hr>150</ns3:hr>
            <ns3:cad>93</ns3:cad>
          </ns3:TrackPointExtension>
        </extensions>
      </trkpt>
      <trkpt lat="22.60903053916990756988525390625" lon="113.8877999223768711090087890625">
        <ele>27</ele>
        <time>2026-09-29T22:38:28.000Z</time>
        <extensions>
          <ns3:TrackPointExtension>
            <ns3:hr>150</ns3:hr>
            <ns3:cad>93</ns3:cad>
          </ns3:TrackPointExtension>
        </extensions>
      </trkpt>
      <trkpt lat="22.6090577803552150726318359375" lon="113.88780780136585235595703125">
        <ele>27.200000762939453125</ele>
        <time>2026-09-29T22:38:29.000Z</time>
        <extensions>
          <ns3:TrackPointExtension>
            <ns3:hr>151</ns3:hr>
            <ns3:cad>93</ns3:cad>
          </ns3:TrackPointExtension>
        </extensions>
      </trkpt>
      <trkpt lat="22.60908133350312709808349609375" lon="113.8878089748322963714599609375">
        <ele>27.3999996185302734375</ele>
        <time>2026-09-29T22:38:30.000Z</time>
        <extensions>
          <ns3:TrackPointExtension>
            <ns3:hr>151</ns3:hr>
            <ns3:cad>92</ns3:cad>
          </ns3:TrackPointExtension>
        </extensions>
      </trkpt>
      <trkpt lat="22.609108574688434600830078125" lon="113.88781140558421611785888671875">
        <ele>27.6000003814697265625</ele>
        <time>2026-09-29T22:38:31.000Z</time>
        <extensions>
          <ns3:TrackPointExtension>
            <ns3:hr>151</ns3:hr>
            <ns3:cad>92</ns3:cad>
          </ns3:TrackPointExtension>
        </extensions>
      </trkpt>
      <trkpt lat="22.60913036763668060302734375" lon="113.887814171612262725830078125">
        <ele>27.799999237060546875</ele>
        <time>2026-09-29T22:38:32.000Z</time>
        <extensions>
          <ns3:TrackPointExtension>
            <ns3:hr>151</ns3:hr>
            <ns3:cad>92</ns3:cad>
          </ns3:TrackPointExtension>
        </extensions>
      </trkpt>
      <trkpt lat="22.609156183898448944091796875" lon="113.887818194925785064697265625">
        <ele>28</ele>
        <time>2026-09-29T22:38:33.000Z</time>
        <extensions>
          <ns3:TrackPointExtension>
            <ns3:hr>151</ns3:hr>
            <ns3:cad>93</ns3:cad>
          </ns3:TrackPointExtension>
        </extensions>
      </trkpt>
      <trkpt lat="22.609176971018314361572265625" lon="113.88781760819256305694580078125">
        <ele>28.200000762939453125</ele>
        <time>2026-09-29T22:38:34.000Z</time>
        <extensions>
          <ns3:TrackPointExtension>
            <ns3:hr>152</ns3:hr>
            <ns3:cad>93</ns3:cad>
          </ns3:TrackPointExtension>
        </extensions>
      </trkpt>
      <trkpt lat="22.60920320637524127960205078125" lon="113.887824900448322296142578125">
        <ele>28.3999996185302734375</ele>
        <time>2026-09-29T22:38:35.000Z</time>
        <extensions>
          <ns3:TrackPointExtension>
            <ns3:hr>152</ns3:hr>
            <ns3:cad>93</ns3:cad>
          </ns3:TrackPointExtension>
        </extensions>
      </trkpt>
      <trkpt lat="22.609227932989597320556640625" lon="113.88783152215182781219482421875">
        <ele>28.799999237060546875</ele>
        <time>2026-09-29T22:38:36.000Z</time>
        <extensions>
          <ns3:TrackPointExtension>
            <ns3:hr>152</ns3:hr>
            <ns3:cad>93</ns3:cad>
          </ns3:TrackPointExtension>
        </extensions>
      </trkpt>
      <trkpt lat="22.60925064794719219207763671875" lon="113.8878381438553333282470703125">
        <ele>29</ele>
        <time>2026-09-29T22:38:37.000Z</time>
        <extensions>
          <ns3:TrackPointExtension>
            <ns3:hr>152</ns3:hr>
            <ns3:cad>92</ns3:cad>
          </ns3:TrackPointExtension>
        </extensions>
      </trkpt>
      <trkpt lat="22.6092757098376750946044921875" lon="113.88784275390207767486572265625">
        <ele>29.200000762939453125</ele>
        <time>2026-09-29T22:38:38.000Z</time>
        <extensions>
          <ns3:TrackPointExtension>
            <ns3:hr>152</ns3:hr>
            <ns3:cad>92</ns3:cad>
          </ns3:TrackPointExtension>
        </extensions>
      </trkpt>
      <trkpt lat="22.60929473675787448883056640625" lon="113.88784577138721942901611328125">
        <ele>29.3999996185302734375</ele>
        <time>2026-09-29T22:38:39.000Z</time>
        <extensions>
          <ns3:TrackPointExtension>
            <ns3:hr>153</ns3:hr>
            <ns3:cad>92</ns3:cad>
          </ns3:TrackPointExtension>
        </extensions>
      </trkpt>
      <trkpt lat="22.60931937955319881439208984375" lon="113.8878539018332958221435546875">
        <ele>29.6000003814697265625</ele>
        <time>2026-09-29T22:38:40.000Z</time>
        <extensions>
          <ns3:TrackPointExtension>
            <ns3:hr>153</ns3:hr>
            <ns3:cad>92</ns3:cad>
          </ns3:TrackPointExtension>
        </extensions>
      </trkpt>
      <trkpt lat="22.60933597572147846221923828125" lon="113.88786521740257740020751953125">
        <ele>29.799999237060546875</ele>
        <time>2026-09-29T22:38:41.000Z</time>
        <extensions>
          <ns3:TrackPointExtension>
            <ns3:hr>153</ns3:hr>
            <ns3:cad>93</ns3:cad>
          </ns3:TrackPointExtension>
        </extensions>
      </trkpt>
      <trkpt lat="22.6093603670597076416015625" lon="113.88787862844765186309814453125">
        <ele>30.200000762939453125</ele>
        <time>2026-09-29T22:38:42.000Z</time>
        <extensions>
          <ns3:TrackPointExtension>
            <ns3:hr>154</ns3:hr>
            <ns3:cad>93</ns3:cad>
          </ns3:TrackPointExtension>
        </extensions>
      </trkpt>
      <trkpt lat="22.6093772985041141510009765625" lon="113.88789069838821887969970703125">
        <ele>30.6000003814697265625</ele>
        <time>2026-09-29T22:38:43.000Z</time>
        <extensions>
          <ns3:TrackPointExtension>
            <ns3:hr>154</ns3:hr>
            <ns3:cad>92</ns3:cad>
          </ns3:TrackPointExtension>
        </extensions>
      </trkpt>
      <trkpt lat="22.60940219275653362274169921875" lon="113.88791567645967006683349609375">
        <ele>30.799999237060546875</ele>
        <time>2026-09-29T22:38:44.000Z</time>
        <extensions>
          <ns3:TrackPointExtension>
            <ns3:hr>154</ns3:hr>
            <ns3:cad>92</ns3:cad>
          </ns3:TrackPointExtension>
        </extensions>
      </trkpt>
      <trkpt lat="22.6094220578670501708984375" lon="113.88792171142995357513427734375">
        <ele>30.799999237060546875</ele>
        <time>2026-09-29T22:38:45.000Z</time>
        <extensions>
          <ns3:TrackPointExtension>
            <ns3:hr>155</ns3:hr>
            <ns3:cad>92</ns3:cad>
          </ns3:TrackPointExtension>
        </extensions>
      </trkpt>
      <trkpt lat="22.609445191919803619384765625" lon="113.8879424147307872772216796875">
        <ele>31</ele>
        <time>2026-09-29T22:38:46.000Z</time>
        <extensions>
          <ns3:TrackPointExtension>
            <ns3:hr>155</ns3:hr>
            <ns3:cad>92</ns3:cad>
          </ns3:TrackPointExtension>
        </extensions>
      </trkpt>
      <trkpt lat="22.60945969261229038238525390625" lon="113.88795590959489345550537109375">
        <ele>31.200000762939453125</ele>
        <time>2026-09-29T22:38:47.000Z</time>
        <extensions>
          <ns3:TrackPointExtension>
            <ns3:hr>156</ns3:hr>
            <ns3:cad>92</ns3:cad>
          </ns3:TrackPointExtension>
        </extensions>
      </trkpt>
      <trkpt lat="22.60947863571345806121826171875" lon="113.8879779540002346038818359375">
        <ele>31.3999996185302734375</ele>
        <time>2026-09-29T22:38:48.000Z</time>
        <extensions>
          <ns3:TrackPointExtension>
            <ns3:hr>155</ns3:hr>
            <ns3:cad>92</ns3:cad>
          </ns3:TrackPointExtension>
        </extensions>
      </trkpt>
      <trkpt lat="22.6094896160066127777099609375" lon="113.887998573482036590576171875">
        <ele>31.6000003814697265625</ele>
        <time>2026-09-29T22:38:49.000Z</time>
        <extensions>
          <ns3:TrackPointExtension>
            <ns3:hr>155</ns3:hr>
            <ns3:cad>92</ns3:cad>
          </ns3:TrackPointExtension>
        </extensions>
      </trkpt>
      <trkpt lat="22.60950596071779727935791015625" lon="113.8880235515534877777099609375">
        <ele>32</ele>
        <time>2026-09-29T22:38:50.000Z</time>
        <extensions>
          <ns3:TrackPointExtension>
            <ns3:hr>155</ns3:hr>
            <ns3:cad>93</ns3:cad>
          </ns3:TrackPointExtension>
        </extensions>
      </trkpt>
      <trkpt lat="22.609526999294757843017578125" lon="113.88804626651108264923095703125">
        <ele>32.200000762939453125</ele>
        <time>2026-09-29T22:38:51.000Z</time>
        <extensions>
          <ns3:TrackPointExtension>
            <ns3:hr>156</ns3:hr>
            <ns3:cad>93</ns3:cad>
          </ns3:TrackPointExtension>
        </extensions>
      </trkpt>
      <trkpt lat="22.60954074561595916748046875" lon="113.88806487433612346649169921875">
        <ele>32.40000152587890625</ele>
        <time>2026-09-29T22:38:52.000Z</time>
        <extensions>
          <ns3:TrackPointExtension>
            <ns3:hr>155</ns3:hr>
            <ns3:cad>92</ns3:cad>
          </ns3:TrackPointExtension>
        </extensions>
      </trkpt>
      <trkpt lat="22.609560526907444000244140625" lon="113.88808750547468662261962890625">
        <ele>32.59999847412109375</ele>
        <time>2026-09-29T22:38:53.000Z</time>
        <extensions>
          <ns3:TrackPointExtension>
            <ns3:hr>156</ns3:hr>
            <ns3:cad>92</ns3:cad>
          </ns3:TrackPointExtension>
        </extensions>
      </trkpt>
      <trkpt lat="22.60957402177155017852783203125" lon="113.88810041360557079315185546875">
        <ele>32.799999237060546875</ele>
        <time>2026-09-29T22:38:54.000Z</time>
        <extensions>
          <ns3:TrackPointExtension>
            <ns3:hr>156</ns3:hr>
            <ns3:cad>92</ns3:cad>
          </ns3:TrackPointExtension>
        </extensions>
      </trkpt>
      <trkpt lat="22.60959430597722530364990234375" lon="113.88812455348670482635498046875">
        <ele>33</ele>
        <time>2026-09-29T22:38:55.000Z</time>
        <extensions>
          <ns3:TrackPointExtension>
            <ns3:hr>156</ns3:hr>
            <ns3:cad>92</ns3:cad>
          </ns3:TrackPointExtension>
        </extensions>
      </trkpt>
      <trkpt lat="22.60960805229842662811279296875" lon="113.88814014382660388946533203125">
        <ele>33.40000152587890625</ele>
        <time>2026-09-29T22:38:56.000Z</time>
        <extensions>
          <ns3:TrackPointExtension>
            <ns3:hr>156</ns3:hr>
            <ns3:cad>92</ns3:cad>
          </ns3:TrackPointExtension>
        </extensions>
      </trkpt>
      <trkpt lat="22.60962900705635547637939453125" lon="113.8881647028028964996337890625">
        <ele>33.59999847412109375</ele>
        <time>2026-09-29T22:38:57.000Z</time>
        <extensions>
          <ns3:TrackPointExtension>
            <ns3:hr>156</ns3:hr>
            <ns3:cad>93</ns3:cad>
          </ns3:TrackPointExtension>
        </extensions>
      </trkpt>
      <trkpt lat="22.60964241810142993927001953125" lon="113.88818020932376384735107421875">
        <ele>33.799999237060546875</ele>
        <time>2026-09-29T22:38:58.000Z</time>
        <extensions>
          <ns3:TrackPointExtension>
            <ns3:hr>157</ns3:hr>
            <ns3:cad>93</ns3:cad>
          </ns3:TrackPointExtension>
        </extensions>
      </trkpt>
      <trkpt lat="22.60965951718389987945556640625" lon="113.88820334337651729583740234375">
        <ele>34</ele>
        <time>2026-09-29T22:38:59.000Z</time>
        <extensions>
          <ns3:TrackPointExtension>
            <ns3:hr>157</ns3:hr>
            <ns3:cad>94</ns3:cad>
          </ns3:TrackPointExtension>
        </extensions>
      </trkpt>
      <trkpt lat="22.6096756942570209503173828125" lon="113.888215832412242889404296875">
        <ele>34.200000762939453125</ele>
        <time>2026-09-29T22:39:00.000Z</time>
        <extensions>
          <ns3:TrackPointExtension>
            <ns3:hr>157</ns3:hr>
            <ns3:cad>94</ns3:cad>
          </ns3:TrackPointExtension>
        </extensions>
      </trkpt>
      <trkpt lat="22.60969136841595172882080078125" lon="113.8882394693791866302490234375">
        <ele>34.59999847412109375</ele>
        <time>2026-09-29T22:39:01.000Z</time>
        <extensions>
          <ns3:TrackPointExtension>
            <ns3:hr>157</ns3:hr>
            <ns3:cad>94</ns3:cad>
          </ns3:TrackPointExtension>
        </extensions>
      </trkpt>
      <trkpt lat="22.6097122393548488616943359375" lon="113.88825430534780025482177734375">
        <ele>34.799999237060546875</ele>
        <time>2026-09-29T22:39:02.000Z</time>
        <extensions>
          <ns3:TrackPointExtension>
            <ns3:hr>158</ns3:hr>
            <ns3:cad>92</ns3:cad>
          </ns3:TrackPointExtension>
        </extensions>
      </trkpt>
      <trkpt lat="22.60973461903631687164306640625" lon="113.888274170458316802978515625">
        <ele>35</ele>
        <time>2026-09-29T22:39:03.000Z</time>
        <extensions>
          <ns3:TrackPointExtension>
            <ns3:hr>158</ns3:hr>
            <ns3:cad>92</ns3:cad>
          </ns3:TrackPointExtension>
        </extensions>
      </trkpt>
      <trkpt lat="22.60975674726068973541259765625" lon="113.88827844522893428802490234375">
        <ele>35.200000762939453125</ele>
        <time>2026-09-29T22:39:04.000Z</time>
        <extensions>
          <ns3:TrackPointExtension>
            <ns3:hr>158</ns3:hr>
            <ns3:cad>92</ns3:cad>
          </ns3:TrackPointExtension>
        </extensions>
      </trkpt>
      <trkpt lat="22.60979077778756618499755859375" lon="113.88827894814312458038330078125">
        <ele>35.200000762939453125</ele>
        <time>2026-09-29T22:39:05.000Z</time>
        <extensions>
          <ns3:TrackPointExtension>
            <ns3:hr>158</ns3:hr>
            <ns3:cad>92</ns3:cad>
          </ns3:TrackPointExtension>
        </extensions>
      </trkpt>
      <trkpt lat="22.60981793515384197235107421875" lon="113.88826922513544559478759765625">
        <ele>35.40000152587890625</ele>
        <time>2026-09-29T22:39:06.000Z</time>
        <extensions>
          <ns3:TrackPointExtension>
            <ns3:hr>158</ns3:hr>
            <ns3:cad>92</ns3:cad>
          </ns3:TrackPointExtension>
        </extensions>
      </trkpt>
      <trkpt lat="22.60984249413013458251953125" lon="113.888252042233943939208984375">
        <ele>35.40000152587890625</ele>
        <time>2026-09-29T22:39:07.000Z</time>
        <extensions>
          <ns3:TrackPointExtension>
            <ns3:hr>158</ns3:hr>
            <ns3:cad>92</ns3:cad>
          </ns3:TrackPointExtension>
        </extensions>
      </trkpt>
      <trkpt lat="22.60986126959323883056640625" lon="113.8882300816476345062255859375">
        <ele>35.40000152587890625</ele>
        <time>2026-09-29T22:39:08.000Z</time>
        <extensions>
          <ns3:TrackPointExtension>
            <ns3:hr>159</ns3:hr>
            <ns3:cad>92</ns3:cad>
          </ns3:TrackPointExtension>
        </extensions>
      </trkpt>
      <trkpt lat="22.60987727902829647064208984375" lon="113.888207785785198211669921875">
        <ele>35.40000152587890625</ele>
        <time>2026-09-29T22:39:09.000Z</time>
        <extensions>
          <ns3:TrackPointExtension>
            <ns3:hr>159</ns3:hr>
            <ns3:cad>92</ns3:cad>
          </ns3:TrackPointExtension>
        </extensions>
      </trkpt>
      <trkpt lat="22.6098922826349735260009765625" lon="113.888178281486034393310546875">
        <ele>35.59999847412109375</ele>
        <time>2026-09-29T22:39:10.000Z</time>
        <extensions>
          <ns3:TrackPointExtension>
            <ns3:hr>160</ns3:hr>
            <ns3:cad>91</ns3:cad>
          </ns3:TrackPointExtension>
        </extensions>
      </trkpt>
      <trkpt lat="22.60990091599524021148681640625" lon="113.88815640471875667572021484375">
        <ele>35.59999847412109375</ele>
        <time>2026-09-29T22:39:11.000Z</time>
        <extensions>
          <ns3:TrackPointExtension>
            <ns3:hr>160</ns3:hr>
            <ns3:cad>91</ns3:cad>
          </ns3:TrackPointExtension>
        </extensions>
      </trkpt>
      <trkpt lat="22.60991650633513927459716796875" lon="113.88812622986733913421630859375">
        <ele>35.40000152587890625</ele>
        <time>2026-09-29T22:39:12.000Z</time>
        <extensions>
          <ns3:TrackPointExtension>
            <ns3:hr>160</ns3:hr>
            <ns3:cad>92</ns3:cad>
          </ns3:TrackPointExtension>
        </extensions>
      </trkpt>
      <trkpt lat="22.609927318990230560302734375" lon="113.8881026767194271087646484375">
        <ele>35.40000152587890625</ele>
        <time>2026-09-29T22:39:13.000Z</time>
        <extensions>
          <ns3:TrackPointExtension>
            <ns3:hr>160</ns3:hr>
            <ns3:cad>92</ns3:cad>
          </ns3:TrackPointExtension>
        </extensions>
      </trkpt>
      <trkpt lat="22.6099459268152713775634765625" lon="113.88807442970573902130126953125">
        <ele>35.40000152587890625</ele>
        <time>2026-09-29T22:39:14.000Z</time>
        <extensions>
          <ns3:TrackPointExtension>
            <ns3:hr>160</ns3:hr>
            <ns3:cad>92</ns3:cad>
          </ns3:TrackPointExtension>
        </extensions>
      </trkpt>
      <trkpt lat="22.609954811632633209228515625" lon="113.88805163092911243438720703125">
        <ele>35.40000152587890625</ele>
        <time>2026-09-29T22:39:15.000Z</time>
        <extensions>
          <ns3:TrackPointExtension>
            <ns3:hr>160</ns3:hr>
            <ns3:cad>92</ns3:cad>
          </ns3:TrackPointExtension>
        </extensions>
      </trkpt>
      <trkpt lat="22.6099697314202785491943359375" lon="113.888024389743804931640625">
        <ele>35.40000152587890625</ele>
        <time>2026-09-29T22:39:16.000Z</time>
        <extensions>
          <ns3:TrackPointExtension>
            <ns3:hr>161</ns3:hr>
            <ns3:cad>92</ns3:cad>
          </ns3:TrackPointExtension>
        </extensions>
      </trkpt>
      <trkpt lat="22.6099804602563381195068359375" lon="113.88799731619656085968017578125">
        <ele>35.59999847412109375</ele>
        <time>2026-09-29T22:39:17.000Z</time>
        <extensions>
          <ns3:TrackPointExtension>
            <ns3:hr>160</ns3:hr>
            <ns3:cad>92</ns3:cad>
          </ns3:TrackPointExtension>
        </extensions>
      </trkpt>
      <trkpt lat="22.60999412275850772857666015625" lon="113.887971080839633941650390625">
        <ele>35.40000152587890625</ele>
        <time>2026-09-29T22:39:18.000Z</time>
        <extensions>
          <ns3:TrackPointExtension>
            <ns3:hr>160</ns3:hr>
            <ns3:cad>93</ns3:cad>
          </ns3:TrackPointExtension>
        </extensions>
      </trkpt>
      <trkpt lat="22.6100067794322967529296875" lon="113.88794182799756526947021484375">
        <ele>35.40000152587890625</ele>
        <time>2026-09-29T22:39:19.000Z</time>
        <extensions>
          <ns3:TrackPointExtension>
            <ns3:hr>160</ns3:hr>
            <ns3:cad>93</ns3:cad>
          </ns3:TrackPointExtension>
        </extensions>
      </trkpt>
      <trkpt lat="22.61001541279256343841552734375" lon="113.8879179395735263824462890625">
        <ele>35.40000152587890625</ele>
        <time>2026-09-29T22:39:20.000Z</time>
        <extensions>
          <ns3:TrackPointExtension>
            <ns3:hr>161</ns3:hr>
            <ns3:cad>92</ns3:cad>
          </ns3:TrackPointExtension>
        </extensions>
      </trkpt>
      <trkpt lat="22.61003066785633563995361328125" lon="113.8878864236176013946533203125">
        <ele>35.40000152587890625</ele>
        <time>2026-09-29T22:39:21.000Z</time>
        <extensions>
          <ns3:TrackPointExtension>
            <ns3:hr>160</ns3:hr>
            <ns3:cad>92</ns3:cad>
          </ns3:TrackPointExtension>
        </extensions>
      </trkpt>
      <trkpt lat="22.61003837920725345611572265625" lon="113.88786320574581623077392578125">
        <ele>35.59999847412109375</ele>
        <time>2026-09-29T22:39:22.000Z</time>
        <extensions>
          <ns3:TrackPointExtension>
            <ns3:hr>160</ns3:hr>
            <ns3:cad>93</ns3:cad>
          </ns3:TrackPointExtension>
        </extensions>
      </trkpt>
      <trkpt lat="22.61005514301359653472900390625" lon="113.8878327794373035430908203125">
        <ele>35.59999847412109375</ele>
        <time>2026-09-29T22:39:23.000Z</time>
        <extensions>
          <ns3:TrackPointExtension>
            <ns3:hr>160</ns3:hr>
            <ns3:cad>94</ns3:cad>
          </ns3:TrackPointExtension>
        </extensions>
      </trkpt>
      <trkpt lat="22.6100632734596729278564453125" lon="113.88780671171844005584716796875">
        <ele>35.59999847412109375</ele>
        <time>2026-09-29T22:39:24.000Z</time>
        <extensions>
          <ns3:TrackPointExtension>
            <ns3:hr>159</ns3:hr>
            <ns3:cad>94</ns3:cad>
          </ns3:TrackPointExtension>
        </extensions>
      </trkpt>
      <trkpt lat="22.61008095927536487579345703125" lon="113.8877741061151027679443359375">
        <ele>35.59999847412109375</ele>
        <time>2026-09-29T22:39:25.000Z</time>
        <extensions>
          <ns3:TrackPointExtension>
            <ns3:hr>159</ns3:hr>
            <ns3:cad>94</ns3:cad>
          </ns3:TrackPointExtension>
        </extensions>
      </trkpt>
      <trkpt lat="22.61008917354047298431396484375" lon="113.8877492956817150115966796875">
        <ele>35.59999847412109375</ele>
        <time>2026-09-29T22:39:26.000Z</time>
        <extensions>
          <ns3:TrackPointExtension>
            <ns3:hr>159</ns3:hr>
            <ns3:cad>92</ns3:cad>
          </ns3:TrackPointExtension>
        </extensions>
      </trkpt>
      <trkpt lat="22.6101041771471500396728515625" lon="113.8877199590206146240234375">
        <ele>35.40000152587890625</ele>
        <time>2026-09-29T22:39:27.000Z</time>
        <extensions>
          <ns3:TrackPointExtension>
            <ns3:hr>159</ns3:hr>
            <ns3:cad>92</ns3:cad>
          </ns3:TrackPointExtension>
        </extensions>
      </trkpt>
      <trkpt lat="22.61011339724063873291015625" lon="113.88769154436886310577392578125">
        <ele>35.40000152587890625</ele>
        <time>2026-09-29T22:39:28.000Z</time>
        <extensions>
          <ns3:TrackPointExtension>
            <ns3:hr>159</ns3:hr>
            <ns3:cad>92</ns3:cad>
          </ns3:TrackPointExtension>
        </extensions>
      </trkpt>
      <trkpt lat="22.61012454517185688018798828125" lon="113.88766589574515819549560546875">
        <ele>35.40000152587890625</ele>
        <time>2026-09-29T22:39:29.000Z</time>
        <extensions>
          <ns3:TrackPointExtension>
            <ns3:hr>158</ns3:hr>
            <ns3:cad>92</ns3:cad>
          </ns3:TrackPointExtension>
        </extensions>
      </trkpt>
      <trkpt lat="22.61013644747436046600341796875" lon="113.88763555325567722320556640625">
        <ele>35.40000152587890625</ele>
        <time>2026-09-29T22:39:30.000Z</time>
        <extensions>
          <ns3:TrackPointExtension>
            <ns3:hr>158</ns3:hr>
            <ns3:cad>93</ns3:cad>
          </ns3:TrackPointExtension>
        </extensions>
      </trkpt>
      <trkpt lat="22.61014700867235660552978515625" lon="113.88760990463197231292724609375">
        <ele>35.40000152587890625</ele>
        <time>2026-09-29T22:39:31.000Z</time>
        <extensions>
          <ns3:TrackPointExtension>
            <ns3:hr>158</ns3:hr>
            <ns3:cad>94</ns3:cad>
          </ns3:TrackPointExtension>
        </extensions>
      </trkpt>
      <trkpt lat="22.61016058735549449920654296875" lon="113.88757671229541301727294921875">
        <ele>35.40000152587890625</ele>
        <time>2026-09-29T22:39:32.000Z</time>
        <extensions>
          <ns3:TrackPointExtension>
            <ns3:hr>158</ns3:hr>
            <ns3:cad>93</ns3:cad>
          </ns3:TrackPointExtension>
        </extensions>
      </trkpt>
      <trkpt lat="22.61016963981091976165771484375" lon="113.88755433261394500732421875">
        <ele>35.40000152587890625</ele>
        <time>2026-09-29T22:39:33.000Z</time>
        <extensions>
          <ns3:TrackPointExtension>
            <ns3:hr>158</ns3:hr>
            <ns3:cad>92</ns3:cad>
          </ns3:TrackPointExtension>
        </extensions>
      </trkpt>
      <trkpt lat="22.61018724180757999420166015625" lon="113.887525163590908050537109375">
        <ele>35.40000152587890625</ele>
        <time>2026-09-29T22:39:34.000Z</time>
        <extensions>
          <ns3:TrackPointExtension>
            <ns3:hr>158</ns3:hr>
            <ns3:cad>92</ns3:cad>
          </ns3:TrackPointExtension>
        </extensions>
      </trkpt>
      <trkpt lat="22.61019394733011722564697265625" lon="113.8875068910419940948486328125">
        <ele>35.40000152587890625</ele>
        <time>2026-09-29T22:39:35.000Z</time>
        <extensions>
          <ns3:TrackPointExtension>
            <ns3:hr>158</ns3:hr>
            <ns3:cad>92</ns3:cad>
          </ns3:TrackPointExtension>
        </extensions>
      </trkpt>
      <trkpt lat="22.610209621489048004150390625" lon="113.88747948221862316131591796875">
        <ele>35.40000152587890625</ele>
        <time>2026-09-29T22:39:36.000Z</time>
        <extensions>
          <ns3:TrackPointExtension>
            <ns3:hr>158</ns3:hr>
            <ns3:cad>93</ns3:cad>
          </ns3:TrackPointExtension>
        </extensions>
      </trkpt>
      <trkpt lat="22.610216997563838958740234375" lon="113.88745819218456745147705078125">
        <ele>35.40000152587890625</ele>
        <time>2026-09-29T22:39:37.000Z</time>
        <extensions>
          <ns3:TrackPointExtension>
            <ns3:hr>157</ns3:hr>
            <ns3:cad>93</ns3:cad>
          </ns3:TrackPointExtension>
        </extensions>
      </trkpt>
      <trkpt lat="22.6102315820753574371337890625" lon="113.887431286275386810302734375">
        <ele>35.40000152587890625</ele>
        <time>2026-09-29T22:39:38.000Z</time>
        <extensions>
          <ns3:TrackPointExtension>
            <ns3:hr>158</ns3:hr>
            <ns3:cad>94</ns3:cad>
          </ns3:TrackPointExtension>
        </extensions>
      </trkpt>
      <trkpt lat="22.610241807997226715087890625" lon="113.887405805289745330810546875">
        <ele>35.40000152587890625</ele>
        <time>2026-09-29T22:39:39.000Z</time>
        <extensions>
          <ns3:TrackPointExtension>
            <ns3:hr>158</ns3:hr>
            <ns3:cad>94</ns3:cad>
          </ns3:TrackPointExtension>
        </extensions>
      </trkpt>
      <trkpt lat="22.6102530397474765777587890625" lon="113.8873779773712158203125">
        <ele>35.40000152587890625</ele>
        <time>2026-09-29T22:39:40.000Z</time>
        <extensions>
          <ns3:TrackPointExtension>
            <ns3:hr>158</ns3:hr>
            <ns3:cad>93</ns3:cad>
          </ns3:TrackPointExtension>
        </extensions>
      </trkpt>
      <trkpt lat="22.61026485823094844818115234375" lon="113.887348137795925140380859375">
        <ele>35.200000762939453125</ele>
        <time>2026-09-29T22:39:41.000Z</time>
        <extensions>
          <ns3:TrackPointExtension>
            <ns3:hr>158</ns3:hr>
            <ns3:cad>93</ns3:cad>
          </ns3:TrackPointExtension>
        </extensions>
      </trkpt>
      <trkpt lat="22.61027432978153228759765625" lon="113.88732441700994968414306640625">
        <ele>35.200000762939453125</ele>
        <time>2026-09-29T22:39:42.000Z</time>
        <extensions>
          <ns3:TrackPointExtension>
            <ns3:hr>158</ns3:hr>
            <ns3:cad>92</ns3:cad>
          </ns3:TrackPointExtension>
        </extensions>
      </trkpt>
      <trkpt lat="22.6102899201214313507080078125" lon="113.88729147613048553466796875">
        <ele>35.200000762939453125</ele>
        <time>2026-09-29T22:39:43.000Z</time>
        <extensions>
          <ns3:TrackPointExtension>
            <ns3:hr>158</ns3:hr>
            <ns3:cad>92</ns3:cad>
          </ns3:TrackPointExtension>
        </extensions>
      </trkpt>
      <trkpt lat="22.61029855348169803619384765625" lon="113.8872695155441761016845703125">
        <ele>35.200000762939453125</ele>
        <time>2026-09-29T22:39:44.000Z</time>
        <extensions>
          <ns3:TrackPointExtension>
            <ns3:hr>159</ns3:hr>
            <ns3:cad>92</ns3:cad>
          </ns3:TrackPointExtension>
        </extensions>
      </trkpt>
      <trkpt lat="22.61031649075448513031005859375" lon="113.88724026270210742950439453125">
        <ele>35.40000152587890625</ele>
        <time>2026-09-29T22:39:45.000Z</time>
        <extensions>
          <ns3:TrackPointExtension>
            <ns3:hr>158</ns3:hr>
            <ns3:cad>92</ns3:cad>
          </ns3:TrackPointExtension>
        </extensions>
      </trkpt>
      <trkpt lat="22.6103247888386249542236328125" lon="113.88721771538257598876953125">
        <ele>35.40000152587890625</ele>
        <time>2026-09-29T22:39:46.000Z</time>
        <extensions>
          <ns3:TrackPointExtension>
            <ns3:hr>158</ns3:hr>
            <ns3:cad>92</ns3:cad>
          </ns3:TrackPointExtension>
        </extensions>
      </trkpt>
      <trkpt lat="22.61033979244530200958251953125" lon="113.887192904949188232421875">
        <ele>35.200000762939453125</ele>
        <time>2026-09-29T22:39:47.000Z</time>
        <extensions>
          <ns3:TrackPointExtension>
            <ns3:hr>158</ns3:hr>
            <ns3:cad>93</ns3:cad>
          </ns3:TrackPointExtension>
        </extensions>
      </trkpt>
      <trkpt lat="22.61034809052944183349609375" lon="113.88717086054384708404541015625">
        <ele>35.200000762939453125</ele>
        <time>2026-09-29T22:39:48.000Z</time>
        <extensions>
          <ns3:TrackPointExtension>
            <ns3:hr>158</ns3:hr>
            <ns3:cad>93</ns3:cad>
          </ns3:TrackPointExtension>
        </extensions>
      </trkpt>
      <trkpt lat="22.61036041192710399627685546875" lon="113.88714470900595188140869140625">
        <ele>35.200000762939453125</ele>
        <time>2026-09-29T22:39:49.000Z</time>
        <extensions>
          <ns3:TrackPointExtension>
            <ns3:hr>159</ns3:hr>
            <ns3:cad>94</ns3:cad>
          </ns3:TrackPointExtension>
        </extensions>
      </trkpt>
      <trkpt lat="22.61037030257284641265869140625" lon="113.88711922802031040191650390625">
        <ele>35.200000762939453125</ele>
        <time>2026-09-29T22:39:50.000Z</time>
        <extensions>
          <ns3:TrackPointExtension>
            <ns3:hr>158</ns3:hr>
            <ns3:cad>94</ns3:cad>
          </ns3:TrackPointExtension>
        </extensions>
      </trkpt>
      <trkpt lat="22.61038404889404773712158203125" lon="113.8870921544730663299560546875">
        <ele>35.200000762939453125</ele>
        <time>2026-09-29T22:39:51.000Z</time>
        <extensions>
          <ns3:TrackPointExtension>
            <ns3:hr>158</ns3:hr>
            <ns3:cad>92</ns3:cad>
          </ns3:TrackPointExtension>
        </extensions>
      </trkpt>
      <trkpt lat="22.610395364463329315185546875" lon="113.88706424273550510406494140625">
        <ele>35.200000762939453125</ele>
        <time>2026-09-29T22:39:52.000Z</time>
        <extensions>
          <ns3:TrackPointExtension>
            <ns3:hr>158</ns3:hr>
            <ns3:cad>92</ns3:cad>
          </ns3:TrackPointExtension>
        </extensions>
      </trkpt>
      <trkpt lat="22.610403411090373992919921875" lon="113.88704228214919567108154296875">
        <ele>35.200000762939453125</ele>
        <time>2026-09-29T22:39:53.000Z</time>
        <extensions>
          <ns3:TrackPointExtension>
            <ns3:hr>158</ns3:hr>
            <ns3:cad>93</ns3:cad>
          </ns3:TrackPointExtension>
        </extensions>
      </trkpt>
      <trkpt lat="22.61041648685932159423828125" lon="113.8870143704116344451904296875">
        <ele>35.200000762939453125</ele>
        <time>2026-09-29T22:39:54.000Z</time>
        <extensions>
          <ns3:TrackPointExtension>
            <ns3:hr>158</ns3:hr>
            <ns3:cad>93</ns3:cad>
          </ns3:TrackPointExtension>
        </extensions>
      </trkpt>
      <trkpt lat="22.61042428202927112579345703125" lon="113.8869912363588809967041015625">
        <ele>35.200000762939453125</ele>
        <time>2026-09-29T22:39:55.000Z</time>
        <extensions>
          <ns3:TrackPointExtension>
            <ns3:hr>157</ns3:hr>
            <ns3:cad>93</ns3:cad>
          </ns3:TrackPointExtension>
        </extensions>
      </trkpt>
      <trkpt lat="22.61043836362659931182861328125" lon="113.88696156442165374755859375">
        <ele>35.200000762939453125</ele>
        <time>2026-09-29T22:39:56.000Z</time>
        <extensions>
          <ns3:TrackPointExtension>
            <ns3:hr>157</ns3:hr>
            <ns3:cad>93</ns3:cad>
          </ns3:TrackPointExtension>
        </extensions>
      </trkpt>
      <trkpt lat="22.6104474999010562896728515625" lon="113.88693474233150482177734375">
        <ele>35.200000762939453125</ele>
        <time>2026-09-29T22:39:57.000Z</time>
        <extensions>
          <ns3:TrackPointExtension>
            <ns3:hr>157</ns3:hr>
            <ns3:cad>94</ns3:cad>
          </ns3:TrackPointExtension>
        </extensions>
      </trkpt>
      <trkpt lat="22.6104615814983844757080078125" lon="113.8869084231555461883544921875">
        <ele>35.200000762939453125</ele>
        <time>2026-09-29T22:39:58.000Z</time>
        <extensions>
          <ns3:TrackPointExtension>
            <ns3:hr>155</ns3:hr>
            <ns3:cad>94</ns3:cad>
          </ns3:TrackPointExtension>
        </extensions>
      </trkpt>
      <trkpt lat="22.61047339998185634613037109375" lon="113.886878751218318939208984375">
        <ele>35.200000762939453125</ele>
        <time>2026-09-29T22:39:59.000Z</time>
        <extensions>
          <ns3:TrackPointExtension>
            <ns3:hr>154</ns3:hr>
            <ns3:cad>93</ns3:cad>
          </ns3:TrackPointExtension>
        </extensions>
      </trkpt>
      <trkpt lat="22.61048597283661365509033203125" lon="113.8868544436991214752197265625">
        <ele>35.200000762939453125</ele>
        <time>2026-09-29T22:40:00.000Z</time>
        <extensions>
          <ns3:TrackPointExtension>
            <ns3:hr>153</ns3:hr>
            <ns3:cad>93</ns3:cad>
          </ns3:TrackPointExtension>
        </extensions>
      </trkpt>
      <trkpt lat="22.61049938388168811798095703125" lon="113.886823765933513641357421875">
        <ele>35.200000762939453125</ele>
        <time>2026-09-29T22:40:01.000Z</time>
        <extensions>
          <ns3:TrackPointExtension>
            <ns3:hr>152</ns3:hr>
            <ns3:cad>93</ns3:cad>
          </ns3:TrackPointExtension>
        </extensions>
      </trkpt>
      <trkpt lat="22.61050877161324024200439453125" lon="113.88679920695722103118896484375">
        <ele>35.200000762939453125</ele>
        <time>2026-09-29T22:40:02.000Z</time>
        <extensions>
          <ns3:TrackPointExtension>
            <ns3:hr>152</ns3:hr>
            <ns3:cad>93</ns3:cad>
          </ns3:TrackPointExtension>
        </extensions>
      </trkpt>
      <trkpt lat="22.61052318848669528961181640625" lon="113.8867689482867717742919921875">
        <ele>35.200000762939453125</ele>
        <time>2026-09-29T22:40:03.000Z</time>
        <extensions>
          <ns3:TrackPointExtension>
            <ns3:hr>151</ns3:hr>
            <ns3:cad>93</ns3:cad>
          </ns3:TrackPointExtension>
        </extensions>
      </trkpt>
      <trkpt lat="22.61052972637116909027099609375" lon="113.8867431320250034332275390625">
        <ele>35.200000762939453125</ele>
        <time>2026-09-29T22:40:04.000Z</time>
        <extensions>
          <ns3:TrackPointExtension>
            <ns3:hr>151</ns3:hr>
            <ns3:cad>93</ns3:cad>
          </ns3:TrackPointExtension>
        </extensions>
      </trkpt>
      <trkpt lat="22.610542885959148406982421875" lon="113.886715136468410491943359375">
        <ele>35.200000762939453125</ele>
        <time>2026-09-29T22:40:05.000Z</time>
        <extensions>
          <ns3:TrackPointExtension>
            <ns3:hr>150</ns3:hr>
            <ns3:cad>93</ns3:cad>
          </ns3:TrackPointExtension>
        </extensions>
      </trkpt>
      <trkpt lat="22.610550262033939361572265625" lon="113.88668940402567386627197265625">
        <ele>35.200000762939453125</ele>
        <time>2026-09-29T22:40:06.000Z</time>
        <extensions>
          <ns3:TrackPointExtension>
            <ns3:hr>150</ns3:hr>
            <ns3:cad>93</ns3:cad>
          </ns3:TrackPointExtension>
        </extensions>
      </trkpt>
      <trkpt lat="22.61056358925998210906982421875" lon="113.8866640068590641021728515625">
        <ele>35.200000762939453125</ele>
        <time>2026-09-29T22:40:07.000Z</time>
        <extensions>
          <ns3:TrackPointExtension>
            <ns3:hr>150</ns3:hr>
            <ns3:cad>93</ns3:cad>
          </ns3:TrackPointExtension>
        </extensions>
      </trkpt>
      <trkpt lat="22.6105755753815174102783203125" lon="113.88663701713085174560546875">
        <ele>35.200000762939453125</ele>
        <time>2026-09-29T22:40:08.000Z</time>
        <extensions>
          <ns3:TrackPointExtension>
            <ns3:hr>150</ns3:hr>
            <ns3:cad>93</ns3:cad>
          </ns3:TrackPointExtension>
        </extensions>
      </trkpt>
      <trkpt lat="22.6105861365795135498046875" lon="113.88661312870681285858154296875">
        <ele>35.200000762939453125</ele>
        <time>2026-09-29T22:40:09.000Z</time>
        <extensions>
          <ns3:TrackPointExtension>
            <ns3:hr>150</ns3:hr>
            <ns3:cad>93</ns3:cad>
          </ns3:TrackPointExtension>
        </extensions>
      </trkpt>
      <trkpt lat="22.6105997152626514434814453125" lon="113.886581026017665863037109375">
        <ele>35.200000762939453125</ele>
        <time>2026-09-29T22:40:10.000Z</time>
        <extensions>
          <ns3:TrackPointExtension>
            <ns3:hr>150</ns3:hr>
            <ns3:cad>92</ns3:cad>
          </ns3:TrackPointExtension>
        </extensions>
      </trkpt>
      <trkpt lat="22.61060818098485469818115234375" lon="113.8865558803081512451171875">
        <ele>35.200000762939453125</ele>
        <time>2026-09-29T22:40:11.000Z</time>
        <extensions>
          <ns3:TrackPointExtension>
            <ns3:hr>149</ns3:hr>
            <ns3:cad>92</ns3:cad>
          </ns3:TrackPointExtension>
        </extensions>
      </trkpt>
      <trkpt lat="22.61062377132475376129150390625" lon="113.886528052389621734619140625">
        <ele>35.200000762939453125</ele>
        <time>2026-09-29T22:40:12.000Z</time>
        <extensions>
          <ns3:TrackPointExtension>
            <ns3:hr>149</ns3:hr>
            <ns3:cad>92</ns3:cad>
          </ns3:TrackPointExtension>
        </extensions>
      </trkpt>
      <trkpt lat="22.610630057752132415771484375" lon="113.88650265522301197052001953125">
        <ele>35</ele>
        <time>2026-09-29T22:40:13.000Z</time>
        <extensions>
          <ns3:TrackPointExtension>
            <ns3:hr>148</ns3:hr>
            <ns3:cad>93</ns3:cad>
          </ns3:TrackPointExtension>
        </extensions>
      </trkpt>
      <trkpt lat="22.61064422316849231719970703125" lon="113.886476419866085052490234375">
        <ele>35.200000762939453125</ele>
        <time>2026-09-29T22:40:14.000Z</time>
        <extensions>
          <ns3:TrackPointExtension>
            <ns3:hr>148</ns3:hr>
            <ns3:cad>93</ns3:cad>
          </ns3:TrackPointExtension>
        </extensions>
      </trkpt>
      <trkpt lat="22.6106563769280910491943359375" lon="113.88644901104271411895751953125">
        <ele>35.200000762939453125</ele>
        <time>2026-09-29T22:40:15.000Z</time>
        <extensions>
          <ns3:TrackPointExtension>
            <ns3:hr>148</ns3:hr>
            <ns3:cad>94</ns3:cad>
          </ns3:TrackPointExtension>
        </extensions>
      </trkpt>
      <trkpt lat="22.610668949782848358154296875" lon="113.88642587698996067047119140625">
        <ele>35.200000762939453125</ele>
        <time>2026-09-29T22:40:16.000Z</time>
        <extensions>
          <ns3:TrackPointExtension>
            <ns3:hr>148</ns3:hr>
            <ns3:cad>94</ns3:cad>
          </ns3:TrackPointExtension>
        </extensions>
      </trkpt>
      <trkpt lat="22.61067959479987621307373046875" lon="113.88639754615724086761474609375">
        <ele>35.200000762939453125</ele>
        <time>2026-09-29T22:40:17.000Z</time>
        <extensions>
          <ns3:TrackPointExtension>
            <ns3:hr>148</ns3:hr>
            <ns3:cad>94</ns3:cad>
          </ns3:TrackPointExtension>
        </extensions>
      </trkpt>
      <trkpt lat="22.6106892339885234832763671875" lon="113.88637206517159938812255859375">
        <ele>35</ele>
        <time>2026-09-29T22:40:18.000Z</time>
        <extensions>
          <ns3:TrackPointExtension>
            <ns3:hr>148</ns3:hr>
            <ns3:cad>93</ns3:cad>
          </ns3:TrackPointExtension>
        </extensions>
      </trkpt>
      <trkpt lat="22.610703818500041961669921875" lon="113.8863408006727695465087890625">
        <ele>35</ele>
        <time>2026-09-29T22:40:19.000Z</time>
        <extensions>
          <ns3:TrackPointExtension>
            <ns3:hr>148</ns3:hr>
            <ns3:cad>93</ns3:cad>
          </ns3:TrackPointExtension>
        </extensions>
      </trkpt>
      <trkpt lat="22.6107096858322620391845703125" lon="113.88631624169647693634033203125">
        <ele>35</ele>
        <time>2026-09-29T22:40:20.000Z</time>
        <extensions>
          <ns3:TrackPointExtension>
            <ns3:hr>147</ns3:hr>
            <ns3:cad>94</ns3:cad>
          </ns3:TrackPointExtension>
        </extensions>
      </trkpt>
      <trkpt lat="22.610721588134765625" lon="113.88628941960632801055908203125">
        <ele>35</ele>
        <time>2026-09-29T22:40:21.000Z</time>
        <extensions>
          <ns3:TrackPointExtension>
            <ns3:hr>148</ns3:hr>
            <ns3:cad>94</ns3:cad>
          </ns3:TrackPointExtension>
        </extensions>
      </trkpt>
      <trkpt lat="22.6107301376760005950927734375" lon="113.88626326806843280792236328125">
        <ele>35</ele>
        <time>2026-09-29T22:40:22.000Z</time>
        <extensions>
          <ns3:TrackPointExtension>
            <ns3:hr>148</ns3:hr>
            <ns3:cad>94</ns3:cad>
          </ns3:TrackPointExtension>
        </extensions>
      </trkpt>
      <trkpt lat="22.61074346490204334259033203125" lon="113.88623862527310848236083984375">
        <ele>35</ele>
        <time>2026-09-29T22:40:23.000Z</time>
        <extensions>
          <ns3:TrackPointExtension>
            <ns3:hr>148</ns3:hr>
            <ns3:cad>94</ns3:cad>
          </ns3:TrackPointExtension>
        </extensions>
      </trkpt>
      <trkpt lat="22.61075704358518123626708984375" lon="113.88621079735457897186279296875">
        <ele>35</ele>
        <time>2026-09-29T22:40:24.000Z</time>
        <extensions>
          <ns3:TrackPointExtension>
            <ns3:hr>148</ns3:hr>
            <ns3:cad>93</ns3:cad>
          </ns3:TrackPointExtension>
        </extensions>
      </trkpt>
      <trkpt lat="22.61076710186898708343505859375" lon="113.88618908822536468505859375">
        <ele>35</ele>
        <time>2026-09-29T22:40:25.000Z</time>
        <extensions>
          <ns3:TrackPointExtension>
            <ns3:hr>148</ns3:hr>
            <ns3:cad>93</ns3:cad>
          </ns3:TrackPointExtension>
        </extensions>
      </trkpt>
      <trkpt lat="22.61078068055212497711181640625" lon="113.88616067357361316680908203125">
        <ele>35</ele>
        <time>2026-09-29T22:40:26.000Z</time>
        <extensions>
          <ns3:TrackPointExtension>
            <ns3:hr>148</ns3:hr>
            <ns3:cad>93</ns3:cad>
          </ns3:TrackPointExtension>
        </extensions>
      </trkpt>
      <trkpt lat="22.61078797280788421630859375" lon="113.88613586314022541046142578125">
        <ele>35</ele>
        <time>2026-09-29T22:40:27.000Z</time>
        <extensions>
          <ns3:TrackPointExtension>
            <ns3:hr>147</ns3:hr>
            <ns3:cad>94</ns3:cad>
          </ns3:TrackPointExtension>
        </extensions>
      </trkpt>
      <trkpt lat="22.61080364696681499481201171875" lon="113.88610401190817356109619140625">
        <ele>35</ele>
        <time>2026-09-29T22:40:28.000Z</time>
        <extensions>
          <ns3:TrackPointExtension>
            <ns3:hr>148</ns3:hr>
            <ns3:cad>94</ns3:cad>
          </ns3:TrackPointExtension>
        </extensions>
      </trkpt>
      <trkpt lat="22.61081353761255741119384765625" lon="113.88607685454189777374267578125">
        <ele>35</ele>
        <time>2026-09-29T22:40:29.000Z</time>
        <extensions>
          <ns3:TrackPointExtension>
            <ns3:hr>148</ns3:hr>
            <ns3:cad>93</ns3:cad>
          </ns3:TrackPointExtension>
        </extensions>
      </trkpt>
      <trkpt lat="22.61082175187766551971435546875" lon="113.88604718260467052459716796875">
        <ele>35</ele>
        <time>2026-09-29T22:40:30.000Z</time>
        <extensions>
          <ns3:TrackPointExtension>
            <ns3:hr>147</ns3:hr>
            <ns3:cad>93</ns3:cad>
          </ns3:TrackPointExtension>
        </extensions>
      </trkpt>
      <trkpt lat="22.6108334027230739593505859375" lon="113.88601616956293582916259765625">
        <ele>34.799999237060546875</ele>
        <time>2026-09-29T22:40:31.000Z</time>
        <extensions>
          <ns3:TrackPointExtension>
            <ns3:hr>147</ns3:hr>
            <ns3:cad>93</ns3:cad>
          </ns3:TrackPointExtension>
        </extensions>
      </trkpt>
      <trkpt lat="22.6108454726636409759521484375" lon="113.88598901219666004180908203125">
        <ele>34.799999237060546875</ele>
        <time>2026-09-29T22:40:32.000Z</time>
        <extensions>
          <ns3:TrackPointExtension>
            <ns3:hr>147</ns3:hr>
            <ns3:cad>94</ns3:cad>
          </ns3:TrackPointExtension>
        </extensions>
      </trkpt>
      <trkpt lat="22.61085796169936656951904296875" lon="113.8859592564404010772705078125">
        <ele>34.799999237060546875</ele>
        <time>2026-09-29T22:40:33.000Z</time>
        <extensions>
          <ns3:TrackPointExtension>
            <ns3:hr>147</ns3:hr>
            <ns3:cad>94</ns3:cad>
          </ns3:TrackPointExtension>
        </extensions>
      </trkpt>
      <trkpt lat="22.61086651124060153961181640625" lon="113.88593704439699649810791015625">
        <ele>34.799999237060546875</ele>
        <time>2026-09-29T22:40:34.000Z</time>
        <extensions>
          <ns3:TrackPointExtension>
            <ns3:hr>147</ns3:hr>
            <ns3:cad>94</ns3:cad>
          </ns3:TrackPointExtension>
        </extensions>
      </trkpt>
      <trkpt lat="22.61088042519986629486083984375" lon="113.88590418733656406402587890625">
        <ele>34.799999237060546875</ele>
        <time>2026-09-29T22:40:35.000Z</time>
        <extensions>
          <ns3:TrackPointExtension>
            <ns3:hr>147</ns3:hr>
            <ns3:cad>94</ns3:cad>
          </ns3:TrackPointExtension>
        </extensions>
      </trkpt>
      <trkpt lat="22.61088863946497440338134765625" lon="113.8858828134834766387939453125">
        <ele>35</ele>
        <time>2026-09-29T22:40:36.000Z</time>
        <extensions>
          <ns3:TrackPointExtension>
            <ns3:hr>147</ns3:hr>
            <ns3:cad>93</ns3:cad>
          </ns3:TrackPointExtension>
        </extensions>
      </trkpt>
      <trkpt lat="22.61090305633842945098876953125" lon="113.8858502916991710662841796875">
        <ele>35</ele>
        <time>2026-09-29T22:40:37.000Z</time>
        <extensions>
          <ns3:TrackPointExtension>
            <ns3:hr>146</ns3:hr>
            <ns3:cad>93</ns3:cad>
          </ns3:TrackPointExtension>
        </extensions>
      </trkpt>
      <trkpt lat="22.6109111867845058441162109375" lon="113.88582405634224414825439453125">
        <ele>35</ele>
        <time>2026-09-29T22:40:38.000Z</time>
        <extensions>
          <ns3:TrackPointExtension>
            <ns3:hr>146</ns3:hr>
            <ns3:cad>93</ns3:cad>
          </ns3:TrackPointExtension>
        </extensions>
      </trkpt>
      <trkpt lat="22.610923759639263153076171875" lon="113.885795138776302337646484375">
        <ele>35</ele>
        <time>2026-09-29T22:40:39.000Z</time>
        <extensions>
          <ns3:TrackPointExtension>
            <ns3:hr>146</ns3:hr>
            <ns3:cad>92</ns3:cad>
          </ns3:TrackPointExtension>
        </extensions>
      </trkpt>
      <trkpt lat="22.610932476818561553955078125" lon="113.8857671432197093963623046875">
        <ele>35</ele>
        <time>2026-09-29T22:40:40.000Z</time>
        <extensions>
          <ns3:TrackPointExtension>
            <ns3:hr>146</ns3:hr>
            <ns3:cad>91</ns3:cad>
          </ns3:TrackPointExtension>
        </extensions>
      </trkpt>
      <trkpt lat="22.6109430380165576934814453125" lon="113.88574074022471904754638671875">
        <ele>34.799999237060546875</ele>
        <time>2026-09-29T22:40:41.000Z</time>
        <extensions>
          <ns3:TrackPointExtension>
            <ns3:hr>147</ns3:hr>
            <ns3:cad>91</ns3:cad>
          </ns3:TrackPointExtension>
        </extensions>
      </trkpt>
      <trkpt lat="22.61095695197582244873046875" lon="113.88571073301136493682861328125">
        <ele>34.799999237060546875</ele>
        <time>2026-09-29T22:40:42.000Z</time>
        <extensions>
          <ns3:TrackPointExtension>
            <ns3:hr>146</ns3:hr>
            <ns3:cad>92</ns3:cad>
          </ns3:TrackPointExtension>
        </extensions>
      </trkpt>
      <trkpt lat="22.6109675131738185882568359375" lon="113.8856839947402477264404296875">
        <ele>35</ele>
        <time>2026-09-29T22:40:43.000Z</time>
        <extensions>
          <ns3:TrackPointExtension>
            <ns3:hr>146</ns3:hr>
            <ns3:cad>92</ns3:cad>
          </ns3:TrackPointExtension>
        </extensions>
      </trkpt>
      <trkpt lat="22.610982097685337066650390625" lon="113.8856492936611175537109375">
        <ele>35</ele>
        <time>2026-09-29T22:40:44.000Z</time>
        <extensions>
          <ns3:TrackPointExtension>
            <ns3:hr>146</ns3:hr>
            <ns3:cad>92</ns3:cad>
          </ns3:TrackPointExtension>
        </extensions>
      </trkpt>
      <trkpt lat="22.6109899766743183135986328125" lon="113.88562506996095180511474609375">
        <ele>35</ele>
        <time>2026-09-29T22:40:45.000Z</time>
        <extensions>
          <ns3:TrackPointExtension>
            <ns3:hr>146</ns3:hr>
            <ns3:cad>93</ns3:cad>
          </ns3:TrackPointExtension>
        </extensions>
      </trkpt>
      <trkpt lat="22.61100665666162967681884765625" lon="113.88559472747147083282470703125">
        <ele>35</ele>
        <time>2026-09-29T22:40:46.000Z</time>
        <extensions>
          <ns3:TrackPointExtension>
            <ns3:hr>146</ns3:hr>
            <ns3:cad>94</ns3:cad>
          </ns3:TrackPointExtension>
        </extensions>
      </trkpt>
      <trkpt lat="22.61101822368800640106201171875" lon="113.8855706714093685150146484375">
        <ele>34.799999237060546875</ele>
        <time>2026-09-29T22:40:47.000Z</time>
        <extensions>
          <ns3:TrackPointExtension>
            <ns3:hr>145</ns3:hr>
            <ns3:cad>94</ns3:cad>
          </ns3:TrackPointExtension>
        </extensions>
      </trkpt>
      <trkpt lat="22.61103364638984203338623046875" lon="113.8855472020804882049560546875">
        <ele>34.799999237060546875</ele>
        <time>2026-09-29T22:40:48.000Z</time>
        <extensions>
          <ns3:TrackPointExtension>
            <ns3:hr>145</ns3:hr>
            <ns3:cad>94</ns3:cad>
          </ns3:TrackPointExtension>
        </extensions>
      </trkpt>
      <trkpt lat="22.6110513322055339813232421875" lon="113.8855230621993541717529296875">
        <ele>34.799999237060546875</ele>
        <time>2026-09-29T22:40:49.000Z</time>
        <extensions>
          <ns3:TrackPointExtension>
            <ns3:hr>145</ns3:hr>
            <ns3:cad>94</ns3:cad>
          </ns3:TrackPointExtension>
        </extensions>
      </trkpt>
      <trkpt lat="22.6110704429447650909423828125" lon="113.88550336472690105438232421875">
        <ele>34.799999237060546875</ele>
        <time>2026-09-29T22:40:50.000Z</time>
        <extensions>
          <ns3:TrackPointExtension>
            <ns3:hr>146</ns3:hr>
            <ns3:cad>94</ns3:cad>
          </ns3:TrackPointExtension>
        </extensions>
      </trkpt>
      <trkpt lat="22.61109466664493083953857421875" lon="113.8854791410267353057861328125">
        <ele>34.799999237060546875</ele>
        <time>2026-09-29T22:40:51.000Z</time>
        <extensions>
          <ns3:TrackPointExtension>
            <ns3:hr>145</ns3:hr>
            <ns3:cad>94</ns3:cad>
          </ns3:TrackPointExtension>
        </extensions>
      </trkpt>
      <trkpt lat="22.61111746542155742645263671875" lon="113.88546355068683624267578125">
        <ele>34.799999237060546875</ele>
        <time>2026-09-29T22:40:52.000Z</time>
        <extensions>
          <ns3:TrackPointExtension>
            <ns3:hr>145</ns3:hr>
            <ns3:cad>94</ns3:cad>
          </ns3:TrackPointExtension>
        </extensions>
      </trkpt>
      <trkpt lat="22.61114470660686492919921875" lon="113.88544368557631969451904296875">
        <ele>34.799999237060546875</ele>
        <time>2026-09-29T22:40:53.000Z</time>
        <extensions>
          <ns3:TrackPointExtension>
            <ns3:hr>145</ns3:hr>
            <ns3:cad>93</ns3:cad>
          </ns3:TrackPointExtension>
        </extensions>
      </trkpt>
      <trkpt lat="22.6111663319170475006103515625" lon="113.88542599976062774658203125">
        <ele>34.799999237060546875</ele>
        <time>2026-09-29T22:40:54.000Z</time>
        <extensions>
          <ns3:TrackPointExtension>
            <ns3:hr>145</ns3:hr>
            <ns3:cad>93</ns3:cad>
          </ns3:TrackPointExtension>
        </extensions>
      </trkpt>
      <trkpt lat="22.61119273491203784942626953125" lon="113.885404206812381744384765625">
        <ele>34.799999237060546875</ele>
        <time>2026-09-29T22:40:55.000Z</time>
        <extensions>
          <ns3:TrackPointExtension>
            <ns3:hr>145</ns3:hr>
            <ns3:cad>92</ns3:cad>
          </ns3:TrackPointExtension>
        </extensions>
      </trkpt>
      <trkpt lat="22.6112137734889984130859375" lon="113.885387443006038665771484375">
        <ele>34.799999237060546875</ele>
        <time>2026-09-29T22:40:56.000Z</time>
        <extensions>
          <ns3:TrackPointExtension>
            <ns3:hr>144</ns3:hr>
            <ns3:cad>92</ns3:cad>
          </ns3:TrackPointExtension>
        </extensions>
      </trkpt>
      <trkpt lat="22.61123933829367160797119140625" lon="113.88537143357098102569580078125">
        <ele>34.799999237060546875</ele>
        <time>2026-09-29T22:40:57.000Z</time>
        <extensions>
          <ns3:TrackPointExtension>
            <ns3:hr>144</ns3:hr>
            <ns3:cad>92</ns3:cad>
          </ns3:TrackPointExtension>
        </extensions>
      </trkpt>
      <trkpt lat="22.61126062832772731781005859375" lon="113.88535332866013050079345703125">
        <ele>34.799999237060546875</ele>
        <time>2026-09-29T22:40:58.000Z</time>
        <extensions>
          <ns3:TrackPointExtension>
            <ns3:hr>144</ns3:hr>
            <ns3:cad>93</ns3:cad>
          </ns3:TrackPointExtension>
        </extensions>
      </trkpt>
      <trkpt lat="22.61128258891403675079345703125" lon="113.88534075580537319183349609375">
        <ele>34.799999237060546875</ele>
        <time>2026-09-29T22:40:59.000Z</time>
        <extensions>
          <ns3:TrackPointExtension>
            <ns3:hr>144</ns3:hr>
            <ns3:cad>93</ns3:cad>
          </ns3:TrackPointExtension>
        </extensions>
      </trkpt>
      <trkpt lat="22.6113071478903293609619140625" lon="113.885324411094188690185546875">
        <ele>34.59999847412109375</ele>
        <time>2026-09-29T22:41:00.000Z</time>
        <extensions>
          <ns3:TrackPointExtension>
            <ns3:hr>144</ns3:hr>
            <ns3:cad>93</ns3:cad>
          </ns3:TrackPointExtension>
        </extensions>
      </trkpt>
      <trkpt lat="22.61132843792438507080078125" lon="113.885309658944606781005859375">
        <ele>34.59999847412109375</ele>
        <time>2026-09-29T22:41:01.000Z</time>
        <extensions>
          <ns3:TrackPointExtension>
            <ns3:hr>144</ns3:hr>
            <ns3:cad>92</ns3:cad>
          </ns3:TrackPointExtension>
        </extensions>
      </trkpt>
      <trkpt lat="22.6113557629287242889404296875" lon="113.8852873630821704864501953125">
        <ele>34.59999847412109375</ele>
        <time>2026-09-29T22:41:02.000Z</time>
        <extensions>
          <ns3:TrackPointExtension>
            <ns3:hr>144</ns3:hr>
            <ns3:cad>92</ns3:cad>
          </ns3:TrackPointExtension>
        </extensions>
      </trkpt>
      <trkpt lat="22.61137495748698711395263671875" lon="113.88526934199035167694091796875">
        <ele>34.59999847412109375</ele>
        <time>2026-09-29T22:41:03.000Z</time>
        <extensions>
          <ns3:TrackPointExtension>
            <ns3:hr>144</ns3:hr>
            <ns3:cad>92</ns3:cad>
          </ns3:TrackPointExtension>
        </extensions>
      </trkpt>
      <trkpt lat="22.6114010252058506011962890625" lon="113.88524905778467655181884765625">
        <ele>34.59999847412109375</ele>
        <time>2026-09-29T22:41:04.000Z</time>
        <extensions>
          <ns3:TrackPointExtension>
            <ns3:hr>144</ns3:hr>
            <ns3:cad>92</ns3:cad>
          </ns3:TrackPointExtension>
        </extensions>
      </trkpt>
      <trkpt lat="22.61142122559249401092529296875" lon="113.88523128814995288848876953125">
        <ele>34.59999847412109375</ele>
        <time>2026-09-29T22:41:05.000Z</time>
        <extensions>
          <ns3:TrackPointExtension>
            <ns3:hr>144</ns3:hr>
            <ns3:cad>93</ns3:cad>
          </ns3:TrackPointExtension>
        </extensions>
      </trkpt>
      <trkpt lat="22.61144788004457950592041015625" lon="113.8852149434387683868408203125">
        <ele>34.59999847412109375</ele>
        <time>2026-09-29T22:41:06.000Z</time>
        <extensions>
          <ns3:TrackPointExtension>
            <ns3:hr>144</ns3:hr>
            <ns3:cad>93</ns3:cad>
          </ns3:TrackPointExtension>
        </extensions>
      </trkpt>
      <trkpt lat="22.611470259726047515869140625" lon="113.88519926927983760833740234375">
        <ele>34.59999847412109375</ele>
        <time>2026-09-29T22:41:07.000Z</time>
        <extensions>
          <ns3:TrackPointExtension>
            <ns3:hr>144</ns3:hr>
            <ns3:cad>93</ns3:cad>
          </ns3:TrackPointExtension>
        </extensions>
      </trkpt>
      <trkpt lat="22.61149473488330841064453125" lon="113.88518518768250942230224609375">
        <ele>34.59999847412109375</ele>
        <time>2026-09-29T22:41:08.000Z</time>
        <extensions>
          <ns3:TrackPointExtension>
            <ns3:hr>145</ns3:hr>
            <ns3:cad>93</ns3:cad>
          </ns3:TrackPointExtension>
        </extensions>
      </trkpt>
      <trkpt lat="22.6115160249173641204833984375" lon="113.8851733691990375518798828125">
        <ele>34.59999847412109375</ele>
        <time>2026-09-29T22:41:09.000Z</time>
        <extensions>
          <ns3:TrackPointExtension>
            <ns3:hr>145</ns3:hr>
            <ns3:cad>93</ns3:cad>
          </ns3:TrackPointExtension>
        </extensions>
      </trkpt>
      <trkpt lat="22.611539997160434722900390625" lon="113.88516171835362911224365234375">
        <ele>34.59999847412109375</ele>
        <time>2026-09-29T22:41:10.000Z</time>
        <extensions>
          <ns3:TrackPointExtension>
            <ns3:hr>145</ns3:hr>
            <ns3:cad>94</ns3:cad>
          </ns3:TrackPointExtension>
        </extensions>
      </trkpt>
      <trkpt lat="22.61156053282320499420166015625" lon="113.8851504027843475341796875">
        <ele>34.59999847412109375</ele>
        <time>2026-09-29T22:41:11.000Z</time>
        <extensions>
          <ns3:TrackPointExtension>
            <ns3:hr>144</ns3:hr>
            <ns3:cad>94</ns3:cad>
          </ns3:TrackPointExtension>
        </extensions>
      </trkpt>
      <trkpt lat="22.6115867681801319122314453125" lon="113.88513489626348018646240234375">
        <ele>34.40000152587890625</ele>
        <time>2026-09-29T22:41:12.000Z</time>
        <extensions>
          <ns3:TrackPointExtension>
            <ns3:hr>144</ns3:hr>
            <ns3:cad>93</ns3:cad>
          </ns3:TrackPointExtension>
        </extensions>
      </trkpt>
      <trkpt lat="22.61160680092871189117431640625" lon="113.88512014411389827728271484375">
        <ele>34</ele>
        <time>2026-09-29T22:41:13.000Z</time>
        <extensions>
          <ns3:TrackPointExtension>
            <ns3:hr>144</ns3:hr>
            <ns3:cad>92</ns3:cad>
          </ns3:TrackPointExtension>
        </extensions>
      </trkpt>
      <trkpt lat="22.611635886132717132568359375" lon="113.88510807417333126068115234375">
        <ele>33.59999847412109375</ele>
        <time>2026-09-29T22:41:14.000Z</time>
        <extensions>
          <ns3:TrackPointExtension>
            <ns3:hr>144</ns3:hr>
            <ns3:cad>90</ns3:cad>
          </ns3:TrackPointExtension>
        </extensions>
      </trkpt>
      <trkpt lat="22.6116608642041683197021484375" lon="113.88509566895663738250732421875">
        <ele>33.40000152587890625</ele>
        <time>2026-09-29T22:41:15.000Z</time>
        <extensions>
          <ns3:TrackPointExtension>
            <ns3:hr>144</ns3:hr>
            <ns3:cad>90</ns3:cad>
          </ns3:TrackPointExtension>
        </extensions>
      </trkpt>
      <trkpt lat="22.61168810538947582244873046875" lon="113.8850895501673221588134765625">
        <ele>33</ele>
        <time>2026-09-29T22:41:16.000Z</time>
        <extensions>
          <ns3:TrackPointExtension>
            <ns3:hr>144</ns3:hr>
            <ns3:cad>90</ns3:cad>
          </ns3:TrackPointExtension>
        </extensions>
      </trkpt>
      <trkpt lat="22.61171358637511730194091796875" lon="113.88507924042642116546630859375">
        <ele>32.59999847412109375</ele>
        <time>2026-09-29T22:41:17.000Z</time>
        <extensions>
          <ns3:TrackPointExtension>
            <ns3:hr>143</ns3:hr>
            <ns3:cad>90</ns3:cad>
          </ns3:TrackPointExtension>
        </extensions>
      </trkpt>
      <trkpt lat="22.61174342595040798187255859375" lon="113.8850768096745014190673828125">
        <ele>32.200000762939453125</ele>
        <time>2026-09-29T22:41:18.000Z</time>
        <extensions>
          <ns3:TrackPointExtension>
            <ns3:hr>143</ns3:hr>
            <ns3:cad>90</ns3:cad>
          </ns3:TrackPointExtension>
        </extensions>
      </trkpt>
      <trkpt lat="22.61177209205925464630126953125" lon="113.88506482355296611785888671875">
        <ele>32</ele>
        <time>2026-09-29T22:41:19.000Z</time>
        <extensions>
          <ns3:TrackPointExtension>
            <ns3:hr>143</ns3:hr>
            <ns3:cad>90</ns3:cad>
          </ns3:TrackPointExtension>
        </extensions>
      </trkpt>
      <trkpt lat="22.6117956452071666717529296875" lon="113.88505585491657257080078125">
        <ele>31.6000003814697265625</ele>
        <time>2026-09-29T22:41:20.000Z</time>
        <extensions>
          <ns3:TrackPointExtension>
            <ns3:hr>143</ns3:hr>
            <ns3:cad>90</ns3:cad>
          </ns3:TrackPointExtension>
        </extensions>
      </trkpt>
      <trkpt lat="22.611818611621856689453125" lon="113.88504688628017902374267578125">
        <ele>31.200000762939453125</ele>
        <time>2026-09-29T22:41:21.000Z</time>
        <extensions>
          <ns3:TrackPointExtension>
            <ns3:hr>142</ns3:hr>
            <ns3:cad>90</ns3:cad>
          </ns3:TrackPointExtension>
        </extensions>
      </trkpt>
      <trkpt lat="22.6118440926074981689453125" lon="113.88504202477633953094482421875">
        <ele>30.799999237060546875</ele>
        <time>2026-09-29T22:41:22.000Z</time>
        <extensions>
          <ns3:TrackPointExtension>
            <ns3:hr>142</ns3:hr>
            <ns3:cad>90</ns3:cad>
          </ns3:TrackPointExtension>
        </extensions>
      </trkpt>
      <trkpt lat="22.61186798103153705596923828125" lon="113.88502794317901134490966796875">
        <ele>30.6000003814697265625</ele>
        <time>2026-09-29T22:41:23.000Z</time>
        <extensions>
          <ns3:TrackPointExtension>
            <ns3:hr>142</ns3:hr>
            <ns3:cad>90</ns3:cad>
          </ns3:TrackPointExtension>
        </extensions>
      </trkpt>
      <trkpt lat="22.6118923723697662353515625" lon="113.8850141130387783050537109375">
        <ele>30.3999996185302734375</ele>
        <time>2026-09-29T22:41:24.000Z</time>
        <extensions>
          <ns3:TrackPointExtension>
            <ns3:hr>142</ns3:hr>
            <ns3:cad>90</ns3:cad>
          </ns3:TrackPointExtension>
        </extensions>
      </trkpt>
      <trkpt lat="22.611917518079280853271484375" lon="113.88499642722308635711669921875">
        <ele>30.200000762939453125</ele>
        <time>2026-09-29T22:41:25.000Z</time>
        <extensions>
          <ns3:TrackPointExtension>
            <ns3:hr>141</ns3:hr>
            <ns3:cad>90</ns3:cad>
          </ns3:TrackPointExtension>
        </extensions>
      </trkpt>
      <trkpt lat="22.6119488663971424102783203125" lon="113.88499072752892971038818359375">
        <ele>29.799999237060546875</ele>
        <time>2026-09-29T22:41:26.000Z</time>
        <extensions>
          <ns3:TrackPointExtension>
            <ns3:hr>140</ns3:hr>
            <ns3:cad>90</ns3:cad>
          </ns3:TrackPointExtension>
        </extensions>
      </trkpt>
      <trkpt lat="22.61197887361049652099609375" lon="113.88497513718903064727783203125">
        <ele>29.6000003814697265625</ele>
        <time>2026-09-29T22:41:27.000Z</time>
        <extensions>
          <ns3:TrackPointExtension>
            <ns3:hr>140</ns3:hr>
            <ns3:cad>90</ns3:cad>
          </ns3:TrackPointExtension>
        </extensions>
      </trkpt>
      <trkpt lat="22.61200695298612117767333984375" lon="113.8849685154855251312255859375">
        <ele>29.200000762939453125</ele>
        <time>2026-09-29T22:41:28.000Z</time>
        <extensions>
          <ns3:TrackPointExtension>
            <ns3:hr>139</ns3:hr>
            <ns3:cad>90</ns3:cad>
          </ns3:TrackPointExtension>
        </extensions>
      </trkpt>
      <trkpt lat="22.6120377145707607269287109375" lon="113.88495971448719501495361328125">
        <ele>29</ele>
        <time>2026-09-29T22:41:29.000Z</time>
        <extensions>
          <ns3:TrackPointExtension>
            <ns3:hr>139</ns3:hr>
            <ns3:cad>90</ns3:cad>
          </ns3:TrackPointExtension>
        </extensions>
      </trkpt>
      <trkpt lat="22.6120621897280216217041015625" lon="113.884952254593372344970703125">
        <ele>28.799999237060546875</ele>
        <time>2026-09-29T22:41:30.000Z</time>
        <extensions>
          <ns3:TrackPointExtension>
            <ns3:hr>139</ns3:hr>
            <ns3:cad>90</ns3:cad>
          </ns3:TrackPointExtension>
        </extensions>
      </trkpt>
      <trkpt lat="22.61208792217075824737548828125" lon="113.88494093902409076690673828125">
        <ele>28.6000003814697265625</ele>
        <time>2026-09-29T22:41:31.000Z</time>
        <extensions>
          <ns3:TrackPointExtension>
            <ns3:hr>138</ns3:hr>
            <ns3:cad>93</ns3:cad>
          </ns3:TrackPointExtension>
        </extensions>
      </trkpt>
      <trkpt lat="22.61210753582417964935302734375" lon="113.88492987491190433502197265625">
        <ele>28.6000003814697265625</ele>
        <time>2026-09-29T22:41:32.000Z</time>
        <extensions>
          <ns3:TrackPointExtension>
            <ns3:hr>138</ns3:hr>
            <ns3:cad>93</ns3:cad>
          </ns3:TrackPointExtension>
        </extensions>
      </trkpt>
      <trkpt lat="22.61213050223886966705322265625" lon="113.88491713441908359527587890625">
        <ele>28.6000003814697265625</ele>
        <time>2026-09-29T22:41:33.000Z</time>
        <extensions>
          <ns3:TrackPointExtension>
            <ns3:hr>138</ns3:hr>
            <ns3:cad>93</ns3:cad>
          </ns3:TrackPointExtension>
        </extensions>
      </trkpt>
      <trkpt lat="22.61214961297810077667236328125" lon="113.88490590266883373260498046875">
        <ele>28.6000003814697265625</ele>
        <time>2026-09-29T22:41:34.000Z</time>
        <extensions>
          <ns3:TrackPointExtension>
            <ns3:hr>138</ns3:hr>
            <ns3:cad>92</ns3:cad>
          </ns3:TrackPointExtension>
        </extensions>
      </trkpt>
      <trkpt lat="22.61217894963920116424560546875" lon="113.88487824238836765289306640625">
        <ele>28.6000003814697265625</ele>
        <time>2026-09-29T22:41:35.000Z</time>
        <extensions>
          <ns3:TrackPointExtension>
            <ns3:hr>138</ns3:hr>
            <ns3:cad>92</ns3:cad>
          </ns3:TrackPointExtension>
        </extensions>
      </trkpt>
      <trkpt lat="22.61219345033168792724609375" lon="113.88485913164913654327392578125">
        <ele>28.6000003814697265625</ele>
        <time>2026-09-29T22:41:36.000Z</time>
        <extensions>
          <ns3:TrackPointExtension>
            <ns3:hr>137</ns3:hr>
            <ns3:cad>92</ns3:cad>
          </ns3:TrackPointExtension>
        </extensions>
      </trkpt>
      <trkpt lat="22.61221759021282196044921875" lon="113.8848364166915416717529296875">
        <ele>28.6000003814697265625</ele>
        <time>2026-09-29T22:41:37.000Z</time>
        <extensions>
          <ns3:TrackPointExtension>
            <ns3:hr>136</ns3:hr>
            <ns3:cad>92</ns3:cad>
          </ns3:TrackPointExtension>
        </extensions>
      </trkpt>
      <trkpt lat="22.61223359964787960052490234375" lon="113.8848226703703403472900390625">
        <ele>28.6000003814697265625</ele>
        <time>2026-09-29T22:41:38.000Z</time>
        <extensions>
          <ns3:TrackPointExtension>
            <ns3:hr>136</ns3:hr>
            <ns3:cad>92</ns3:cad>
          </ns3:TrackPointExtension>
        </extensions>
      </trkpt>
      <trkpt lat="22.61225874535739421844482421875" lon="113.88480238616466522216796875">
        <ele>28.6000003814697265625</ele>
        <time>2026-09-29T22:41:39.000Z</time>
        <extensions>
          <ns3:TrackPointExtension>
            <ns3:hr>135</ns3:hr>
            <ns3:cad>91</ns3:cad>
          </ns3:TrackPointExtension>
        </extensions>
      </trkpt>
      <trkpt lat="22.61227550916373729705810546875" lon="113.88478067703545093536376953125">
        <ele>28.6000003814697265625</ele>
        <time>2026-09-29T22:41:40.000Z</time>
        <extensions>
          <ns3:TrackPointExtension>
            <ns3:hr>135</ns3:hr>
            <ns3:cad>90</ns3:cad>
          </ns3:TrackPointExtension>
        </extensions>
      </trkpt>
      <trkpt lat="22.61229814030230045318603515625" lon="113.88476022519171237945556640625">
        <ele>28.3999996185302734375</ele>
        <time>2026-09-29T22:41:41.000Z</time>
        <extensions>
          <ns3:TrackPointExtension>
            <ns3:hr>134</ns3:hr>
            <ns3:cad>90</ns3:cad>
          </ns3:TrackPointExtension>
        </extensions>
      </trkpt>
      <trkpt lat="22.6123188436031341552734375" lon="113.8847418688237667083740234375">
        <ele>28.3999996185302734375</ele>
        <time>2026-09-29T22:41:42.000Z</time>
        <extensions>
          <ns3:TrackPointExtension>
            <ns3:hr>134</ns3:hr>
            <ns3:cad>91</ns3:cad>
          </ns3:TrackPointExtension>
        </extensions>
      </trkpt>
      <trkpt lat="22.612341307103633880615234375" lon="113.8847227580845355987548828125">
        <ele>28.3999996185302734375</ele>
        <time>2026-09-29T22:41:43.000Z</time>
        <extensions>
          <ns3:TrackPointExtension>
            <ns3:hr>134</ns3:hr>
            <ns3:cad>92</ns3:cad>
          </ns3:TrackPointExtension>
        </extensions>
      </trkpt>
      <trkpt lat="22.61235547251999378204345703125" lon="113.8846986182034015655517578125">
        <ele>28.200000762939453125</ele>
        <time>2026-09-29T22:41:44.000Z</time>
        <extensions>
          <ns3:TrackPointExtension>
            <ns3:hr>133</ns3:hr>
            <ns3:cad>92</ns3:cad>
          </ns3:TrackPointExtension>
        </extensions>
      </trkpt>
      <trkpt lat="22.61236720718443393707275390625" lon="113.88467389158904552459716796875">
        <ele>28.200000762939453125</ele>
        <time>2026-09-29T22:41:45.000Z</time>
        <extensions>
          <ns3:TrackPointExtension>
            <ns3:hr>133</ns3:hr>
            <ns3:cad>92</ns3:cad>
          </ns3:TrackPointExtension>
        </extensions>
      </trkpt>
      <trkpt lat="22.6123773492872714996337890625" lon="113.8846412859857082366943359375">
        <ele>28</ele>
        <time>2026-09-29T22:41:46.000Z</time>
        <extensions>
          <ns3:TrackPointExtension>
            <ns3:hr>132</ns3:hr>
            <ns3:cad>92</ns3:cad>
          </ns3:TrackPointExtension>
        </extensions>
      </trkpt>
      <trkpt lat="22.612382881343364715576171875" lon="113.884618990123271942138671875">
        <ele>28</ele>
        <time>2026-09-29T22:41:47.000Z</time>
        <extensions>
          <ns3:TrackPointExtension>
            <ns3:hr>132</ns3:hr>
            <ns3:cad>92</ns3:cad>
          </ns3:TrackPointExtension>
        </extensions>
      </trkpt>
      <trkpt lat="22.61239553801715373992919921875" lon="113.88458889909088611602783203125">
        <ele>27.799999237060546875</ele>
        <time>2026-09-29T22:41:48.000Z</time>
        <extensions>
          <ns3:TrackPointExtension>
            <ns3:hr>132</ns3:hr>
            <ns3:cad>91</ns3:cad>
          </ns3:TrackPointExtension>
        </extensions>
      </trkpt>
      <trkpt lat="22.61240794323384761810302734375" lon="113.88456157408654689788818359375">
        <ele>27.799999237060546875</ele>
        <time>2026-09-29T22:41:49.000Z</time>
        <extensions>
          <ns3:TrackPointExtension>
            <ns3:hr>132</ns3:hr>
            <ns3:cad>91</ns3:cad>
          </ns3:TrackPointExtension>
        </extensions>
      </trkpt>
      <trkpt lat="22.6124283112585544586181640625" lon="113.8845276273787021636962890625">
        <ele>27.799999237060546875</ele>
        <time>2026-09-29T22:41:50.000Z</time>
        <extensions>
          <ns3:TrackPointExtension>
            <ns3:hr>133</ns3:hr>
            <ns3:cad>91</ns3:cad>
          </ns3:TrackPointExtension>
        </extensions>
      </trkpt>
      <trkpt lat="22.6124390400946140289306640625" lon="113.8845061697065830230712890625">
        <ele>27.799999237060546875</ele>
        <time>2026-09-29T22:41:51.000Z</time>
        <extensions>
          <ns3:TrackPointExtension>
            <ns3:hr>133</ns3:hr>
            <ns3:cad>91</ns3:cad>
          </ns3:TrackPointExtension>
        </extensions>
      </trkpt>
      <trkpt lat="22.6124544627964496612548828125" lon="113.88447624631226062774658203125">
        <ele>27.799999237060546875</ele>
        <time>2026-09-29T22:41:52.000Z</time>
        <extensions>
          <ns3:TrackPointExtension>
            <ns3:hr>133</ns3:hr>
            <ns3:cad>91</ns3:cad>
          </ns3:TrackPointExtension>
        </extensions>
      </trkpt>
      <trkpt lat="22.612459659576416015625" lon="113.88445059768855571746826171875">
        <ele>27.799999237060546875</ele>
        <time>2026-09-29T22:41:53.000Z</time>
        <extensions>
          <ns3:TrackPointExtension>
            <ns3:hr>133</ns3:hr>
            <ns3:cad>91</ns3:cad>
          </ns3:TrackPointExtension>
        </extensions>
      </trkpt>
      <trkpt lat="22.61247265152633190155029296875" lon="113.88441774062812328338623046875">
        <ele>27.799999237060546875</ele>
        <time>2026-09-29T22:41:54.000Z</time>
        <extensions>
          <ns3:TrackPointExtension>
            <ns3:hr>133</ns3:hr>
            <ns3:cad>92</ns3:cad>
          </ns3:TrackPointExtension>
        </extensions>
      </trkpt>
      <trkpt lat="22.6124772615730762481689453125" lon="113.88439334928989410400390625">
        <ele>27.6000003814697265625</ele>
        <time>2026-09-29T22:41:55.000Z</time>
        <extensions>
          <ns3:TrackPointExtension>
            <ns3:hr>135</ns3:hr>
            <ns3:cad>92</ns3:cad>
          </ns3:TrackPointExtension>
        </extensions>
      </trkpt>
      <trkpt lat="22.61248908005654811859130859375" lon="113.88436242006719112396240234375">
        <ele>27.6000003814697265625</ele>
        <time>2026-09-29T22:41:56.000Z</time>
        <extensions>
          <ns3:TrackPointExtension>
            <ns3:hr>136</ns3:hr>
            <ns3:cad>92</ns3:cad>
          </ns3:TrackPointExtension>
        </extensions>
      </trkpt>
      <trkpt lat="22.612495534121990203857421875" lon="113.88433241285383701324462890625">
        <ele>27.6000003814697265625</ele>
        <time>2026-09-29T22:41:57.000Z</time>
        <extensions>
          <ns3:TrackPointExtension>
            <ns3:hr>136</ns3:hr>
            <ns3:cad>93</ns3:cad>
          </ns3:TrackPointExtension>
        </extensions>
      </trkpt>
      <trkpt lat="22.61251070536673069000244140625" lon="113.88430257327854633331298828125">
        <ele>27.6000003814697265625</ele>
        <time>2026-09-29T22:41:58.000Z</time>
        <extensions>
          <ns3:TrackPointExtension>
            <ns3:hr>137</ns3:hr>
            <ns3:cad>93</ns3:cad>
          </ns3:TrackPointExtension>
        </extensions>
      </trkpt>
      <trkpt lat="22.61251757852733135223388671875" lon="113.88427843339741230010986328125">
        <ele>27.6000003814697265625</ele>
        <time>2026-09-29T22:41:59.000Z</time>
        <extensions>
          <ns3:TrackPointExtension>
            <ns3:hr>137</ns3:hr>
            <ns3:cad>92</ns3:cad>
          </ns3:TrackPointExtension>
        </extensions>
      </trkpt>
      <trkpt lat="22.6125295646488666534423828125" lon="113.884249515831470489501953125">
        <ele>27.799999237060546875</ele>
        <time>2026-09-29T22:42:00.000Z</time>
        <extensions>
          <ns3:TrackPointExtension>
            <ns3:hr>137</ns3:hr>
            <ns3:cad>92</ns3:cad>
          </ns3:TrackPointExtension>
        </extensions>
      </trkpt>
      <trkpt lat="22.6125392876565456390380859375" lon="113.8842218555510044097900390625">
        <ele>27.799999237060546875</ele>
        <time>2026-09-29T22:42:01.000Z</time>
        <extensions>
          <ns3:TrackPointExtension>
            <ns3:hr>137</ns3:hr>
            <ns3:cad>93</ns3:cad>
          </ns3:TrackPointExtension>
        </extensions>
      </trkpt>
      <trkpt lat="22.61255227960646152496337890625" lon="113.88419629074633121490478515625">
        <ele>27.799999237060546875</ele>
        <time>2026-09-29T22:42:02.000Z</time>
        <extensions>
          <ns3:TrackPointExtension>
            <ns3:hr>136</ns3:hr>
            <ns3:cad>93</ns3:cad>
          </ns3:TrackPointExtension>
        </extensions>
      </trkpt>
      <trkpt lat="22.612569294869899749755859375" lon="113.88416712172329425811767578125">
        <ele>27.799999237060546875</ele>
        <time>2026-09-29T22:42:03.000Z</time>
        <extensions>
          <ns3:TrackPointExtension>
            <ns3:hr>137</ns3:hr>
            <ns3:cad>93</ns3:cad>
          </ns3:TrackPointExtension>
        </extensions>
      </trkpt>
      <trkpt lat="22.6125811971724033355712890625" lon="113.8841390423476696014404296875">
        <ele>27.799999237060546875</ele>
        <time>2026-09-29T22:42:04.000Z</time>
        <extensions>
          <ns3:TrackPointExtension>
            <ns3:hr>137</ns3:hr>
            <ns3:cad>92</ns3:cad>
          </ns3:TrackPointExtension>
        </extensions>
      </trkpt>
      <trkpt lat="22.61259536258876323699951171875" lon="113.88410526327788829803466796875">
        <ele>27.799999237060546875</ele>
        <time>2026-09-29T22:42:05.000Z</time>
        <extensions>
          <ns3:TrackPointExtension>
            <ns3:hr>137</ns3:hr>
            <ns3:cad>92</ns3:cad>
          </ns3:TrackPointExtension>
        </extensions>
      </trkpt>
      <trkpt lat="22.6126033253967761993408203125" lon="113.88407684862613677978515625">
        <ele>27.799999237060546875</ele>
        <time>2026-09-29T22:42:06.000Z</time>
        <extensions>
          <ns3:TrackPointExtension>
            <ns3:hr>137</ns3:hr>
            <ns3:cad>92</ns3:cad>
          </ns3:TrackPointExtension>
        </extensions>
      </trkpt>
      <trkpt lat="22.61260810308158397674560546875" lon="113.88404332101345062255859375">
        <ele>27.799999237060546875</ele>
        <time>2026-09-29T22:42:07.000Z</time>
        <extensions>
          <ns3:TrackPointExtension>
            <ns3:hr>136</ns3:hr>
            <ns3:cad>92</ns3:cad>
          </ns3:TrackPointExtension>
        </extensions>
      </trkpt>
      <trkpt lat="22.6126133836805820465087890625" lon="113.8840216957032680511474609375">
        <ele>27.799999237060546875</ele>
        <time>2026-09-29T22:42:08.000Z</time>
        <extensions>
          <ns3:TrackPointExtension>
            <ns3:hr>136</ns3:hr>
            <ns3:cad>93</ns3:cad>
          </ns3:TrackPointExtension>
        </extensions>
      </trkpt>
      <trkpt lat="22.6126194186508655548095703125" lon="113.88398456387221813201904296875">
        <ele>27.799999237060546875</ele>
        <time>2026-09-29T22:42:09.000Z</time>
        <extensions>
          <ns3:TrackPointExtension>
            <ns3:hr>137</ns3:hr>
            <ns3:cad>93</ns3:cad>
          </ns3:TrackPointExtension>
        </extensions>
      </trkpt>
      <trkpt lat="22.61261698789894580841064453125" lon="113.88395941816270351409912109375">
        <ele>27.6000003814697265625</ele>
        <time>2026-09-29T22:42:10.000Z</time>
        <extensions>
          <ns3:TrackPointExtension>
            <ns3:hr>137</ns3:hr>
            <ns3:cad>93</ns3:cad>
          </ns3:TrackPointExtension>
        </extensions>
      </trkpt>
      <trkpt lat="22.612622268497943878173828125" lon="113.883925974369049072265625">
        <ele>27.6000003814697265625</ele>
        <time>2026-09-29T22:42:11.000Z</time>
        <extensions>
          <ns3:TrackPointExtension>
            <ns3:hr>137</ns3:hr>
            <ns3:cad>93</ns3:cad>
          </ns3:TrackPointExtension>
        </extensions>
      </trkpt>
      <trkpt lat="22.61262067593634128570556640625" lon="113.88390007428824901580810546875">
        <ele>27.3999996185302734375</ele>
        <time>2026-09-29T22:42:12.000Z</time>
        <extensions>
          <ns3:TrackPointExtension>
            <ns3:hr>138</ns3:hr>
            <ns3:cad>92</ns3:cad>
          </ns3:TrackPointExtension>
        </extensions>
      </trkpt>
      <trkpt lat="22.6126150600612163543701171875" lon="113.88386436738073825836181640625">
        <ele>27.200000762939453125</ele>
        <time>2026-09-29T22:42:13.000Z</time>
        <extensions>
          <ns3:TrackPointExtension>
            <ns3:hr>138</ns3:hr>
            <ns3:cad>92</ns3:cad>
          </ns3:TrackPointExtension>
        </extensions>
      </trkpt>
      <trkpt lat="22.61260944418609142303466796875" lon="113.88384081423282623291015625">
        <ele>27.200000762939453125</ele>
        <time>2026-09-29T22:42:14.000Z</time>
        <extensions>
          <ns3:TrackPointExtension>
            <ns3:hr>138</ns3:hr>
            <ns3:cad>92</ns3:cad>
          </ns3:TrackPointExtension>
        </extensions>
      </trkpt>
      <trkpt lat="22.61259653605520725250244140625" lon="113.8838098011910915374755859375">
        <ele>27</ele>
        <time>2026-09-29T22:42:15.000Z</time>
        <extensions>
          <ns3:TrackPointExtension>
            <ns3:hr>138</ns3:hr>
            <ns3:cad>92</ns3:cad>
          </ns3:TrackPointExtension>
        </extensions>
      </trkpt>
      <trkpt lat="22.6125822030007839202880859375" lon="113.8837863318622112274169921875">
        <ele>26.799999237060546875</ele>
        <time>2026-09-29T22:42:16.000Z</time>
        <extensions>
          <ns3:TrackPointExtension>
            <ns3:hr>138</ns3:hr>
            <ns3:cad>91</ns3:cad>
          </ns3:TrackPointExtension>
        </extensions>
      </trkpt>
      <trkpt lat="22.61256133206188678741455078125" lon="113.88376177288591861724853515625">
        <ele>26.799999237060546875</ele>
        <time>2026-09-29T22:42:17.000Z</time>
        <extensions>
          <ns3:TrackPointExtension>
            <ns3:hr>139</ns3:hr>
            <ns3:cad>89</ns3:cad>
          </ns3:TrackPointExtension>
        </extensions>
      </trkpt>
      <trkpt lat="22.61254691518843173980712890625" lon="113.8837420754134654998779296875">
        <ele>26.3999996185302734375</ele>
        <time>2026-09-29T22:42:18.000Z</time>
        <extensions>
          <ns3:TrackPointExtension>
            <ns3:hr>139</ns3:hr>
            <ns3:cad>89</ns3:cad>
          </ns3:TrackPointExtension>
        </extensions>
      </trkpt>
      <trkpt lat="22.61252361349761486053466796875" lon="113.8837266527116298675537109375">
        <ele>26</ele>
        <time>2026-09-29T22:42:19.000Z</time>
        <extensions>
          <ns3:TrackPointExtension>
            <ns3:hr>139</ns3:hr>
            <ns3:cad>89</ns3:cad>
          </ns3:TrackPointExtension>
        </extensions>
      </trkpt>
      <trkpt lat="22.6125017367303371429443359375" lon="113.88371407985687255859375">
        <ele>25.6000003814697265625</ele>
        <time>2026-09-29T22:42:20.000Z</time>
        <extensions>
          <ns3:TrackPointExtension>
            <ns3:hr>139</ns3:hr>
            <ns3:cad>89</ns3:cad>
          </ns3:TrackPointExtension>
        </extensions>
      </trkpt>
      <trkpt lat="22.61247784830629825592041015625" lon="113.88371164910495281219482421875">
        <ele>25.3999996185302734375</ele>
        <time>2026-09-29T22:42:21.000Z</time>
        <extensions>
          <ns3:TrackPointExtension>
            <ns3:hr>139</ns3:hr>
            <ns3:cad>89</ns3:cad>
          </ns3:TrackPointExtension>
        </extensions>
      </trkpt>
      <trkpt lat="22.612453289330005645751953125" lon="113.88371567241847515106201171875">
        <ele>25</ele>
        <time>2026-09-29T22:42:22.000Z</time>
        <extensions>
          <ns3:TrackPointExtension>
            <ns3:hr>139</ns3:hr>
            <ns3:cad>88</ns3:cad>
          </ns3:TrackPointExtension>
        </extensions>
      </trkpt>
      <trkpt lat="22.61242705397307872772216796875" lon="113.883729837834835052490234375">
        <ele>24.799999237060546875</ele>
        <time>2026-09-29T22:42:23.000Z</time>
        <extensions>
          <ns3:TrackPointExtension>
            <ns3:hr>139</ns3:hr>
            <ns3:cad>88</ns3:cad>
          </ns3:TrackPointExtension>
        </extensions>
      </trkpt>
      <trkpt lat="22.61240408755838871002197265625" lon="113.88374199159443378448486328125">
        <ele>24.6000003814697265625</ele>
        <time>2026-09-29T22:42:24.000Z</time>
        <extensions>
          <ns3:TrackPointExtension>
            <ns3:hr>139</ns3:hr>
            <ns3:cad>88</ns3:cad>
          </ns3:TrackPointExtension>
        </extensions>
      </trkpt>
      <trkpt lat="22.61238095350563526153564453125" lon="113.883754312992095947265625">
        <ele>24.3999996185302734375</ele>
        <time>2026-09-29T22:42:25.000Z</time>
        <extensions>
          <ns3:TrackPointExtension>
            <ns3:hr>139</ns3:hr>
            <ns3:cad>88</ns3:cad>
          </ns3:TrackPointExtension>
        </extensions>
      </trkpt>
      <trkpt lat="22.61234926991164684295654296875" lon="113.88375766575336456298828125">
        <ele>24.200000762939453125</ele>
        <time>2026-09-29T22:42:26.000Z</time>
        <extensions>
          <ns3:TrackPointExtension>
            <ns3:hr>138</ns3:hr>
            <ns3:cad>88</ns3:cad>
          </ns3:TrackPointExtension>
        </extensions>
      </trkpt>
      <trkpt lat="22.6123163290321826934814453125" lon="113.883763365447521209716796875">
        <ele>23.799999237060546875</ele>
        <time>2026-09-29T22:42:27.000Z</time>
        <extensions>
          <ns3:TrackPointExtension>
            <ns3:hr>138</ns3:hr>
            <ns3:cad>90</ns3:cad>
          </ns3:TrackPointExtension>
        </extensions>
      </trkpt>
      <trkpt lat="22.6122821308672428131103515625" lon="113.8837648741900920867919921875">
        <ele>23.6000003814697265625</ele>
        <time>2026-09-29T22:42:28.000Z</time>
        <extensions>
          <ns3:TrackPointExtension>
            <ns3:hr>138</ns3:hr>
            <ns3:cad>90</ns3:cad>
          </ns3:TrackPointExtension>
        </extensions>
      </trkpt>
      <trkpt lat="22.612245418131351470947265625" lon="113.8837685622274875640869140625">
        <ele>23.200000762939453125</ele>
        <time>2026-09-29T22:42:29.000Z</time>
        <extensions>
          <ns3:TrackPointExtension>
            <ns3:hr>138</ns3:hr>
            <ns3:cad>89</ns3:cad>
          </ns3:TrackPointExtension>
        </extensions>
      </trkpt>
      <trkpt lat="22.61221767403185367584228515625" lon="113.8837638683617115020751953125">
        <ele>22.799999237060546875</ele>
        <time>2026-09-29T22:42:30.000Z</time>
        <extensions>
          <ns3:TrackPointExtension>
            <ns3:hr>138</ns3:hr>
            <ns3:cad>89</ns3:cad>
          </ns3:TrackPointExtension>
        </extensions>
      </trkpt>
      <trkpt lat="22.61219018138945102691650390625" lon="113.88376143760979175567626953125">
        <ele>22.6000003814697265625</ele>
        <time>2026-09-29T22:42:31.000Z</time>
        <extensions>
          <ns3:TrackPointExtension>
            <ns3:hr>137</ns3:hr>
            <ns3:cad>89</ns3:cad>
          </ns3:TrackPointExtension>
        </extensions>
      </trkpt>
      <trkpt lat="22.6121664606034755706787109375" lon="113.88376043178141117095947265625">
        <ele>22.3999996185302734375</ele>
        <time>2026-09-29T22:42:32.000Z</time>
        <extensions>
          <ns3:TrackPointExtension>
            <ns3:hr>136</ns3:hr>
            <ns3:cad>89</ns3:cad>
          </ns3:TrackPointExtension>
        </extensions>
      </trkpt>
      <trkpt lat="22.6121359504759311676025390625" lon="113.88375724665820598602294921875">
        <ele>22.200000762939453125</ele>
        <time>2026-09-29T22:42:33.000Z</time>
        <extensions>
          <ns3:TrackPointExtension>
            <ns3:hr>136</ns3:hr>
            <ns3:cad>89</ns3:cad>
          </ns3:TrackPointExtension>
        </extensions>
      </trkpt>
      <trkpt lat="22.61211407370865345001220703125" lon="113.883749954402446746826171875">
        <ele>22.200000762939453125</ele>
        <time>2026-09-29T22:42:34.000Z</time>
        <extensions>
          <ns3:TrackPointExtension>
            <ns3:hr>136</ns3:hr>
            <ns3:cad>91</ns3:cad>
          </ns3:TrackPointExtension>
        </extensions>
      </trkpt>
      <trkpt lat="22.6120819710195064544677734375" lon="113.883743248879909515380859375">
        <ele>22</ele>
        <time>2026-09-29T22:42:35.000Z</time>
        <extensions>
          <ns3:TrackPointExtension>
            <ns3:hr>136</ns3:hr>
            <ns3:cad>93</ns3:cad>
          </ns3:TrackPointExtension>
        </extensions>
      </trkpt>
      <trkpt lat="22.612051628530025482177734375" lon="113.88374023139476776123046875">
        <ele>22</ele>
        <time>2026-09-29T22:42:36.000Z</time>
        <extensions>
          <ns3:TrackPointExtension>
            <ns3:hr>135</ns3:hr>
            <ns3:cad>93</ns3:cad>
          </ns3:TrackPointExtension>
        </extensions>
      </trkpt>
      <trkpt lat="22.6120130717754364013671875" lon="113.88372707180678844451904296875">
        <ele>22</ele>
        <time>2026-09-29T22:42:37.000Z</time>
        <extensions>
          <ns3:TrackPointExtension>
            <ns3:hr>135</ns3:hr>
            <ns3:cad>93</ns3:cad>
          </ns3:TrackPointExtension>
        </extensions>
      </trkpt>
      <trkpt lat="22.6119874231517314910888671875" lon="113.8837261497974395751953125">
        <ele>21.799999237060546875</ele>
        <time>2026-09-29T22:42:38.000Z</time>
        <extensions>
          <ns3:TrackPointExtension>
            <ns3:hr>135</ns3:hr>
            <ns3:cad>92</ns3:cad>
          </ns3:TrackPointExtension>
        </extensions>
      </trkpt>
      <trkpt lat="22.61195481754839420318603515625" lon="113.88372221030294895172119140625">
        <ele>21.799999237060546875</ele>
        <time>2026-09-29T22:42:39.000Z</time>
        <extensions>
          <ns3:TrackPointExtension>
            <ns3:hr>135</ns3:hr>
            <ns3:cad>92</ns3:cad>
          </ns3:TrackPointExtension>
        </extensions>
      </trkpt>
      <trkpt lat="22.611924894154071807861328125" lon="113.88372480869293212890625">
        <ele>21.799999237060546875</ele>
        <time>2026-09-29T22:42:40.000Z</time>
        <extensions>
          <ns3:TrackPointExtension>
            <ns3:hr>135</ns3:hr>
            <ns3:cad>92</ns3:cad>
          </ns3:TrackPointExtension>
        </extensions>
      </trkpt>
      <trkpt lat="22.61189748533070087432861328125" lon="113.88371986337006092071533203125">
        <ele>21.799999237060546875</ele>
        <time>2026-09-29T22:42:41.000Z</time>
        <extensions>
          <ns3:TrackPointExtension>
            <ns3:hr>135</ns3:hr>
            <ns3:cad>91</ns3:cad>
          </ns3:TrackPointExtension>
        </extensions>
      </trkpt>
      <trkpt lat="22.61187066324055194854736328125" lon="113.8837169297039508819580078125">
        <ele>21.799999237060546875</ele>
        <time>2026-09-29T22:42:42.000Z</time>
        <extensions>
          <ns3:TrackPointExtension>
            <ns3:hr>135</ns3:hr>
            <ns3:cad>91</ns3:cad>
          </ns3:TrackPointExtension>
        </extensions>
      </trkpt>
      <trkpt lat="22.6118419133126735687255859375" lon="113.88371047563850879669189453125">
        <ele>21.799999237060546875</ele>
        <time>2026-09-29T22:42:43.000Z</time>
        <extensions>
          <ns3:TrackPointExtension>
            <ns3:hr>136</ns3:hr>
            <ns3:cad>91</ns3:cad>
          </ns3:TrackPointExtension>
        </extensions>
      </trkpt>
      <trkpt lat="22.611810900270938873291015625" lon="113.88370712287724018096923828125">
        <ele>21.799999237060546875</ele>
        <time>2026-09-29T22:42:44.000Z</time>
        <extensions>
          <ns3:TrackPointExtension>
            <ns3:hr>135</ns3:hr>
            <ns3:cad>92</ns3:cad>
          </ns3:TrackPointExtension>
        </extensions>
      </trkpt>
      <trkpt lat="22.61178416199982166290283203125" lon="113.88370226137340068817138671875">
        <ele>21.6000003814697265625</ele>
        <time>2026-09-29T22:42:45.000Z</time>
        <extensions>
          <ns3:TrackPointExtension>
            <ns3:hr>135</ns3:hr>
            <ns3:cad>93</ns3:cad>
          </ns3:TrackPointExtension>
        </extensions>
      </trkpt>
      <trkpt lat="22.611756585538387298583984375" lon="113.88369865715503692626953125">
        <ele>21.6000003814697265625</ele>
        <time>2026-09-29T22:42:46.000Z</time>
        <extensions>
          <ns3:TrackPointExtension>
            <ns3:hr>135</ns3:hr>
            <ns3:cad>93</ns3:cad>
          </ns3:TrackPointExtension>
        </extensions>
      </trkpt>
      <trkpt lat="22.6117326132953166961669921875" lon="113.88369689695537090301513671875">
        <ele>21.3999996185302734375</ele>
        <time>2026-09-29T22:42:47.000Z</time>
        <extensions>
          <ns3:TrackPointExtension>
            <ns3:hr>135</ns3:hr>
            <ns3:cad>93</ns3:cad>
          </ns3:TrackPointExtension>
        </extensions>
      </trkpt>
      <trkpt lat="22.6117091439664363861083984375" lon="113.8836958073079586029052734375">
        <ele>21.3999996185302734375</ele>
        <time>2026-09-29T22:42:48.000Z</time>
        <extensions>
          <ns3:TrackPointExtension>
            <ns3:hr>135</ns3:hr>
            <ns3:cad>93</ns3:cad>
          </ns3:TrackPointExtension>
        </extensions>
      </trkpt>
      <trkpt lat="22.611687183380126953125" lon="113.88369253836572170257568359375">
        <ele>21.3999996185302734375</ele>
        <time>2026-09-29T22:42:49.000Z</time>
        <extensions>
          <ns3:TrackPointExtension>
            <ns3:hr>135</ns3:hr>
            <ns3:cad>92</ns3:cad>
          </ns3:TrackPointExtension>
        </extensions>
      </trkpt>
      <trkpt lat="22.61165943928062915802001953125" lon="113.88368734158575534820556640625">
        <ele>21.3999996185302734375</ele>
        <time>2026-09-29T22:42:50.000Z</time>
        <extensions>
          <ns3:TrackPointExtension>
            <ns3:hr>135</ns3:hr>
            <ns3:cad>91</ns3:cad>
          </ns3:TrackPointExtension>
        </extensions>
      </trkpt>
      <trkpt lat="22.61163848452270030975341796875" lon="113.88368616811931133270263671875">
        <ele>21.200000762939453125</ele>
        <time>2026-09-29T22:42:51.000Z</time>
        <extensions>
          <ns3:TrackPointExtension>
            <ns3:hr>135</ns3:hr>
            <ns3:cad>91</ns3:cad>
          </ns3:TrackPointExtension>
        </extensions>
      </trkpt>
      <trkpt lat="22.61161149479448795318603515625" lon="113.88367988169193267822265625">
        <ele>21.200000762939453125</ele>
        <time>2026-09-29T22:42:52.000Z</time>
        <extensions>
          <ns3:TrackPointExtension>
            <ns3:hr>135</ns3:hr>
            <ns3:cad>91</ns3:cad>
          </ns3:TrackPointExtension>
        </extensions>
      </trkpt>
      <trkpt lat="22.6115871034562587738037109375" lon="113.8836807198822498321533203125">
        <ele>21.200000762939453125</ele>
        <time>2026-09-29T22:42:53.000Z</time>
        <extensions>
          <ns3:TrackPointExtension>
            <ns3:hr>135</ns3:hr>
            <ns3:cad>91</ns3:cad>
          </ns3:TrackPointExtension>
        </extensions>
      </trkpt>
      <trkpt lat="22.61156321503221988677978515625" lon="113.8836766965687274932861328125">
        <ele>21</ele>
        <time>2026-09-29T22:42:54.000Z</time>
        <extensions>
          <ns3:TrackPointExtension>
            <ns3:hr>135</ns3:hr>
            <ns3:cad>91</ns3:cad>
          </ns3:TrackPointExtension>
        </extensions>
      </trkpt>
      <trkpt lat="22.6115358062088489532470703125" lon="113.8836800493299961090087890625">
        <ele>21</ele>
        <time>2026-09-29T22:42:55.000Z</time>
        <extensions>
          <ns3:TrackPointExtension>
            <ns3:hr>135</ns3:hr>
            <ns3:cad>93</ns3:cad>
          </ns3:TrackPointExtension>
        </extensions>
      </trkpt>
      <trkpt lat="22.6115079782903194427490234375" lon="113.8836740143597126007080078125">
        <ele>21</ele>
        <time>2026-09-29T22:42:56.000Z</time>
        <extensions>
          <ns3:TrackPointExtension>
            <ns3:hr>135</ns3:hr>
            <ns3:cad>93</ns3:cad>
          </ns3:TrackPointExtension>
        </extensions>
      </trkpt>
      <trkpt lat="22.611483670771121978759765625" lon="113.88367585837841033935546875">
        <ele>21</ele>
        <time>2026-09-29T22:42:57.000Z</time>
        <extensions>
          <ns3:TrackPointExtension>
            <ns3:hr>135</ns3:hr>
            <ns3:cad>93</ns3:cad>
          </ns3:TrackPointExtension>
        </extensions>
      </trkpt>
      <trkpt lat="22.61145810596644878387451171875" lon="113.8836725056171417236328125">
        <ele>21</ele>
        <time>2026-09-29T22:42:58.000Z</time>
        <extensions>
          <ns3:TrackPointExtension>
            <ns3:hr>135</ns3:hr>
            <ns3:cad>93</ns3:cad>
          </ns3:TrackPointExtension>
        </extensions>
      </trkpt>
      <trkpt lat="22.61142508126795291900634765625" lon="113.8836733438074588775634765625">
        <ele>20.799999237060546875</ele>
        <time>2026-09-29T22:42:59.000Z</time>
        <extensions>
          <ns3:TrackPointExtension>
            <ns3:hr>135</ns3:hr>
            <ns3:cad>93</ns3:cad>
          </ns3:TrackPointExtension>
        </extensions>
      </trkpt>
      <trkpt lat="22.61139507405459880828857421875" lon="113.88367845676839351654052734375">
        <ele>20.799999237060546875</ele>
        <time>2026-09-29T22:43:00.000Z</time>
        <extensions>
          <ns3:TrackPointExtension>
            <ns3:hr>135</ns3:hr>
            <ns3:cad>93</ns3:cad>
          </ns3:TrackPointExtension>
        </extensions>
      </trkpt>
      <trkpt lat="22.6113631390035152435302734375" lon="113.88368532992899417877197265625">
        <ele>20.799999237060546875</ele>
        <time>2026-09-29T22:43:01.000Z</time>
        <extensions>
          <ns3:TrackPointExtension>
            <ns3:hr>135</ns3:hr>
            <ns3:cad>93</ns3:cad>
          </ns3:TrackPointExtension>
        </extensions>
      </trkpt>
      <trkpt lat="22.61133573018014430999755859375" lon="113.8836914487183094024658203125">
        <ele>20.799999237060546875</ele>
        <time>2026-09-29T22:43:02.000Z</time>
        <extensions>
          <ns3:TrackPointExtension>
            <ns3:hr>135</ns3:hr>
            <ns3:cad>93</ns3:cad>
          </ns3:TrackPointExtension>
        </extensions>
      </trkpt>
      <trkpt lat="22.6113001070916652679443359375" lon="113.88369052670896053314208984375">
        <ele>20.6000003814697265625</ele>
        <time>2026-09-29T22:43:03.000Z</time>
        <extensions>
          <ns3:TrackPointExtension>
            <ns3:hr>135</ns3:hr>
            <ns3:cad>92</ns3:cad>
          </ns3:TrackPointExtension>
        </extensions>
      </trkpt>
      <trkpt lat="22.61127504520118236541748046875" lon="113.883694298565387725830078125">
        <ele>20.6000003814697265625</ele>
        <time>2026-09-29T22:43:04.000Z</time>
        <extensions>
          <ns3:TrackPointExtension>
            <ns3:hr>136</ns3:hr>
            <ns3:cad>92</ns3:cad>
          </ns3:TrackPointExtension>
        </extensions>
      </trkpt>
      <trkpt lat="22.61123992502689361572265625" lon="113.8836897723376750946044921875">
        <ele>20.6000003814697265625</ele>
        <time>2026-09-29T22:43:05.000Z</time>
        <extensions>
          <ns3:TrackPointExtension>
            <ns3:hr>136</ns3:hr>
            <ns3:cad>92</ns3:cad>
          </ns3:TrackPointExtension>
        </extensions>
      </trkpt>
      <trkpt lat="22.61121050454676151275634765625" lon="113.8836954720318317413330078125">
        <ele>20.3999996185302734375</ele>
        <time>2026-09-29T22:43:06.000Z</time>
        <extensions>
          <ns3:TrackPointExtension>
            <ns3:hr>136</ns3:hr>
            <ns3:cad>93</ns3:cad>
          </ns3:TrackPointExtension>
        </extensions>
      </trkpt>
      <trkpt lat="22.6111815869808197021484375" lon="113.8836968131363391876220703125">
        <ele>20.3999996185302734375</ele>
        <time>2026-09-29T22:43:07.000Z</time>
        <extensions>
          <ns3:TrackPointExtension>
            <ns3:hr>136</ns3:hr>
            <ns3:cad>94</ns3:cad>
          </ns3:TrackPointExtension>
        </extensions>
      </trkpt>
      <trkpt lat="22.6111515797674655914306640625" lon="113.8837075419723987579345703125">
        <ele>20.3999996185302734375</ele>
        <time>2026-09-29T22:43:08.000Z</time>
        <extensions>
          <ns3:TrackPointExtension>
            <ns3:hr>137</ns3:hr>
            <ns3:cad>94</ns3:cad>
          </ns3:TrackPointExtension>
        </extensions>
      </trkpt>
      <trkpt lat="22.61111997999250888824462890625" lon="113.8837065361440181732177734375">
        <ele>20.200000762939453125</ele>
        <time>2026-09-29T22:43:09.000Z</time>
        <extensions>
          <ns3:TrackPointExtension>
            <ns3:hr>137</ns3:hr>
            <ns3:cad>94</ns3:cad>
          </ns3:TrackPointExtension>
        </extensions>
      </trkpt>
      <trkpt lat="22.61108896695077419281005859375" lon="113.8837095536291599273681640625">
        <ele>20.200000762939453125</ele>
        <time>2026-09-29T22:43:10.000Z</time>
        <extensions>
          <ns3:TrackPointExtension>
            <ns3:hr>137</ns3:hr>
            <ns3:cad>93</ns3:cad>
          </ns3:TrackPointExtension>
        </extensions>
      </trkpt>
      <trkpt lat="22.611059881746768951416015625" lon="113.8837068714201450347900390625">
        <ele>20</ele>
        <time>2026-09-29T22:43:11.000Z</time>
        <extensions>
          <ns3:TrackPointExtension>
            <ns3:hr>137</ns3:hr>
            <ns3:cad>93</ns3:cad>
          </ns3:TrackPointExtension>
        </extensions>
      </trkpt>
      <trkpt lat="22.61102878488600254058837890625" lon="113.8837132416665554046630859375">
        <ele>20</ele>
        <time>2026-09-29T22:43:12.000Z</time>
        <extensions>
          <ns3:TrackPointExtension>
            <ns3:hr>137</ns3:hr>
            <ns3:cad>93</ns3:cad>
          </ns3:TrackPointExtension>
        </extensions>
      </trkpt>
      <trkpt lat="22.61100514791905879974365234375" lon="113.883715085685253143310546875">
        <ele>20</ele>
        <time>2026-09-29T22:43:13.000Z</time>
        <extensions>
          <ns3:TrackPointExtension>
            <ns3:hr>137</ns3:hr>
            <ns3:cad>93</ns3:cad>
          </ns3:TrackPointExtension>
        </extensions>
      </trkpt>
      <trkpt lat="22.61097379960119724273681640625" lon="113.8837155885994434356689453125">
        <ele>19.799999237060546875</ele>
        <time>2026-09-29T22:43:14.000Z</time>
        <extensions>
          <ns3:TrackPointExtension>
            <ns3:hr>137</ns3:hr>
            <ns3:cad>93</ns3:cad>
          </ns3:TrackPointExtension>
        </extensions>
      </trkpt>
      <trkpt lat="22.61094798333942890167236328125" lon="113.88371382839977741241455078125">
        <ele>19.799999237060546875</ele>
        <time>2026-09-29T22:43:15.000Z</time>
        <extensions>
          <ns3:TrackPointExtension>
            <ns3:hr>137</ns3:hr>
            <ns3:cad>92</ns3:cad>
          </ns3:TrackPointExtension>
        </extensions>
      </trkpt>
      <trkpt lat="22.610918395221233367919921875" lon="113.88371416367590427398681640625">
        <ele>19.6000003814697265625</ele>
        <time>2026-09-29T22:43:16.000Z</time>
        <extensions>
          <ns3:TrackPointExtension>
            <ns3:hr>137</ns3:hr>
            <ns3:cad>92</ns3:cad>
          </ns3:TrackPointExtension>
        </extensions>
      </trkpt>
      <trkpt lat="22.610895596444606781005859375" lon="113.883715756237506866455078125">
        <ele>19.6000003814697265625</ele>
        <time>2026-09-29T22:43:17.000Z</time>
        <extensions>
          <ns3:TrackPointExtension>
            <ns3:hr>137</ns3:hr>
            <ns3:cad>93</ns3:cad>
          </ns3:TrackPointExtension>
        </extensions>
      </trkpt>
      <trkpt lat="22.6108652539551258087158203125" lon="113.8837154209613800048828125">
        <ele>19.3999996185302734375</ele>
        <time>2026-09-29T22:43:18.000Z</time>
        <extensions>
          <ns3:TrackPointExtension>
            <ns3:hr>137</ns3:hr>
            <ns3:cad>93</ns3:cad>
          </ns3:TrackPointExtension>
        </extensions>
      </trkpt>
      <trkpt lat="22.610844634473323822021484375" lon="113.8837226293981075286865234375">
        <ele>19.200000762939453125</ele>
        <time>2026-09-29T22:43:19.000Z</time>
        <extensions>
          <ns3:TrackPointExtension>
            <ns3:hr>137</ns3:hr>
            <ns3:cad>93</ns3:cad>
          </ns3:TrackPointExtension>
        </extensions>
      </trkpt>
      <trkpt lat="22.61081571690738201141357421875" lon="113.8837207853794097900390625">
        <ele>19.200000762939453125</ele>
        <time>2026-09-29T22:43:20.000Z</time>
        <extensions>
          <ns3:TrackPointExtension>
            <ns3:hr>138</ns3:hr>
            <ns3:cad>92</ns3:cad>
          </ns3:TrackPointExtension>
        </extensions>
      </trkpt>
      <trkpt lat="22.61079090647399425506591796875" lon="113.88372757472097873687744140625">
        <ele>19</ele>
        <time>2026-09-29T22:43:21.000Z</time>
        <extensions>
          <ns3:TrackPointExtension>
            <ns3:hr>138</ns3:hr>
            <ns3:cad>92</ns3:cad>
          </ns3:TrackPointExtension>
        </extensions>
      </trkpt>
      <trkpt lat="22.61075771413743495941162109375" lon="113.88373310677707195281982421875">
        <ele>19</ele>
        <time>2026-09-29T22:43:22.000Z</time>
        <extensions>
          <ns3:TrackPointExtension>
            <ns3:hr>138</ns3:hr>
            <ns3:cad>92</ns3:cad>
          </ns3:TrackPointExtension>
        </extensions>
      </trkpt>
      <trkpt lat="22.61073474772274494171142578125" lon="113.883740566670894622802734375">
        <ele>18.799999237060546875</ele>
        <time>2026-09-29T22:43:23.000Z</time>
        <extensions>
          <ns3:TrackPointExtension>
            <ns3:hr>137</ns3:hr>
            <ns3:cad>92</ns3:cad>
          </ns3:TrackPointExtension>
        </extensions>
      </trkpt>
      <trkpt lat="22.610702477395534515380859375" lon="113.8837460987269878387451171875">
        <ele>18.799999237060546875</ele>
        <time>2026-09-29T22:43:24.000Z</time>
        <extensions>
          <ns3:TrackPointExtension>
            <ns3:hr>137</ns3:hr>
            <ns3:cad>92</ns3:cad>
          </ns3:TrackPointExtension>
        </extensions>
      </trkpt>
      <trkpt lat="22.61067490093410015106201171875" lon="113.88375699520111083984375">
        <ele>18.6000003814697265625</ele>
        <time>2026-09-29T22:43:25.000Z</time>
        <extensions>
          <ns3:TrackPointExtension>
            <ns3:hr>137</ns3:hr>
            <ns3:cad>92</ns3:cad>
          </ns3:TrackPointExtension>
        </extensions>
      </trkpt>
      <trkpt lat="22.61064388789236545562744140625" lon="113.88376311399042606353759765625">
        <ele>18.6000003814697265625</ele>
        <time>2026-09-29T22:43:26.000Z</time>
        <extensions>
          <ns3:TrackPointExtension>
            <ns3:hr>135</ns3:hr>
            <ns3:cad>92</ns3:cad>
          </ns3:TrackPointExtension>
        </extensions>
      </trkpt>
      <trkpt lat="22.610621340572834014892578125" lon="113.88377049006521701812744140625">
        <ele>18.6000003814697265625</ele>
        <time>2026-09-29T22:43:27.000Z</time>
        <extensions>
          <ns3:TrackPointExtension>
            <ns3:hr>134</ns3:hr>
            <ns3:cad>92</ns3:cad>
          </ns3:TrackPointExtension>
        </extensions>
      </trkpt>
      <trkpt lat="22.610593177378177642822265625" lon="113.8837789557874202728271484375">
        <ele>18.3999996185302734375</ele>
        <time>2026-09-29T22:43:28.000Z</time>
        <extensions>
          <ns3:TrackPointExtension>
            <ns3:hr>133</ns3:hr>
            <ns3:cad>92</ns3:cad>
          </ns3:TrackPointExtension>
        </extensions>
      </trkpt>
      <trkpt lat="22.61056861840188503265380859375" lon="113.88379530049860477447509765625">
        <ele>18.3999996185302734375</ele>
        <time>2026-09-29T22:43:29.000Z</time>
        <extensions>
          <ns3:TrackPointExtension>
            <ns3:hr>132</ns3:hr>
            <ns3:cad>92</ns3:cad>
          </ns3:TrackPointExtension>
        </extensions>
      </trkpt>
      <trkpt lat="22.610542215406894683837890625" lon="113.88380728662014007568359375">
        <ele>18.200000762939453125</ele>
        <time>2026-09-29T22:43:30.000Z</time>
        <extensions>
          <ns3:TrackPointExtension>
            <ns3:hr>132</ns3:hr>
            <ns3:cad>92</ns3:cad>
          </ns3:TrackPointExtension>
        </extensions>
      </trkpt>
      <trkpt lat="22.61051170527935028076171875" lon="113.88382363133132457733154296875">
        <ele>18.200000762939453125</ele>
        <time>2026-09-29T22:43:31.000Z</time>
        <extensions>
          <ns3:TrackPointExtension>
            <ns3:hr>131</ns3:hr>
            <ns3:cad>92</ns3:cad>
          </ns3:TrackPointExtension>
        </extensions>
      </trkpt>
      <trkpt lat="22.6104887388646602630615234375" lon="113.883838467299938201904296875">
        <ele>18</ele>
        <time>2026-09-29T22:43:32.000Z</time>
        <extensions>
          <ns3:TrackPointExtension>
            <ns3:hr>131</ns3:hr>
            <ns3:cad>92</ns3:cad>
          </ns3:TrackPointExtension>
        </extensions>
      </trkpt>
      <trkpt lat="22.61045512743294239044189453125" lon="113.8838530518114566802978515625">
        <ele>17.799999237060546875</ele>
        <time>2026-09-29T22:43:33.000Z</time>
        <extensions>
          <ns3:TrackPointExtension>
            <ns3:hr>132</ns3:hr>
            <ns3:cad>91</ns3:cad>
          </ns3:TrackPointExtension>
        </extensions>
      </trkpt>
      <trkpt lat="22.610434591770172119140625" lon="113.8838688097894191741943359375">
        <ele>17.799999237060546875</ele>
        <time>2026-09-29T22:43:34.000Z</time>
        <extensions>
          <ns3:TrackPointExtension>
            <ns3:hr>132</ns3:hr>
            <ns3:cad>92</ns3:cad>
          </ns3:TrackPointExtension>
        </extensions>
      </trkpt>
      <trkpt lat="22.61040533892810344696044921875" lon="113.88387727551162242889404296875">
        <ele>17.799999237060546875</ele>
        <time>2026-09-29T22:43:35.000Z</time>
        <extensions>
          <ns3:TrackPointExtension>
            <ns3:hr>132</ns3:hr>
            <ns3:cad>92</ns3:cad>
          </ns3:TrackPointExtension>
        </extensions>
      </trkpt>
      <trkpt lat="22.61038287542760372161865234375" lon="113.88389437459409236907958984375">
        <ele>17.799999237060546875</ele>
        <time>2026-09-29T22:43:36.000Z</time>
        <extensions>
          <ns3:TrackPointExtension>
            <ns3:hr>133</ns3:hr>
            <ns3:cad>93</ns3:cad>
          </ns3:TrackPointExtension>
        </extensions>
      </trkpt>
      <trkpt lat="22.610358484089374542236328125" lon="113.8839058578014373779296875">
        <ele>17.6000003814697265625</ele>
        <time>2026-09-29T22:43:37.000Z</time>
        <extensions>
          <ns3:TrackPointExtension>
            <ns3:hr>133</ns3:hr>
            <ns3:cad>93</ns3:cad>
          </ns3:TrackPointExtension>
        </extensions>
      </trkpt>
      <trkpt lat="22.6103313267230987548828125" lon="113.883919604122638702392578125">
        <ele>17.6000003814697265625</ele>
        <time>2026-09-29T22:43:38.000Z</time>
        <extensions>
          <ns3:TrackPointExtension>
            <ns3:hr>133</ns3:hr>
            <ns3:cad>93</ns3:cad>
          </ns3:TrackPointExtension>
        </extensions>
      </trkpt>
      <trkpt lat="22.6103066839277744293212890625" lon="113.8839288242161273956298828125">
        <ele>17.6000003814697265625</ele>
        <time>2026-09-29T22:43:39.000Z</time>
        <extensions>
          <ns3:TrackPointExtension>
            <ns3:hr>133</ns3:hr>
            <ns3:cad>92</ns3:cad>
          </ns3:TrackPointExtension>
        </extensions>
      </trkpt>
      <trkpt lat="22.61027491651475429534912109375" lon="113.88394114561378955841064453125">
        <ele>17.3999996185302734375</ele>
        <time>2026-09-29T22:43:40.000Z</time>
        <extensions>
          <ns3:TrackPointExtension>
            <ns3:hr>134</ns3:hr>
            <ns3:cad>92</ns3:cad>
          </ns3:TrackPointExtension>
        </extensions>
      </trkpt>
      <trkpt lat="22.61025479994714260101318359375" lon="113.88395212590694427490234375">
        <ele>17.3999996185302734375</ele>
        <time>2026-09-29T22:43:41.000Z</time>
        <extensions>
          <ns3:TrackPointExtension>
            <ns3:hr>134</ns3:hr>
            <ns3:cad>92</ns3:cad>
          </ns3:TrackPointExtension>
        </extensions>
      </trkpt>
      <trkpt lat="22.61021959595382213592529296875" lon="113.883964531123638153076171875">
        <ele>17.200000762939453125</ele>
        <time>2026-09-29T22:43:42.000Z</time>
        <extensions>
          <ns3:TrackPointExtension>
            <ns3:hr>134</ns3:hr>
            <ns3:cad>93</ns3:cad>
          </ns3:TrackPointExtension>
        </extensions>
      </trkpt>
      <trkpt lat="22.61019746772944927215576171875" lon="113.8839764334261417388916015625">
        <ele>17.200000762939453125</ele>
        <time>2026-09-29T22:43:43.000Z</time>
        <extensions>
          <ns3:TrackPointExtension>
            <ns3:hr>134</ns3:hr>
            <ns3:cad>93</ns3:cad>
          </ns3:TrackPointExtension>
        </extensions>
      </trkpt>
      <trkpt lat="22.61016947217285633087158203125" lon="113.8839817978441715240478515625">
        <ele>17.200000762939453125</ele>
        <time>2026-09-29T22:43:44.000Z</time>
        <extensions>
          <ns3:TrackPointExtension>
            <ns3:hr>134</ns3:hr>
            <ns3:cad>93</ns3:cad>
          </ns3:TrackPointExtension>
        </extensions>
      </trkpt>
      <trkpt lat="22.6101494394242763519287109375" lon="113.88399026356637477874755859375">
        <ele>17.200000762939453125</ele>
        <time>2026-09-29T22:43:45.000Z</time>
        <extensions>
          <ns3:TrackPointExtension>
            <ns3:hr>135</ns3:hr>
            <ns3:cad>93</ns3:cad>
          </ns3:TrackPointExtension>
        </extensions>
      </trkpt>
      <trkpt lat="22.6101236231625080108642578125" lon="113.88399529270827770233154296875">
        <ele>17.200000762939453125</ele>
        <time>2026-09-29T22:43:46.000Z</time>
        <extensions>
          <ns3:TrackPointExtension>
            <ns3:hr>134</ns3:hr>
            <ns3:cad>93</ns3:cad>
          </ns3:TrackPointExtension>
        </extensions>
      </trkpt>
      <trkpt lat="22.61010459624230861663818359375" lon="113.884002752602100372314453125">
        <ele>17</ele>
        <time>2026-09-29T22:43:47.000Z</time>
        <extensions>
          <ns3:TrackPointExtension>
            <ns3:hr>135</ns3:hr>
            <ns3:cad>93</ns3:cad>
          </ns3:TrackPointExtension>
        </extensions>
      </trkpt>
      <trkpt lat="22.61007559485733509063720703125" lon="113.88400786556303501129150390625">
        <ele>17</ele>
        <time>2026-09-29T22:43:48.000Z</time>
        <extensions>
          <ns3:TrackPointExtension>
            <ns3:hr>135</ns3:hr>
            <ns3:cad>93</ns3:cad>
          </ns3:TrackPointExtension>
        </extensions>
      </trkpt>
      <trkpt lat="22.61005304753780364990234375" lon="113.88401457108557224273681640625">
        <ele>17</ele>
        <time>2026-09-29T22:43:49.000Z</time>
        <extensions>
          <ns3:TrackPointExtension>
            <ns3:hr>135</ns3:hr>
            <ns3:cad>93</ns3:cad>
          </ns3:TrackPointExtension>
        </extensions>
      </trkpt>
      <trkpt lat="22.61002848856151103973388671875" lon="113.88402161188423633575439453125">
        <ele>17</ele>
        <time>2026-09-29T22:43:50.000Z</time>
        <extensions>
          <ns3:TrackPointExtension>
            <ns3:hr>135</ns3:hr>
            <ns3:cad>93</ns3:cad>
          </ns3:TrackPointExtension>
        </extensions>
      </trkpt>
      <trkpt lat="22.61000208556652069091796875" lon="113.88403686694800853729248046875">
        <ele>17</ele>
        <time>2026-09-29T22:43:51.000Z</time>
        <extensions>
          <ns3:TrackPointExtension>
            <ns3:hr>135</ns3:hr>
            <ns3:cad>94</ns3:cad>
          </ns3:TrackPointExtension>
        </extensions>
      </trkpt>
      <trkpt lat="22.6099834777414798736572265625" lon="113.88405111618340015411376953125">
        <ele>17</ele>
        <time>2026-09-29T22:43:52.000Z</time>
        <extensions>
          <ns3:TrackPointExtension>
            <ns3:hr>134</ns3:hr>
            <ns3:cad>94</ns3:cad>
          </ns3:TrackPointExtension>
        </extensions>
      </trkpt>
      <trkpt lat="22.60996185243129730224609375" lon="113.8840615935623645782470703125">
        <ele>17</ele>
        <time>2026-09-29T22:43:53.000Z</time>
        <extensions>
          <ns3:TrackPointExtension>
            <ns3:hr>134</ns3:hr>
            <ns3:cad>94</ns3:cad>
          </ns3:TrackPointExtension>
        </extensions>
      </trkpt>
      <trkpt lat="22.609941065311431884765625" lon="113.88407659716904163360595703125">
        <ele>17</ele>
        <time>2026-09-29T22:43:54.000Z</time>
        <extensions>
          <ns3:TrackPointExtension>
            <ns3:hr>134</ns3:hr>
            <ns3:cad>93</ns3:cad>
          </ns3:TrackPointExtension>
        </extensions>
      </trkpt>
      <trkpt lat="22.60991700924932956695556640625" lon="113.8840904273092746734619140625">
        <ele>16.799999237060546875</ele>
        <time>2026-09-29T22:43:55.000Z</time>
        <extensions>
          <ns3:TrackPointExtension>
            <ns3:hr>134</ns3:hr>
            <ns3:cad>93</ns3:cad>
          </ns3:TrackPointExtension>
        </extensions>
      </trkpt>
      <trkpt lat="22.6098942942917346954345703125" lon="113.88410232961177825927734375">
        <ele>16.799999237060546875</ele>
        <time>2026-09-29T22:43:56.000Z</time>
        <extensions>
          <ns3:TrackPointExtension>
            <ns3:hr>134</ns3:hr>
            <ns3:cad>93</ns3:cad>
          </ns3:TrackPointExtension>
        </extensions>
      </trkpt>
      <trkpt lat="22.609866969287395477294921875" lon="113.8841123878955841064453125">
        <ele>16.6000003814697265625</ele>
        <time>2026-09-29T22:43:57.000Z</time>
        <extensions>
          <ns3:TrackPointExtension>
            <ns3:hr>133</ns3:hr>
            <ns3:cad>92</ns3:cad>
          </ns3:TrackPointExtension>
        </extensions>
      </trkpt>
      <trkpt lat="22.60984576307237148284912109375" lon="113.8841269724071025848388671875">
        <ele>16.6000003814697265625</ele>
        <time>2026-09-29T22:43:58.000Z</time>
        <extensions>
          <ns3:TrackPointExtension>
            <ns3:hr>133</ns3:hr>
            <ns3:cad>92</ns3:cad>
          </ns3:TrackPointExtension>
        </extensions>
      </trkpt>
      <trkpt lat="22.60981659404933452606201171875" lon="113.88413979671895503997802734375">
        <ele>16.6000003814697265625</ele>
        <time>2026-09-29T22:43:59.000Z</time>
        <extensions>
          <ns3:TrackPointExtension>
            <ns3:hr>133</ns3:hr>
            <ns3:cad>93</ns3:cad>
          </ns3:TrackPointExtension>
        </extensions>
      </trkpt>
      <trkpt lat="22.6097950525581836700439453125" lon="113.88415169902145862579345703125">
        <ele>16.6000003814697265625</ele>
        <time>2026-09-29T22:44:00.000Z</time>
        <extensions>
          <ns3:TrackPointExtension>
            <ns3:hr>133</ns3:hr>
            <ns3:cad>93</ns3:cad>
          </ns3:TrackPointExtension>
        </extensions>
      </trkpt>
      <trkpt lat="22.6097729243338108062744140625" lon="113.884163685142993927001953125">
        <ele>16.3999996185302734375</ele>
        <time>2026-09-29T22:44:01.000Z</time>
        <extensions>
          <ns3:TrackPointExtension>
            <ns3:hr>134</ns3:hr>
            <ns3:cad>93</ns3:cad>
          </ns3:TrackPointExtension>
        </extensions>
      </trkpt>
      <trkpt lat="22.60974652133882045745849609375" lon="113.88417433016002178192138671875">
        <ele>16.3999996185302734375</ele>
        <time>2026-09-29T22:44:02.000Z</time>
        <extensions>
          <ns3:TrackPointExtension>
            <ns3:hr>133</ns3:hr>
            <ns3:cad>93</ns3:cad>
          </ns3:TrackPointExtension>
        </extensions>
      </trkpt>
      <trkpt lat="22.6097259856760501861572265625" lon="113.8841839693486690521240234375">
        <ele>16.3999996185302734375</ele>
        <time>2026-09-29T22:44:03.000Z</time>
        <extensions>
          <ns3:TrackPointExtension>
            <ns3:hr>134</ns3:hr>
            <ns3:cad>92</ns3:cad>
          </ns3:TrackPointExtension>
        </extensions>
      </trkpt>
      <trkpt lat="22.60969807393848896026611328125" lon="113.88419629074633121490478515625">
        <ele>16.200000762939453125</ele>
        <time>2026-09-29T22:44:04.000Z</time>
        <extensions>
          <ns3:TrackPointExtension>
            <ns3:hr>134</ns3:hr>
            <ns3:cad>92</ns3:cad>
          </ns3:TrackPointExtension>
        </extensions>
      </trkpt>
      <trkpt lat="22.60967343114316463470458984375" lon="113.88420668430626392364501953125">
        <ele>16.200000762939453125</ele>
        <time>2026-09-29T22:44:05.000Z</time>
        <extensions>
          <ns3:TrackPointExtension>
            <ns3:hr>134</ns3:hr>
            <ns3:cad>92</ns3:cad>
          </ns3:TrackPointExtension>
        </extensions>
      </trkpt>
      <trkpt lat="22.60964334011077880859375" lon="113.884219340980052947998046875">
        <ele>16</ele>
        <time>2026-09-29T22:44:06.000Z</time>
        <extensions>
          <ns3:TrackPointExtension>
            <ns3:hr>134</ns3:hr>
            <ns3:cad>92</ns3:cad>
          </ns3:TrackPointExtension>
        </extensions>
      </trkpt>
      <trkpt lat="22.60961593128740787506103515625" lon="113.8842325843870639801025390625">
        <ele>16</ele>
        <time>2026-09-29T22:44:07.000Z</time>
        <extensions>
          <ns3:TrackPointExtension>
            <ns3:hr>134</ns3:hr>
            <ns3:cad>93</ns3:cad>
          </ns3:TrackPointExtension>
        </extensions>
      </trkpt>
      <trkpt lat="22.6095855049788951873779296875" lon="113.88425027020275592803955078125">
        <ele>15.80000019073486328125</ele>
        <time>2026-09-29T22:44:08.000Z</time>
        <extensions>
          <ns3:TrackPointExtension>
            <ns3:hr>135</ns3:hr>
            <ns3:cad>93</ns3:cad>
          </ns3:TrackPointExtension>
        </extensions>
      </trkpt>
      <trkpt lat="22.60956111364066600799560546875" lon="113.88426904566586017608642578125">
        <ele>15.80000019073486328125</ele>
        <time>2026-09-29T22:44:09.000Z</time>
        <extensions>
          <ns3:TrackPointExtension>
            <ns3:hr>135</ns3:hr>
            <ns3:cad>92</ns3:cad>
          </ns3:TrackPointExtension>
        </extensions>
      </trkpt>
      <trkpt lat="22.6095348782837390899658203125" lon="113.88428664766252040863037109375">
        <ele>15.6000003814697265625</ele>
        <time>2026-09-29T22:44:10.000Z</time>
        <extensions>
          <ns3:TrackPointExtension>
            <ns3:hr>135</ns3:hr>
            <ns3:cad>92</ns3:cad>
          </ns3:TrackPointExtension>
        </extensions>
      </trkpt>
      <trkpt lat="22.6095127500593662261962890625" lon="113.88430693186819553375244140625">
        <ele>15.3999996185302734375</ele>
        <time>2026-09-29T22:44:11.000Z</time>
        <extensions>
          <ns3:TrackPointExtension>
            <ns3:hr>136</ns3:hr>
            <ns3:cad>92</ns3:cad>
          </ns3:TrackPointExtension>
        </extensions>
      </trkpt>
      <trkpt lat="22.6094869337975978851318359375" lon="113.884324617683887481689453125">
        <ele>15.3999996185302734375</ele>
        <time>2026-09-29T22:44:12.000Z</time>
        <extensions>
          <ns3:TrackPointExtension>
            <ns3:hr>136</ns3:hr>
            <ns3:cad>93</ns3:cad>
          </ns3:TrackPointExtension>
        </extensions>
      </trkpt>
      <trkpt lat="22.60946237482130527496337890625" lon="113.88434532098472118377685546875">
        <ele>15.3999996185302734375</ele>
        <time>2026-09-29T22:44:13.000Z</time>
        <extensions>
          <ns3:TrackPointExtension>
            <ns3:hr>136</ns3:hr>
            <ns3:cad>93</ns3:cad>
          </ns3:TrackPointExtension>
        </extensions>
      </trkpt>
      <trkpt lat="22.60944074951112270355224609375" lon="113.88436250388622283935546875">
        <ele>15.3999996185302734375</ele>
        <time>2026-09-29T22:44:14.000Z</time>
        <extensions>
          <ns3:TrackPointExtension>
            <ns3:hr>136</ns3:hr>
            <ns3:cad>93</ns3:cad>
          </ns3:TrackPointExtension>
        </extensions>
      </trkpt>
      <trkpt lat="22.60941074229776859283447265625" lon="113.88438530266284942626953125">
        <ele>15.3999996185302734375</ele>
        <time>2026-09-29T22:44:15.000Z</time>
        <extensions>
          <ns3:TrackPointExtension>
            <ns3:hr>136</ns3:hr>
            <ns3:cad>92</ns3:cad>
          </ns3:TrackPointExtension>
        </extensions>
      </trkpt>
      <trkpt lat="22.60938651859760284423828125" lon="113.8844012282788753509521484375">
        <ele>15.6000003814697265625</ele>
        <time>2026-09-29T22:44:16.000Z</time>
        <extensions>
          <ns3:TrackPointExtension>
            <ns3:hr>136</ns3:hr>
            <ns3:cad>91</ns3:cad>
          </ns3:TrackPointExtension>
        </extensions>
      </trkpt>
      <trkpt lat="22.60935441590845584869384765625" lon="113.884423859417438507080078125">
        <ele>15.3999996185302734375</ele>
        <time>2026-09-29T22:44:17.000Z</time>
        <extensions>
          <ns3:TrackPointExtension>
            <ns3:hr>136</ns3:hr>
            <ns3:cad>91</ns3:cad>
          </ns3:TrackPointExtension>
        </extensions>
      </trkpt>
      <trkpt lat="22.609331868588924407958984375" lon="113.88444288633763790130615234375">
        <ele>15.3999996185302734375</ele>
        <time>2026-09-29T22:44:18.000Z</time>
        <extensions>
          <ns3:TrackPointExtension>
            <ns3:hr>136</ns3:hr>
            <ns3:cad>92</ns3:cad>
          </ns3:TrackPointExtension>
        </extensions>
      </trkpt>
      <trkpt lat="22.60929876007139682769775390625" lon="113.8844609074294567108154296875">
        <ele>15.3999996185302734375</ele>
        <time>2026-09-29T22:44:19.000Z</time>
        <extensions>
          <ns3:TrackPointExtension>
            <ns3:hr>137</ns3:hr>
            <ns3:cad>92</ns3:cad>
          </ns3:TrackPointExtension>
        </extensions>
      </trkpt>
      <trkpt lat="22.60927495546638965606689453125" lon="113.8844843767583370208740234375">
        <ele>15.19999980926513671875</ele>
        <time>2026-09-29T22:44:20.000Z</time>
        <extensions>
          <ns3:TrackPointExtension>
            <ns3:hr>137</ns3:hr>
            <ns3:cad>93</ns3:cad>
          </ns3:TrackPointExtension>
        </extensions>
      </trkpt>
      <trkpt lat="22.60924595408141613006591796875" lon="113.884501643478870391845703125">
        <ele>15.19999980926513671875</ele>
        <time>2026-09-29T22:44:21.000Z</time>
        <extensions>
          <ns3:TrackPointExtension>
            <ns3:hr>137</ns3:hr>
            <ns3:cad>92</ns3:cad>
          </ns3:TrackPointExtension>
        </extensions>
      </trkpt>
      <trkpt lat="22.60921896435320377349853515625" lon="113.88452150858938694000244140625">
        <ele>15.19999980926513671875</ele>
        <time>2026-09-29T22:44:22.000Z</time>
        <extensions>
          <ns3:TrackPointExtension>
            <ns3:hr>137</ns3:hr>
            <ns3:cad>92</ns3:cad>
          </ns3:TrackPointExtension>
        </extensions>
      </trkpt>
      <trkpt lat="22.6091902144253253936767578125" lon="113.884536512196063995361328125">
        <ele>15</ele>
        <time>2026-09-29T22:44:23.000Z</time>
        <extensions>
          <ns3:TrackPointExtension>
            <ns3:hr>137</ns3:hr>
            <ns3:cad>92</ns3:cad>
          </ns3:TrackPointExtension>
        </extensions>
      </trkpt>
      <trkpt lat="22.60916062630712985992431640625" lon="113.8845551200211048126220703125">
        <ele>15</ele>
        <time>2026-09-29T22:44:24.000Z</time>
        <extensions>
          <ns3:TrackPointExtension>
            <ns3:hr>137</ns3:hr>
            <ns3:cad>93</ns3:cad>
          </ns3:TrackPointExtension>
        </extensions>
      </trkpt>
      <trkpt lat="22.6091382466256618499755859375" lon="113.8845658488571643829345703125">
        <ele>15</ele>
        <time>2026-09-29T22:44:25.000Z</time>
        <extensions>
          <ns3:TrackPointExtension>
            <ns3:hr>137</ns3:hr>
            <ns3:cad>93</ns3:cad>
          </ns3:TrackPointExtension>
        </extensions>
      </trkpt>
      <trkpt lat="22.60910999961197376251220703125" lon="113.88458353467285633087158203125">
        <ele>15</ele>
        <time>2026-09-29T22:44:26.000Z</time>
        <extensions>
          <ns3:TrackPointExtension>
            <ns3:hr>137</ns3:hr>
            <ns3:cad>94</ns3:cad>
          </ns3:TrackPointExtension>
        </extensions>
      </trkpt>
      <trkpt lat="22.60909172706305980682373046875" lon="113.884591497480869293212890625">
        <ele>15</ele>
        <time>2026-09-29T22:44:27.000Z</time>
        <extensions>
          <ns3:TrackPointExtension>
            <ns3:hr>137</ns3:hr>
            <ns3:cad>94</ns3:cad>
          </ns3:TrackPointExtension>
        </extensions>
      </trkpt>
      <trkpt lat="22.609060965478420257568359375" lon="113.8846037350594997406005859375">
        <ele>15</ele>
        <time>2026-09-29T22:44:28.000Z</time>
        <extensions>
          <ns3:TrackPointExtension>
            <ns3:hr>138</ns3:hr>
            <ns3:cad>94</ns3:cad>
          </ns3:TrackPointExtension>
        </extensions>
      </trkpt>
      <trkpt lat="22.60904462076723575592041015625" lon="113.884616307914257049560546875">
        <ele>15</ele>
        <time>2026-09-29T22:44:29.000Z</time>
        <extensions>
          <ns3:TrackPointExtension>
            <ns3:hr>138</ns3:hr>
            <ns3:cad>93</ns3:cad>
          </ns3:TrackPointExtension>
        </extensions>
      </trkpt>
      <trkpt lat="22.609018720686435699462890625" lon="113.88462695293128490447998046875">
        <ele>14.80000019073486328125</ele>
        <time>2026-09-29T22:44:30.000Z</time>
        <extensions>
          <ns3:TrackPointExtension>
            <ns3:hr>138</ns3:hr>
            <ns3:cad>93</ns3:cad>
          </ns3:TrackPointExtension>
        </extensions>
      </trkpt>
      <trkpt lat="22.60899600572884082794189453125" lon="113.8846449740231037139892578125">
        <ele>14.80000019073486328125</ele>
        <time>2026-09-29T22:44:31.000Z</time>
        <extensions>
          <ns3:TrackPointExtension>
            <ns3:hr>138</ns3:hr>
            <ns3:cad>93</ns3:cad>
          </ns3:TrackPointExtension>
        </extensions>
      </trkpt>
      <trkpt lat="22.6089687645435333251953125" lon="113.8846634142100811004638671875">
        <ele>14.80000019073486328125</ele>
        <time>2026-09-29T22:44:32.000Z</time>
        <extensions>
          <ns3:TrackPointExtension>
            <ns3:hr>138</ns3:hr>
            <ns3:cad>93</ns3:cad>
          </ns3:TrackPointExtension>
        </extensions>
      </trkpt>
      <trkpt lat="22.60894152335822582244873046875" lon="113.88468394987285137176513671875">
        <ele>14.80000019073486328125</ele>
        <time>2026-09-29T22:44:33.000Z</time>
        <extensions>
          <ns3:TrackPointExtension>
            <ns3:hr>138</ns3:hr>
            <ns3:cad>93</ns3:cad>
          </ns3:TrackPointExtension>
        </extensions>
      </trkpt>
      <trkpt lat="22.60892325080931186676025390625" lon="113.88469115830957889556884765625">
        <ele>14.80000019073486328125</ele>
        <time>2026-09-29T22:44:34.000Z</time>
        <extensions>
          <ns3:TrackPointExtension>
            <ns3:hr>138</ns3:hr>
            <ns3:cad>93</ns3:cad>
          </ns3:TrackPointExtension>
        </extensions>
      </trkpt>
      <trkpt lat="22.608895339071750640869140625" lon="113.88471110723912715911865234375">
        <ele>14.80000019073486328125</ele>
        <time>2026-09-29T22:44:35.000Z</time>
        <extensions>
          <ns3:TrackPointExtension>
            <ns3:hr>138</ns3:hr>
            <ns3:cad>92</ns3:cad>
          </ns3:TrackPointExtension>
        </extensions>
      </trkpt>
      <trkpt lat="22.6088770665228366851806640625" lon="113.88473122380673885345458984375">
        <ele>14.80000019073486328125</ele>
        <time>2026-09-29T22:44:36.000Z</time>
        <extensions>
          <ns3:TrackPointExtension>
            <ns3:hr>136</ns3:hr>
            <ns3:cad>92</ns3:cad>
          </ns3:TrackPointExtension>
        </extensions>
      </trkpt>
      <trkpt lat="22.608843706548213958740234375" lon="113.8847519271075725555419921875">
        <ele>14.6000003814697265625</ele>
        <time>2026-09-29T22:44:37.000Z</time>
        <extensions>
          <ns3:TrackPointExtension>
            <ns3:hr>136</ns3:hr>
            <ns3:cad>94</ns3:cad>
          </ns3:TrackPointExtension>
        </extensions>
      </trkpt>
      <trkpt lat="22.60881789028644561767578125" lon="113.8847686909139156341552734375">
        <ele>14.6000003814697265625</ele>
        <time>2026-09-29T22:44:38.000Z</time>
        <extensions>
          <ns3:TrackPointExtension>
            <ns3:hr>136</ns3:hr>
            <ns3:cad>94</ns3:cad>
          </ns3:TrackPointExtension>
        </extensions>
      </trkpt>
      <trkpt lat="22.60878746397793292999267578125" lon="113.8847824372351169586181640625">
        <ele>14.6000003814697265625</ele>
        <time>2026-09-29T22:44:39.000Z</time>
        <extensions>
          <ns3:TrackPointExtension>
            <ns3:hr>136</ns3:hr>
            <ns3:cad>93</ns3:cad>
          </ns3:TrackPointExtension>
        </extensions>
      </trkpt>
      <trkpt lat="22.60876500047743320465087890625" lon="113.88479928486049175262451171875">
        <ele>14.6000003814697265625</ele>
        <time>2026-09-29T22:44:40.000Z</time>
        <extensions>
          <ns3:TrackPointExtension>
            <ns3:hr>137</ns3:hr>
            <ns3:cad>93</ns3:cad>
          </ns3:TrackPointExtension>
        </extensions>
      </trkpt>
      <trkpt lat="22.6087369211018085479736328125" lon="113.88481177389621734619140625">
        <ele>14.80000019073486328125</ele>
        <time>2026-09-29T22:44:41.000Z</time>
        <extensions>
          <ns3:TrackPointExtension>
            <ns3:hr>137</ns3:hr>
            <ns3:cad>92</ns3:cad>
          </ns3:TrackPointExtension>
        </extensions>
      </trkpt>
      <trkpt lat="22.60871755890548229217529296875" lon="113.8848293758928775787353515625">
        <ele>14.80000019073486328125</ele>
        <time>2026-09-29T22:44:42.000Z</time>
        <extensions>
          <ns3:TrackPointExtension>
            <ns3:hr>137</ns3:hr>
            <ns3:cad>92</ns3:cad>
          </ns3:TrackPointExtension>
        </extensions>
      </trkpt>
      <trkpt lat="22.6086913235485553741455078125" lon="113.88484236784279346466064453125">
        <ele>14.80000019073486328125</ele>
        <time>2026-09-29T22:44:43.000Z</time>
        <extensions>
          <ns3:TrackPointExtension>
            <ns3:hr>137</ns3:hr>
            <ns3:cad>92</ns3:cad>
          </ns3:TrackPointExtension>
        </extensions>
      </trkpt>
      <trkpt lat="22.6086678542196750640869140625" lon="113.88485334813594818115234375">
        <ele>14.80000019073486328125</ele>
        <time>2026-09-29T22:44:44.000Z</time>
        <extensions>
          <ns3:TrackPointExtension>
            <ns3:hr>137</ns3:hr>
            <ns3:cad>93</ns3:cad>
          </ns3:TrackPointExtension>
        </extensions>
      </trkpt>
      <trkpt lat="22.608644552528858184814453125" lon="113.884868435561656951904296875">
        <ele>14.80000019073486328125</ele>
        <time>2026-09-29T22:44:45.000Z</time>
        <extensions>
          <ns3:TrackPointExtension>
            <ns3:hr>138</ns3:hr>
            <ns3:cad>94</ns3:cad>
          </ns3:TrackPointExtension>
        </extensions>
      </trkpt>
      <trkpt lat="22.6086225919425487518310546875" lon="113.8848833553493022918701171875">
        <ele>14.80000019073486328125</ele>
        <time>2026-09-29T22:44:46.000Z</time>
        <extensions>
          <ns3:TrackPointExtension>
            <ns3:hr>137</ns3:hr>
            <ns3:cad>94</ns3:cad>
          </ns3:TrackPointExtension>
        </extensions>
      </trkpt>
      <trkpt lat="22.60860591195523738861083984375" lon="113.8848954252898693084716796875">
        <ele>14.80000019073486328125</ele>
        <time>2026-09-29T22:44:47.000Z</time>
        <extensions>
          <ns3:TrackPointExtension>
            <ns3:hr>136</ns3:hr>
            <ns3:cad>94</ns3:cad>
          </ns3:TrackPointExtension>
        </extensions>
      </trkpt>
      <trkpt lat="22.60858663357794284820556640625" lon="113.8849074952304363250732421875">
        <ele>14.80000019073486328125</ele>
        <time>2026-09-29T22:44:48.000Z</time>
        <extensions>
          <ns3:TrackPointExtension>
            <ns3:hr>136</ns3:hr>
            <ns3:cad>92</ns3:cad>
          </ns3:TrackPointExtension>
        </extensions>
      </trkpt>
      <trkpt lat="22.60857054032385349273681640625" lon="113.88492249883711338043212890625">
        <ele>14.80000019073486328125</ele>
        <time>2026-09-29T22:44:49.000Z</time>
        <extensions>
          <ns3:TrackPointExtension>
            <ns3:hr>136</ns3:hr>
            <ns3:cad>92</ns3:cad>
          </ns3:TrackPointExtension>
        </extensions>
      </trkpt>
      <trkpt lat="22.60854790918529033660888671875" lon="113.884940855205059051513671875">
        <ele>14.80000019073486328125</ele>
        <time>2026-09-29T22:44:50.000Z</time>
        <extensions>
          <ns3:TrackPointExtension>
            <ns3:hr>136</ns3:hr>
            <ns3:cad>92</ns3:cad>
          </ns3:TrackPointExtension>
        </extensions>
      </trkpt>
      <trkpt lat="22.6085287146270275115966796875" lon="113.88495837338268756866455078125">
        <ele>14.80000019073486328125</ele>
        <time>2026-09-29T22:44:51.000Z</time>
        <extensions>
          <ns3:TrackPointExtension>
            <ns3:hr>137</ns3:hr>
            <ns3:cad>92</ns3:cad>
          </ns3:TrackPointExtension>
        </extensions>
      </trkpt>
      <trkpt lat="22.60850398801267147064208984375" lon="113.88497966341674327850341796875">
        <ele>14.6000003814697265625</ele>
        <time>2026-09-29T22:44:52.000Z</time>
        <extensions>
          <ns3:TrackPointExtension>
            <ns3:hr>137</ns3:hr>
            <ns3:cad>93</ns3:cad>
          </ns3:TrackPointExtension>
        </extensions>
      </trkpt>
      <trkpt lat="22.6084790937602519989013671875" lon="113.8849966786801815032958984375">
        <ele>14.3999996185302734375</ele>
        <time>2026-09-29T22:44:53.000Z</time>
        <extensions>
          <ns3:TrackPointExtension>
            <ns3:hr>137</ns3:hr>
            <ns3:cad>93</ns3:cad>
          </ns3:TrackPointExtension>
        </extensions>
      </trkpt>
      <trkpt lat="22.608449757099151611328125" lon="113.88501637615263462066650390625">
        <ele>14.3999996185302734375</ele>
        <time>2026-09-29T22:44:54.000Z</time>
        <extensions>
          <ns3:TrackPointExtension>
            <ns3:hr>137</ns3:hr>
            <ns3:cad>92</ns3:cad>
          </ns3:TrackPointExtension>
        </extensions>
      </trkpt>
      <trkpt lat="22.60842788033187389373779296875" lon="113.88503783382475376129150390625">
        <ele>14.19999980926513671875</ele>
        <time>2026-09-29T22:44:55.000Z</time>
        <extensions>
          <ns3:TrackPointExtension>
            <ns3:hr>137</ns3:hr>
            <ns3:cad>92</ns3:cad>
          </ns3:TrackPointExtension>
        </extensions>
      </trkpt>
      <trkpt lat="22.6083974540233612060546875" lon="113.88505711220204830169677734375">
        <ele>14.19999980926513671875</ele>
        <time>2026-09-29T22:44:56.000Z</time>
        <extensions>
          <ns3:TrackPointExtension>
            <ns3:hr>138</ns3:hr>
            <ns3:cad>92</ns3:cad>
          </ns3:TrackPointExtension>
        </extensions>
      </trkpt>
      <trkpt lat="22.60837373323738574981689453125" lon="113.88507421128451824188232421875">
        <ele>14</ele>
        <time>2026-09-29T22:44:57.000Z</time>
        <extensions>
          <ns3:TrackPointExtension>
            <ns3:hr>138</ns3:hr>
            <ns3:cad>92</ns3:cad>
          </ns3:TrackPointExtension>
        </extensions>
      </trkpt>
      <trkpt lat="22.60834573768079280853271484375" lon="113.8850915618240833282470703125">
        <ele>14</ele>
        <time>2026-09-29T22:44:58.000Z</time>
        <extensions>
          <ns3:TrackPointExtension>
            <ns3:hr>138</ns3:hr>
            <ns3:cad>92</ns3:cad>
          </ns3:TrackPointExtension>
        </extensions>
      </trkpt>
      <trkpt lat="22.60832612402737140655517578125" lon="113.8851083256304264068603515625">
        <ele>13.80000019073486328125</ele>
        <time>2026-09-29T22:44:59.000Z</time>
        <extensions>
          <ns3:TrackPointExtension>
            <ns3:hr>138</ns3:hr>
            <ns3:cad>92</ns3:cad>
          </ns3:TrackPointExtension>
        </extensions>
      </trkpt>
      <trkpt lat="22.60829695500433444976806640625" lon="113.8851230777800083160400390625">
        <ele>13.80000019073486328125</ele>
        <time>2026-09-29T22:45:00.000Z</time>
        <extensions>
          <ns3:TrackPointExtension>
            <ns3:hr>139</ns3:hr>
            <ns3:cad>93</ns3:cad>
          </ns3:TrackPointExtension>
        </extensions>
      </trkpt>
      <trkpt lat="22.60827465914189815521240234375" lon="113.88514176942408084869384765625">
        <ele>13.6000003814697265625</ele>
        <time>2026-09-29T22:45:01.000Z</time>
        <extensions>
          <ns3:TrackPointExtension>
            <ns3:hr>139</ns3:hr>
            <ns3:cad>93</ns3:cad>
          </ns3:TrackPointExtension>
        </extensions>
      </trkpt>
      <trkpt lat="22.6082517765462398529052734375" lon="113.88515434227883815765380859375">
        <ele>13.3999996185302734375</ele>
        <time>2026-09-29T22:45:02.000Z</time>
        <extensions>
          <ns3:TrackPointExtension>
            <ns3:hr>139</ns3:hr>
            <ns3:cad>93</ns3:cad>
          </ns3:TrackPointExtension>
        </extensions>
      </trkpt>
      <trkpt lat="22.6082284748554229736328125" lon="113.88516926206648349761962890625">
        <ele>13.6000003814697265625</ele>
        <time>2026-09-29T22:45:03.000Z</time>
        <extensions>
          <ns3:TrackPointExtension>
            <ns3:hr>139</ns3:hr>
            <ns3:cad>93</ns3:cad>
          </ns3:TrackPointExtension>
        </extensions>
      </trkpt>
      <trkpt lat="22.6082085259258747100830078125" lon="113.8851777277886867523193359375">
        <ele>13.6000003814697265625</ele>
        <time>2026-09-29T22:45:04.000Z</time>
        <extensions>
          <ns3:TrackPointExtension>
            <ns3:hr>139</ns3:hr>
            <ns3:cad>93</ns3:cad>
          </ns3:TrackPointExtension>
        </extensions>
      </trkpt>
      <trkpt lat="22.60818061418831348419189453125" lon="113.88519491069018840789794921875">
        <ele>13.3999996185302734375</ele>
        <time>2026-09-29T22:45:05.000Z</time>
        <extensions>
          <ns3:TrackPointExtension>
            <ns3:hr>140</ns3:hr>
            <ns3:cad>93</ns3:cad>
          </ns3:TrackPointExtension>
        </extensions>
      </trkpt>
      <trkpt lat="22.6081573963165283203125" lon="113.88520949520170688629150390625">
        <ele>13.3999996185302734375</ele>
        <time>2026-09-29T22:45:06.000Z</time>
        <extensions>
          <ns3:TrackPointExtension>
            <ns3:hr>140</ns3:hr>
            <ns3:cad>92</ns3:cad>
          </ns3:TrackPointExtension>
        </extensions>
      </trkpt>
      <trkpt lat="22.6081257127225399017333984375" lon="113.8852270133793354034423828125">
        <ele>13.3999996185302734375</ele>
        <time>2026-09-29T22:45:07.000Z</time>
        <extensions>
          <ns3:TrackPointExtension>
            <ns3:hr>140</ns3:hr>
            <ns3:cad>92</ns3:cad>
          </ns3:TrackPointExtension>
        </extensions>
      </trkpt>
      <trkpt lat="22.6081082783639430999755859375" lon="113.88524486683309078216552734375">
        <ele>13.3999996185302734375</ele>
        <time>2026-09-29T22:45:08.000Z</time>
        <extensions>
          <ns3:TrackPointExtension>
            <ns3:hr>140</ns3:hr>
            <ns3:cad>92</ns3:cad>
          </ns3:TrackPointExtension>
        </extensions>
      </trkpt>
      <trkpt lat="22.60808070190250873565673828125" lon="113.88525928370654582977294921875">
        <ele>13.19999980926513671875</ele>
        <time>2026-09-29T22:45:09.000Z</time>
        <extensions>
          <ns3:TrackPointExtension>
            <ns3:hr>139</ns3:hr>
            <ns3:cad>92</ns3:cad>
          </ns3:TrackPointExtension>
        </extensions>
      </trkpt>
      <trkpt lat="22.608061172068119049072265625" lon="113.88527520932257175445556640625">
        <ele>13.19999980926513671875</ele>
        <time>2026-09-29T22:45:10.000Z</time>
        <extensions>
          <ns3:TrackPointExtension>
            <ns3:hr>140</ns3:hr>
            <ns3:cad>92</ns3:cad>
          </ns3:TrackPointExtension>
        </extensions>
      </trkpt>
      <trkpt lat="22.60803678072988986968994140625" lon="113.885287530720233917236328125">
        <ele>13.19999980926513671875</ele>
        <time>2026-09-29T22:45:11.000Z</time>
        <extensions>
          <ns3:TrackPointExtension>
            <ns3:hr>140</ns3:hr>
            <ns3:cad>92</ns3:cad>
          </ns3:TrackPointExtension>
        </extensions>
      </trkpt>
      <trkpt lat="22.60801280848681926727294921875" lon="113.88530655764043331146240234375">
        <ele>13.19999980926513671875</ele>
        <time>2026-09-29T22:45:12.000Z</time>
        <extensions>
          <ns3:TrackPointExtension>
            <ns3:hr>140</ns3:hr>
            <ns3:cad>92</ns3:cad>
          </ns3:TrackPointExtension>
        </extensions>
      </trkpt>
      <trkpt lat="22.60798548348248004913330078125" lon="113.88532047159969806671142578125">
        <ele>13</ele>
        <time>2026-09-29T22:45:13.000Z</time>
        <extensions>
          <ns3:TrackPointExtension>
            <ns3:hr>140</ns3:hr>
            <ns3:cad>92</ns3:cad>
          </ns3:TrackPointExtension>
        </extensions>
      </trkpt>
      <trkpt lat="22.60796385817229747772216796875" lon="113.8853369839489459991455078125">
        <ele>13</ele>
        <time>2026-09-29T22:45:14.000Z</time>
        <extensions>
          <ns3:TrackPointExtension>
            <ns3:hr>140</ns3:hr>
            <ns3:cad>92</ns3:cad>
          </ns3:TrackPointExtension>
        </extensions>
      </trkpt>
      <trkpt lat="22.60794156230986118316650390625" lon="113.88535114936530590057373046875">
        <ele>13</ele>
        <time>2026-09-29T22:45:15.000Z</time>
        <extensions>
          <ns3:TrackPointExtension>
            <ns3:hr>139</ns3:hr>
            <ns3:cad>93</ns3:cad>
          </ns3:TrackPointExtension>
        </extensions>
      </trkpt>
      <trkpt lat="22.6079198531806468963623046875" lon="113.885362632572650909423828125">
        <ele>13</ele>
        <time>2026-09-29T22:45:16.000Z</time>
        <extensions>
          <ns3:TrackPointExtension>
            <ns3:hr>139</ns3:hr>
            <ns3:cad>93</ns3:cad>
          </ns3:TrackPointExtension>
        </extensions>
      </trkpt>
      <trkpt lat="22.607898898422718048095703125" lon="113.885375373065471649169921875">
        <ele>13</ele>
        <time>2026-09-29T22:45:17.000Z</time>
        <extensions>
          <ns3:TrackPointExtension>
            <ns3:hr>139</ns3:hr>
            <ns3:cad>93</ns3:cad>
          </ns3:TrackPointExtension>
        </extensions>
      </trkpt>
      <trkpt lat="22.60787509381771087646484375" lon="113.88539121486246585845947265625">
        <ele>12.80000019073486328125</ele>
        <time>2026-09-29T22:45:18.000Z</time>
        <extensions>
          <ns3:TrackPointExtension>
            <ns3:hr>139</ns3:hr>
            <ns3:cad>94</ns3:cad>
          </ns3:TrackPointExtension>
        </extensions>
      </trkpt>
      <trkpt lat="22.607856653630733489990234375" lon="113.885400854051113128662109375">
        <ele>12.80000019073486328125</ele>
        <time>2026-09-29T22:45:19.000Z</time>
        <extensions>
          <ns3:TrackPointExtension>
            <ns3:hr>139</ns3:hr>
            <ns3:cad>94</ns3:cad>
          </ns3:TrackPointExtension>
        </extensions>
      </trkpt>
      <trkpt lat="22.60783075354993343353271484375" lon="113.88541367836296558380126953125">
        <ele>12.80000019073486328125</ele>
        <time>2026-09-29T22:45:20.000Z</time>
        <extensions>
          <ns3:TrackPointExtension>
            <ns3:hr>138</ns3:hr>
            <ns3:cad>93</ns3:cad>
          </ns3:TrackPointExtension>
        </extensions>
      </trkpt>
      <trkpt lat="22.60781164281070232391357421875" lon="113.88542323373258113861083984375">
        <ele>12.80000019073486328125</ele>
        <time>2026-09-29T22:45:21.000Z</time>
        <extensions>
          <ns3:TrackPointExtension>
            <ns3:hr>138</ns3:hr>
            <ns3:cad>92</ns3:cad>
          </ns3:TrackPointExtension>
        </extensions>
      </trkpt>
      <trkpt lat="22.60778280906379222869873046875" lon="113.8854362256824970245361328125">
        <ele>12.80000019073486328125</ele>
        <time>2026-09-29T22:45:22.000Z</time>
        <extensions>
          <ns3:TrackPointExtension>
            <ns3:hr>138</ns3:hr>
            <ns3:cad>92</ns3:cad>
          </ns3:TrackPointExtension>
        </extensions>
      </trkpt>
      <trkpt lat="22.6077612675726413726806640625" lon="113.8854481279850006103515625">
        <ele>12.80000019073486328125</ele>
        <time>2026-09-29T22:45:23.000Z</time>
        <extensions>
          <ns3:TrackPointExtension>
            <ns3:hr>137</ns3:hr>
            <ns3:cad>93</ns3:cad>
          </ns3:TrackPointExtension>
        </extensions>
      </trkpt>
      <trkpt lat="22.60773427784442901611328125" lon="113.8854607008397579193115234375">
        <ele>12.80000019073486328125</ele>
        <time>2026-09-29T22:45:24.000Z</time>
        <extensions>
          <ns3:TrackPointExtension>
            <ns3:hr>137</ns3:hr>
            <ns3:cad>93</ns3:cad>
          </ns3:TrackPointExtension>
        </extensions>
      </trkpt>
      <trkpt lat="22.60771022178232669830322265625" lon="113.8854722678661346435546875">
        <ele>12.80000019073486328125</ele>
        <time>2026-09-29T22:45:25.000Z</time>
        <extensions>
          <ns3:TrackPointExtension>
            <ns3:hr>137</ns3:hr>
            <ns3:cad>93</ns3:cad>
          </ns3:TrackPointExtension>
        </extensions>
      </trkpt>
      <trkpt lat="22.60768465697765350341796875" lon="113.88548358343541622161865234375">
        <ele>12.6000003814697265625</ele>
        <time>2026-09-29T22:45:26.000Z</time>
        <extensions>
          <ns3:TrackPointExtension>
            <ns3:hr>137</ns3:hr>
            <ns3:cad>92</ns3:cad>
          </ns3:TrackPointExtension>
        </extensions>
      </trkpt>
      <trkpt lat="22.60766160674393177032470703125" lon="113.885498754680156707763671875">
        <ele>12.6000003814697265625</ele>
        <time>2026-09-29T22:45:27.000Z</time>
        <extensions>
          <ns3:TrackPointExtension>
            <ns3:hr>138</ns3:hr>
            <ns3:cad>92</ns3:cad>
          </ns3:TrackPointExtension>
        </extensions>
      </trkpt>
      <trkpt lat="22.60763746686279773712158203125" lon="113.8855150155723094940185546875">
        <ele>12.6000003814697265625</ele>
        <time>2026-09-29T22:45:28.000Z</time>
        <extensions>
          <ns3:TrackPointExtension>
            <ns3:hr>137</ns3:hr>
            <ns3:cad>93</ns3:cad>
          </ns3:TrackPointExtension>
        </extensions>
      </trkpt>
      <trkpt lat="22.6076137460768222808837890625" lon="113.88553597033023834228515625">
        <ele>12.6000003814697265625</ele>
        <time>2026-09-29T22:45:29.000Z</time>
        <extensions>
          <ns3:TrackPointExtension>
            <ns3:hr>138</ns3:hr>
            <ns3:cad>94</ns3:cad>
          </ns3:TrackPointExtension>
        </extensions>
      </trkpt>
      <trkpt lat="22.6075927913188934326171875" lon="113.885552398860454559326171875">
        <ele>12.6000003814697265625</ele>
        <time>2026-09-29T22:45:30.000Z</time>
        <extensions>
          <ns3:TrackPointExtension>
            <ns3:hr>138</ns3:hr>
            <ns3:cad>94</ns3:cad>
          </ns3:TrackPointExtension>
        </extensions>
      </trkpt>
      <trkpt lat="22.60756521485745906829833984375" lon="113.8855755329132080078125">
        <ele>12.6000003814697265625</ele>
        <time>2026-09-29T22:45:31.000Z</time>
        <extensions>
          <ns3:TrackPointExtension>
            <ns3:hr>138</ns3:hr>
            <ns3:cad>94</ns3:cad>
          </ns3:TrackPointExtension>
        </extensions>
      </trkpt>
      <trkpt lat="22.60754744522273540496826171875" lon="113.88559372164309024810791015625">
        <ele>12.6000003814697265625</ele>
        <time>2026-09-29T22:45:32.000Z</time>
        <extensions>
          <ns3:TrackPointExtension>
            <ns3:hr>138</ns3:hr>
            <ns3:cad>91</ns3:cad>
          </ns3:TrackPointExtension>
        </extensions>
      </trkpt>
      <trkpt lat="22.6075242273509502410888671875" lon="113.88560838997364044189453125">
        <ele>12.6000003814697265625</ele>
        <time>2026-09-29T22:45:33.000Z</time>
        <extensions>
          <ns3:TrackPointExtension>
            <ns3:hr>138</ns3:hr>
            <ns3:cad>91</ns3:cad>
          </ns3:TrackPointExtension>
        </extensions>
      </trkpt>
      <trkpt lat="22.6075047813355922698974609375" lon="113.885628171265125274658203125">
        <ele>12.6000003814697265625</ele>
        <time>2026-09-29T22:45:34.000Z</time>
        <extensions>
          <ns3:TrackPointExtension>
            <ns3:hr>138</ns3:hr>
            <ns3:cad>91</ns3:cad>
          </ns3:TrackPointExtension>
        </extensions>
      </trkpt>
      <trkpt lat="22.6074856705963611602783203125" lon="113.88564300723373889923095703125">
        <ele>12.3999996185302734375</ele>
        <time>2026-09-29T22:45:35.000Z</time>
        <extensions>
          <ns3:TrackPointExtension>
            <ns3:hr>138</ns3:hr>
            <ns3:cad>92</ns3:cad>
          </ns3:TrackPointExtension>
        </extensions>
      </trkpt>
      <trkpt lat="22.60746647603809833526611328125" lon="113.88566069304943084716796875">
        <ele>12.3999996185302734375</ele>
        <time>2026-09-29T22:45:36.000Z</time>
        <extensions>
          <ns3:TrackPointExtension>
            <ns3:hr>138</ns3:hr>
            <ns3:cad>92</ns3:cad>
          </ns3:TrackPointExtension>
        </extensions>
      </trkpt>
      <trkpt lat="22.6074451021850109100341796875" lon="113.885673768818378448486328125">
        <ele>12.3999996185302734375</ele>
        <time>2026-09-29T22:45:37.000Z</time>
        <extensions>
          <ns3:TrackPointExtension>
            <ns3:hr>138</ns3:hr>
            <ns3:cad>92</ns3:cad>
          </ns3:TrackPointExtension>
        </extensions>
      </trkpt>
      <trkpt lat="22.60742322541773319244384765625" lon="113.885692544281482696533203125">
        <ele>12.3999996185302734375</ele>
        <time>2026-09-29T22:45:38.000Z</time>
        <extensions>
          <ns3:TrackPointExtension>
            <ns3:hr>138</ns3:hr>
            <ns3:cad>93</ns3:cad>
          </ns3:TrackPointExtension>
        </extensions>
      </trkpt>
      <trkpt lat="22.60740092955529689788818359375" lon="113.8857074640691280364990234375">
        <ele>12.3999996185302734375</ele>
        <time>2026-09-29T22:45:39.000Z</time>
        <extensions>
          <ns3:TrackPointExtension>
            <ns3:hr>138</ns3:hr>
            <ns3:cad>93</ns3:cad>
          </ns3:TrackPointExtension>
        </extensions>
      </trkpt>
      <trkpt lat="22.6073733530938625335693359375" lon="113.8857309333980083465576171875">
        <ele>12.3999996185302734375</ele>
        <time>2026-09-29T22:45:40.000Z</time>
        <extensions>
          <ns3:TrackPointExtension>
            <ns3:hr>137</ns3:hr>
            <ns3:cad>93</ns3:cad>
          </ns3:TrackPointExtension>
        </extensions>
      </trkpt>
      <trkpt lat="22.6073498837649822235107421875" lon="113.8857510499656200408935546875">
        <ele>12.6000003814697265625</ele>
        <time>2026-09-29T22:45:41.000Z</time>
        <extensions>
          <ns3:TrackPointExtension>
            <ns3:hr>138</ns3:hr>
            <ns3:cad>93</ns3:cad>
          </ns3:TrackPointExtension>
        </extensions>
      </trkpt>
      <trkpt lat="22.6073250733315944671630859375" lon="113.88576806522905826568603515625">
        <ele>12.6000003814697265625</ele>
        <time>2026-09-29T22:45:42.000Z</time>
        <extensions>
          <ns3:TrackPointExtension>
            <ns3:hr>138</ns3:hr>
            <ns3:cad>93</ns3:cad>
          </ns3:TrackPointExtension>
        </extensions>
      </trkpt>
      <trkpt lat="22.60730621404945850372314453125" lon="113.88578281737864017486572265625">
        <ele>12.3999996185302734375</ele>
        <time>2026-09-29T22:45:43.000Z</time>
        <extensions>
          <ns3:TrackPointExtension>
            <ns3:hr>137</ns3:hr>
            <ns3:cad>93</ns3:cad>
          </ns3:TrackPointExtension>
        </extensions>
      </trkpt>
      <trkpt lat="22.60728232562541961669921875" lon="113.885797820985317230224609375">
        <ele>12.3999996185302734375</ele>
        <time>2026-09-29T22:45:44.000Z</time>
        <extensions>
          <ns3:TrackPointExtension>
            <ns3:hr>138</ns3:hr>
            <ns3:cad>92</ns3:cad>
          </ns3:TrackPointExtension>
        </extensions>
      </trkpt>
      <trkpt lat="22.60726363398134708404541015625" lon="113.88581936247646808624267578125">
        <ele>12.3999996185302734375</ele>
        <time>2026-09-29T22:45:45.000Z</time>
        <extensions>
          <ns3:TrackPointExtension>
            <ns3:hr>138</ns3:hr>
            <ns3:cad>92</ns3:cad>
          </ns3:TrackPointExtension>
        </extensions>
      </trkpt>
      <trkpt lat="22.60723463259637355804443359375" lon="113.8858348689973354339599609375">
        <ele>12.3999996185302734375</ele>
        <time>2026-09-29T22:45:46.000Z</time>
        <extensions>
          <ns3:TrackPointExtension>
            <ns3:hr>138</ns3:hr>
            <ns3:cad>93</ns3:cad>
          </ns3:TrackPointExtension>
        </extensions>
      </trkpt>
      <trkpt lat="22.6072124205529689788818359375" lon="113.8858544826507568359375">
        <ele>12.3999996185302734375</ele>
        <time>2026-09-29T22:45:47.000Z</time>
        <extensions>
          <ns3:TrackPointExtension>
            <ns3:hr>138</ns3:hr>
            <ns3:cad>93</ns3:cad>
          </ns3:TrackPointExtension>
        </extensions>
      </trkpt>
      <trkpt lat="22.60719054378569126129150390625" lon="113.88586898334324359893798828125">
        <ele>12.3999996185302734375</ele>
        <time>2026-09-29T22:45:48.000Z</time>
        <extensions>
          <ns3:TrackPointExtension>
            <ns3:hr>138</ns3:hr>
            <ns3:cad>93</ns3:cad>
          </ns3:TrackPointExtension>
        </extensions>
      </trkpt>
      <trkpt lat="22.607167996466159820556640625" lon="113.885888345539569854736328125">
        <ele>12.6000003814697265625</ele>
        <time>2026-09-29T22:45:49.000Z</time>
        <extensions>
          <ns3:TrackPointExtension>
            <ns3:hr>139</ns3:hr>
            <ns3:cad>94</ns3:cad>
          </ns3:TrackPointExtension>
        </extensions>
      </trkpt>
      <trkpt lat="22.60714243166148662567138671875" lon="113.88590619899332523345947265625">
        <ele>12.6000003814697265625</ele>
        <time>2026-09-29T22:45:50.000Z</time>
        <extensions>
          <ns3:TrackPointExtension>
            <ns3:hr>139</ns3:hr>
            <ns3:cad>93</ns3:cad>
          </ns3:TrackPointExtension>
        </extensions>
      </trkpt>
      <trkpt lat="22.60711602866649627685546875" lon="113.8859250582754611968994140625">
        <ele>12.6000003814697265625</ele>
        <time>2026-09-29T22:45:51.000Z</time>
        <extensions>
          <ns3:TrackPointExtension>
            <ns3:hr>139</ns3:hr>
            <ns3:cad>93</ns3:cad>
          </ns3:TrackPointExtension>
        </extensions>
      </trkpt>
      <trkpt lat="22.6070944033563137054443359375" lon="113.88593637384474277496337890625">
        <ele>12.6000003814697265625</ele>
        <time>2026-09-29T22:45:52.000Z</time>
        <extensions>
          <ns3:TrackPointExtension>
            <ns3:hr>138</ns3:hr>
            <ns3:cad>91</ns3:cad>
          </ns3:TrackPointExtension>
        </extensions>
      </trkpt>
      <trkpt lat="22.6070662401616573333740234375" lon="113.88595280237495899200439453125">
        <ele>12.3999996185302734375</ele>
        <time>2026-09-29T22:45:53.000Z</time>
        <extensions>
          <ns3:TrackPointExtension>
            <ns3:hr>139</ns3:hr>
            <ns3:cad>91</ns3:cad>
          </ns3:TrackPointExtension>
        </extensions>
      </trkpt>
      <trkpt lat="22.60704268701374530792236328125" lon="113.8859656266868114471435546875">
        <ele>12.3999996185302734375</ele>
        <time>2026-09-29T22:45:54.000Z</time>
        <extensions>
          <ns3:TrackPointExtension>
            <ns3:hr>139</ns3:hr>
            <ns3:cad>93</ns3:cad>
          </ns3:TrackPointExtension>
        </extensions>
      </trkpt>
      <trkpt lat="22.6070166192948818206787109375" lon="113.88597710989415645599365234375">
        <ele>12.3999996185302734375</ele>
        <time>2026-09-29T22:45:55.000Z</time>
        <extensions>
          <ns3:TrackPointExtension>
            <ns3:hr>138</ns3:hr>
            <ns3:cad>94</ns3:cad>
          </ns3:TrackPointExtension>
        </extensions>
      </trkpt>
      <trkpt lat="22.6069901324808597564697265625" lon="113.88599060475826263427734375">
        <ele>12.3999996185302734375</ele>
        <time>2026-09-29T22:45:56.000Z</time>
        <extensions>
          <ns3:TrackPointExtension>
            <ns3:hr>139</ns3:hr>
            <ns3:cad>94</ns3:cad>
          </ns3:TrackPointExtension>
        </extensions>
      </trkpt>
      <trkpt lat="22.6069643162190914154052734375" lon="113.886004351079463958740234375">
        <ele>12.3999996185302734375</ele>
        <time>2026-09-29T22:45:57.000Z</time>
        <extensions>
          <ns3:TrackPointExtension>
            <ns3:hr>139</ns3:hr>
            <ns3:cad>94</ns3:cad>
          </ns3:TrackPointExtension>
        </extensions>
      </trkpt>
      <trkpt lat="22.6069388352334499359130859375" lon="113.886021785438060760498046875">
        <ele>12.3999996185302734375</ele>
        <time>2026-09-29T22:45:58.000Z</time>
        <extensions>
          <ns3:TrackPointExtension>
            <ns3:hr>138</ns3:hr>
            <ns3:cad>92</ns3:cad>
          </ns3:TrackPointExtension>
        </extensions>
      </trkpt>
      <trkpt lat="22.60691427625715732574462890625" lon="113.88603544794023036956787109375">
        <ele>12.3999996185302734375</ele>
        <time>2026-09-29T22:45:59.000Z</time>
        <extensions>
          <ns3:TrackPointExtension>
            <ns3:hr>138</ns3:hr>
            <ns3:cad>92</ns3:cad>
          </ns3:TrackPointExtension>
        </extensions>
      </trkpt>
      <trkpt lat="22.606890387833118438720703125" lon="113.8860476016998291015625">
        <ele>12.3999996185302734375</ele>
        <time>2026-09-29T22:46:00.000Z</time>
        <extensions>
          <ns3:TrackPointExtension>
            <ns3:hr>138</ns3:hr>
            <ns3:cad>91</ns3:cad>
          </ns3:TrackPointExtension>
        </extensions>
      </trkpt>
      <trkpt lat="22.6068632304668426513671875" lon="113.8860578276216983795166015625">
        <ele>12.3999996185302734375</ele>
        <time>2026-09-29T22:46:01.000Z</time>
        <extensions>
          <ns3:TrackPointExtension>
            <ns3:hr>138</ns3:hr>
            <ns3:cad>91</ns3:cad>
          </ns3:TrackPointExtension>
        </extensions>
      </trkpt>
      <trkpt lat="22.60683682747185230255126953125" lon="113.88607165776193141937255859375">
        <ele>12.3999996185302734375</ele>
        <time>2026-09-29T22:46:02.000Z</time>
        <extensions>
          <ns3:TrackPointExtension>
            <ns3:hr>139</ns3:hr>
            <ns3:cad>93</ns3:cad>
          </ns3:TrackPointExtension>
        </extensions>
      </trkpt>
      <trkpt lat="22.6068104244768619537353515625" lon="113.88607752509415149688720703125">
        <ele>12.3999996185302734375</ele>
        <time>2026-09-29T22:46:03.000Z</time>
        <extensions>
          <ns3:TrackPointExtension>
            <ns3:hr>138</ns3:hr>
            <ns3:cad>93</ns3:cad>
          </ns3:TrackPointExtension>
        </extensions>
      </trkpt>
      <trkpt lat="22.60678569786250591278076171875" lon="113.886085487902164459228515625">
        <ele>12.3999996185302734375</ele>
        <time>2026-09-29T22:46:04.000Z</time>
        <extensions>
          <ns3:TrackPointExtension>
            <ns3:hr>138</ns3:hr>
            <ns3:cad>93</ns3:cad>
          </ns3:TrackPointExtension>
        </extensions>
      </trkpt>
      <trkpt lat="22.60676306672394275665283203125" lon="113.8861010782420635223388671875">
        <ele>12.3999996185302734375</ele>
        <time>2026-09-29T22:46:05.000Z</time>
        <extensions>
          <ns3:TrackPointExtension>
            <ns3:hr>138</ns3:hr>
            <ns3:cad>93</ns3:cad>
          </ns3:TrackPointExtension>
        </extensions>
      </trkpt>
      <trkpt lat="22.6067319698631763458251953125" lon="113.8861094601452350616455078125">
        <ele>12.3999996185302734375</ele>
        <time>2026-09-29T22:46:06.000Z</time>
        <extensions>
          <ns3:TrackPointExtension>
            <ns3:hr>138</ns3:hr>
            <ns3:cad>92</ns3:cad>
          </ns3:TrackPointExtension>
        </extensions>
      </trkpt>
      <trkpt lat="22.606705985963344573974609375" lon="113.88612211681902408599853515625">
        <ele>12.3999996185302734375</ele>
        <time>2026-09-29T22:46:07.000Z</time>
        <extensions>
          <ns3:TrackPointExtension>
            <ns3:hr>139</ns3:hr>
            <ns3:cad>92</ns3:cad>
          </ns3:TrackPointExtension>
        </extensions>
      </trkpt>
      <trkpt lat="22.60667614638805389404296875" lon="113.88612739741802215576171875">
        <ele>12.3999996185302734375</ele>
        <time>2026-09-29T22:46:08.000Z</time>
        <extensions>
          <ns3:TrackPointExtension>
            <ns3:hr>139</ns3:hr>
            <ns3:cad>93</ns3:cad>
          </ns3:TrackPointExtension>
        </extensions>
      </trkpt>
      <trkpt lat="22.6066468097269535064697265625" lon="113.88613938353955745697021484375">
        <ele>12.19999980926513671875</ele>
        <time>2026-09-29T22:46:09.000Z</time>
        <extensions>
          <ns3:TrackPointExtension>
            <ns3:hr>139</ns3:hr>
            <ns3:cad>93</ns3:cad>
          </ns3:TrackPointExtension>
        </extensions>
      </trkpt>
      <trkpt lat="22.606618814170360565185546875" lon="113.88615380041301250457763671875">
        <ele>12.19999980926513671875</ele>
        <time>2026-09-29T22:46:10.000Z</time>
        <extensions>
          <ns3:TrackPointExtension>
            <ns3:hr>140</ns3:hr>
            <ns3:cad>92</ns3:cad>
          </ns3:TrackPointExtension>
        </extensions>
      </trkpt>
      <trkpt lat="22.606588639318943023681640625" lon="113.88616385869681835174560546875">
        <ele>12.19999980926513671875</ele>
        <time>2026-09-29T22:46:11.000Z</time>
        <extensions>
          <ns3:TrackPointExtension>
            <ns3:hr>140</ns3:hr>
            <ns3:cad>92</ns3:cad>
          </ns3:TrackPointExtension>
        </extensions>
      </trkpt>
      <trkpt lat="22.606560476124286651611328125" lon="113.88617274351418018341064453125">
        <ele>12.19999980926513671875</ele>
        <time>2026-09-29T22:46:12.000Z</time>
        <extensions>
          <ns3:TrackPointExtension>
            <ns3:hr>140</ns3:hr>
            <ns3:cad>92</ns3:cad>
          </ns3:TrackPointExtension>
        </extensions>
      </trkpt>
      <trkpt lat="22.60652602650225162506103515625" lon="113.88618146069347858428955078125">
        <ele>12</ele>
        <time>2026-09-29T22:46:13.000Z</time>
        <extensions>
          <ns3:TrackPointExtension>
            <ns3:hr>140</ns3:hr>
            <ns3:cad>92</ns3:cad>
          </ns3:TrackPointExtension>
        </extensions>
      </trkpt>
      <trkpt lat="22.60650004260241985321044921875" lon="113.8861869089305400848388671875">
        <ele>12</ele>
        <time>2026-09-29T22:46:14.000Z</time>
        <extensions>
          <ns3:TrackPointExtension>
            <ns3:hr>140</ns3:hr>
            <ns3:cad>93</ns3:cad>
          </ns3:TrackPointExtension>
        </extensions>
      </trkpt>
      <trkpt lat="22.60646785609424114227294921875" lon="113.8861932791769504547119140625">
        <ele>12</ele>
        <time>2026-09-29T22:46:15.000Z</time>
        <extensions>
          <ns3:TrackPointExtension>
            <ns3:hr>140</ns3:hr>
            <ns3:cad>93</ns3:cad>
          </ns3:TrackPointExtension>
        </extensions>
      </trkpt>
      <trkpt lat="22.60644421912729740142822265625" lon="113.88620040379464626312255859375">
        <ele>12</ele>
        <time>2026-09-29T22:46:16.000Z</time>
        <extensions>
          <ns3:TrackPointExtension>
            <ns3:hr>140</ns3:hr>
            <ns3:cad>93</ns3:cad>
          </ns3:TrackPointExtension>
        </extensions>
      </trkpt>
      <trkpt lat="22.60641421191394329071044921875" lon="113.88620794750750064849853515625">
        <ele>12</ele>
        <time>2026-09-29T22:46:17.000Z</time>
        <extensions>
          <ns3:TrackPointExtension>
            <ns3:hr>141</ns3:hr>
            <ns3:cad>93</ns3:cad>
          </ns3:TrackPointExtension>
        </extensions>
      </trkpt>
      <trkpt lat="22.60638873092830181121826171875" lon="113.88621649704873561859130859375">
        <ele>12</ele>
        <time>2026-09-29T22:46:18.000Z</time>
        <extensions>
          <ns3:TrackPointExtension>
            <ns3:hr>141</ns3:hr>
            <ns3:cad>93</ns3:cad>
          </ns3:TrackPointExtension>
        </extensions>
      </trkpt>
      <trkpt lat="22.606364004313945770263671875" lon="113.886218927800655364990234375">
        <ele>12</ele>
        <time>2026-09-29T22:46:19.000Z</time>
        <extensions>
          <ns3:TrackPointExtension>
            <ns3:hr>141</ns3:hr>
            <ns3:cad>93</ns3:cad>
          </ns3:TrackPointExtension>
        </extensions>
      </trkpt>
      <trkpt lat="22.60634179227054119110107421875" lon="113.8862251304090023040771484375">
        <ele>12</ele>
        <time>2026-09-29T22:46:20.000Z</time>
        <extensions>
          <ns3:TrackPointExtension>
            <ns3:hr>140</ns3:hr>
            <ns3:cad>95</ns3:cad>
          </ns3:TrackPointExtension>
        </extensions>
      </trkpt>
      <trkpt lat="22.60632100515067577362060546875" lon="113.88622705824673175811767578125">
        <ele>12</ele>
        <time>2026-09-29T22:46:21.000Z</time>
        <extensions>
          <ns3:TrackPointExtension>
            <ns3:hr>141</ns3:hr>
            <ns3:cad>95</ns3:cad>
          </ns3:TrackPointExtension>
        </extensions>
      </trkpt>
      <trkpt lat="22.60629284195601940155029296875" lon="113.88623376376926898956298828125">
        <ele>12</ele>
        <time>2026-09-29T22:46:22.000Z</time>
        <extensions>
          <ns3:TrackPointExtension>
            <ns3:hr>141</ns3:hr>
            <ns3:cad>92</ns3:cad>
          </ns3:TrackPointExtension>
        </extensions>
      </trkpt>
      <trkpt lat="22.60626769624650478363037109375" lon="113.88624315150082111358642578125">
        <ele>12</ele>
        <time>2026-09-29T22:46:23.000Z</time>
        <extensions>
          <ns3:TrackPointExtension>
            <ns3:hr>141</ns3:hr>
            <ns3:cad>92</ns3:cad>
          </ns3:TrackPointExtension>
        </extensions>
      </trkpt>
      <trkpt lat="22.60623492300510406494140625" lon="113.88625186868011951446533203125">
        <ele>12</ele>
        <time>2026-09-29T22:46:24.000Z</time>
        <extensions>
          <ns3:TrackPointExtension>
            <ns3:hr>141</ns3:hr>
            <ns3:cad>92</ns3:cad>
          </ns3:TrackPointExtension>
        </extensions>
      </trkpt>
      <trkpt lat="22.6062119565904140472412109375" lon="113.88626444153487682342529296875">
        <ele>12</ele>
        <time>2026-09-29T22:46:25.000Z</time>
        <extensions>
          <ns3:TrackPointExtension>
            <ns3:hr>141</ns3:hr>
            <ns3:cad>93</ns3:cad>
          </ns3:TrackPointExtension>
        </extensions>
      </trkpt>
      <trkpt lat="22.6061765849590301513671875" lon="113.88627533800899982452392578125">
        <ele>12</ele>
        <time>2026-09-29T22:46:26.000Z</time>
        <extensions>
          <ns3:TrackPointExtension>
            <ns3:hr>142</ns3:hr>
            <ns3:cad>93</ns3:cad>
          </ns3:TrackPointExtension>
        </extensions>
      </trkpt>
      <trkpt lat="22.6061536185443401336669921875" lon="113.8862841390073299407958984375">
        <ele>12</ele>
        <time>2026-09-29T22:46:27.000Z</time>
        <extensions>
          <ns3:TrackPointExtension>
            <ns3:hr>142</ns3:hr>
            <ns3:cad>94</ns3:cad>
          </ns3:TrackPointExtension>
        </extensions>
      </trkpt>
      <trkpt lat="22.606124617159366607666015625" lon="113.88629277236759662628173828125">
        <ele>12</ele>
        <time>2026-09-29T22:46:28.000Z</time>
        <extensions>
          <ns3:TrackPointExtension>
            <ns3:hr>142</ns3:hr>
            <ns3:cad>94</ns3:cad>
          </ns3:TrackPointExtension>
        </extensions>
      </trkpt>
      <trkpt lat="22.6060979627072811126708984375" lon="113.8863066025078296661376953125">
        <ele>12</ele>
        <time>2026-09-29T22:46:29.000Z</time>
        <extensions>
          <ns3:TrackPointExtension>
            <ns3:hr>143</ns3:hr>
            <ns3:cad>94</ns3:cad>
          </ns3:TrackPointExtension>
        </extensions>
      </trkpt>
      <trkpt lat="22.60607239790260791778564453125" lon="113.88631707988679409027099609375">
        <ele>12</ele>
        <time>2026-09-29T22:46:30.000Z</time>
        <extensions>
          <ns3:TrackPointExtension>
            <ns3:hr>144</ns3:hr>
            <ns3:cad>94</ns3:cad>
          </ns3:TrackPointExtension>
        </extensions>
      </trkpt>
      <trkpt lat="22.606044821441173553466796875" lon="113.88632797636091709136962890625">
        <ele>12</ele>
        <time>2026-09-29T22:46:31.000Z</time>
        <extensions>
          <ns3:TrackPointExtension>
            <ns3:hr>144</ns3:hr>
            <ns3:cad>94</ns3:cad>
          </ns3:TrackPointExtension>
        </extensions>
      </trkpt>
      <trkpt lat="22.60601925663650035858154296875" lon="113.88633526861667633056640625">
        <ele>12</ele>
        <time>2026-09-29T22:46:32.000Z</time>
        <extensions>
          <ns3:TrackPointExtension>
            <ns3:hr>145</ns3:hr>
            <ns3:cad>93</ns3:cad>
          </ns3:TrackPointExtension>
        </extensions>
      </trkpt>
      <trkpt lat="22.605991177260875701904296875" lon="113.8863418065011501312255859375">
        <ele>12</ele>
        <time>2026-09-29T22:46:33.000Z</time>
        <extensions>
          <ns3:TrackPointExtension>
            <ns3:hr>145</ns3:hr>
            <ns3:cad>93</ns3:cad>
          </ns3:TrackPointExtension>
        </extensions>
      </trkpt>
      <trkpt lat="22.60596762411296367645263671875" lon="113.88635002076625823974609375">
        <ele>11.80000019073486328125</ele>
        <time>2026-09-29T22:46:34.000Z</time>
        <extensions>
          <ns3:TrackPointExtension>
            <ns3:hr>146</ns3:hr>
            <ns3:cad>93</ns3:cad>
          </ns3:TrackPointExtension>
        </extensions>
      </trkpt>
      <trkpt lat="22.60594096966087818145751953125" lon="113.88635538518428802490234375">
        <ele>11.80000019073486328125</ele>
        <time>2026-09-29T22:46:35.000Z</time>
        <extensions>
          <ns3:TrackPointExtension>
            <ns3:hr>146</ns3:hr>
            <ns3:cad>93</ns3:cad>
          </ns3:TrackPointExtension>
        </extensions>
      </trkpt>
      <trkpt lat="22.6059132255613803863525390625" lon="113.88636435382068157196044921875">
        <ele>11.80000019073486328125</ele>
        <time>2026-09-29T22:46:36.000Z</time>
        <extensions>
          <ns3:TrackPointExtension>
            <ns3:hr>146</ns3:hr>
            <ns3:cad>93</ns3:cad>
          </ns3:TrackPointExtension>
        </extensions>
      </trkpt>
      <trkpt lat="22.60589000768959522247314453125" lon="113.88637139461934566497802734375">
        <ele>11.80000019073486328125</ele>
        <time>2026-09-29T22:46:37.000Z</time>
        <extensions>
          <ns3:TrackPointExtension>
            <ns3:hr>146</ns3:hr>
            <ns3:cad>93</ns3:cad>
          </ns3:TrackPointExtension>
        </extensions>
      </trkpt>
      <trkpt lat="22.6058605872094631195068359375" lon="113.88638312928378582000732421875">
        <ele>11.80000019073486328125</ele>
        <time>2026-09-29T22:46:38.000Z</time>
        <extensions>
          <ns3:TrackPointExtension>
            <ns3:hr>146</ns3:hr>
            <ns3:cad>93</ns3:cad>
          </ns3:TrackPointExtension>
        </extensions>
      </trkpt>
      <trkpt lat="22.60583921335637569427490234375" lon="113.886385895311832427978515625">
        <ele>11.80000019073486328125</ele>
        <time>2026-09-29T22:46:39.000Z</time>
        <extensions>
          <ns3:TrackPointExtension>
            <ns3:hr>145</ns3:hr>
            <ns3:cad>94</ns3:cad>
          </ns3:TrackPointExtension>
        </extensions>
      </trkpt>
      <trkpt lat="22.60580970905721187591552734375" lon="113.8863904215395450592041015625">
        <ele>11.80000019073486328125</ele>
        <time>2026-09-29T22:46:40.000Z</time>
        <extensions>
          <ns3:TrackPointExtension>
            <ns3:hr>145</ns3:hr>
            <ns3:cad>94</ns3:cad>
          </ns3:TrackPointExtension>
        </extensions>
      </trkpt>
      <trkpt lat="22.6057851500809192657470703125" lon="113.88640006072819232940673828125">
        <ele>11.80000019073486328125</ele>
        <time>2026-09-29T22:46:41.000Z</time>
        <extensions>
          <ns3:TrackPointExtension>
            <ns3:hr>145</ns3:hr>
            <ns3:cad>94</ns3:cad>
          </ns3:TrackPointExtension>
        </extensions>
      </trkpt>
      <trkpt lat="22.60575556196272373199462890625" lon="113.88641011901199817657470703125">
        <ele>11.80000019073486328125</ele>
        <time>2026-09-29T22:46:42.000Z</time>
        <extensions>
          <ns3:TrackPointExtension>
            <ns3:hr>145</ns3:hr>
            <ns3:cad>93</ns3:cad>
          </ns3:TrackPointExtension>
        </extensions>
      </trkpt>
      <trkpt lat="22.6057326793670654296875" lon="113.88641439378261566162109375">
        <ele>11.80000019073486328125</ele>
        <time>2026-09-29T22:46:43.000Z</time>
        <extensions>
          <ns3:TrackPointExtension>
            <ns3:hr>144</ns3:hr>
            <ns3:cad>93</ns3:cad>
          </ns3:TrackPointExtension>
        </extensions>
      </trkpt>
      <trkpt lat="22.60570384562015533447265625" lon="113.88641514815390110015869140625">
        <ele>11.80000019073486328125</ele>
        <time>2026-09-29T22:46:44.000Z</time>
        <extensions>
          <ns3:TrackPointExtension>
            <ns3:hr>144</ns3:hr>
            <ns3:cad>93</ns3:cad>
          </ns3:TrackPointExtension>
        </extensions>
      </trkpt>
      <trkpt lat="22.605680041015148162841796875" lon="113.8864209316670894622802734375">
        <ele>11.80000019073486328125</ele>
        <time>2026-09-29T22:46:45.000Z</time>
        <extensions>
          <ns3:TrackPointExtension>
            <ns3:hr>144</ns3:hr>
            <ns3:cad>93</ns3:cad>
          </ns3:TrackPointExtension>
        </extensions>
      </trkpt>
      <trkpt lat="22.60565615259110927581787109375" lon="113.88642101548612117767333984375">
        <ele>11.6000003814697265625</ele>
        <time>2026-09-29T22:46:46.000Z</time>
        <extensions>
          <ns3:TrackPointExtension>
            <ns3:hr>144</ns3:hr>
            <ns3:cad>93</ns3:cad>
          </ns3:TrackPointExtension>
        </extensions>
      </trkpt>
      <trkpt lat="22.60563083924353122711181640625" lon="113.8864296488463878631591796875">
        <ele>11.6000003814697265625</ele>
        <time>2026-09-29T22:46:47.000Z</time>
        <extensions>
          <ns3:TrackPointExtension>
            <ns3:hr>144</ns3:hr>
            <ns3:cad>92</ns3:cad>
          </ns3:TrackPointExtension>
        </extensions>
      </trkpt>
      <trkpt lat="22.605604939162731170654296875" lon="113.8864324986934661865234375">
        <ele>11.6000003814697265625</ele>
        <time>2026-09-29T22:46:48.000Z</time>
        <extensions>
          <ns3:TrackPointExtension>
            <ns3:hr>143</ns3:hr>
            <ns3:cad>92</ns3:cad>
          </ns3:TrackPointExtension>
        </extensions>
      </trkpt>
      <trkpt lat="22.60557970963418483734130859375" lon="113.8864340074360370635986328125">
        <ele>11.6000003814697265625</ele>
        <time>2026-09-29T22:46:49.000Z</time>
        <extensions>
          <ns3:TrackPointExtension>
            <ns3:hr>143</ns3:hr>
            <ns3:cad>92</ns3:cad>
          </ns3:TrackPointExtension>
        </extensions>
      </trkpt>
      <trkpt lat="22.60555590502917766571044921875" lon="113.88644482009112834930419921875">
        <ele>11.6000003814697265625</ele>
        <time>2026-09-29T22:46:50.000Z</time>
        <extensions>
          <ns3:TrackPointExtension>
            <ns3:hr>143</ns3:hr>
            <ns3:cad>93</ns3:cad>
          </ns3:TrackPointExtension>
        </extensions>
      </trkpt>
      <trkpt lat="22.60552673600614070892333984375" lon="113.8864584825932979583740234375">
        <ele>11.6000003814697265625</ele>
        <time>2026-09-29T22:46:51.000Z</time>
        <extensions>
          <ns3:TrackPointExtension>
            <ns3:hr>143</ns3:hr>
            <ns3:cad>93</ns3:cad>
          </ns3:TrackPointExtension>
        </extensions>
      </trkpt>
      <trkpt lat="22.60549857281148433685302734375" lon="113.8864767551422119140625">
        <ele>11.6000003814697265625</ele>
        <time>2026-09-29T22:46:52.000Z</time>
        <extensions>
          <ns3:TrackPointExtension>
            <ns3:hr>143</ns3:hr>
            <ns3:cad>94</ns3:cad>
          </ns3:TrackPointExtension>
        </extensions>
      </trkpt>
      <trkpt lat="22.605464458465576171875" lon="113.88648823834955692291259765625">
        <ele>11.6000003814697265625</ele>
        <time>2026-09-29T22:46:53.000Z</time>
        <extensions>
          <ns3:TrackPointExtension>
            <ns3:hr>143</ns3:hr>
            <ns3:cad>94</ns3:cad>
          </ns3:TrackPointExtension>
        </extensions>
      </trkpt>
      <trkpt lat="22.60543285869061946868896484375" lon="113.88650986365973949432373046875">
        <ele>11.6000003814697265625</ele>
        <time>2026-09-29T22:46:54.000Z</time>
        <extensions>
          <ns3:TrackPointExtension>
            <ns3:hr>142</ns3:hr>
            <ns3:cad>94</ns3:cad>
          </ns3:TrackPointExtension>
        </extensions>
      </trkpt>
      <trkpt lat="22.6053989119827747344970703125" lon="113.88651941902935504913330078125">
        <ele>11.6000003814697265625</ele>
        <time>2026-09-29T22:46:55.000Z</time>
        <extensions>
          <ns3:TrackPointExtension>
            <ns3:hr>142</ns3:hr>
            <ns3:cad>94</ns3:cad>
          </ns3:TrackPointExtension>
        </extensions>
      </trkpt>
      <trkpt lat="22.6053667254745960235595703125" lon="113.8865329138934612274169921875">
        <ele>11.6000003814697265625</ele>
        <time>2026-09-29T22:46:56.000Z</time>
        <extensions>
          <ns3:TrackPointExtension>
            <ns3:hr>142</ns3:hr>
            <ns3:cad>93</ns3:cad>
          </ns3:TrackPointExtension>
        </extensions>
      </trkpt>
      <trkpt lat="22.60533613152801990509033203125" lon="113.88653869740664958953857421875">
        <ele>11.6000003814697265625</ele>
        <time>2026-09-29T22:46:57.000Z</time>
        <extensions>
          <ns3:TrackPointExtension>
            <ns3:hr>142</ns3:hr>
            <ns3:cad>93</ns3:cad>
          </ns3:TrackPointExtension>
        </extensions>
      </trkpt>
      <trkpt lat="22.6053075492382049560546875" lon="113.88654322363436222076416015625">
        <ele>11.6000003814697265625</ele>
        <time>2026-09-29T22:46:58.000Z</time>
        <extensions>
          <ns3:TrackPointExtension>
            <ns3:hr>143</ns3:hr>
            <ns3:cad>93</ns3:cad>
          </ns3:TrackPointExtension>
        </extensions>
      </trkpt>
      <trkpt lat="22.60528131388127803802490234375" lon="113.8865453191101551055908203125">
        <ele>11.6000003814697265625</ele>
        <time>2026-09-29T22:46:59.000Z</time>
        <extensions>
          <ns3:TrackPointExtension>
            <ns3:hr>143</ns3:hr>
            <ns3:cad>93</ns3:cad>
          </ns3:TrackPointExtension>
        </extensions>
      </trkpt>
      <trkpt lat="22.605251558125019073486328125" lon="113.8865526951849460601806640625">
        <ele>11.3999996185302734375</ele>
        <time>2026-09-29T22:47:00.000Z</time>
        <extensions>
          <ns3:TrackPointExtension>
            <ns3:hr>143</ns3:hr>
            <ns3:cad>92</ns3:cad>
          </ns3:TrackPointExtension>
        </extensions>
      </trkpt>
      <trkpt lat="22.605228759348392486572265625" lon="113.88655948452651500701904296875">
        <ele>11.3999996185302734375</ele>
        <time>2026-09-29T22:47:01.000Z</time>
        <extensions>
          <ns3:TrackPointExtension>
            <ns3:hr>143</ns3:hr>
            <ns3:cad>92</ns3:cad>
          </ns3:TrackPointExtension>
        </extensions>
      </trkpt>
      <trkpt lat="22.60519959032535552978515625" lon="113.886559903621673583984375">
        <ele>11.3999996185302734375</ele>
        <time>2026-09-29T22:47:02.000Z</time>
        <extensions>
          <ns3:TrackPointExtension>
            <ns3:hr>143</ns3:hr>
            <ns3:cad>92</ns3:cad>
          </ns3:TrackPointExtension>
        </extensions>
      </trkpt>
      <trkpt lat="22.60517419315874576568603515625" lon="113.88656635768711566925048828125">
        <ele>11.3999996185302734375</ele>
        <time>2026-09-29T22:47:03.000Z</time>
        <extensions>
          <ns3:TrackPointExtension>
            <ns3:hr>142</ns3:hr>
            <ns3:cad>92</ns3:cad>
          </ns3:TrackPointExtension>
        </extensions>
      </trkpt>
      <trkpt lat="22.60514250956475734710693359375" lon="113.8865684531629085540771484375">
        <ele>11.3999996185302734375</ele>
        <time>2026-09-29T22:47:04.000Z</time>
        <extensions>
          <ns3:TrackPointExtension>
            <ns3:hr>143</ns3:hr>
            <ns3:cad>93</ns3:cad>
          </ns3:TrackPointExtension>
        </extensions>
      </trkpt>
      <trkpt lat="22.6051171123981475830078125" lon="113.886572308838367462158203125">
        <ele>11.3999996185302734375</ele>
        <time>2026-09-29T22:47:05.000Z</time>
        <extensions>
          <ns3:TrackPointExtension>
            <ns3:hr>143</ns3:hr>
            <ns3:cad>93</ns3:cad>
          </ns3:TrackPointExtension>
        </extensions>
      </trkpt>
      <trkpt lat="22.60509473271667957305908203125" lon="113.88657490722835063934326171875">
        <ele>11.3999996185302734375</ele>
        <time>2026-09-29T22:47:06.000Z</time>
        <extensions>
          <ns3:TrackPointExtension>
            <ns3:hr>142</ns3:hr>
            <ns3:cad>92</ns3:cad>
          </ns3:TrackPointExtension>
        </extensions>
      </trkpt>
      <trkpt lat="22.6050666533410549163818359375" lon="113.8865764997899532318115234375">
        <ele>11.3999996185302734375</ele>
        <time>2026-09-29T22:47:07.000Z</time>
        <extensions>
          <ns3:TrackPointExtension>
            <ns3:hr>143</ns3:hr>
            <ns3:cad>92</ns3:cad>
          </ns3:TrackPointExtension>
        </extensions>
      </trkpt>
      <trkpt lat="22.6050393283367156982421875" lon="113.8865764997899532318115234375">
        <ele>11.3999996185302734375</ele>
        <time>2026-09-29T22:47:08.000Z</time>
        <extensions>
          <ns3:TrackPointExtension>
            <ns3:hr>143</ns3:hr>
            <ns3:cad>92</ns3:cad>
          </ns3:TrackPointExtension>
        </extensions>
      </trkpt>
      <trkpt lat="22.6050026156008243560791015625" lon="113.88659988529980182647705078125">
        <ele>11.3999996185302734375</ele>
        <time>2026-09-29T22:47:09.000Z</time>
        <extensions>
          <ns3:TrackPointExtension>
            <ns3:hr>143</ns3:hr>
            <ns3:cad>92</ns3:cad>
          </ns3:TrackPointExtension>
        </extensions>
      </trkpt>
      <trkpt lat="22.6049722731113433837890625" lon="113.88661824166774749755859375">
        <ele>11.3999996185302734375</ele>
        <time>2026-09-29T22:47:10.000Z</time>
        <extensions>
          <ns3:TrackPointExtension>
            <ns3:hr>143</ns3:hr>
            <ns3:cad>93</ns3:cad>
          </ns3:TrackPointExtension>
        </extensions>
      </trkpt>
      <trkpt lat="22.60493681766092777252197265625" lon="113.88662788085639476776123046875">
        <ele>11.3999996185302734375</ele>
        <time>2026-09-29T22:47:11.000Z</time>
        <extensions>
          <ns3:TrackPointExtension>
            <ns3:hr>143</ns3:hr>
            <ns3:cad>93</ns3:cad>
          </ns3:TrackPointExtension>
        </extensions>
      </trkpt>
      <trkpt lat="22.6049120910465717315673828125" lon="113.88664380647242069244384765625">
        <ele>11.3999996185302734375</ele>
        <time>2026-09-29T22:47:12.000Z</time>
        <extensions>
          <ns3:TrackPointExtension>
            <ns3:hr>143</ns3:hr>
            <ns3:cad>92</ns3:cad>
          </ns3:TrackPointExtension>
        </extensions>
      </trkpt>
      <trkpt lat="22.6048889569938182830810546875" lon="113.886646069586277008056640625">
        <ele>11.3999996185302734375</ele>
        <time>2026-09-29T22:47:13.000Z</time>
        <extensions>
          <ns3:TrackPointExtension>
            <ns3:hr>144</ns3:hr>
            <ns3:cad>92</ns3:cad>
          </ns3:TrackPointExtension>
        </extensions>
      </trkpt>
      <trkpt lat="22.60486163198947906494140625" lon="113.88665403239428997039794921875">
        <ele>11.3999996185302734375</ele>
        <time>2026-09-29T22:47:14.000Z</time>
        <extensions>
          <ns3:TrackPointExtension>
            <ns3:hr>144</ns3:hr>
            <ns3:cad>93</ns3:cad>
          </ns3:TrackPointExtension>
        </extensions>
      </trkpt>
      <trkpt lat="22.60483841411769390106201171875" lon="113.8866578042507171630859375">
        <ele>11.3999996185302734375</ele>
        <time>2026-09-29T22:47:15.000Z</time>
        <extensions>
          <ns3:TrackPointExtension>
            <ns3:hr>144</ns3:hr>
            <ns3:cad>93</ns3:cad>
          </ns3:TrackPointExtension>
        </extensions>
      </trkpt>
      <trkpt lat="22.60480706579983234405517578125" lon="113.8866687007248401641845703125">
        <ele>11.19999980926513671875</ele>
        <time>2026-09-29T22:47:16.000Z</time>
        <extensions>
          <ns3:TrackPointExtension>
            <ns3:hr>145</ns3:hr>
            <ns3:cad>94</ns3:cad>
          </ns3:TrackPointExtension>
        </extensions>
      </trkpt>
      <trkpt lat="22.604784853756427764892578125" lon="113.88667431659996509552001953125">
        <ele>11.19999980926513671875</ele>
        <time>2026-09-29T22:47:17.000Z</time>
        <extensions>
          <ns3:TrackPointExtension>
            <ns3:hr>145</ns3:hr>
            <ns3:cad>94</ns3:cad>
          </ns3:TrackPointExtension>
        </extensions>
      </trkpt>
      <trkpt lat="22.604751996695995330810546875" lon="113.8866868056356906890869140625">
        <ele>11.19999980926513671875</ele>
        <time>2026-09-29T22:47:18.000Z</time>
        <extensions>
          <ns3:TrackPointExtension>
            <ns3:hr>144</ns3:hr>
            <ns3:cad>94</ns3:cad>
          </ns3:TrackPointExtension>
        </extensions>
      </trkpt>
      <trkpt lat="22.604727856814861297607421875" lon="113.88670063577592372894287109375">
        <ele>11.19999980926513671875</ele>
        <time>2026-09-29T22:47:19.000Z</time>
        <extensions>
          <ns3:TrackPointExtension>
            <ns3:hr>144</ns3:hr>
            <ns3:cad>94</ns3:cad>
          </ns3:TrackPointExtension>
        </extensions>
      </trkpt>
      <trkpt lat="22.6046951673924922943115234375" lon="113.8867116160690784454345703125">
        <ele>11.19999980926513671875</ele>
        <time>2026-09-29T22:47:20.000Z</time>
        <extensions>
          <ns3:TrackPointExtension>
            <ns3:hr>144</ns3:hr>
            <ns3:cad>93</ns3:cad>
          </ns3:TrackPointExtension>
        </extensions>
      </trkpt>
      <trkpt lat="22.60467127896845340728759765625" lon="113.88672980479896068572998046875">
        <ele>11.19999980926513671875</ele>
        <time>2026-09-29T22:47:21.000Z</time>
        <extensions>
          <ns3:TrackPointExtension>
            <ns3:hr>144</ns3:hr>
            <ns3:cad>93</ns3:cad>
          </ns3:TrackPointExtension>
        </extensions>
      </trkpt>
      <trkpt lat="22.6046369969844818115234375" lon="113.88673718087375164031982421875">
        <ele>11.19999980926513671875</ele>
        <time>2026-09-29T22:47:22.000Z</time>
        <extensions>
          <ns3:TrackPointExtension>
            <ns3:hr>144</ns3:hr>
            <ns3:cad>93</ns3:cad>
          </ns3:TrackPointExtension>
        </extensions>
      </trkpt>
      <trkpt lat="22.60461143217980861663818359375" lon="113.886747322976589202880859375">
        <ele>11.19999980926513671875</ele>
        <time>2026-09-29T22:47:23.000Z</time>
        <extensions>
          <ns3:TrackPointExtension>
            <ns3:hr>144</ns3:hr>
            <ns3:cad>94</ns3:cad>
          </ns3:TrackPointExtension>
        </extensions>
      </trkpt>
      <trkpt lat="22.604583017528057098388671875" lon="113.88675034046173095703125">
        <ele>11.19999980926513671875</ele>
        <time>2026-09-29T22:47:24.000Z</time>
        <extensions>
          <ns3:TrackPointExtension>
            <ns3:hr>145</ns3:hr>
            <ns3:cad>94</ns3:cad>
          </ns3:TrackPointExtension>
        </extensions>
      </trkpt>
      <trkpt lat="22.6045538485050201416015625" lon="113.88675914146006107330322265625">
        <ele>11.19999980926513671875</ele>
        <time>2026-09-29T22:47:25.000Z</time>
        <extensions>
          <ns3:TrackPointExtension>
            <ns3:hr>145</ns3:hr>
            <ns3:cad>94</ns3:cad>
          </ns3:TrackPointExtension>
        </extensions>
      </trkpt>
      <trkpt lat="22.604532055556774139404296875" lon="113.8867676071822643280029296875">
        <ele>11.3999996185302734375</ele>
        <time>2026-09-29T22:47:26.000Z</time>
        <extensions>
          <ns3:TrackPointExtension>
            <ns3:hr>145</ns3:hr>
            <ns3:cad>92</ns3:cad>
          </ns3:TrackPointExtension>
        </extensions>
      </trkpt>
      <trkpt lat="22.60450263507664203643798828125" lon="113.886775486171245574951171875">
        <ele>11.3999996185302734375</ele>
        <time>2026-09-29T22:47:27.000Z</time>
        <extensions>
          <ns3:TrackPointExtension>
            <ns3:hr>145</ns3:hr>
            <ns3:cad>92</ns3:cad>
          </ns3:TrackPointExtension>
        </extensions>
      </trkpt>
      <trkpt lat="22.604479752480983734130859375" lon="113.8867837004363536834716796875">
        <ele>11.3999996185302734375</ele>
        <time>2026-09-29T22:47:28.000Z</time>
        <extensions>
          <ns3:TrackPointExtension>
            <ns3:hr>146</ns3:hr>
            <ns3:cad>92</ns3:cad>
          </ns3:TrackPointExtension>
        </extensions>
      </trkpt>
      <trkpt lat="22.60444697923958301544189453125" lon="113.88678663410246372222900390625">
        <ele>11.3999996185302734375</ele>
        <time>2026-09-29T22:47:29.000Z</time>
        <extensions>
          <ns3:TrackPointExtension>
            <ns3:hr>146</ns3:hr>
            <ns3:cad>93</ns3:cad>
          </ns3:TrackPointExtension>
        </extensions>
      </trkpt>
      <trkpt lat="22.60442786850035190582275390625" lon="113.88679216615855693817138671875">
        <ele>11.19999980926513671875</ele>
        <time>2026-09-29T22:47:30.000Z</time>
        <extensions>
          <ns3:TrackPointExtension>
            <ns3:hr>146</ns3:hr>
            <ns3:cad>93</ns3:cad>
          </ns3:TrackPointExtension>
        </extensions>
      </trkpt>
      <trkpt lat="22.60439869947731494903564453125" lon="113.88679618947207927703857421875">
        <ele>11.19999980926513671875</ele>
        <time>2026-09-29T22:47:31.000Z</time>
        <extensions>
          <ns3:TrackPointExtension>
            <ns3:hr>146</ns3:hr>
            <ns3:cad>93</ns3:cad>
          </ns3:TrackPointExtension>
        </extensions>
      </trkpt>
      <trkpt lat="22.60437238030135631561279296875" lon="113.8868071697652339935302734375">
        <ele>11.19999980926513671875</ele>
        <time>2026-09-29T22:47:32.000Z</time>
        <extensions>
          <ns3:TrackPointExtension>
            <ns3:hr>146</ns3:hr>
            <ns3:cad>92</ns3:cad>
          </ns3:TrackPointExtension>
        </extensions>
      </trkpt>
      <trkpt lat="22.60434321127831935882568359375" lon="113.88681060634553432464599609375">
        <ele>11.19999980926513671875</ele>
        <time>2026-09-29T22:47:33.000Z</time>
        <extensions>
          <ns3:TrackPointExtension>
            <ns3:hr>146</ns3:hr>
            <ns3:cad>92</ns3:cad>
          </ns3:TrackPointExtension>
        </extensions>
      </trkpt>
      <trkpt lat="22.60431035421788692474365234375" lon="113.8868172280490398406982421875">
        <ele>11.19999980926513671875</ele>
        <time>2026-09-29T22:47:34.000Z</time>
        <extensions>
          <ns3:TrackPointExtension>
            <ns3:hr>146</ns3:hr>
            <ns3:cad>92</ns3:cad>
          </ns3:TrackPointExtension>
        </extensions>
      </trkpt>
      <trkpt lat="22.6042824424803256988525390625" lon="113.88682083226740360260009765625">
        <ele>11.19999980926513671875</ele>
        <time>2026-09-29T22:47:35.000Z</time>
        <extensions>
          <ns3:TrackPointExtension>
            <ns3:hr>146</ns3:hr>
            <ns3:cad>93</ns3:cad>
          </ns3:TrackPointExtension>
        </extensions>
      </trkpt>
      <trkpt lat="22.604245729744434356689453125" lon="113.8868252746760845184326171875">
        <ele>11.19999980926513671875</ele>
        <time>2026-09-29T22:47:36.000Z</time>
        <extensions>
          <ns3:TrackPointExtension>
            <ns3:hr>147</ns3:hr>
            <ns3:cad>93</ns3:cad>
          </ns3:TrackPointExtension>
        </extensions>
      </trkpt>
      <trkpt lat="22.60422234423458576202392578125" lon="113.8868343271315097808837890625">
        <ele>11.19999980926513671875</ele>
        <time>2026-09-29T22:47:37.000Z</time>
        <extensions>
          <ns3:TrackPointExtension>
            <ns3:hr>147</ns3:hr>
            <ns3:cad>93</ns3:cad>
          </ns3:TrackPointExtension>
        </extensions>
      </trkpt>
      <trkpt lat="22.6041909120976924896240234375" lon="113.88685016892850399017333984375">
        <ele>11.19999980926513671875</ele>
        <time>2026-09-29T22:47:38.000Z</time>
        <extensions>
          <ns3:TrackPointExtension>
            <ns3:hr>146</ns3:hr>
            <ns3:cad>92</ns3:cad>
          </ns3:TrackPointExtension>
        </extensions>
      </trkpt>
      <trkpt lat="22.60417238809168338775634765625" lon="113.88686626218259334564208984375">
        <ele>11</ele>
        <time>2026-09-29T22:47:39.000Z</time>
        <extensions>
          <ns3:TrackPointExtension>
            <ns3:hr>146</ns3:hr>
            <ns3:cad>92</ns3:cad>
          </ns3:TrackPointExtension>
        </extensions>
      </trkpt>
      <trkpt lat="22.60413785465061664581298828125" lon="113.88687280006706714630126953125">
        <ele>11</ele>
        <time>2026-09-29T22:47:40.000Z</time>
        <extensions>
          <ns3:TrackPointExtension>
            <ns3:hr>146</ns3:hr>
            <ns3:cad>92</ns3:cad>
          </ns3:TrackPointExtension>
        </extensions>
      </trkpt>
      <trkpt lat="22.60410659015178680419921875" lon="113.8868831098079681396484375">
        <ele>11</ele>
        <time>2026-09-29T22:47:41.000Z</time>
        <extensions>
          <ns3:TrackPointExtension>
            <ns3:hr>146</ns3:hr>
            <ns3:cad>93</ns3:cad>
          </ns3:TrackPointExtension>
        </extensions>
      </trkpt>
      <trkpt lat="22.6040755771100521087646484375" lon="113.8868849538266658782958984375">
        <ele>11</ele>
        <time>2026-09-29T22:47:42.000Z</time>
        <extensions>
          <ns3:TrackPointExtension>
            <ns3:hr>146</ns3:hr>
            <ns3:cad>93</ns3:cad>
          </ns3:TrackPointExtension>
        </extensions>
      </trkpt>
      <trkpt lat="22.604045234620571136474609375" lon="113.88688788749277591705322265625">
        <ele>11</ele>
        <time>2026-09-29T22:47:43.000Z</time>
        <extensions>
          <ns3:TrackPointExtension>
            <ns3:hr>146</ns3:hr>
            <ns3:cad>92</ns3:cad>
          </ns3:TrackPointExtension>
        </extensions>
      </trkpt>
      <trkpt lat="22.60401665233075618743896484375" lon="113.886888138949871063232421875">
        <ele>11</ele>
        <time>2026-09-29T22:47:44.000Z</time>
        <extensions>
          <ns3:TrackPointExtension>
            <ns3:hr>146</ns3:hr>
            <ns3:cad>92</ns3:cad>
          </ns3:TrackPointExtension>
        </extensions>
      </trkpt>
      <trkpt lat="22.60398329235613346099853515625" lon="113.8868906535208225250244140625">
        <ele>10.80000019073486328125</ele>
        <time>2026-09-29T22:47:45.000Z</time>
        <extensions>
          <ns3:TrackPointExtension>
            <ns3:hr>145</ns3:hr>
            <ns3:cad>92</ns3:cad>
          </ns3:TrackPointExtension>
        </extensions>
      </trkpt>
      <trkpt lat="22.603960074484348297119140625" lon="113.88689459301531314849853515625">
        <ele>10.80000019073486328125</ele>
        <time>2026-09-29T22:47:46.000Z</time>
        <extensions>
          <ns3:TrackPointExtension>
            <ns3:hr>145</ns3:hr>
            <ns3:cad>92</ns3:cad>
          </ns3:TrackPointExtension>
        </extensions>
      </trkpt>
      <trkpt lat="22.60392461903393268585205078125" lon="113.886903561651706695556640625">
        <ele>10.80000019073486328125</ele>
        <time>2026-09-29T22:47:47.000Z</time>
        <extensions>
          <ns3:TrackPointExtension>
            <ns3:hr>145</ns3:hr>
            <ns3:cad>94</ns3:cad>
          </ns3:TrackPointExtension>
        </extensions>
      </trkpt>
      <trkpt lat="22.60390768758952617645263671875" lon="113.88692225329577922821044921875">
        <ele>10.80000019073486328125</ele>
        <time>2026-09-29T22:47:48.000Z</time>
        <extensions>
          <ns3:TrackPointExtension>
            <ns3:hr>144</ns3:hr>
            <ns3:cad>94</ns3:cad>
          </ns3:TrackPointExtension>
        </extensions>
      </trkpt>
      <trkpt lat="22.6038888283073902130126953125" lon="113.886951170861721038818359375">
        <ele>10.80000019073486328125</ele>
        <time>2026-09-29T22:47:49.000Z</time>
        <extensions>
          <ns3:TrackPointExtension>
            <ns3:hr>144</ns3:hr>
            <ns3:cad>94</ns3:cad>
          </ns3:TrackPointExtension>
        </extensions>
      </trkpt>
      <trkpt lat="22.60388606227934360504150390625" lon="113.88697019778192043304443359375">
        <ele>11</ele>
        <time>2026-09-29T22:47:50.000Z</time>
        <extensions>
          <ns3:TrackPointExtension>
            <ns3:hr>144</ns3:hr>
            <ns3:cad>93</ns3:cad>
          </ns3:TrackPointExtension>
        </extensions>
      </trkpt>
      <trkpt lat="22.60387147776782512664794921875" lon="113.8870029710233211517333984375">
        <ele>11</ele>
        <time>2026-09-29T22:47:51.000Z</time>
        <extensions>
          <ns3:TrackPointExtension>
            <ns3:hr>144</ns3:hr>
            <ns3:cad>92</ns3:cad>
          </ns3:TrackPointExtension>
        </extensions>
      </trkpt>
      <trkpt lat="22.60387030430138111114501953125" lon="113.8870250992476940155029296875">
        <ele>11</ele>
        <time>2026-09-29T22:47:52.000Z</time>
        <extensions>
          <ns3:TrackPointExtension>
            <ns3:hr>145</ns3:hr>
            <ns3:cad>92</ns3:cad>
          </ns3:TrackPointExtension>
        </extensions>
      </trkpt>
      <trkpt lat="22.60385639034211635589599609375" lon="113.887055777013301849365234375">
        <ele>11</ele>
        <time>2026-09-29T22:47:53.000Z</time>
        <extensions>
          <ns3:TrackPointExtension>
            <ns3:hr>144</ns3:hr>
            <ns3:cad>92</ns3:cad>
          </ns3:TrackPointExtension>
        </extensions>
      </trkpt>
      <trkpt lat="22.60384817607700824737548828125" lon="113.88708620332181453704833984375">
        <ele>11.19999980926513671875</ele>
        <time>2026-09-29T22:47:54.000Z</time>
        <extensions>
          <ns3:TrackPointExtension>
            <ns3:hr>144</ns3:hr>
            <ns3:cad>92</ns3:cad>
          </ns3:TrackPointExtension>
        </extensions>
      </trkpt>
      <trkpt lat="22.60382655076682567596435546875" lon="113.88710363768041133880615234375">
        <ele>11.19999980926513671875</ele>
        <time>2026-09-29T22:47:55.000Z</time>
        <extensions>
          <ns3:TrackPointExtension>
            <ns3:hr>144</ns3:hr>
            <ns3:cad>92</ns3:cad>
          </ns3:TrackPointExtension>
        </extensions>
      </trkpt>
      <trkpt lat="22.6038053445518016815185546875" lon="113.88712375424802303314208984375">
        <ele>11.19999980926513671875</ele>
        <time>2026-09-29T22:47:56.000Z</time>
        <extensions>
          <ns3:TrackPointExtension>
            <ns3:hr>144</ns3:hr>
            <ns3:cad>92</ns3:cad>
          </ns3:TrackPointExtension>
        </extensions>
      </trkpt>
      <trkpt lat="22.603781707584857940673828125" lon="113.887123502790927886962890625">
        <ele>11.3999996185302734375</ele>
        <time>2026-09-29T22:47:57.000Z</time>
        <extensions>
          <ns3:TrackPointExtension>
            <ns3:hr>144</ns3:hr>
            <ns3:cad>92</ns3:cad>
          </ns3:TrackPointExtension>
        </extensions>
      </trkpt>
      <trkpt lat="22.60375832207500934600830078125" lon="113.88712392188608646392822265625">
        <ele>11.3999996185302734375</ele>
        <time>2026-09-29T22:47:58.000Z</time>
        <extensions>
          <ns3:TrackPointExtension>
            <ns3:hr>145</ns3:hr>
            <ns3:cad>92</ns3:cad>
          </ns3:TrackPointExtension>
        </extensions>
      </trkpt>
      <trkpt lat="22.60373669676482677459716796875" lon="113.88711537234485149383544921875">
        <ele>11.6000003814697265625</ele>
        <time>2026-09-29T22:47:59.000Z</time>
        <extensions>
          <ns3:TrackPointExtension>
            <ns3:hr>145</ns3:hr>
            <ns3:cad>92</ns3:cad>
          </ns3:TrackPointExtension>
        </extensions>
      </trkpt>
      <trkpt lat="22.60370719246566295623779296875" lon="113.88710900209844112396240234375">
        <ele>11.6000003814697265625</ele>
        <time>2026-09-29T22:48:00.000Z</time>
        <extensions>
          <ns3:TrackPointExtension>
            <ns3:hr>145</ns3:hr>
            <ns3:cad>92</ns3:cad>
          </ns3:TrackPointExtension>
        </extensions>
      </trkpt>
      <trkpt lat="22.60368523187935352325439453125" lon="113.8871025480329990386962890625">
        <ele>11.6000003814697265625</ele>
        <time>2026-09-29T22:48:01.000Z</time>
        <extensions>
          <ns3:TrackPointExtension>
            <ns3:hr>145</ns3:hr>
            <ns3:cad>92</ns3:cad>
          </ns3:TrackPointExtension>
        </extensions>
      </trkpt>
      <trkpt lat="22.6036544702947139739990234375" lon="113.88709031045436859130859375">
        <ele>11.3999996185302734375</ele>
        <time>2026-09-29T22:48:02.000Z</time>
        <extensions>
          <ns3:TrackPointExtension>
            <ns3:hr>145</ns3:hr>
            <ns3:cad>92</ns3:cad>
          </ns3:TrackPointExtension>
        </extensions>
      </trkpt>
      <trkpt lat="22.603630162775516510009765625" lon="113.8870834372937679290771484375">
        <ele>11.3999996185302734375</ele>
        <time>2026-09-29T22:48:03.000Z</time>
        <extensions>
          <ns3:TrackPointExtension>
            <ns3:hr>145</ns3:hr>
            <ns3:cad>92</ns3:cad>
          </ns3:TrackPointExtension>
        </extensions>
      </trkpt>
      <trkpt lat="22.6036043465137481689453125" lon="113.8870740495622158050537109375">
        <ele>11.3999996185302734375</ele>
        <time>2026-09-29T22:48:04.000Z</time>
        <extensions>
          <ns3:TrackPointExtension>
            <ns3:hr>144</ns3:hr>
            <ns3:cad>92</ns3:cad>
          </ns3:TrackPointExtension>
        </extensions>
      </trkpt>
      <trkpt lat="22.6035810448229312896728515625" lon="113.88706541620194911956787109375">
        <ele>11.3999996185302734375</ele>
        <time>2026-09-29T22:48:05.000Z</time>
        <extensions>
          <ns3:TrackPointExtension>
            <ns3:hr>145</ns3:hr>
            <ns3:cad>92</ns3:cad>
          </ns3:TrackPointExtension>
        </extensions>
      </trkpt>
      <trkpt lat="22.60355380363762378692626953125" lon="113.8870495744049549102783203125">
        <ele>11.3999996185302734375</ele>
        <time>2026-09-29T22:48:06.000Z</time>
        <extensions>
          <ns3:TrackPointExtension>
            <ns3:hr>145</ns3:hr>
            <ns3:cad>92</ns3:cad>
          </ns3:TrackPointExtension>
        </extensions>
      </trkpt>
      <trkpt lat="22.60352865792810916900634765625" lon="113.88703842647373676300048828125">
        <ele>11.3999996185302734375</ele>
        <time>2026-09-29T22:48:07.000Z</time>
        <extensions>
          <ns3:TrackPointExtension>
            <ns3:hr>145</ns3:hr>
            <ns3:cad>92</ns3:cad>
          </ns3:TrackPointExtension>
        </extensions>
      </trkpt>
      <trkpt lat="22.6035072840750217437744140625" lon="113.8870227523148059844970703125">
        <ele>11.3999996185302734375</ele>
        <time>2026-09-29T22:48:08.000Z</time>
        <extensions>
          <ns3:TrackPointExtension>
            <ns3:hr>145</ns3:hr>
            <ns3:cad>92</ns3:cad>
          </ns3:TrackPointExtension>
        </extensions>
      </trkpt>
      <trkpt lat="22.603483982384204864501953125" lon="113.887011520564556121826171875">
        <ele>11.19999980926513671875</ele>
        <time>2026-09-29T22:48:09.000Z</time>
        <extensions>
          <ns3:TrackPointExtension>
            <ns3:hr>145</ns3:hr>
            <ns3:cad>92</ns3:cad>
          </ns3:TrackPointExtension>
        </extensions>
      </trkpt>
      <trkpt lat="22.60345841757953166961669921875" lon="113.8870049826800823211669921875">
        <ele>11.19999980926513671875</ele>
        <time>2026-09-29T22:48:10.000Z</time>
        <extensions>
          <ns3:TrackPointExtension>
            <ns3:hr>144</ns3:hr>
            <ns3:cad>93</ns3:cad>
          </ns3:TrackPointExtension>
        </extensions>
      </trkpt>
      <trkpt lat="22.60342891328036785125732421875" lon="113.88700179755687713623046875">
        <ele>11.19999980926513671875</ele>
        <time>2026-09-29T22:48:11.000Z</time>
        <extensions>
          <ns3:TrackPointExtension>
            <ns3:hr>144</ns3:hr>
            <ns3:cad>93</ns3:cad>
          </ns3:TrackPointExtension>
        </extensions>
      </trkpt>
      <trkpt lat="22.6034053601324558258056640625" lon="113.88700791634619235992431640625">
        <ele>11.19999980926513671875</ele>
        <time>2026-09-29T22:48:12.000Z</time>
        <extensions>
          <ns3:TrackPointExtension>
            <ns3:hr>144</ns3:hr>
            <ns3:cad>93</ns3:cad>
          </ns3:TrackPointExtension>
        </extensions>
      </trkpt>
      <trkpt lat="22.6033768616616725921630859375" lon="113.887013532221317291259765625">
        <ele>11</ele>
        <time>2026-09-29T22:48:13.000Z</time>
        <extensions>
          <ns3:TrackPointExtension>
            <ns3:hr>145</ns3:hr>
            <ns3:cad>93</ns3:cad>
          </ns3:TrackPointExtension>
        </extensions>
      </trkpt>
      <trkpt lat="22.60335020720958709716796875" lon="113.88702535070478916168212890625">
        <ele>11</ele>
        <time>2026-09-29T22:48:14.000Z</time>
        <extensions>
          <ns3:TrackPointExtension>
            <ns3:hr>144</ns3:hr>
            <ns3:cad>93</ns3:cad>
          </ns3:TrackPointExtension>
        </extensions>
      </trkpt>
      <trkpt lat="22.60331265628337860107421875" lon="113.88702333904802799224853515625">
        <ele>10.80000019073486328125</ele>
        <time>2026-09-29T22:48:15.000Z</time>
        <extensions>
          <ns3:TrackPointExtension>
            <ns3:hr>144</ns3:hr>
            <ns3:cad>92</ns3:cad>
          </ns3:TrackPointExtension>
        </extensions>
      </trkpt>
      <trkpt lat="22.60328851640224456787109375" lon="113.88702166266739368438720703125">
        <ele>10.80000019073486328125</ele>
        <time>2026-09-29T22:48:16.000Z</time>
        <extensions>
          <ns3:TrackPointExtension>
            <ns3:hr>144</ns3:hr>
            <ns3:cad>92</ns3:cad>
          </ns3:TrackPointExtension>
        </extensions>
      </trkpt>
      <trkpt lat="22.60326077230274677276611328125" lon="113.88700657524168491363525390625">
        <ele>10.80000019073486328125</ele>
        <time>2026-09-29T22:48:17.000Z</time>
        <extensions>
          <ns3:TrackPointExtension>
            <ns3:hr>144</ns3:hr>
            <ns3:cad>92</ns3:cad>
          </ns3:TrackPointExtension>
        </extensions>
      </trkpt>
      <trkpt lat="22.60323747061192989349365234375" lon="113.88699986971914768218994140625">
        <ele>10.6000003814697265625</ele>
        <time>2026-09-29T22:48:18.000Z</time>
        <extensions>
          <ns3:TrackPointExtension>
            <ns3:hr>144</ns3:hr>
            <ns3:cad>93</ns3:cad>
          </ns3:TrackPointExtension>
        </extensions>
      </trkpt>
      <trkpt lat="22.60321341454982757568359375" lon="113.88698277063667774200439453125">
        <ele>10.6000003814697265625</ele>
        <time>2026-09-29T22:48:19.000Z</time>
        <extensions>
          <ns3:TrackPointExtension>
            <ns3:hr>144</ns3:hr>
            <ns3:cad>93</ns3:cad>
          </ns3:TrackPointExtension>
        </extensions>
      </trkpt>
      <trkpt lat="22.603191621601581573486328125" lon="113.88697220943868160247802734375">
        <ele>10.6000003814697265625</ele>
        <time>2026-09-29T22:48:20.000Z</time>
        <extensions>
          <ns3:TrackPointExtension>
            <ns3:hr>144</ns3:hr>
            <ns3:cad>93</ns3:cad>
          </ns3:TrackPointExtension>
        </extensions>
      </trkpt>
      <trkpt lat="22.6031706668436527252197265625" lon="113.886959552764892578125">
        <ele>10.6000003814697265625</ele>
        <time>2026-09-29T22:48:21.000Z</time>
        <extensions>
          <ns3:TrackPointExtension>
            <ns3:hr>144</ns3:hr>
            <ns3:cad>92</ns3:cad>
          </ns3:TrackPointExtension>
        </extensions>
      </trkpt>
      <trkpt lat="22.60314644314348697662353515625" lon="113.886945135891437530517578125">
        <ele>10.6000003814697265625</ele>
        <time>2026-09-29T22:48:22.000Z</time>
        <extensions>
          <ns3:TrackPointExtension>
            <ns3:hr>144</ns3:hr>
            <ns3:cad>92</ns3:cad>
          </ns3:TrackPointExtension>
        </extensions>
      </trkpt>
      <trkpt lat="22.6031227223575115203857421875" lon="113.886930383741855621337890625">
        <ele>10.6000003814697265625</ele>
        <time>2026-09-29T22:48:23.000Z</time>
        <extensions>
          <ns3:TrackPointExtension>
            <ns3:hr>143</ns3:hr>
            <ns3:cad>92</ns3:cad>
          </ns3:TrackPointExtension>
        </extensions>
      </trkpt>
      <trkpt lat="22.60309816338121891021728515625" lon="113.8869134522974491119384765625">
        <ele>10.6000003814697265625</ele>
        <time>2026-09-29T22:48:24.000Z</time>
        <extensions>
          <ns3:TrackPointExtension>
            <ns3:hr>143</ns3:hr>
            <ns3:cad>93</ns3:cad>
          </ns3:TrackPointExtension>
        </extensions>
      </trkpt>
      <trkpt lat="22.6030744425952434539794921875" lon="113.886899538338184356689453125">
        <ele>10.6000003814697265625</ele>
        <time>2026-09-29T22:48:25.000Z</time>
        <extensions>
          <ns3:TrackPointExtension>
            <ns3:hr>144</ns3:hr>
            <ns3:cad>93</ns3:cad>
          </ns3:TrackPointExtension>
        </extensions>
      </trkpt>
      <trkpt lat="22.6030469499528408050537109375" lon="113.8868844509124755859375">
        <ele>10.6000003814697265625</ele>
        <time>2026-09-29T22:48:26.000Z</time>
        <extensions>
          <ns3:TrackPointExtension>
            <ns3:hr>143</ns3:hr>
            <ns3:cad>93</ns3:cad>
          </ns3:TrackPointExtension>
        </extensions>
      </trkpt>
      <trkpt lat="22.60302700102329254150390625" lon="113.88687573373317718505859375">
        <ele>10.6000003814697265625</ele>
        <time>2026-09-29T22:48:27.000Z</time>
        <extensions>
          <ns3:TrackPointExtension>
            <ns3:hr>143</ns3:hr>
            <ns3:cad>90</ns3:cad>
          </ns3:TrackPointExtension>
        </extensions>
      </trkpt>
      <trkpt lat="22.60299707762897014617919921875" lon="113.886858634650707244873046875">
        <ele>10.6000003814697265625</ele>
        <time>2026-09-29T22:48:28.000Z</time>
        <extensions>
          <ns3:TrackPointExtension>
            <ns3:hr>143</ns3:hr>
            <ns3:cad>90</ns3:cad>
          </ns3:TrackPointExtension>
        </extensions>
      </trkpt>
      <trkpt lat="22.60297427885234355926513671875" lon="113.886850588023662567138671875">
        <ele>10.3999996185302734375</ele>
        <time>2026-09-29T22:48:29.000Z</time>
        <extensions>
          <ns3:TrackPointExtension>
            <ns3:hr>143</ns3:hr>
            <ns3:cad>92</ns3:cad>
          </ns3:TrackPointExtension>
        </extensions>
      </trkpt>
      <trkpt lat="22.6029487140476703643798828125" lon="113.88682954944670200347900390625">
        <ele>10.3999996185302734375</ele>
        <time>2026-09-29T22:48:30.000Z</time>
        <extensions>
          <ns3:TrackPointExtension>
            <ns3:hr>143</ns3:hr>
            <ns3:cad>92</ns3:cad>
          </ns3:TrackPointExtension>
        </extensions>
      </trkpt>
      <trkpt lat="22.60292583145201206207275390625" lon="113.88681731186807155609130859375">
        <ele>10.3999996185302734375</ele>
        <time>2026-09-29T22:48:31.000Z</time>
        <extensions>
          <ns3:TrackPointExtension>
            <ns3:hr>143</ns3:hr>
            <ns3:cad>92</ns3:cad>
          </ns3:TrackPointExtension>
        </extensions>
      </trkpt>
      <trkpt lat="22.60290202684700489044189453125" lon="113.88679317198693752288818359375">
        <ele>10.19999980926513671875</ele>
        <time>2026-09-29T22:48:32.000Z</time>
        <extensions>
          <ns3:TrackPointExtension>
            <ns3:hr>143</ns3:hr>
            <ns3:cad>92</ns3:cad>
          </ns3:TrackPointExtension>
        </extensions>
      </trkpt>
      <trkpt lat="22.602880485355854034423828125" lon="113.8867793418467044830322265625">
        <ele>10.19999980926513671875</ele>
        <time>2026-09-29T22:48:33.000Z</time>
        <extensions>
          <ns3:TrackPointExtension>
            <ns3:hr>142</ns3:hr>
            <ns3:cad>92</ns3:cad>
          </ns3:TrackPointExtension>
        </extensions>
      </trkpt>
      <trkpt lat="22.602857016026973724365234375" lon="113.8867625780403614044189453125">
        <ele>10.19999980926513671875</ele>
        <time>2026-09-29T22:48:34.000Z</time>
        <extensions>
          <ns3:TrackPointExtension>
            <ns3:hr>142</ns3:hr>
            <ns3:cad>92</ns3:cad>
          </ns3:TrackPointExtension>
        </extensions>
      </trkpt>
      <trkpt lat="22.60283480398356914520263671875" lon="113.88674623332917690277099609375">
        <ele>10</ele>
        <time>2026-09-29T22:48:35.000Z</time>
        <extensions>
          <ns3:TrackPointExtension>
            <ns3:hr>142</ns3:hr>
            <ns3:cad>92</ns3:cad>
          </ns3:TrackPointExtension>
        </extensions>
      </trkpt>
      <trkpt lat="22.60281200520694255828857421875" lon="113.88673064298927783966064453125">
        <ele>10</ele>
        <time>2026-09-29T22:48:36.000Z</time>
        <extensions>
          <ns3:TrackPointExtension>
            <ns3:hr>143</ns3:hr>
            <ns3:cad>95</ns3:cad>
          </ns3:TrackPointExtension>
        </extensions>
      </trkpt>
      <trkpt lat="22.602787278592586517333984375" lon="113.8867189921438694000244140625">
        <ele>10</ele>
        <time>2026-09-29T22:48:37.000Z</time>
        <extensions>
          <ns3:TrackPointExtension>
            <ns3:hr>143</ns3:hr>
            <ns3:cad>95</ns3:cad>
          </ns3:TrackPointExtension>
        </extensions>
      </trkpt>
      <trkpt lat="22.6027653180062770843505859375" lon="113.8867112807929515838623046875">
        <ele>10</ele>
        <time>2026-09-29T22:48:38.000Z</time>
        <extensions>
          <ns3:TrackPointExtension>
            <ns3:hr>142</ns3:hr>
            <ns3:cad>95</ns3:cad>
          </ns3:TrackPointExtension>
        </extensions>
      </trkpt>
      <trkpt lat="22.60274260304868221282958984375" lon="113.8867049105465412139892578125">
        <ele>10</ele>
        <time>2026-09-29T22:48:39.000Z</time>
        <extensions>
          <ns3:TrackPointExtension>
            <ns3:hr>142</ns3:hr>
            <ns3:cad>92</ns3:cad>
          </ns3:TrackPointExtension>
        </extensions>
      </trkpt>
      <trkpt lat="22.60272315703332424163818359375" lon="113.8867002166807651519775390625">
        <ele>10.19999980926513671875</ele>
        <time>2026-09-29T22:48:40.000Z</time>
        <extensions>
          <ns3:TrackPointExtension>
            <ns3:hr>142</ns3:hr>
            <ns3:cad>92</ns3:cad>
          </ns3:TrackPointExtension>
        </extensions>
      </trkpt>
      <trkpt lat="22.602699100971221923828125" lon="113.88668705709278583526611328125">
        <ele>10.19999980926513671875</ele>
        <time>2026-09-29T22:48:41.000Z</time>
        <extensions>
          <ns3:TrackPointExtension>
            <ns3:hr>142</ns3:hr>
            <ns3:cad>92</ns3:cad>
          </ns3:TrackPointExtension>
        </extensions>
      </trkpt>
      <trkpt lat="22.60267470963299274444580078125" lon="113.886674232780933380126953125">
        <ele>10.3999996185302734375</ele>
        <time>2026-09-29T22:48:42.000Z</time>
        <extensions>
          <ns3:TrackPointExtension>
            <ns3:hr>142</ns3:hr>
            <ns3:cad>92</ns3:cad>
          </ns3:TrackPointExtension>
        </extensions>
      </trkpt>
      <trkpt lat="22.60263464413583278656005859375" lon="113.8866556249558925628662109375">
        <ele>10.3999996185302734375</ele>
        <time>2026-09-29T22:48:43.000Z</time>
        <extensions>
          <ns3:TrackPointExtension>
            <ns3:hr>142</ns3:hr>
            <ns3:cad>92</ns3:cad>
          </ns3:TrackPointExtension>
        </extensions>
      </trkpt>
      <trkpt lat="22.6026107557117938995361328125" lon="113.88664984144270420074462890625">
        <ele>10.3999996185302734375</ele>
        <time>2026-09-29T22:48:44.000Z</time>
        <extensions>
          <ns3:TrackPointExtension>
            <ns3:hr>142</ns3:hr>
            <ns3:cad>92</ns3:cad>
          </ns3:TrackPointExtension>
        </extensions>
      </trkpt>
      <trkpt lat="22.60259726084768772125244140625" lon="113.88662804849445819854736328125">
        <ele>10.3999996185302734375</ele>
        <time>2026-09-29T22:48:45.000Z</time>
        <extensions>
          <ns3:TrackPointExtension>
            <ns3:hr>142</ns3:hr>
            <ns3:cad>92</ns3:cad>
          </ns3:TrackPointExtension>
        </extensions>
      </trkpt>
      <trkpt lat="22.60257479734718799591064453125" lon="113.8866234384477138519287109375">
        <ele>10.3999996185302734375</ele>
        <time>2026-09-29T22:48:46.000Z</time>
        <extensions>
          <ns3:TrackPointExtension>
            <ns3:hr>142</ns3:hr>
            <ns3:cad>92</ns3:cad>
          </ns3:TrackPointExtension>
        </extensions>
      </trkpt>
      <trkpt lat="22.60254864580929279327392578125" lon="113.88661312870681285858154296875">
        <ele>10.3999996185302734375</ele>
        <time>2026-09-29T22:48:47.000Z</time>
        <extensions>
          <ns3:TrackPointExtension>
            <ns3:hr>143</ns3:hr>
            <ns3:cad>92</ns3:cad>
          </ns3:TrackPointExtension>
        </extensions>
      </trkpt>
      <trkpt lat="22.60252182371914386749267578125" lon="113.88660483062267303466796875">
        <ele>10.3999996185302734375</ele>
        <time>2026-09-29T22:48:48.000Z</time>
        <extensions>
          <ns3:TrackPointExtension>
            <ns3:hr>142</ns3:hr>
            <ns3:cad>92</ns3:cad>
          </ns3:TrackPointExtension>
        </extensions>
      </trkpt>
      <trkpt lat="22.602500282227993011474609375" lon="113.88659167103469371795654296875">
        <ele>10.3999996185302734375</ele>
        <time>2026-09-29T22:48:49.000Z</time>
        <extensions>
          <ns3:TrackPointExtension>
            <ns3:hr>142</ns3:hr>
            <ns3:cad>92</ns3:cad>
          </ns3:TrackPointExtension>
        </extensions>
      </trkpt>
      <trkpt lat="22.60247488506138324737548828125" lon="113.8865697942674160003662109375">
        <ele>10.19999980926513671875</ele>
        <time>2026-09-29T22:48:50.000Z</time>
        <extensions>
          <ns3:TrackPointExtension>
            <ns3:hr>143</ns3:hr>
            <ns3:cad>93</ns3:cad>
          </ns3:TrackPointExtension>
        </extensions>
      </trkpt>
      <trkpt lat="22.602454684674739837646484375" lon="113.88655663467943668365478515625">
        <ele>10.19999980926513671875</ele>
        <time>2026-09-29T22:48:51.000Z</time>
        <extensions>
          <ns3:TrackPointExtension>
            <ns3:hr>143</ns3:hr>
            <ns3:cad>93</ns3:cad>
          </ns3:TrackPointExtension>
        </extensions>
      </trkpt>
      <trkpt lat="22.60243356227874755859375" lon="113.88652998022735118865966796875">
        <ele>10.19999980926513671875</ele>
        <time>2026-09-29T22:48:52.000Z</time>
        <extensions>
          <ns3:TrackPointExtension>
            <ns3:hr>143</ns3:hr>
            <ns3:cad>93</ns3:cad>
          </ns3:TrackPointExtension>
        </extensions>
      </trkpt>
      <trkpt lat="22.602414786815643310546875" lon="113.8865161500871181488037109375">
        <ele>10.3999996185302734375</ele>
        <time>2026-09-29T22:48:53.000Z</time>
        <extensions>
          <ns3:TrackPointExtension>
            <ns3:hr>144</ns3:hr>
            <ns3:cad>93</ns3:cad>
          </ns3:TrackPointExtension>
        </extensions>
      </trkpt>
      <trkpt lat="22.60239408351480960845947265625" lon="113.88649008236825466156005859375">
        <ele>10.3999996185302734375</ele>
        <time>2026-09-29T22:48:54.000Z</time>
        <extensions>
          <ns3:TrackPointExtension>
            <ns3:hr>144</ns3:hr>
            <ns3:cad>93</ns3:cad>
          </ns3:TrackPointExtension>
        </extensions>
      </trkpt>
      <trkpt lat="22.602374888956546783447265625" lon="113.88647432439029216766357421875">
        <ele>10.3999996185302734375</ele>
        <time>2026-09-29T22:48:55.000Z</time>
        <extensions>
          <ns3:TrackPointExtension>
            <ns3:hr>145</ns3:hr>
            <ns3:cad>94</ns3:cad>
          </ns3:TrackPointExtension>
        </extensions>
      </trkpt>
      <trkpt lat="22.602355442941188812255859375" lon="113.88645236380398273468017578125">
        <ele>10.3999996185302734375</ele>
        <time>2026-09-29T22:48:56.000Z</time>
        <extensions>
          <ns3:TrackPointExtension>
            <ns3:hr>145</ns3:hr>
            <ns3:cad>94</ns3:cad>
          </ns3:TrackPointExtension>
        </extensions>
      </trkpt>
      <trkpt lat="22.60233339853584766387939453125" lon="113.886430151760578155517578125">
        <ele>10.3999996185302734375</ele>
        <time>2026-09-29T22:48:57.000Z</time>
        <extensions>
          <ns3:TrackPointExtension>
            <ns3:hr>145</ns3:hr>
            <ns3:cad>94</ns3:cad>
          </ns3:TrackPointExtension>
        </extensions>
      </trkpt>
      <trkpt lat="22.60231160558760166168212890625" lon="113.886411376297473907470703125">
        <ele>10.3999996185302734375</ele>
        <time>2026-09-29T22:48:58.000Z</time>
        <extensions>
          <ns3:TrackPointExtension>
            <ns3:hr>145</ns3:hr>
            <ns3:cad>92</ns3:cad>
          </ns3:TrackPointExtension>
        </extensions>
      </trkpt>
      <trkpt lat="22.6022892259061336517333984375" lon="113.88638799078762531280517578125">
        <ele>10.3999996185302734375</ele>
        <time>2026-09-29T22:48:59.000Z</time>
        <extensions>
          <ns3:TrackPointExtension>
            <ns3:hr>145</ns3:hr>
            <ns3:cad>92</ns3:cad>
          </ns3:TrackPointExtension>
        </extensions>
      </trkpt>
      <trkpt lat="22.6022707857191562652587890625" lon="113.88637256808578968048095703125">
        <ele>10.3999996185302734375</ele>
        <time>2026-09-29T22:49:00.000Z</time>
        <extensions>
          <ns3:TrackPointExtension>
            <ns3:hr>144</ns3:hr>
            <ns3:cad>92</ns3:cad>
          </ns3:TrackPointExtension>
        </extensions>
      </trkpt>
      <trkpt lat="22.602247484028339385986328125" lon="113.88634759001433849334716796875">
        <ele>10.3999996185302734375</ele>
        <time>2026-09-29T22:49:01.000Z</time>
        <extensions>
          <ns3:TrackPointExtension>
            <ns3:hr>144</ns3:hr>
            <ns3:cad>93</ns3:cad>
          </ns3:TrackPointExtension>
        </extensions>
      </trkpt>
      <trkpt lat="22.60223147459328174591064453125" lon="113.8863327540457248687744140625">
        <ele>10.3999996185302734375</ele>
        <time>2026-09-29T22:49:02.000Z</time>
        <extensions>
          <ns3:TrackPointExtension>
            <ns3:hr>144</ns3:hr>
            <ns3:cad>93</ns3:cad>
          </ns3:TrackPointExtension>
        </extensions>
      </trkpt>
      <trkpt lat="22.60221001692116260528564453125" lon="113.88630450703203678131103515625">
        <ele>10.3999996185302734375</ele>
        <time>2026-09-29T22:49:03.000Z</time>
        <extensions>
          <ns3:TrackPointExtension>
            <ns3:hr>144</ns3:hr>
            <ns3:cad>94</ns3:cad>
          </ns3:TrackPointExtension>
        </extensions>
      </trkpt>
      <trkpt lat="22.602191828191280364990234375" lon="113.8862874917685985565185546875">
        <ele>10.3999996185302734375</ele>
        <time>2026-09-29T22:49:04.000Z</time>
        <extensions>
          <ns3:TrackPointExtension>
            <ns3:hr>144</ns3:hr>
            <ns3:cad>94</ns3:cad>
          </ns3:TrackPointExtension>
        </extensions>
      </trkpt>
      <trkpt lat="22.60217263363301753997802734375" lon="113.88626259751617908477783203125">
        <ele>10.3999996185302734375</ele>
        <time>2026-09-29T22:49:05.000Z</time>
        <extensions>
          <ns3:TrackPointExtension>
            <ns3:hr>144</ns3:hr>
            <ns3:cad>92</ns3:cad>
          </ns3:TrackPointExtension>
        </extensions>
      </trkpt>
      <trkpt lat="22.6021524332463741302490234375" lon="113.88624147512018680572509765625">
        <ele>10.3999996185302734375</ele>
        <time>2026-09-29T22:49:06.000Z</time>
        <extensions>
          <ns3:TrackPointExtension>
            <ns3:hr>143</ns3:hr>
            <ns3:cad>92</ns3:cad>
          </ns3:TrackPointExtension>
        </extensions>
      </trkpt>
      <trkpt lat="22.6021380163729190826416015625" lon="113.886220268905162811279296875">
        <ele>10.3999996185302734375</ele>
        <time>2026-09-29T22:49:07.000Z</time>
        <extensions>
          <ns3:TrackPointExtension>
            <ns3:hr>143</ns3:hr>
            <ns3:cad>92</ns3:cad>
          </ns3:TrackPointExtension>
        </extensions>
      </trkpt>
      <trkpt lat="22.60211681015789508819580078125" lon="113.8861962966620922088623046875">
        <ele>10.3999996185302734375</ele>
        <time>2026-09-29T22:49:08.000Z</time>
        <extensions>
          <ns3:TrackPointExtension>
            <ns3:hr>143</ns3:hr>
            <ns3:cad>93</ns3:cad>
          </ns3:TrackPointExtension>
        </extensions>
      </trkpt>
      <trkpt lat="22.602101974189281463623046875" lon="113.88617576099932193756103515625">
        <ele>10.3999996185302734375</ele>
        <time>2026-09-29T22:49:09.000Z</time>
        <extensions>
          <ns3:TrackPointExtension>
            <ns3:hr>144</ns3:hr>
            <ns3:cad>93</ns3:cad>
          </ns3:TrackPointExtension>
        </extensions>
      </trkpt>
      <trkpt lat="22.60207858867943286895751953125" lon="113.88614810071885585784912109375">
        <ele>10.3999996185302734375</ele>
        <time>2026-09-29T22:49:10.000Z</time>
        <extensions>
          <ns3:TrackPointExtension>
            <ns3:hr>144</ns3:hr>
            <ns3:cad>92</ns3:cad>
          </ns3:TrackPointExtension>
        </extensions>
      </trkpt>
      <trkpt lat="22.602058388292789459228515625" lon="113.8861325941979885101318359375">
        <ele>10.3999996185302734375</ele>
        <time>2026-09-29T22:49:11.000Z</time>
        <extensions>
          <ns3:TrackPointExtension>
            <ns3:hr>144</ns3:hr>
            <ns3:cad>92</ns3:cad>
          </ns3:TrackPointExtension>
        </extensions>
      </trkpt>
      <trkpt lat="22.60204271413385868072509765625" lon="113.8861067779362201690673828125">
        <ele>10.3999996185302734375</ele>
        <time>2026-09-29T22:49:12.000Z</time>
        <extensions>
          <ns3:TrackPointExtension>
            <ns3:hr>143</ns3:hr>
            <ns3:cad>92</ns3:cad>
          </ns3:TrackPointExtension>
        </extensions>
      </trkpt>
      <trkpt lat="22.60202880017459392547607421875" lon="113.886088170111179351806640625">
        <ele>10.19999980926513671875</ele>
        <time>2026-09-29T22:49:13.000Z</time>
        <extensions>
          <ns3:TrackPointExtension>
            <ns3:hr>144</ns3:hr>
            <ns3:cad>94</ns3:cad>
          </ns3:TrackPointExtension>
        </extensions>
      </trkpt>
      <trkpt lat="22.602012120187282562255859375" lon="113.88606704771518707275390625">
        <ele>10.19999980926513671875</ele>
        <time>2026-09-29T22:49:14.000Z</time>
        <extensions>
          <ns3:TrackPointExtension>
            <ns3:hr>143</ns3:hr>
            <ns3:cad>94</ns3:cad>
          </ns3:TrackPointExtension>
        </extensions>
      </trkpt>
      <trkpt lat="22.60199745185673236846923828125" lon="113.88604735024273395538330078125">
        <ele>10.19999980926513671875</ele>
        <time>2026-09-29T22:49:15.000Z</time>
        <extensions>
          <ns3:TrackPointExtension>
            <ns3:hr>143</ns3:hr>
            <ns3:cad>94</ns3:cad>
          </ns3:TrackPointExtension>
        </extensions>
      </trkpt>
      <trkpt lat="22.60198764503002166748046875" lon="113.886028490960597991943359375">
        <ele>10.3999996185302734375</ele>
        <time>2026-09-29T22:49:16.000Z</time>
        <extensions>
          <ns3:TrackPointExtension>
            <ns3:hr>143</ns3:hr>
            <ns3:cad>93</ns3:cad>
          </ns3:TrackPointExtension>
        </extensions>
      </trkpt>
      <trkpt lat="22.60197247378528118133544921875" lon="113.88600342907011508941650390625">
        <ele>10.3999996185302734375</ele>
        <time>2026-09-29T22:49:17.000Z</time>
        <extensions>
          <ns3:TrackPointExtension>
            <ns3:hr>142</ns3:hr>
            <ns3:cad>93</ns3:cad>
          </ns3:TrackPointExtension>
        </extensions>
      </trkpt>
      <trkpt lat="22.6019601523876190185546875" lon="113.88598599471151828765869140625">
        <ele>10.3999996185302734375</ele>
        <time>2026-09-29T22:49:18.000Z</time>
        <extensions>
          <ns3:TrackPointExtension>
            <ns3:hr>142</ns3:hr>
            <ns3:cad>93</ns3:cad>
          </ns3:TrackPointExtension>
        </extensions>
      </trkpt>
      <trkpt lat="22.60194431059062480926513671875" lon="113.88595917262136936187744140625">
        <ele>10.3999996185302734375</ele>
        <time>2026-09-29T22:49:19.000Z</time>
        <extensions>
          <ns3:TrackPointExtension>
            <ns3:hr>142</ns3:hr>
            <ns3:cad>94</ns3:cad>
          </ns3:TrackPointExtension>
        </extensions>
      </trkpt>
      <trkpt lat="22.6019288040697574615478515625" lon="113.88593754731118679046630859375">
        <ele>10.19999980926513671875</ele>
        <time>2026-09-29T22:49:20.000Z</time>
        <extensions>
          <ns3:TrackPointExtension>
            <ns3:hr>142</ns3:hr>
            <ns3:cad>94</ns3:cad>
          </ns3:TrackPointExtension>
        </extensions>
      </trkpt>
      <trkpt lat="22.601912878453731536865234375" lon="113.8859099708497524261474609375">
        <ele>10.19999980926513671875</ele>
        <time>2026-09-29T22:49:21.000Z</time>
        <extensions>
          <ns3:TrackPointExtension>
            <ns3:hr>142</ns3:hr>
            <ns3:cad>94</ns3:cad>
          </ns3:TrackPointExtension>
        </extensions>
      </trkpt>
      <trkpt lat="22.60189804248511791229248046875" lon="113.88588692061603069305419921875">
        <ele>10.19999980926513671875</ele>
        <time>2026-09-29T22:49:22.000Z</time>
        <extensions>
          <ns3:TrackPointExtension>
            <ns3:hr>142</ns3:hr>
            <ns3:cad>93</ns3:cad>
          </ns3:TrackPointExtension>
        </extensions>
      </trkpt>
      <trkpt lat="22.60188597254455089569091796875" lon="113.88585657812654972076416015625">
        <ele>10.19999980926513671875</ele>
        <time>2026-09-29T22:49:23.000Z</time>
        <extensions>
          <ns3:TrackPointExtension>
            <ns3:hr>142</ns3:hr>
            <ns3:cad>92</ns3:cad>
          </ns3:TrackPointExtension>
        </extensions>
      </trkpt>
      <trkpt lat="22.60187591426074504852294921875" lon="113.885830007493495941162109375">
        <ele>10.19999980926513671875</ele>
        <time>2026-09-29T22:49:24.000Z</time>
        <extensions>
          <ns3:TrackPointExtension>
            <ns3:hr>142</ns3:hr>
            <ns3:cad>92</ns3:cad>
          </ns3:TrackPointExtension>
        </extensions>
      </trkpt>
      <trkpt lat="22.601865939795970916748046875" lon="113.8858023472130298614501953125">
        <ele>10.19999980926513671875</ele>
        <time>2026-09-29T22:49:25.000Z</time>
        <extensions>
          <ns3:TrackPointExtension>
            <ns3:hr>142</ns3:hr>
            <ns3:cad>93</ns3:cad>
          </ns3:TrackPointExtension>
        </extensions>
      </trkpt>
      <trkpt lat="22.6018493436276912689208984375" lon="113.88577342964708805084228515625">
        <ele>10.19999980926513671875</ele>
        <time>2026-09-29T22:49:26.000Z</time>
        <extensions>
          <ns3:TrackPointExtension>
            <ns3:hr>142</ns3:hr>
            <ns3:cad>93</ns3:cad>
          </ns3:TrackPointExtension>
        </extensions>
      </trkpt>
      <trkpt lat="22.6018379442393779754638671875" lon="113.88574786484241485595703125">
        <ele>10.19999980926513671875</ele>
        <time>2026-09-29T22:49:27.000Z</time>
        <extensions>
          <ns3:TrackPointExtension>
            <ns3:hr>142</ns3:hr>
            <ns3:cad>93</ns3:cad>
          </ns3:TrackPointExtension>
        </extensions>
      </trkpt>
      <trkpt lat="22.6018260419368743896484375" lon="113.88572179712355136871337890625">
        <ele>10.19999980926513671875</ele>
        <time>2026-09-29T22:49:28.000Z</time>
        <extensions>
          <ns3:TrackPointExtension>
            <ns3:hr>142</ns3:hr>
            <ns3:cad>93</ns3:cad>
          </ns3:TrackPointExtension>
        </extensions>
      </trkpt>
      <trkpt lat="22.60181556455790996551513671875" lon="113.88569715432822704315185546875">
        <ele>10.19999980926513671875</ele>
        <time>2026-09-29T22:49:29.000Z</time>
        <extensions>
          <ns3:TrackPointExtension>
            <ns3:hr>142</ns3:hr>
            <ns3:cad>93</ns3:cad>
          </ns3:TrackPointExtension>
        </extensions>
      </trkpt>
      <trkpt lat="22.60180064477026462554931640625" lon="113.88566446490585803985595703125">
        <ele>10.3999996185302734375</ele>
        <time>2026-09-29T22:49:30.000Z</time>
        <extensions>
          <ns3:TrackPointExtension>
            <ns3:hr>142</ns3:hr>
            <ns3:cad>93</ns3:cad>
          </ns3:TrackPointExtension>
        </extensions>
      </trkpt>
      <trkpt lat="22.6017923466861248016357421875" lon="113.88564015738666057586669921875">
        <ele>10.3999996185302734375</ele>
        <time>2026-09-29T22:49:31.000Z</time>
        <extensions>
          <ns3:TrackPointExtension>
            <ns3:hr>142</ns3:hr>
            <ns3:cad>93</ns3:cad>
          </ns3:TrackPointExtension>
        </extensions>
      </trkpt>
      <trkpt lat="22.6017831265926361083984375" lon="113.8856005109846591949462890625">
        <ele>10.6000003814697265625</ele>
        <time>2026-09-29T22:49:32.000Z</time>
        <extensions>
          <ns3:TrackPointExtension>
            <ns3:hr>142</ns3:hr>
            <ns3:cad>93</ns3:cad>
          </ns3:TrackPointExtension>
        </extensions>
      </trkpt>
      <trkpt lat="22.60177650488913059234619140625" lon="113.8855710066854953765869140625">
        <ele>10.6000003814697265625</ele>
        <time>2026-09-29T22:49:33.000Z</time>
        <extensions>
          <ns3:TrackPointExtension>
            <ns3:hr>143</ns3:hr>
            <ns3:cad>93</ns3:cad>
          </ns3:TrackPointExtension>
        </extensions>
      </trkpt>
      <trkpt lat="22.60176896117627620697021484375" lon="113.88554326258599758148193359375">
        <ele>10.6000003814697265625</ele>
        <time>2026-09-29T22:49:34.000Z</time>
        <extensions>
          <ns3:TrackPointExtension>
            <ns3:hr>143</ns3:hr>
            <ns3:cad>92</ns3:cad>
          </ns3:TrackPointExtension>
        </extensions>
      </trkpt>
      <trkpt lat="22.60175831615924835205078125" lon="113.88551576994359493255615234375">
        <ele>10.6000003814697265625</ele>
        <time>2026-09-29T22:49:35.000Z</time>
        <extensions>
          <ns3:TrackPointExtension>
            <ns3:hr>143</ns3:hr>
            <ns3:cad>92</ns3:cad>
          </ns3:TrackPointExtension>
        </extensions>
      </trkpt>
      <trkpt lat="22.60175454430282115936279296875" lon="113.88548928312957286834716796875">
        <ele>10.3999996185302734375</ele>
        <time>2026-09-29T22:49:36.000Z</time>
        <extensions>
          <ns3:TrackPointExtension>
            <ns3:hr>143</ns3:hr>
            <ns3:cad>93</ns3:cad>
          </ns3:TrackPointExtension>
        </extensions>
      </trkpt>
      <trkpt lat="22.60175135917961597442626953125" lon="113.885461203753948211669921875">
        <ele>10.3999996185302734375</ele>
        <time>2026-09-29T22:49:37.000Z</time>
        <extensions>
          <ns3:TrackPointExtension>
            <ns3:hr>143</ns3:hr>
            <ns3:cad>93</ns3:cad>
          </ns3:TrackPointExtension>
        </extensions>
      </trkpt>
      <trkpt lat="22.60174683295190334320068359375" lon="113.8854325376451015472412109375">
        <ele>10.3999996185302734375</ele>
        <time>2026-09-29T22:49:38.000Z</time>
        <extensions>
          <ns3:TrackPointExtension>
            <ns3:hr>143</ns3:hr>
            <ns3:cad>94</ns3:cad>
          </ns3:TrackPointExtension>
        </extensions>
      </trkpt>
      <trkpt lat="22.60174364782869815826416015625" lon="113.88539758510887622833251953125">
        <ele>10.19999980926513671875</ele>
        <time>2026-09-29T22:49:39.000Z</time>
        <extensions>
          <ns3:TrackPointExtension>
            <ns3:hr>143</ns3:hr>
            <ns3:cad>94</ns3:cad>
          </ns3:TrackPointExtension>
        </extensions>
      </trkpt>
      <trkpt lat="22.60173551738262176513671875" lon="113.88536741025745868682861328125">
        <ele>10.19999980926513671875</ele>
        <time>2026-09-29T22:49:40.000Z</time>
        <extensions>
          <ns3:TrackPointExtension>
            <ns3:hr>143</ns3:hr>
            <ns3:cad>94</ns3:cad>
          </ns3:TrackPointExtension>
        </extensions>
      </trkpt>
      <trkpt lat="22.601731829345226287841796875" lon="113.88533757068216800689697265625">
        <ele>10.19999980926513671875</ele>
        <time>2026-09-29T22:49:41.000Z</time>
        <extensions>
          <ns3:TrackPointExtension>
            <ns3:hr>142</ns3:hr>
            <ns3:cad>93</ns3:cad>
          </ns3:TrackPointExtension>
        </extensions>
      </trkpt>
      <trkpt lat="22.60172537527978420257568359375" lon="113.88531678356230258941650390625">
        <ele>10.19999980926513671875</ele>
        <time>2026-09-29T22:49:42.000Z</time>
        <extensions>
          <ns3:TrackPointExtension>
            <ns3:hr>143</ns3:hr>
            <ns3:cad>93</ns3:cad>
          </ns3:TrackPointExtension>
        </extensions>
      </trkpt>
      <trkpt lat="22.60172084905207157135009765625" lon="113.88529180549085140228271484375">
        <ele>10.19999980926513671875</ele>
        <time>2026-09-29T22:49:43.000Z</time>
        <extensions>
          <ns3:TrackPointExtension>
            <ns3:hr>143</ns3:hr>
            <ns3:cad>94</ns3:cad>
          </ns3:TrackPointExtension>
        </extensions>
      </trkpt>
      <trkpt lat="22.60171213187277317047119140625" lon="113.88526464812457561492919921875">
        <ele>10.19999980926513671875</ele>
        <time>2026-09-29T22:49:44.000Z</time>
        <extensions>
          <ns3:TrackPointExtension>
            <ns3:hr>143</ns3:hr>
            <ns3:cad>94</ns3:cad>
          </ns3:TrackPointExtension>
        </extensions>
      </trkpt>
      <trkpt lat="22.60170592926442623138427734375" lon="113.8852414302527904510498046875">
        <ele>10.19999980926513671875</ele>
        <time>2026-09-29T22:49:45.000Z</time>
        <extensions>
          <ns3:TrackPointExtension>
            <ns3:hr>143</ns3:hr>
            <ns3:cad>94</ns3:cad>
          </ns3:TrackPointExtension>
        </extensions>
      </trkpt>
      <trkpt lat="22.6016900874674320220947265625" lon="113.8852147758007049560546875">
        <ele>10.19999980926513671875</ele>
        <time>2026-09-29T22:49:46.000Z</time>
        <extensions>
          <ns3:TrackPointExtension>
            <ns3:hr>144</ns3:hr>
            <ns3:cad>93</ns3:cad>
          </ns3:TrackPointExtension>
        </extensions>
      </trkpt>
      <trkpt lat="22.60167240165174007415771484375" lon="113.88519742526113986968994140625">
        <ele>10.19999980926513671875</ele>
        <time>2026-09-29T22:49:47.000Z</time>
        <extensions>
          <ns3:TrackPointExtension>
            <ns3:hr>144</ns3:hr>
            <ns3:cad>93</ns3:cad>
          </ns3:TrackPointExtension>
        </extensions>
      </trkpt>
      <trkpt lat="22.60164893232285976409912109375" lon="113.88517521321773529052734375">
        <ele>10.19999980926513671875</ele>
        <time>2026-09-29T22:49:48.000Z</time>
        <extensions>
          <ns3:TrackPointExtension>
            <ns3:hr>145</ns3:hr>
            <ns3:cad>93</ns3:cad>
          </ns3:TrackPointExtension>
        </extensions>
      </trkpt>
      <trkpt lat="22.601631581783294677734375" lon="113.88515132479369640350341796875">
        <ele>10.19999980926513671875</ele>
        <time>2026-09-29T22:49:49.000Z</time>
        <extensions>
          <ns3:TrackPointExtension>
            <ns3:hr>145</ns3:hr>
            <ns3:cad>94</ns3:cad>
          </ns3:TrackPointExtension>
        </extensions>
      </trkpt>
      <trkpt lat="22.60162009857594966888427734375" lon="113.88512802310287952423095703125">
        <ele>10.19999980926513671875</ele>
        <time>2026-09-29T22:49:50.000Z</time>
        <extensions>
          <ns3:TrackPointExtension>
            <ns3:hr>145</ns3:hr>
            <ns3:cad>95</ns3:cad>
          </ns3:TrackPointExtension>
        </extensions>
      </trkpt>
      <trkpt lat="22.60161154903471469879150390625" lon="113.8851016201078891754150390625">
        <ele>10.19999980926513671875</ele>
        <time>2026-09-29T22:49:51.000Z</time>
        <extensions>
          <ns3:TrackPointExtension>
            <ns3:hr>144</ns3:hr>
            <ns3:cad>95</ns3:cad>
          </ns3:TrackPointExtension>
        </extensions>
      </trkpt>
      <trkpt lat="22.6016049273312091827392578125" lon="113.88508091680705547332763671875">
        <ele>10.3999996185302734375</ele>
        <time>2026-09-29T22:49:52.000Z</time>
        <extensions>
          <ns3:TrackPointExtension>
            <ns3:hr>145</ns3:hr>
            <ns3:cad>92</ns3:cad>
          </ns3:TrackPointExtension>
        </extensions>
      </trkpt>
      <trkpt lat="22.60159780271351337432861328125" lon="113.8850462995469570159912109375">
        <ele>10.3999996185302734375</ele>
        <time>2026-09-29T22:49:53.000Z</time>
        <extensions>
          <ns3:TrackPointExtension>
            <ns3:hr>145</ns3:hr>
            <ns3:cad>92</ns3:cad>
          </ns3:TrackPointExtension>
        </extensions>
      </trkpt>
      <trkpt lat="22.6015913486480712890625" lon="113.8850171305239200592041015625">
        <ele>10.3999996185302734375</ele>
        <time>2026-09-29T22:49:54.000Z</time>
        <extensions>
          <ns3:TrackPointExtension>
            <ns3:hr>145</ns3:hr>
            <ns3:cad>92</ns3:cad>
          </ns3:TrackPointExtension>
        </extensions>
      </trkpt>
      <trkpt lat="22.60158388875424861907958984375" lon="113.88497882522642612457275390625">
        <ele>10.19999980926513671875</ele>
        <time>2026-09-29T22:49:55.000Z</time>
        <extensions>
          <ns3:TrackPointExtension>
            <ns3:hr>145</ns3:hr>
            <ns3:cad>92</ns3:cad>
          </ns3:TrackPointExtension>
        </extensions>
      </trkpt>
      <trkpt lat="22.60157567448914051055908203125" lon="113.88494512997567653656005859375">
        <ele>10.19999980926513671875</ele>
        <time>2026-09-29T22:49:56.000Z</time>
        <extensions>
          <ns3:TrackPointExtension>
            <ns3:hr>146</ns3:hr>
            <ns3:cad>93</ns3:cad>
          </ns3:TrackPointExtension>
        </extensions>
      </trkpt>
      <trkpt lat="22.60157014243304729461669921875" lon="113.88491344638168811798095703125">
        <ele>10.19999980926513671875</ele>
        <time>2026-09-29T22:49:57.000Z</time>
        <extensions>
          <ns3:TrackPointExtension>
            <ns3:hr>146</ns3:hr>
            <ns3:cad>94</ns3:cad>
          </ns3:TrackPointExtension>
        </extensions>
      </trkpt>
      <trkpt lat="22.601564191281795501708984375" lon="113.88488293625414371490478515625">
        <ele>10.19999980926513671875</ele>
        <time>2026-09-29T22:49:58.000Z</time>
        <extensions>
          <ns3:TrackPointExtension>
            <ns3:hr>145</ns3:hr>
            <ns3:cad>94</ns3:cad>
          </ns3:TrackPointExtension>
        </extensions>
      </trkpt>
      <trkpt lat="22.6015578210353851318359375" lon="113.8848528452217578887939453125">
        <ele>10.19999980926513671875</ele>
        <time>2026-09-29T22:49:59.000Z</time>
        <extensions>
          <ns3:TrackPointExtension>
            <ns3:hr>145</ns3:hr>
            <ns3:cad>94</ns3:cad>
          </ns3:TrackPointExtension>
        </extensions>
      </trkpt>
      <trkpt lat="22.60154935531318187713623046875" lon="113.8848203234374523162841796875">
        <ele>10.19999980926513671875</ele>
        <time>2026-09-29T22:50:00.000Z</time>
        <extensions>
          <ns3:TrackPointExtension>
            <ns3:hr>146</ns3:hr>
            <ns3:cad>93</ns3:cad>
          </ns3:TrackPointExtension>
        </extensions>
      </trkpt>
      <trkpt lat="22.60154197923839092254638671875" lon="113.8847988657653331756591796875">
        <ele>10.19999980926513671875</ele>
        <time>2026-09-29T22:50:01.000Z</time>
        <extensions>
          <ns3:TrackPointExtension>
            <ns3:hr>146</ns3:hr>
            <ns3:cad>93</ns3:cad>
          </ns3:TrackPointExtension>
        </extensions>
      </trkpt>
      <trkpt lat="22.60153426788747310638427734375" lon="113.88476860709488391876220703125">
        <ele>10.3999996185302734375</ele>
        <time>2026-09-29T22:50:02.000Z</time>
        <extensions>
          <ns3:TrackPointExtension>
            <ns3:hr>146</ns3:hr>
            <ns3:cad>93</ns3:cad>
          </ns3:TrackPointExtension>
        </extensions>
      </trkpt>
      <trkpt lat="22.60152773000299930572509765625" lon="113.8847452215850353240966796875">
        <ele>10.19999980926513671875</ele>
        <time>2026-09-29T22:50:03.000Z</time>
        <extensions>
          <ns3:TrackPointExtension>
            <ns3:hr>147</ns3:hr>
            <ns3:cad>93</ns3:cad>
          </ns3:TrackPointExtension>
        </extensions>
      </trkpt>
      <trkpt lat="22.601519934833049774169921875" lon="113.8847116939723491668701171875">
        <ele>10.19999980926513671875</ele>
        <time>2026-09-29T22:50:04.000Z</time>
        <extensions>
          <ns3:TrackPointExtension>
            <ns3:hr>147</ns3:hr>
            <ns3:cad>92</ns3:cad>
          </ns3:TrackPointExtension>
        </extensions>
      </trkpt>
      <trkpt lat="22.60151448659598827362060546875" lon="113.88468160293996334075927734375">
        <ele>10.19999980926513671875</ele>
        <time>2026-09-29T22:50:05.000Z</time>
        <extensions>
          <ns3:TrackPointExtension>
            <ns3:hr>147</ns3:hr>
            <ns3:cad>92</ns3:cad>
          </ns3:TrackPointExtension>
        </extensions>
      </trkpt>
      <trkpt lat="22.60151146911084651947021484375" lon="113.884651847183704376220703125">
        <ele>10.19999980926513671875</ele>
        <time>2026-09-29T22:50:06.000Z</time>
        <extensions>
          <ns3:TrackPointExtension>
            <ns3:hr>146</ns3:hr>
            <ns3:cad>92</ns3:cad>
          </ns3:TrackPointExtension>
        </extensions>
      </trkpt>
      <trkpt lat="22.60150375775992870330810546875" lon="113.88462661765515804290771484375">
        <ele>10.19999980926513671875</ele>
        <time>2026-09-29T22:50:07.000Z</time>
        <extensions>
          <ns3:TrackPointExtension>
            <ns3:hr>147</ns3:hr>
            <ns3:cad>93</ns3:cad>
          </ns3:TrackPointExtension>
        </extensions>
      </trkpt>
      <trkpt lat="22.60149554349482059478759765625" lon="113.8846007175743579864501953125">
        <ele>10.19999980926513671875</ele>
        <time>2026-09-29T22:50:08.000Z</time>
        <extensions>
          <ns3:TrackPointExtension>
            <ns3:hr>147</ns3:hr>
            <ns3:cad>93</ns3:cad>
          </ns3:TrackPointExtension>
        </extensions>
      </trkpt>
      <trkpt lat="22.601488418877124786376953125" lon="113.88457079418003559112548828125">
        <ele>10.3999996185302734375</ele>
        <time>2026-09-29T22:50:09.000Z</time>
        <extensions>
          <ns3:TrackPointExtension>
            <ns3:hr>146</ns3:hr>
            <ns3:cad>94</ns3:cad>
          </ns3:TrackPointExtension>
        </extensions>
      </trkpt>
      <trkpt lat="22.6014802046120166778564453125" lon="113.88454531319439411163330078125">
        <ele>10.3999996185302734375</ele>
        <time>2026-09-29T22:50:10.000Z</time>
        <extensions>
          <ns3:TrackPointExtension>
            <ns3:hr>146</ns3:hr>
            <ns3:cad>94</ns3:cad>
          </ns3:TrackPointExtension>
        </extensions>
      </trkpt>
      <trkpt lat="22.60147157125174999237060546875" lon="113.8845013082027435302734375">
        <ele>10.3999996185302734375</ele>
        <time>2026-09-29T22:50:11.000Z</time>
        <extensions>
          <ns3:TrackPointExtension>
            <ns3:hr>146</ns3:hr>
            <ns3:cad>93</ns3:cad>
          </ns3:TrackPointExtension>
        </extensions>
      </trkpt>
      <trkpt lat="22.60146193206310272216796875" lon="113.88447381556034088134765625">
        <ele>10.19999980926513671875</ele>
        <time>2026-09-29T22:50:12.000Z</time>
        <extensions>
          <ns3:TrackPointExtension>
            <ns3:hr>146</ns3:hr>
            <ns3:cad>93</ns3:cad>
          </ns3:TrackPointExtension>
        </extensions>
      </trkpt>
      <trkpt lat="22.60145463980734348297119140625" lon="113.88443760573863983154296875">
        <ele>10.19999980926513671875</ele>
        <time>2026-09-29T22:50:13.000Z</time>
        <extensions>
          <ns3:TrackPointExtension>
            <ns3:hr>147</ns3:hr>
            <ns3:cad>93</ns3:cad>
          </ns3:TrackPointExtension>
        </extensions>
      </trkpt>
      <trkpt lat="22.60144374333322048187255859375" lon="113.88440449722111225128173828125">
        <ele>10.19999980926513671875</ele>
        <time>2026-09-29T22:50:14.000Z</time>
        <extensions>
          <ns3:TrackPointExtension>
            <ns3:hr>147</ns3:hr>
            <ns3:cad>94</ns3:cad>
          </ns3:TrackPointExtension>
        </extensions>
      </trkpt>
      <trkpt lat="22.6014403067529201507568359375" lon="113.8843720592558383941650390625">
        <ele>10.3999996185302734375</ele>
        <time>2026-09-29T22:50:15.000Z</time>
        <extensions>
          <ns3:TrackPointExtension>
            <ns3:hr>147</ns3:hr>
            <ns3:cad>94</ns3:cad>
          </ns3:TrackPointExtension>
        </extensions>
      </trkpt>
      <trkpt lat="22.60143184103071689605712890625" lon="113.884342052042484283447265625">
        <ele>10.3999996185302734375</ele>
        <time>2026-09-29T22:50:16.000Z</time>
        <extensions>
          <ns3:TrackPointExtension>
            <ns3:hr>147</ns3:hr>
            <ns3:cad>94</ns3:cad>
          </ns3:TrackPointExtension>
        </extensions>
      </trkpt>
      <trkpt lat="22.6014272309839725494384765625" lon="113.8843137212097644805908203125">
        <ele>10.3999996185302734375</ele>
        <time>2026-09-29T22:50:17.000Z</time>
        <extensions>
          <ns3:TrackPointExtension>
            <ns3:hr>146</ns3:hr>
            <ns3:cad>93</ns3:cad>
          </ns3:TrackPointExtension>
        </extensions>
      </trkpt>
      <trkpt lat="22.60141775943338871002197265625" lon="113.8842785172164440155029296875">
        <ele>10.3999996185302734375</ele>
        <time>2026-09-29T22:50:18.000Z</time>
        <extensions>
          <ns3:TrackPointExtension>
            <ns3:hr>146</ns3:hr>
            <ns3:cad>93</ns3:cad>
          </ns3:TrackPointExtension>
        </extensions>
      </trkpt>
      <trkpt lat="22.60140636004507541656494140625" lon="113.88425747863948345184326171875">
        <ele>10.3999996185302734375</ele>
        <time>2026-09-29T22:50:19.000Z</time>
        <extensions>
          <ns3:TrackPointExtension>
            <ns3:hr>146</ns3:hr>
            <ns3:cad>93</ns3:cad>
          </ns3:TrackPointExtension>
        </extensions>
      </trkpt>
      <trkpt lat="22.60139898397028446197509765625" lon="113.884221017360687255859375">
        <ele>10.3999996185302734375</ele>
        <time>2026-09-29T22:50:20.000Z</time>
        <extensions>
          <ns3:TrackPointExtension>
            <ns3:hr>146</ns3:hr>
            <ns3:cad>94</ns3:cad>
          </ns3:TrackPointExtension>
        </extensions>
      </trkpt>
      <trkpt lat="22.60138842277228832244873046875" lon="113.88419645838439464569091796875">
        <ele>10.3999996185302734375</ele>
        <time>2026-09-29T22:50:21.000Z</time>
        <extensions>
          <ns3:TrackPointExtension>
            <ns3:hr>146</ns3:hr>
            <ns3:cad>95</ns3:cad>
          </ns3:TrackPointExtension>
        </extensions>
      </trkpt>
      <trkpt lat="22.6013834774494171142578125" lon="113.884167708456516265869140625">
        <ele>10.3999996185302734375</ele>
        <time>2026-09-29T22:50:22.000Z</time>
        <extensions>
          <ns3:TrackPointExtension>
            <ns3:hr>146</ns3:hr>
            <ns3:cad>95</ns3:cad>
          </ns3:TrackPointExtension>
        </extensions>
      </trkpt>
      <trkpt lat="22.6013727486133575439453125" lon="113.884133510291576385498046875">
        <ele>10.3999996185302734375</ele>
        <time>2026-09-29T22:50:23.000Z</time>
        <extensions>
          <ns3:TrackPointExtension>
            <ns3:hr>146</ns3:hr>
            <ns3:cad>95</ns3:cad>
          </ns3:TrackPointExtension>
        </extensions>
      </trkpt>
      <trkpt lat="22.6013641990721225738525390625" lon="113.884110711514949798583984375">
        <ele>10.3999996185302734375</ele>
        <time>2026-09-29T22:50:24.000Z</time>
        <extensions>
          <ns3:TrackPointExtension>
            <ns3:hr>146</ns3:hr>
            <ns3:cad>94</ns3:cad>
          </ns3:TrackPointExtension>
        </extensions>
      </trkpt>
      <trkpt lat="22.60135288350284099578857421875" lon="113.884075842797756195068359375">
        <ele>10.3999996185302734375</ele>
        <time>2026-09-29T22:50:25.000Z</time>
        <extensions>
          <ns3:TrackPointExtension>
            <ns3:hr>145</ns3:hr>
            <ns3:cad>93</ns3:cad>
          </ns3:TrackPointExtension>
        </extensions>
      </trkpt>
      <trkpt lat="22.601339556276798248291015625" lon="113.8840565644204616546630859375">
        <ele>10.3999996185302734375</ele>
        <time>2026-09-29T22:50:26.000Z</time>
        <extensions>
          <ns3:TrackPointExtension>
            <ns3:hr>146</ns3:hr>
            <ns3:cad>94</ns3:cad>
          </ns3:TrackPointExtension>
        </extensions>
      </trkpt>
      <trkpt lat="22.6013298332691192626953125" lon="113.88402194716036319732666015625">
        <ele>10.6000003814697265625</ele>
        <time>2026-09-29T22:50:27.000Z</time>
        <extensions>
          <ns3:TrackPointExtension>
            <ns3:hr>146</ns3:hr>
            <ns3:cad>95</ns3:cad>
          </ns3:TrackPointExtension>
        </extensions>
      </trkpt>
      <trkpt lat="22.6013196073472499847412109375" lon="113.88400032185018062591552734375">
        <ele>10.3999996185302734375</ele>
        <time>2026-09-29T22:50:28.000Z</time>
        <extensions>
          <ns3:TrackPointExtension>
            <ns3:hr>146</ns3:hr>
            <ns3:cad>95</ns3:cad>
          </ns3:TrackPointExtension>
        </extensions>
      </trkpt>
      <trkpt lat="22.60131164453923702239990234375" lon="113.88397249393165111541748046875">
        <ele>10.3999996185302734375</ele>
        <time>2026-09-29T22:50:29.000Z</time>
        <extensions>
          <ns3:TrackPointExtension>
            <ns3:hr>145</ns3:hr>
            <ns3:cad>94</ns3:cad>
          </ns3:TrackPointExtension>
        </extensions>
      </trkpt>
      <trkpt lat="22.60130074806511402130126953125" lon="113.88394315727055072784423828125">
        <ele>10.3999996185302734375</ele>
        <time>2026-09-29T22:50:30.000Z</time>
        <extensions>
          <ns3:TrackPointExtension>
            <ns3:hr>145</ns3:hr>
            <ns3:cad>93</ns3:cad>
          </ns3:TrackPointExtension>
        </extensions>
      </trkpt>
      <trkpt lat="22.60129052214324474334716796875" lon="113.8839191012084484100341796875">
        <ele>10.3999996185302734375</ele>
        <time>2026-09-29T22:50:31.000Z</time>
        <extensions>
          <ns3:TrackPointExtension>
            <ns3:hr>145</ns3:hr>
            <ns3:cad>93</ns3:cad>
          </ns3:TrackPointExtension>
        </extensions>
      </trkpt>
      <trkpt lat="22.6012766920030117034912109375" lon="113.88388716615736484527587890625">
        <ele>10.3999996185302734375</ele>
        <time>2026-09-29T22:50:32.000Z</time>
        <extensions>
          <ns3:TrackPointExtension>
            <ns3:hr>146</ns3:hr>
            <ns3:cad>93</ns3:cad>
          </ns3:TrackPointExtension>
        </extensions>
      </trkpt>
      <trkpt lat="22.60126319713890552520751953125" lon="113.88386428356170654296875">
        <ele>10.3999996185302734375</ele>
        <time>2026-09-29T22:50:33.000Z</time>
        <extensions>
          <ns3:TrackPointExtension>
            <ns3:hr>146</ns3:hr>
            <ns3:cad>94</ns3:cad>
          </ns3:TrackPointExtension>
        </extensions>
      </trkpt>
      <trkpt lat="22.60125263594090938568115234375" lon="113.88382874429225921630859375">
        <ele>10.3999996185302734375</ele>
        <time>2026-09-29T22:50:34.000Z</time>
        <extensions>
          <ns3:TrackPointExtension>
            <ns3:hr>146</ns3:hr>
            <ns3:cad>94</ns3:cad>
          </ns3:TrackPointExtension>
        </extensions>
      </trkpt>
      <trkpt lat="22.60124224238097667694091796875" lon="113.88380619697272777557373046875">
        <ele>10.3999996185302734375</ele>
        <time>2026-09-29T22:50:35.000Z</time>
        <extensions>
          <ns3:TrackPointExtension>
            <ns3:hr>145</ns3:hr>
            <ns3:cad>94</ns3:cad>
          </ns3:TrackPointExtension>
        </extensions>
      </trkpt>
      <trkpt lat="22.601235620677471160888671875" lon="113.883775435388088226318359375">
        <ele>10.3999996185302734375</ele>
        <time>2026-09-29T22:50:36.000Z</time>
        <extensions>
          <ns3:TrackPointExtension>
            <ns3:hr>146</ns3:hr>
            <ns3:cad>94</ns3:cad>
          </ns3:TrackPointExtension>
        </extensions>
      </trkpt>
      <trkpt lat="22.6012279093265533447265625" lon="113.88375322334468364715576171875">
        <ele>10.3999996185302734375</ele>
        <time>2026-09-29T22:50:37.000Z</time>
        <extensions>
          <ns3:TrackPointExtension>
            <ns3:hr>146</ns3:hr>
            <ns3:cad>94</ns3:cad>
          </ns3:TrackPointExtension>
        </extensions>
      </trkpt>
      <trkpt lat="22.6012210361659526824951171875" lon="113.8837279938161373138427734375">
        <ele>10.3999996185302734375</ele>
        <time>2026-09-29T22:50:38.000Z</time>
        <extensions>
          <ns3:TrackPointExtension>
            <ns3:hr>146</ns3:hr>
            <ns3:cad>94</ns3:cad>
          </ns3:TrackPointExtension>
        </extensions>
      </trkpt>
      <trkpt lat="22.60120837949216365814208984375" lon="113.8836961425840854644775390625">
        <ele>10.3999996185302734375</ele>
        <time>2026-09-29T22:50:39.000Z</time>
        <extensions>
          <ns3:TrackPointExtension>
            <ns3:hr>146</ns3:hr>
            <ns3:cad>94</ns3:cad>
          </ns3:TrackPointExtension>
        </extensions>
      </trkpt>
      <trkpt lat="22.60120016522705554962158203125" lon="113.8836723379790782928466796875">
        <ele>10.19999980926513671875</ele>
        <time>2026-09-29T22:50:40.000Z</time>
        <extensions>
          <ns3:TrackPointExtension>
            <ns3:hr>146</ns3:hr>
            <ns3:cad>94</ns3:cad>
          </ns3:TrackPointExtension>
        </extensions>
      </trkpt>
      <trkpt lat="22.6011878438293933868408203125" lon="113.88363973237574100494384765625">
        <ele>10.19999980926513671875</ele>
        <time>2026-09-29T22:50:41.000Z</time>
        <extensions>
          <ns3:TrackPointExtension>
            <ns3:hr>146</ns3:hr>
            <ns3:cad>94</ns3:cad>
          </ns3:TrackPointExtension>
        </extensions>
      </trkpt>
      <trkpt lat="22.60117535479366779327392578125" lon="113.88361274264752864837646484375">
        <ele>10.19999980926513671875</ele>
        <time>2026-09-29T22:50:42.000Z</time>
        <extensions>
          <ns3:TrackPointExtension>
            <ns3:hr>146</ns3:hr>
            <ns3:cad>93</ns3:cad>
          </ns3:TrackPointExtension>
        </extensions>
      </trkpt>
      <trkpt lat="22.60116646997630596160888671875" lon="113.883578963577747344970703125">
        <ele>10.19999980926513671875</ele>
        <time>2026-09-29T22:50:43.000Z</time>
        <extensions>
          <ns3:TrackPointExtension>
            <ns3:hr>146</ns3:hr>
            <ns3:cad>93</ns3:cad>
          </ns3:TrackPointExtension>
        </extensions>
      </trkpt>
      <trkpt lat="22.60115305893123149871826171875" lon="113.8835509680211544036865234375">
        <ele>10</ele>
        <time>2026-09-29T22:50:44.000Z</time>
        <extensions>
          <ns3:TrackPointExtension>
            <ns3:hr>146</ns3:hr>
            <ns3:cad>94</ns3:cad>
          </ns3:TrackPointExtension>
        </extensions>
      </trkpt>
      <trkpt lat="22.6011415757238864898681640625" lon="113.88352372683584690093994140625">
        <ele>10</ele>
        <time>2026-09-29T22:50:45.000Z</time>
        <extensions>
          <ns3:TrackPointExtension>
            <ns3:hr>146</ns3:hr>
            <ns3:cad>94</ns3:cad>
          </ns3:TrackPointExtension>
        </extensions>
      </trkpt>
      <trkpt lat="22.60112506337463855743408203125" lon="113.88349522836506366729736328125">
        <ele>10.19999980926513671875</ele>
        <time>2026-09-29T22:50:46.000Z</time>
        <extensions>
          <ns3:TrackPointExtension>
            <ns3:hr>146</ns3:hr>
            <ns3:cad>95</ns3:cad>
          </ns3:TrackPointExtension>
        </extensions>
      </trkpt>
      <trkpt lat="22.60111148469150066375732421875" lon="113.8834751956164836883544921875">
        <ele>10.19999980926513671875</ele>
        <time>2026-09-29T22:50:47.000Z</time>
        <extensions>
          <ns3:TrackPointExtension>
            <ns3:hr>146</ns3:hr>
            <ns3:cad>95</ns3:cad>
          </ns3:TrackPointExtension>
        </extensions>
      </trkpt>
      <trkpt lat="22.60109371505677700042724609375" lon="113.88344594277441501617431640625">
        <ele>10</ele>
        <time>2026-09-29T22:50:48.000Z</time>
        <extensions>
          <ns3:TrackPointExtension>
            <ns3:hr>146</ns3:hr>
            <ns3:cad>95</ns3:cad>
          </ns3:TrackPointExtension>
        </extensions>
      </trkpt>
      <trkpt lat="22.60108030401170253753662109375" lon="113.88342817313969135284423828125">
        <ele>10</ele>
        <time>2026-09-29T22:50:49.000Z</time>
        <extensions>
          <ns3:TrackPointExtension>
            <ns3:hr>145</ns3:hr>
            <ns3:cad>94</ns3:cad>
          </ns3:TrackPointExtension>
        </extensions>
      </trkpt>
      <trkpt lat="22.6010637916624546051025390625" lon="113.88339229859411716461181640625">
        <ele>10</ele>
        <time>2026-09-29T22:50:50.000Z</time>
        <extensions>
          <ns3:TrackPointExtension>
            <ns3:hr>145</ns3:hr>
            <ns3:cad>94</ns3:cad>
          </ns3:TrackPointExtension>
        </extensions>
      </trkpt>
      <trkpt lat="22.601050548255443572998046875" lon="113.88336664997041225433349609375">
        <ele>9.80000019073486328125</ele>
        <time>2026-09-29T22:50:51.000Z</time>
        <extensions>
          <ns3:TrackPointExtension>
            <ns3:hr>145</ns3:hr>
            <ns3:cad>94</ns3:cad>
          </ns3:TrackPointExtension>
        </extensions>
      </trkpt>
      <trkpt lat="22.60103990323841571807861328125" lon="113.8833414204418659210205078125">
        <ele>9.80000019073486328125</ele>
        <time>2026-09-29T22:50:52.000Z</time>
        <extensions>
          <ns3:TrackPointExtension>
            <ns3:hr>146</ns3:hr>
            <ns3:cad>94</ns3:cad>
          </ns3:TrackPointExtension>
        </extensions>
      </trkpt>
      <trkpt lat="22.6010242290794849395751953125" lon="113.883314095437526702880859375">
        <ele>10</ele>
        <time>2026-09-29T22:50:53.000Z</time>
        <extensions>
          <ns3:TrackPointExtension>
            <ns3:hr>146</ns3:hr>
            <ns3:cad>94</ns3:cad>
          </ns3:TrackPointExtension>
        </extensions>
      </trkpt>
      <trkpt lat="22.60101266205310821533203125" lon="113.8832904584705829620361328125">
        <ele>9.80000019073486328125</ele>
        <time>2026-09-29T22:50:54.000Z</time>
        <extensions>
          <ns3:TrackPointExtension>
            <ns3:hr>146</ns3:hr>
            <ns3:cad>93</ns3:cad>
          </ns3:TrackPointExtension>
        </extensions>
      </trkpt>
      <trkpt lat="22.60099849663674831390380859375" lon="113.8832602836191654205322265625">
        <ele>9.80000019073486328125</ele>
        <time>2026-09-29T22:50:55.000Z</time>
        <extensions>
          <ns3:TrackPointExtension>
            <ns3:hr>145</ns3:hr>
            <ns3:cad>93</ns3:cad>
          </ns3:TrackPointExtension>
        </extensions>
      </trkpt>
      <trkpt lat="22.60098424740135669708251953125" lon="113.88323605991899967193603515625">
        <ele>10</ele>
        <time>2026-09-29T22:50:56.000Z</time>
        <extensions>
          <ns3:TrackPointExtension>
            <ns3:hr>145</ns3:hr>
            <ns3:cad>93</ns3:cad>
          </ns3:TrackPointExtension>
        </extensions>
      </trkpt>
      <trkpt lat="22.600970752537250518798828125" lon="113.88319917954504489898681640625">
        <ele>10</ele>
        <time>2026-09-29T22:50:57.000Z</time>
        <extensions>
          <ns3:TrackPointExtension>
            <ns3:hr>145</ns3:hr>
            <ns3:cad>95</ns3:cad>
          </ns3:TrackPointExtension>
        </extensions>
      </trkpt>
      <trkpt lat="22.60095424018800258636474609375" lon="113.88317696750164031982421875">
        <ele>10</ele>
        <time>2026-09-29T22:50:58.000Z</time>
        <extensions>
          <ns3:TrackPointExtension>
            <ns3:hr>146</ns3:hr>
            <ns3:cad>95</ns3:cad>
          </ns3:TrackPointExtension>
        </extensions>
      </trkpt>
      <trkpt lat="22.600944936275482177734375" lon="113.88314620591700077056884765625">
        <ele>10</ele>
        <time>2026-09-29T22:50:59.000Z</time>
        <extensions>
          <ns3:TrackPointExtension>
            <ns3:hr>145</ns3:hr>
            <ns3:cad>95</ns3:cad>
          </ns3:TrackPointExtension>
        </extensions>
      </trkpt>
      <trkpt lat="22.600931189954280853271484375" lon="113.88311703689396381378173828125">
        <ele>10.19999980926513671875</ele>
        <time>2026-09-29T22:51:00.000Z</time>
        <extensions>
          <ns3:TrackPointExtension>
            <ns3:hr>145</ns3:hr>
            <ns3:cad>93</ns3:cad>
          </ns3:TrackPointExtension>
        </extensions>
      </trkpt>
      <trkpt lat="22.6009196229279041290283203125" lon="113.8830906338989734649658203125">
        <ele>10</ele>
        <time>2026-09-29T22:51:01.000Z</time>
        <extensions>
          <ns3:TrackPointExtension>
            <ns3:hr>146</ns3:hr>
            <ns3:cad>93</ns3:cad>
          </ns3:TrackPointExtension>
        </extensions>
      </trkpt>
      <trkpt lat="22.6009045355021953582763671875" lon="113.88305618427693843841552734375">
        <ele>10</ele>
        <time>2026-09-29T22:51:02.000Z</time>
        <extensions>
          <ns3:TrackPointExtension>
            <ns3:hr>145</ns3:hr>
            <ns3:cad>93</ns3:cad>
          </ns3:TrackPointExtension>
        </extensions>
      </trkpt>
      <trkpt lat="22.60088986717164516448974609375" lon="113.883035145699977874755859375">
        <ele>9.80000019073486328125</ele>
        <time>2026-09-29T22:51:03.000Z</time>
        <extensions>
          <ns3:TrackPointExtension>
            <ns3:hr>145</ns3:hr>
            <ns3:cad>93</ns3:cad>
          </ns3:TrackPointExtension>
        </extensions>
      </trkpt>
      <trkpt lat="22.60087612085044384002685546875" lon="113.88300103135406970977783203125">
        <ele>9.80000019073486328125</ele>
        <time>2026-09-29T22:51:04.000Z</time>
        <extensions>
          <ns3:TrackPointExtension>
            <ns3:hr>145</ns3:hr>
            <ns3:cad>95</ns3:cad>
          </ns3:TrackPointExtension>
        </extensions>
      </trkpt>
      <trkpt lat="22.600859440863132476806640625" lon="113.88297957368195056915283203125">
        <ele>9.80000019073486328125</ele>
        <time>2026-09-29T22:51:05.000Z</time>
        <extensions>
          <ns3:TrackPointExtension>
            <ns3:hr>145</ns3:hr>
            <ns3:cad>95</ns3:cad>
          </ns3:TrackPointExtension>
        </extensions>
      </trkpt>
      <trkpt lat="22.600845359265804290771484375" lon="113.882954679429531097412109375">
        <ele>9.6000003814697265625</ele>
        <time>2026-09-29T22:51:06.000Z</time>
        <extensions>
          <ns3:TrackPointExtension>
            <ns3:hr>145</ns3:hr>
            <ns3:cad>95</ns3:cad>
          </ns3:TrackPointExtension>
        </extensions>
      </trkpt>
      <trkpt lat="22.60082951746881008148193359375" lon="113.88292886316776275634765625">
        <ele>9.80000019073486328125</ele>
        <time>2026-09-29T22:51:07.000Z</time>
        <extensions>
          <ns3:TrackPointExtension>
            <ns3:hr>144</ns3:hr>
            <ns3:cad>95</ns3:cad>
          </ns3:TrackPointExtension>
        </extensions>
      </trkpt>
      <trkpt lat="22.60081912390887737274169921875" lon="113.88290447182953357696533203125">
        <ele>9.80000019073486328125</ele>
        <time>2026-09-29T22:51:08.000Z</time>
        <extensions>
          <ns3:TrackPointExtension>
            <ns3:hr>144</ns3:hr>
            <ns3:cad>95</ns3:cad>
          </ns3:TrackPointExtension>
        </extensions>
      </trkpt>
      <trkpt lat="22.60080705396831035614013671875" lon="113.88287530280649662017822265625">
        <ele>9.80000019073486328125</ele>
        <time>2026-09-29T22:51:09.000Z</time>
        <extensions>
          <ns3:TrackPointExtension>
            <ns3:hr>145</ns3:hr>
            <ns3:cad>94</ns3:cad>
          </ns3:TrackPointExtension>
        </extensions>
      </trkpt>
      <trkpt lat="22.6007974147796630859375" lon="113.88285334222018718719482421875">
        <ele>9.80000019073486328125</ele>
        <time>2026-09-29T22:51:10.000Z</time>
        <extensions>
          <ns3:TrackPointExtension>
            <ns3:hr>145</ns3:hr>
            <ns3:cad>93</ns3:cad>
          </ns3:TrackPointExtension>
        </extensions>
      </trkpt>
      <trkpt lat="22.60078442282974720001220703125" lon="113.88281947933137416839599609375">
        <ele>9.80000019073486328125</ele>
        <time>2026-09-29T22:51:11.000Z</time>
        <extensions>
          <ns3:TrackPointExtension>
            <ns3:hr>145</ns3:hr>
            <ns3:cad>92</ns3:cad>
          </ns3:TrackPointExtension>
        </extensions>
      </trkpt>
      <trkpt lat="22.60077000595629215240478515625" lon="113.8827972672879695892333984375">
        <ele>9.80000019073486328125</ele>
        <time>2026-09-29T22:51:12.000Z</time>
        <extensions>
          <ns3:TrackPointExtension>
            <ns3:hr>145</ns3:hr>
            <ns3:cad>92</ns3:cad>
          </ns3:TrackPointExtension>
        </extensions>
      </trkpt>
      <trkpt lat="22.60075910948216915130615234375" lon="113.88276717625558376312255859375">
        <ele>9.80000019073486328125</ele>
        <time>2026-09-29T22:51:13.000Z</time>
        <extensions>
          <ns3:TrackPointExtension>
            <ns3:hr>145</ns3:hr>
            <ns3:cad>93</ns3:cad>
          </ns3:TrackPointExtension>
        </extensions>
      </trkpt>
      <trkpt lat="22.60074368678033351898193359375" lon="113.88274068944156169891357421875">
        <ele>9.80000019073486328125</ele>
        <time>2026-09-29T22:51:14.000Z</time>
        <extensions>
          <ns3:TrackPointExtension>
            <ns3:hr>145</ns3:hr>
            <ns3:cad>93</ns3:cad>
          </ns3:TrackPointExtension>
        </extensions>
      </trkpt>
      <trkpt lat="22.60073144920170307159423828125" lon="113.88271152041852474212646484375">
        <ele>9.80000019073486328125</ele>
        <time>2026-09-29T22:51:15.000Z</time>
        <extensions>
          <ns3:TrackPointExtension>
            <ns3:hr>145</ns3:hr>
            <ns3:cad>93</ns3:cad>
          </ns3:TrackPointExtension>
        </extensions>
      </trkpt>
      <trkpt lat="22.600714601576328277587890625" lon="113.88268201611936092376708984375">
        <ele>10</ele>
        <time>2026-09-29T22:51:16.000Z</time>
        <extensions>
          <ns3:TrackPointExtension>
            <ns3:hr>145</ns3:hr>
            <ns3:cad>94</ns3:cad>
          </ns3:TrackPointExtension>
        </extensions>
      </trkpt>
      <trkpt lat="22.6006996817886829376220703125" lon="113.88265955261886119842529296875">
        <ele>10</ele>
        <time>2026-09-29T22:51:17.000Z</time>
        <extensions>
          <ns3:TrackPointExtension>
            <ns3:hr>145</ns3:hr>
            <ns3:cad>94</ns3:cad>
          </ns3:TrackPointExtension>
        </extensions>
      </trkpt>
      <trkpt lat="22.60068417526781558990478515625" lon="113.8826286233961582183837890625">
        <ele>9.80000019073486328125</ele>
        <time>2026-09-29T22:51:18.000Z</time>
        <extensions>
          <ns3:TrackPointExtension>
            <ns3:hr>145</ns3:hr>
            <ns3:cad>93</ns3:cad>
          </ns3:TrackPointExtension>
        </extensions>
      </trkpt>
      <trkpt lat="22.60066791437566280364990234375" lon="113.88260859064757823944091796875">
        <ele>9.80000019073486328125</ele>
        <time>2026-09-29T22:51:19.000Z</time>
        <extensions>
          <ns3:TrackPointExtension>
            <ns3:hr>145</ns3:hr>
            <ns3:cad>93</ns3:cad>
          </ns3:TrackPointExtension>
        </extensions>
      </trkpt>
      <trkpt lat="22.60065752081573009490966796875" lon="113.88257707469165325164794921875">
        <ele>9.80000019073486328125</ele>
        <time>2026-09-29T22:51:20.000Z</time>
        <extensions>
          <ns3:TrackPointExtension>
            <ns3:hr>145</ns3:hr>
            <ns3:cad>93</ns3:cad>
          </ns3:TrackPointExtension>
        </extensions>
      </trkpt>
      <trkpt lat="22.600646205246448516845703125" lon="113.8825568743050098419189453125">
        <ele>9.80000019073486328125</ele>
        <time>2026-09-29T22:51:21.000Z</time>
        <extensions>
          <ns3:TrackPointExtension>
            <ns3:hr>146</ns3:hr>
            <ns3:cad>93</ns3:cad>
          </ns3:TrackPointExtension>
        </extensions>
      </trkpt>
      <trkpt lat="22.6006349734961986541748046875" lon="113.88252661563456058502197265625">
        <ele>9.80000019073486328125</ele>
        <time>2026-09-29T22:51:22.000Z</time>
        <extensions>
          <ns3:TrackPointExtension>
            <ns3:hr>146</ns3:hr>
            <ns3:cad>93</ns3:cad>
          </ns3:TrackPointExtension>
        </extensions>
      </trkpt>
      <trkpt lat="22.60062298737466335296630859375" lon="113.88250096701085567474365234375">
        <ele>9.80000019073486328125</ele>
        <time>2026-09-29T22:51:23.000Z</time>
        <extensions>
          <ns3:TrackPointExtension>
            <ns3:hr>146</ns3:hr>
            <ns3:cad>93</ns3:cad>
          </ns3:TrackPointExtension>
        </extensions>
      </trkpt>
      <trkpt lat="22.60060991160571575164794921875" lon="113.88247665949165821075439453125">
        <ele>9.80000019073486328125</ele>
        <time>2026-09-29T22:51:24.000Z</time>
        <extensions>
          <ns3:TrackPointExtension>
            <ns3:hr>145</ns3:hr>
            <ns3:cad>93</ns3:cad>
          </ns3:TrackPointExtension>
        </extensions>
      </trkpt>
      <trkpt lat="22.60059549473226070404052734375" lon="113.882447741925716400146484375">
        <ele>9.80000019073486328125</ele>
        <time>2026-09-29T22:51:25.000Z</time>
        <extensions>
          <ns3:TrackPointExtension>
            <ns3:hr>146</ns3:hr>
            <ns3:cad>93</ns3:cad>
          </ns3:TrackPointExtension>
        </extensions>
      </trkpt>
      <trkpt lat="22.60058275423943996429443359375" lon="113.882425613701343536376953125">
        <ele>9.80000019073486328125</ele>
        <time>2026-09-29T22:51:26.000Z</time>
        <extensions>
          <ns3:TrackPointExtension>
            <ns3:hr>146</ns3:hr>
            <ns3:cad>92</ns3:cad>
          </ns3:TrackPointExtension>
        </extensions>
      </trkpt>
      <trkpt lat="22.60056632570922374725341796875" lon="113.88239317573606967926025390625">
        <ele>9.80000019073486328125</ele>
        <time>2026-09-29T22:51:27.000Z</time>
        <extensions>
          <ns3:TrackPointExtension>
            <ns3:hr>146</ns3:hr>
            <ns3:cad>92</ns3:cad>
          </ns3:TrackPointExtension>
        </extensions>
      </trkpt>
      <trkpt lat="22.60055609978735446929931640625" lon="113.88237205334007740020751953125">
        <ele>9.80000019073486328125</ele>
        <time>2026-09-29T22:51:28.000Z</time>
        <extensions>
          <ns3:TrackPointExtension>
            <ns3:hr>146</ns3:hr>
            <ns3:cad>95</ns3:cad>
          </ns3:TrackPointExtension>
        </extensions>
      </trkpt>
      <trkpt lat="22.6005454547703266143798828125" lon="113.88233953155577182769775390625">
        <ele>9.80000019073486328125</ele>
        <time>2026-09-29T22:51:29.000Z</time>
        <extensions>
          <ns3:TrackPointExtension>
            <ns3:hr>146</ns3:hr>
            <ns3:cad>95</ns3:cad>
          </ns3:TrackPointExtension>
        </extensions>
      </trkpt>
      <trkpt lat="22.6005358994007110595703125" lon="113.88231505639851093292236328125">
        <ele>9.80000019073486328125</ele>
        <time>2026-09-29T22:51:30.000Z</time>
        <extensions>
          <ns3:TrackPointExtension>
            <ns3:hr>146</ns3:hr>
            <ns3:cad>95</ns3:cad>
          </ns3:TrackPointExtension>
        </extensions>
      </trkpt>
      <trkpt lat="22.60052709840238094329833984375" lon="113.8822829537093639373779296875">
        <ele>9.80000019073486328125</ele>
        <time>2026-09-29T22:51:31.000Z</time>
        <extensions>
          <ns3:TrackPointExtension>
            <ns3:hr>146</ns3:hr>
            <ns3:cad>95</ns3:cad>
          </ns3:TrackPointExtension>
        </extensions>
      </trkpt>
      <trkpt lat="22.60051569901406764984130859375" lon="113.882255293428897857666015625">
        <ele>9.80000019073486328125</ele>
        <time>2026-09-29T22:51:32.000Z</time>
        <extensions>
          <ns3:TrackPointExtension>
            <ns3:hr>146</ns3:hr>
            <ns3:cad>93</ns3:cad>
          </ns3:TrackPointExtension>
        </extensions>
      </trkpt>
      <trkpt lat="22.6005079038441181182861328125" lon="113.8822294771671295166015625">
        <ele>9.80000019073486328125</ele>
        <time>2026-09-29T22:51:33.000Z</time>
        <extensions>
          <ns3:TrackPointExtension>
            <ns3:hr>146</ns3:hr>
            <ns3:cad>93</ns3:cad>
          </ns3:TrackPointExtension>
        </extensions>
      </trkpt>
      <trkpt lat="22.60049675591289997100830078125" lon="113.8822004757821559906005859375">
        <ele>9.80000019073486328125</ele>
        <time>2026-09-29T22:51:34.000Z</time>
        <extensions>
          <ns3:TrackPointExtension>
            <ns3:hr>145</ns3:hr>
            <ns3:cad>92</ns3:cad>
          </ns3:TrackPointExtension>
        </extensions>
      </trkpt>
      <trkpt lat="22.6004854403436183929443359375" lon="113.88217440806329250335693359375">
        <ele>9.80000019073486328125</ele>
        <time>2026-09-29T22:51:35.000Z</time>
        <extensions>
          <ns3:TrackPointExtension>
            <ns3:hr>146</ns3:hr>
            <ns3:cad>92</ns3:cad>
          </ns3:TrackPointExtension>
        </extensions>
      </trkpt>
      <trkpt lat="22.60047513060271739959716796875" lon="113.8821404613554477691650390625">
        <ele>9.80000019073486328125</ele>
        <time>2026-09-29T22:51:36.000Z</time>
        <extensions>
          <ns3:TrackPointExtension>
            <ns3:hr>146</ns3:hr>
            <ns3:cad>92</ns3:cad>
          </ns3:TrackPointExtension>
        </extensions>
      </trkpt>
      <trkpt lat="22.60046205483376979827880859375" lon="113.882117159664630889892578125">
        <ele>9.6000003814697265625</ele>
        <time>2026-09-29T22:51:37.000Z</time>
        <extensions>
          <ns3:TrackPointExtension>
            <ns3:hr>147</ns3:hr>
            <ns3:cad>92</ns3:cad>
          </ns3:TrackPointExtension>
        </extensions>
      </trkpt>
      <trkpt lat="22.60044872760772705078125" lon="113.88208673335611820220947265625">
        <ele>9.6000003814697265625</ele>
        <time>2026-09-29T22:51:38.000Z</time>
        <extensions>
          <ns3:TrackPointExtension>
            <ns3:hr>147</ns3:hr>
            <ns3:cad>92</ns3:cad>
          </ns3:TrackPointExtension>
        </extensions>
      </trkpt>
      <trkpt lat="22.6004354842007160186767578125" lon="113.88206309638917446136474609375">
        <ele>9.6000003814697265625</ele>
        <time>2026-09-29T22:51:39.000Z</time>
        <extensions>
          <ns3:TrackPointExtension>
            <ns3:hr>147</ns3:hr>
            <ns3:cad>93</ns3:cad>
          </ns3:TrackPointExtension>
        </extensions>
      </trkpt>
      <trkpt lat="22.60042659938335418701171875" lon="113.88204096816480159759521484375">
        <ele>9.80000019073486328125</ele>
        <time>2026-09-29T22:51:40.000Z</time>
        <extensions>
          <ns3:TrackPointExtension>
            <ns3:hr>147</ns3:hr>
            <ns3:cad>93</ns3:cad>
          </ns3:TrackPointExtension>
        </extensions>
      </trkpt>
      <trkpt lat="22.60041243396699428558349609375" lon="113.88201330788433551788330078125">
        <ele>9.80000019073486328125</ele>
        <time>2026-09-29T22:51:41.000Z</time>
        <extensions>
          <ns3:TrackPointExtension>
            <ns3:hr>147</ns3:hr>
            <ns3:cad>94</ns3:cad>
          </ns3:TrackPointExtension>
        </extensions>
      </trkpt>
      <trkpt lat="22.60040086694061756134033203125" lon="113.88199117965996265411376953125">
        <ele>9.80000019073486328125</ele>
        <time>2026-09-29T22:51:42.000Z</time>
        <extensions>
          <ns3:TrackPointExtension>
            <ns3:hr>147</ns3:hr>
            <ns3:cad>95</ns3:cad>
          </ns3:TrackPointExtension>
        </extensions>
      </trkpt>
      <trkpt lat="22.60038829408586025238037109375" lon="113.88196553103625774383544921875">
        <ele>9.80000019073486328125</ele>
        <time>2026-09-29T22:51:43.000Z</time>
        <extensions>
          <ns3:TrackPointExtension>
            <ns3:hr>147</ns3:hr>
            <ns3:cad>95</ns3:cad>
          </ns3:TrackPointExtension>
        </extensions>
      </trkpt>
      <trkpt lat="22.60037790052592754364013671875" lon="113.88194491155445575714111328125">
        <ele>9.80000019073486328125</ele>
        <time>2026-09-29T22:51:44.000Z</time>
        <extensions>
          <ns3:TrackPointExtension>
            <ns3:hr>147</ns3:hr>
            <ns3:cad>94</ns3:cad>
          </ns3:TrackPointExtension>
        </extensions>
      </trkpt>
      <trkpt lat="22.6003687642514705657958984375" lon="113.88190870173275470733642578125">
        <ele>9.80000019073486328125</ele>
        <time>2026-09-29T22:51:45.000Z</time>
        <extensions>
          <ns3:TrackPointExtension>
            <ns3:hr>147</ns3:hr>
            <ns3:cad>94</ns3:cad>
          </ns3:TrackPointExtension>
        </extensions>
      </trkpt>
      <trkpt lat="22.6003561913967132568359375" lon="113.8818769343197345733642578125">
        <ele>10</ele>
        <time>2026-09-29T22:51:46.000Z</time>
        <extensions>
          <ns3:TrackPointExtension>
            <ns3:hr>147</ns3:hr>
            <ns3:cad>95</ns3:cad>
          </ns3:TrackPointExtension>
        </extensions>
      </trkpt>
      <trkpt lat="22.60034185834228992462158203125" lon="113.88184114359319210052490234375">
        <ele>10</ele>
        <time>2026-09-29T22:51:47.000Z</time>
        <extensions>
          <ns3:TrackPointExtension>
            <ns3:hr>147</ns3:hr>
            <ns3:cad>95</ns3:cad>
          </ns3:TrackPointExtension>
        </extensions>
      </trkpt>
      <trkpt lat="22.6003255136311054229736328125" lon="113.8818112201988697052001953125">
        <ele>10</ele>
        <time>2026-09-29T22:51:48.000Z</time>
        <extensions>
          <ns3:TrackPointExtension>
            <ns3:hr>147</ns3:hr>
            <ns3:cad>92</ns3:cad>
          </ns3:TrackPointExtension>
        </extensions>
      </trkpt>
      <trkpt lat="22.6003167964518070220947265625" lon="113.88178029097616672515869140625">
        <ele>10.19999980926513671875</ele>
        <time>2026-09-29T22:51:49.000Z</time>
        <extensions>
          <ns3:TrackPointExtension>
            <ns3:hr>147</ns3:hr>
            <ns3:cad>92</ns3:cad>
          </ns3:TrackPointExtension>
        </extensions>
      </trkpt>
      <trkpt lat="22.60030497796833515167236328125" lon="113.8817518763244152069091796875">
        <ele>10.19999980926513671875</ele>
        <time>2026-09-29T22:51:50.000Z</time>
        <extensions>
          <ns3:TrackPointExtension>
            <ns3:hr>147</ns3:hr>
            <ns3:cad>92</ns3:cad>
          </ns3:TrackPointExtension>
        </extensions>
      </trkpt>
      <trkpt lat="22.60029575787484645843505859375" lon="113.88172731734812259674072265625">
        <ele>10</ele>
        <time>2026-09-29T22:51:51.000Z</time>
        <extensions>
          <ns3:TrackPointExtension>
            <ns3:hr>147</ns3:hr>
            <ns3:cad>92</ns3:cad>
          </ns3:TrackPointExtension>
        </extensions>
      </trkpt>
      <trkpt lat="22.6002837717533111572265625" lon="113.88169596903026103973388671875">
        <ele>10.19999980926513671875</ele>
        <time>2026-09-29T22:51:52.000Z</time>
        <extensions>
          <ns3:TrackPointExtension>
            <ns3:hr>148</ns3:hr>
            <ns3:cad>92</ns3:cad>
          </ns3:TrackPointExtension>
        </extensions>
      </trkpt>
      <trkpt lat="22.6002705283463001251220703125" lon="113.881673254072666168212890625">
        <ele>10.19999980926513671875</ele>
        <time>2026-09-29T22:51:53.000Z</time>
        <extensions>
          <ns3:TrackPointExtension>
            <ns3:hr>148</ns3:hr>
            <ns3:cad>92</ns3:cad>
          </ns3:TrackPointExtension>
        </extensions>
      </trkpt>
      <trkpt lat="22.6002574525773525238037109375" lon="113.881647102534770965576171875">
        <ele>10.19999980926513671875</ele>
        <time>2026-09-29T22:51:54.000Z</time>
        <extensions>
          <ns3:TrackPointExtension>
            <ns3:hr>148</ns3:hr>
            <ns3:cad>93</ns3:cad>
          </ns3:TrackPointExtension>
        </extensions>
      </trkpt>
      <trkpt lat="22.6002457179129123687744140625" lon="113.8816221244633197784423828125">
        <ele>10.19999980926513671875</ele>
        <time>2026-09-29T22:51:55.000Z</time>
        <extensions>
          <ns3:TrackPointExtension>
            <ns3:hr>148</ns3:hr>
            <ns3:cad>93</ns3:cad>
          </ns3:TrackPointExtension>
        </extensions>
      </trkpt>
      <trkpt lat="22.6002329774200916290283203125" lon="113.88159337453544139862060546875">
        <ele>10.3999996185302734375</ele>
        <time>2026-09-29T22:51:56.000Z</time>
        <extensions>
          <ns3:TrackPointExtension>
            <ns3:hr>148</ns3:hr>
            <ns3:cad>93</ns3:cad>
          </ns3:TrackPointExtension>
        </extensions>
      </trkpt>
      <trkpt lat="22.600218392908573150634765625" lon="113.8815661333501338958740234375">
        <ele>10.3999996185302734375</ele>
        <time>2026-09-29T22:51:57.000Z</time>
        <extensions>
          <ns3:TrackPointExtension>
            <ns3:hr>149</ns3:hr>
            <ns3:cad>93</ns3:cad>
          </ns3:TrackPointExtension>
        </extensions>
      </trkpt>
      <trkpt lat="22.6002088375389575958251953125" lon="113.881541825830936431884765625">
        <ele>10.19999980926513671875</ele>
        <time>2026-09-29T22:51:58.000Z</time>
        <extensions>
          <ns3:TrackPointExtension>
            <ns3:hr>148</ns3:hr>
            <ns3:cad>94</ns3:cad>
          </ns3:TrackPointExtension>
        </extensions>
      </trkpt>
      <trkpt lat="22.6001947559416294097900390625" lon="113.881510309875011444091796875">
        <ele>10.3999996185302734375</ele>
        <time>2026-09-29T22:51:59.000Z</time>
        <extensions>
          <ns3:TrackPointExtension>
            <ns3:hr>148</ns3:hr>
            <ns3:cad>94</ns3:cad>
          </ns3:TrackPointExtension>
        </extensions>
      </trkpt>
      <trkpt lat="22.60018427856266498565673828125" lon="113.881488852202892303466796875">
        <ele>10.3999996185302734375</ele>
        <time>2026-09-29T22:52:00.000Z</time>
        <extensions>
          <ns3:TrackPointExtension>
            <ns3:hr>149</ns3:hr>
            <ns3:cad>94</ns3:cad>
          </ns3:TrackPointExtension>
        </extensions>
      </trkpt>
      <trkpt lat="22.6001716218888759613037109375" lon="113.88146010227501392364501953125">
        <ele>10.3999996185302734375</ele>
        <time>2026-09-29T22:52:01.000Z</time>
        <extensions>
          <ns3:TrackPointExtension>
            <ns3:hr>149</ns3:hr>
            <ns3:cad>94</ns3:cad>
          </ns3:TrackPointExtension>
        </extensions>
      </trkpt>
      <trkpt lat="22.60016114450991153717041015625" lon="113.8814347051084041595458984375">
        <ele>10.3999996185302734375</ele>
        <time>2026-09-29T22:52:02.000Z</time>
        <extensions>
          <ns3:TrackPointExtension>
            <ns3:hr>148</ns3:hr>
            <ns3:cad>94</ns3:cad>
          </ns3:TrackPointExtension>
        </extensions>
      </trkpt>
      <trkpt lat="22.60014672763645648956298828125" lon="113.881403692066669464111328125">
        <ele>10.6000003814697265625</ele>
        <time>2026-09-29T22:52:03.000Z</time>
        <extensions>
          <ns3:TrackPointExtension>
            <ns3:hr>148</ns3:hr>
            <ns3:cad>94</ns3:cad>
          </ns3:TrackPointExtension>
        </extensions>
      </trkpt>
      <trkpt lat="22.60013449005782604217529296875" lon="113.88137519359588623046875">
        <ele>10.3999996185302734375</ele>
        <time>2026-09-29T22:52:04.000Z</time>
        <extensions>
          <ns3:TrackPointExtension>
            <ns3:hr>148</ns3:hr>
            <ns3:cad>95</ns3:cad>
          </ns3:TrackPointExtension>
        </extensions>
      </trkpt>
      <trkpt lat="22.60012074373662471771240234375" lon="113.88134208507835865020751953125">
        <ele>10.3999996185302734375</ele>
        <time>2026-09-29T22:52:05.000Z</time>
        <extensions>
          <ns3:TrackPointExtension>
            <ns3:hr>149</ns3:hr>
            <ns3:cad>95</ns3:cad>
          </ns3:TrackPointExtension>
        </extensions>
      </trkpt>
      <trkpt lat="22.60009710676968097686767578125" lon="113.88130671344697475433349609375">
        <ele>10.3999996185302734375</ele>
        <time>2026-09-29T22:52:06.000Z</time>
        <extensions>
          <ns3:TrackPointExtension>
            <ns3:hr>149</ns3:hr>
            <ns3:cad>94</ns3:cad>
          </ns3:TrackPointExtension>
        </extensions>
      </trkpt>
      <trkpt lat="22.600085623562335968017578125" lon="113.88128274120390415191650390625">
        <ele>10.3999996185302734375</ele>
        <time>2026-09-29T22:52:07.000Z</time>
        <extensions>
          <ns3:TrackPointExtension>
            <ns3:hr>149</ns3:hr>
            <ns3:cad>94</ns3:cad>
          </ns3:TrackPointExtension>
        </extensions>
      </trkpt>
      <trkpt lat="22.60006709955632686614990234375" lon="113.88124887831509113311767578125">
        <ele>10.3999996185302734375</ele>
        <time>2026-09-29T22:52:08.000Z</time>
        <extensions>
          <ns3:TrackPointExtension>
            <ns3:hr>148</ns3:hr>
            <ns3:cad>93</ns3:cad>
          </ns3:TrackPointExtension>
        </extensions>
      </trkpt>
      <trkpt lat="22.60005150921642780303955078125" lon="113.881223984062671661376953125">
        <ele>10.3999996185302734375</ele>
        <time>2026-09-29T22:52:09.000Z</time>
        <extensions>
          <ns3:TrackPointExtension>
            <ns3:hr>149</ns3:hr>
            <ns3:cad>92</ns3:cad>
          </ns3:TrackPointExtension>
        </extensions>
      </trkpt>
      <trkpt lat="22.6000348292291164398193359375" lon="113.881191797554492950439453125">
        <ele>10.3999996185302734375</ele>
        <time>2026-09-29T22:52:10.000Z</time>
        <extensions>
          <ns3:TrackPointExtension>
            <ns3:hr>149</ns3:hr>
            <ns3:cad>92</ns3:cad>
          </ns3:TrackPointExtension>
        </extensions>
      </trkpt>
      <trkpt lat="22.600022591650485992431640625" lon="113.8811684958636760711669921875">
        <ele>10.19999980926513671875</ele>
        <time>2026-09-29T22:52:11.000Z</time>
        <extensions>
          <ns3:TrackPointExtension>
            <ns3:hr>149</ns3:hr>
            <ns3:cad>93</ns3:cad>
          </ns3:TrackPointExtension>
        </extensions>
      </trkpt>
      <trkpt lat="22.6000048220157623291015625" lon="113.88113957829773426055908203125">
        <ele>10.19999980926513671875</ele>
        <time>2026-09-29T22:52:12.000Z</time>
        <extensions>
          <ns3:TrackPointExtension>
            <ns3:hr>149</ns3:hr>
            <ns3:cad>93</ns3:cad>
          </ns3:TrackPointExtension>
        </extensions>
      </trkpt>
      <trkpt lat="22.5999915786087512969970703125" lon="113.8811125047504901885986328125">
        <ele>10.3999996185302734375</ele>
        <time>2026-09-29T22:52:13.000Z</time>
        <extensions>
          <ns3:TrackPointExtension>
            <ns3:hr>149</ns3:hr>
            <ns3:cad>92</ns3:cad>
          </ns3:TrackPointExtension>
        </extensions>
      </trkpt>
      <trkpt lat="22.59998328052461147308349609375" lon="113.88108459301292896270751953125">
        <ele>10.3999996185302734375</ele>
        <time>2026-09-29T22:52:14.000Z</time>
        <extensions>
          <ns3:TrackPointExtension>
            <ns3:hr>149</ns3:hr>
            <ns3:cad>92</ns3:cad>
          </ns3:TrackPointExtension>
        </extensions>
      </trkpt>
      <trkpt lat="22.5999754853546619415283203125" lon="113.8810474611818790435791015625">
        <ele>10.19999980926513671875</ele>
        <time>2026-09-29T22:52:15.000Z</time>
        <extensions>
          <ns3:TrackPointExtension>
            <ns3:hr>149</ns3:hr>
            <ns3:cad>93</ns3:cad>
          </ns3:TrackPointExtension>
        </extensions>
      </trkpt>
      <trkpt lat="22.59996852837502956390380859375" lon="113.881023488938808441162109375">
        <ele>10.3999996185302734375</ele>
        <time>2026-09-29T22:52:16.000Z</time>
        <extensions>
          <ns3:TrackPointExtension>
            <ns3:hr>149</ns3:hr>
            <ns3:cad>93</ns3:cad>
          </ns3:TrackPointExtension>
        </extensions>
      </trkpt>
      <trkpt lat="22.599959559738636016845703125" lon="113.880986273288726806640625">
        <ele>10.3999996185302734375</ele>
        <time>2026-09-29T22:52:17.000Z</time>
        <extensions>
          <ns3:TrackPointExtension>
            <ns3:hr>150</ns3:hr>
            <ns3:cad>93</ns3:cad>
          </ns3:TrackPointExtension>
        </extensions>
      </trkpt>
      <trkpt lat="22.59993952699005603790283203125" lon="113.8809646479785442352294921875">
        <ele>10.3999996185302734375</ele>
        <time>2026-09-29T22:52:18.000Z</time>
        <extensions>
          <ns3:TrackPointExtension>
            <ns3:hr>150</ns3:hr>
            <ns3:cad>92</ns3:cad>
          </ns3:TrackPointExtension>
        </extensions>
      </trkpt>
      <trkpt lat="22.5999318994581699371337890625" lon="113.88093070127069950103759765625">
        <ele>10.3999996185302734375</ele>
        <time>2026-09-29T22:52:19.000Z</time>
        <extensions>
          <ns3:TrackPointExtension>
            <ns3:hr>150</ns3:hr>
            <ns3:cad>92</ns3:cad>
          </ns3:TrackPointExtension>
        </extensions>
      </trkpt>
      <trkpt lat="22.5999215058982372283935546875" lon="113.88090513646602630615234375">
        <ele>10.3999996185302734375</ele>
        <time>2026-09-29T22:52:20.000Z</time>
        <extensions>
          <ns3:TrackPointExtension>
            <ns3:hr>149</ns3:hr>
            <ns3:cad>92</ns3:cad>
          </ns3:TrackPointExtension>
        </extensions>
      </trkpt>
      <trkpt lat="22.599905245006084442138671875" lon="113.88087621890008449554443359375">
        <ele>10.19999980926513671875</ele>
        <time>2026-09-29T22:52:21.000Z</time>
        <extensions>
          <ns3:TrackPointExtension>
            <ns3:hr>150</ns3:hr>
            <ns3:cad>92</ns3:cad>
          </ns3:TrackPointExtension>
        </extensions>
      </trkpt>
      <trkpt lat="22.59989158250391483306884765625" lon="113.88084989972412586212158203125">
        <ele>10.19999980926513671875</ele>
        <time>2026-09-29T22:52:22.000Z</time>
        <extensions>
          <ns3:TrackPointExtension>
            <ns3:hr>150</ns3:hr>
            <ns3:cad>93</ns3:cad>
          </ns3:TrackPointExtension>
        </extensions>
      </trkpt>
      <trkpt lat="22.59988303296267986297607421875" lon="113.88082022778689861297607421875">
        <ele>10.19999980926513671875</ele>
        <time>2026-09-29T22:52:23.000Z</time>
        <extensions>
          <ns3:TrackPointExtension>
            <ns3:hr>150</ns3:hr>
            <ns3:cad>93</ns3:cad>
          </ns3:TrackPointExtension>
        </extensions>
      </trkpt>
      <trkpt lat="22.599872052669525146484375" lon="113.88078971765935420989990234375">
        <ele>10.19999980926513671875</ele>
        <time>2026-09-29T22:52:24.000Z</time>
        <extensions>
          <ns3:TrackPointExtension>
            <ns3:hr>151</ns3:hr>
            <ns3:cad>92</ns3:cad>
          </ns3:TrackPointExtension>
        </extensions>
      </trkpt>
      <trkpt lat="22.59986509568989276885986328125" lon="113.88076364994049072265625">
        <ele>10.19999980926513671875</ele>
        <time>2026-09-29T22:52:25.000Z</time>
        <extensions>
          <ns3:TrackPointExtension>
            <ns3:hr>151</ns3:hr>
            <ns3:cad>92</ns3:cad>
          </ns3:TrackPointExtension>
        </extensions>
      </trkpt>
      <trkpt lat="22.59985126554965972900390625" lon="113.880729787051677703857421875">
        <ele>10.3999996185302734375</ele>
        <time>2026-09-29T22:52:26.000Z</time>
        <extensions>
          <ns3:TrackPointExtension>
            <ns3:hr>151</ns3:hr>
            <ns3:cad>92</ns3:cad>
          </ns3:TrackPointExtension>
        </extensions>
      </trkpt>
      <trkpt lat="22.59983919560909271240234375" lon="113.880704306066036224365234375">
        <ele>10.3999996185302734375</ele>
        <time>2026-09-29T22:52:27.000Z</time>
        <extensions>
          <ns3:TrackPointExtension>
            <ns3:hr>150</ns3:hr>
            <ns3:cad>93</ns3:cad>
          </ns3:TrackPointExtension>
        </extensions>
      </trkpt>
      <trkpt lat="22.5998262874782085418701171875" lon="113.880672119557857513427734375">
        <ele>10.3999996185302734375</ele>
        <time>2026-09-29T22:52:28.000Z</time>
        <extensions>
          <ns3:TrackPointExtension>
            <ns3:hr>150</ns3:hr>
            <ns3:cad>93</ns3:cad>
          </ns3:TrackPointExtension>
        </extensions>
      </trkpt>
      <trkpt lat="22.59981262497603893280029296875" lon="113.880647309124469757080078125">
        <ele>10.3999996185302734375</ele>
        <time>2026-09-29T22:52:29.000Z</time>
        <extensions>
          <ns3:TrackPointExtension>
            <ns3:hr>150</ns3:hr>
            <ns3:cad>93</ns3:cad>
          </ns3:TrackPointExtension>
        </extensions>
      </trkpt>
      <trkpt lat="22.599799297749996185302734375" lon="113.88061487115919589996337890625">
        <ele>10.3999996185302734375</ele>
        <time>2026-09-29T22:52:30.000Z</time>
        <extensions>
          <ns3:TrackPointExtension>
            <ns3:hr>150</ns3:hr>
            <ns3:cad>92</ns3:cad>
          </ns3:TrackPointExtension>
        </extensions>
      </trkpt>
      <trkpt lat="22.599786221981048583984375" lon="113.88058737851679325103759765625">
        <ele>10.3999996185302734375</ele>
        <time>2026-09-29T22:52:31.000Z</time>
        <extensions>
          <ns3:TrackPointExtension>
            <ns3:hr>150</ns3:hr>
            <ns3:cad>92</ns3:cad>
          </ns3:TrackPointExtension>
        </extensions>
      </trkpt>
      <trkpt lat="22.59977255947887897491455078125" lon="113.88055955059826374053955078125">
        <ele>10.19999980926513671875</ele>
        <time>2026-09-29T22:52:32.000Z</time>
        <extensions>
          <ns3:TrackPointExtension>
            <ns3:hr>151</ns3:hr>
            <ns3:cad>92</ns3:cad>
          </ns3:TrackPointExtension>
        </extensions>
      </trkpt>
      <trkpt lat="22.59975411929190158843994140625" lon="113.8805291242897510528564453125">
        <ele>10.19999980926513671875</ele>
        <time>2026-09-29T22:52:33.000Z</time>
        <extensions>
          <ns3:TrackPointExtension>
            <ns3:hr>151</ns3:hr>
            <ns3:cad>92</ns3:cad>
          </ns3:TrackPointExtension>
        </extensions>
      </trkpt>
      <trkpt lat="22.59974221698939800262451171875" lon="113.8805073313415050506591796875">
        <ele>10.3999996185302734375</ele>
        <time>2026-09-29T22:52:34.000Z</time>
        <extensions>
          <ns3:TrackPointExtension>
            <ns3:hr>152</ns3:hr>
            <ns3:cad>92</ns3:cad>
          </ns3:TrackPointExtension>
        </extensions>
      </trkpt>
      <trkpt lat="22.59972478263080120086669921875" lon="113.88047732412815093994140625">
        <ele>10.3999996185302734375</ele>
        <time>2026-09-29T22:52:35.000Z</time>
        <extensions>
          <ns3:TrackPointExtension>
            <ns3:hr>152</ns3:hr>
            <ns3:cad>93</ns3:cad>
          </ns3:TrackPointExtension>
        </extensions>
      </trkpt>
      <trkpt lat="22.599710114300251007080078125" lon="113.88045695610344409942626953125">
        <ele>10.3999996185302734375</ele>
        <time>2026-09-29T22:52:36.000Z</time>
        <extensions>
          <ns3:TrackPointExtension>
            <ns3:hr>152</ns3:hr>
            <ns3:cad>94</ns3:cad>
          </ns3:TrackPointExtension>
        </extensions>
      </trkpt>
      <trkpt lat="22.5996935181319713592529296875" lon="113.88042745180428028106689453125">
        <ele>10.3999996185302734375</ele>
        <time>2026-09-29T22:52:37.000Z</time>
        <extensions>
          <ns3:TrackPointExtension>
            <ns3:hr>152</ns3:hr>
            <ns3:cad>94</ns3:cad>
          </ns3:TrackPointExtension>
        </extensions>
      </trkpt>
      <trkpt lat="22.59967750869691371917724609375" lon="113.8804020546376705169677734375">
        <ele>10.3999996185302734375</ele>
        <time>2026-09-29T22:52:38.000Z</time>
        <extensions>
          <ns3:TrackPointExtension>
            <ns3:hr>152</ns3:hr>
            <ns3:cad>93</ns3:cad>
          </ns3:TrackPointExtension>
        </extensions>
      </trkpt>
      <trkpt lat="22.5996633432805538177490234375" lon="113.88037079013884067535400390625">
        <ele>10.3999996185302734375</ele>
        <time>2026-09-29T22:52:39.000Z</time>
        <extensions>
          <ns3:TrackPointExtension>
            <ns3:hr>152</ns3:hr>
            <ns3:cad>93</ns3:cad>
          </ns3:TrackPointExtension>
        </extensions>
      </trkpt>
      <trkpt lat="22.59964565746486186981201171875" lon="113.8803413696587085723876953125">
        <ele>10.19999980926513671875</ele>
        <time>2026-09-29T22:52:40.000Z</time>
        <extensions>
          <ns3:TrackPointExtension>
            <ns3:hr>153</ns3:hr>
            <ns3:cad>93</ns3:cad>
          </ns3:TrackPointExtension>
        </extensions>
      </trkpt>
      <trkpt lat="22.5996324978768825531005859375" lon="113.8803165592253208160400390625">
        <ele>10.19999980926513671875</ele>
        <time>2026-09-29T22:52:41.000Z</time>
        <extensions>
          <ns3:TrackPointExtension>
            <ns3:hr>153</ns3:hr>
            <ns3:cad>94</ns3:cad>
          </ns3:TrackPointExtension>
        </extensions>
      </trkpt>
      <trkpt lat="22.59961389005184173583984375" lon="113.88028646819293498992919921875">
        <ele>10.19999980926513671875</ele>
        <time>2026-09-29T22:52:42.000Z</time>
        <extensions>
          <ns3:TrackPointExtension>
            <ns3:hr>153</ns3:hr>
            <ns3:cad>94</ns3:cad>
          </ns3:TrackPointExtension>
        </extensions>
      </trkpt>
      <trkpt lat="22.59959855116903781890869140625" lon="113.88026316650211811065673828125">
        <ele>10.19999980926513671875</ele>
        <time>2026-09-29T22:52:43.000Z</time>
        <extensions>
          <ns3:TrackPointExtension>
            <ns3:hr>153</ns3:hr>
            <ns3:cad>93</ns3:cad>
          </ns3:TrackPointExtension>
        </extensions>
      </trkpt>
      <trkpt lat="22.59958304464817047119140625" lon="113.8802324049174785614013671875">
        <ele>10.19999980926513671875</ele>
        <time>2026-09-29T22:52:44.000Z</time>
        <extensions>
          <ns3:TrackPointExtension>
            <ns3:hr>153</ns3:hr>
            <ns3:cad>93</ns3:cad>
          </ns3:TrackPointExtension>
        </extensions>
      </trkpt>
      <trkpt lat="22.599569968879222869873046875" lon="113.8802099414169788360595703125">
        <ele>10.19999980926513671875</ele>
        <time>2026-09-29T22:52:45.000Z</time>
        <extensions>
          <ns3:TrackPointExtension>
            <ns3:hr>153</ns3:hr>
            <ns3:cad>93</ns3:cad>
          </ns3:TrackPointExtension>
        </extensions>
      </trkpt>
      <trkpt lat="22.599551863968372344970703125" lon="113.88018135912716388702392578125">
        <ele>10</ele>
        <time>2026-09-29T22:52:46.000Z</time>
        <extensions>
          <ns3:TrackPointExtension>
            <ns3:hr>154</ns3:hr>
            <ns3:cad>93</ns3:cad>
          </ns3:TrackPointExtension>
        </extensions>
      </trkpt>
      <trkpt lat="22.59953669272363185882568359375" lon="113.88015839271247386932373046875">
        <ele>10</ele>
        <time>2026-09-29T22:52:47.000Z</time>
        <extensions>
          <ns3:TrackPointExtension>
            <ns3:hr>153</ns3:hr>
            <ns3:cad>94</ns3:cad>
          </ns3:TrackPointExtension>
        </extensions>
      </trkpt>
      <trkpt lat="22.59952269494533538818359375" lon="113.88012955896556377410888671875">
        <ele>10</ele>
        <time>2026-09-29T22:52:48.000Z</time>
        <extensions>
          <ns3:TrackPointExtension>
            <ns3:hr>153</ns3:hr>
            <ns3:cad>94</ns3:cad>
          </ns3:TrackPointExtension>
        </extensions>
      </trkpt>
      <trkpt lat="22.59950391948223114013671875" lon="113.8800998032093048095703125">
        <ele>10</ele>
        <time>2026-09-29T22:52:49.000Z</time>
        <extensions>
          <ns3:TrackPointExtension>
            <ns3:hr>154</ns3:hr>
            <ns3:cad>94</ns3:cad>
          </ns3:TrackPointExtension>
        </extensions>
      </trkpt>
      <trkpt lat="22.599487490952014923095703125" lon="113.88007474131882190704345703125">
        <ele>10</ele>
        <time>2026-09-29T22:52:50.000Z</time>
        <extensions>
          <ns3:TrackPointExtension>
            <ns3:hr>153</ns3:hr>
            <ns3:cad>94</ns3:cad>
          </ns3:TrackPointExtension>
        </extensions>
      </trkpt>
      <trkpt lat="22.59946460835635662078857421875" lon="113.88004356063902378082275390625">
        <ele>10</ele>
        <time>2026-09-29T22:52:51.000Z</time>
        <extensions>
          <ns3:TrackPointExtension>
            <ns3:hr>153</ns3:hr>
            <ns3:cad>94</ns3:cad>
          </ns3:TrackPointExtension>
        </extensions>
      </trkpt>
      <trkpt lat="22.59945019148290157318115234375" lon="113.880025036633014678955078125">
        <ele>10</ele>
        <time>2026-09-29T22:52:52.000Z</time>
        <extensions>
          <ns3:TrackPointExtension>
            <ns3:hr>153</ns3:hr>
            <ns3:cad>94</ns3:cad>
          </ns3:TrackPointExtension>
        </extensions>
      </trkpt>
      <trkpt lat="22.59943309240043163299560546875" lon="113.879991509020328521728515625">
        <ele>10</ele>
        <time>2026-09-29T22:52:53.000Z</time>
        <extensions>
          <ns3:TrackPointExtension>
            <ns3:hr>153</ns3:hr>
            <ns3:cad>94</ns3:cad>
          </ns3:TrackPointExtension>
        </extensions>
      </trkpt>
      <trkpt lat="22.59941750206053256988525390625" lon="113.87996979989111423492431640625">
        <ele>10</ele>
        <time>2026-09-29T22:52:54.000Z</time>
        <extensions>
          <ns3:TrackPointExtension>
            <ns3:hr>153</ns3:hr>
            <ns3:cad>94</ns3:cad>
          </ns3:TrackPointExtension>
        </extensions>
      </trkpt>
      <trkpt lat="22.5994004867970943450927734375" lon="113.8799400441348552703857421875">
        <ele>10</ele>
        <time>2026-09-29T22:52:55.000Z</time>
        <extensions>
          <ns3:TrackPointExtension>
            <ns3:hr>153</ns3:hr>
            <ns3:cad>94</ns3:cad>
          </ns3:TrackPointExtension>
        </extensions>
      </trkpt>
      <trkpt lat="22.5993820466101169586181640625" lon="113.8799148984253406524658203125">
        <ele>10</ele>
        <time>2026-09-29T22:52:56.000Z</time>
        <extensions>
          <ns3:TrackPointExtension>
            <ns3:hr>153</ns3:hr>
            <ns3:cad>92</ns3:cad>
          </ns3:TrackPointExtension>
        </extensions>
      </trkpt>
      <trkpt lat="22.5993691384792327880859375" lon="113.879891596734523773193359375">
        <ele>10</ele>
        <time>2026-09-29T22:52:57.000Z</time>
        <extensions>
          <ns3:TrackPointExtension>
            <ns3:hr>153</ns3:hr>
            <ns3:cad>92</ns3:cad>
          </ns3:TrackPointExtension>
        </extensions>
      </trkpt>
      <trkpt lat="22.5993491895496845245361328125" lon="113.87986385263502597808837890625">
        <ele>9.80000019073486328125</ele>
        <time>2026-09-29T22:52:58.000Z</time>
        <extensions>
          <ns3:TrackPointExtension>
            <ns3:hr>152</ns3:hr>
            <ns3:cad>92</ns3:cad>
          </ns3:TrackPointExtension>
        </extensions>
      </trkpt>
      <trkpt lat="22.5993364490568637847900390625" lon="113.879843652248382568359375">
        <ele>9.80000019073486328125</ele>
        <time>2026-09-29T22:52:59.000Z</time>
        <extensions>
          <ns3:TrackPointExtension>
            <ns3:hr>152</ns3:hr>
            <ns3:cad>92</ns3:cad>
          </ns3:TrackPointExtension>
        </extensions>
      </trkpt>
      <trkpt lat="22.59931708686053752899169921875" lon="113.879812471568584442138671875">
        <ele>9.80000019073486328125</ele>
        <time>2026-09-29T22:53:00.000Z</time>
        <extensions>
          <ns3:TrackPointExtension>
            <ns3:hr>152</ns3:hr>
            <ns3:cad>93</ns3:cad>
          </ns3:TrackPointExtension>
        </extensions>
      </trkpt>
      <trkpt lat="22.59929562918841838836669921875" lon="113.87979612685739994049072265625">
        <ele>9.80000019073486328125</ele>
        <time>2026-09-29T22:53:01.000Z</time>
        <extensions>
          <ns3:TrackPointExtension>
            <ns3:hr>152</ns3:hr>
            <ns3:cad>93</ns3:cad>
          </ns3:TrackPointExtension>
        </extensions>
      </trkpt>
      <trkpt lat="22.5992739200592041015625" lon="113.87976863421499729156494140625">
        <ele>9.80000019073486328125</ele>
        <time>2026-09-29T22:53:02.000Z</time>
        <extensions>
          <ns3:TrackPointExtension>
            <ns3:hr>152</ns3:hr>
            <ns3:cad>92</ns3:cad>
          </ns3:TrackPointExtension>
        </extensions>
      </trkpt>
      <trkpt lat="22.59925338439643383026123046875" lon="113.87974415905773639678955078125">
        <ele>9.80000019073486328125</ele>
        <time>2026-09-29T22:53:03.000Z</time>
        <extensions>
          <ns3:TrackPointExtension>
            <ns3:hr>151</ns3:hr>
            <ns3:cad>92</ns3:cad>
          </ns3:TrackPointExtension>
        </extensions>
      </trkpt>
      <trkpt lat="22.599234022200107574462890625" lon="113.87972437776625156402587890625">
        <ele>9.80000019073486328125</ele>
        <time>2026-09-29T22:53:04.000Z</time>
        <extensions>
          <ns3:TrackPointExtension>
            <ns3:hr>152</ns3:hr>
            <ns3:cad>93</ns3:cad>
          </ns3:TrackPointExtension>
        </extensions>
      </trkpt>
      <trkpt lat="22.59921868331730365753173828125" lon="113.879705183207988739013671875">
        <ele>9.80000019073486328125</ele>
        <time>2026-09-29T22:53:05.000Z</time>
        <extensions>
          <ns3:TrackPointExtension>
            <ns3:hr>152</ns3:hr>
            <ns3:cad>93</ns3:cad>
          </ns3:TrackPointExtension>
        </extensions>
      </trkpt>
      <trkpt lat="22.59920376352965831756591796875" lon="113.8796825520694255828857421875">
        <ele>9.80000019073486328125</ele>
        <time>2026-09-29T22:53:06.000Z</time>
        <extensions>
          <ns3:TrackPointExtension>
            <ns3:hr>152</ns3:hr>
            <ns3:cad>94</ns3:cad>
          </ns3:TrackPointExtension>
        </extensions>
      </trkpt>
      <trkpt lat="22.599185742437839508056640625" lon="113.87965933419764041900634765625">
        <ele>9.80000019073486328125</ele>
        <time>2026-09-29T22:53:07.000Z</time>
        <extensions>
          <ns3:TrackPointExtension>
            <ns3:hr>151</ns3:hr>
            <ns3:cad>94</ns3:cad>
          </ns3:TrackPointExtension>
        </extensions>
      </trkpt>
      <trkpt lat="22.59916998445987701416015625" lon="113.879638127982616424560546875">
        <ele>9.80000019073486328125</ele>
        <time>2026-09-29T22:53:08.000Z</time>
        <extensions>
          <ns3:TrackPointExtension>
            <ns3:hr>151</ns3:hr>
            <ns3:cad>94</ns3:cad>
          </ns3:TrackPointExtension>
        </extensions>
      </trkpt>
      <trkpt lat="22.599153220653533935546875" lon="113.87960636056959629058837890625">
        <ele>9.80000019073486328125</ele>
        <time>2026-09-29T22:53:09.000Z</time>
        <extensions>
          <ns3:TrackPointExtension>
            <ns3:hr>152</ns3:hr>
            <ns3:cad>92</ns3:cad>
          </ns3:TrackPointExtension>
        </extensions>
      </trkpt>
      <trkpt lat="22.5991436652839183807373046875" lon="113.87958590872585773468017578125">
        <ele>9.80000019073486328125</ele>
        <time>2026-09-29T22:53:10.000Z</time>
        <extensions>
          <ns3:TrackPointExtension>
            <ns3:hr>152</ns3:hr>
            <ns3:cad>92</ns3:cad>
          </ns3:TrackPointExtension>
        </extensions>
      </trkpt>
      <trkpt lat="22.59912396781146526336669921875" lon="113.8795541413128376007080078125">
        <ele>9.80000019073486328125</ele>
        <time>2026-09-29T22:53:11.000Z</time>
        <extensions>
          <ns3:TrackPointExtension>
            <ns3:hr>152</ns3:hr>
            <ns3:cad>94</ns3:cad>
          </ns3:TrackPointExtension>
        </extensions>
      </trkpt>
      <trkpt lat="22.59910963475704193115234375" lon="113.87953645549714565277099609375">
        <ele>9.80000019073486328125</ele>
        <time>2026-09-29T22:53:12.000Z</time>
        <extensions>
          <ns3:TrackPointExtension>
            <ns3:hr>151</ns3:hr>
            <ns3:cad>94</ns3:cad>
          </ns3:TrackPointExtension>
        </extensions>
      </trkpt>
      <trkpt lat="22.5990890152752399444580078125" lon="113.87951030395925045013427734375">
        <ele>9.80000019073486328125</ele>
        <time>2026-09-29T22:53:13.000Z</time>
        <extensions>
          <ns3:TrackPointExtension>
            <ns3:hr>152</ns3:hr>
            <ns3:cad>92</ns3:cad>
          </ns3:TrackPointExtension>
        </extensions>
      </trkpt>
      <trkpt lat="22.59907233528792858123779296875" lon="113.87948951683938503265380859375">
        <ele>9.80000019073486328125</ele>
        <time>2026-09-29T22:53:14.000Z</time>
        <extensions>
          <ns3:TrackPointExtension>
            <ns3:hr>152</ns3:hr>
            <ns3:cad>92</ns3:cad>
          </ns3:TrackPointExtension>
        </extensions>
      </trkpt>
      <trkpt lat="22.59905322454869747161865234375" lon="113.879465125501155853271484375">
        <ele>9.80000019073486328125</ele>
        <time>2026-09-29T22:53:15.000Z</time>
        <extensions>
          <ns3:TrackPointExtension>
            <ns3:hr>151</ns3:hr>
            <ns3:cad>92</ns3:cad>
          </ns3:TrackPointExtension>
        </extensions>
      </trkpt>
      <trkpt lat="22.59903327561914920806884765625" lon="113.87944408692419528961181640625">
        <ele>9.80000019073486328125</ele>
        <time>2026-09-29T22:53:16.000Z</time>
        <extensions>
          <ns3:TrackPointExtension>
            <ns3:hr>152</ns3:hr>
            <ns3:cad>92</ns3:cad>
          </ns3:TrackPointExtension>
        </extensions>
      </trkpt>
      <trkpt lat="22.599006034433841705322265625" lon="113.87942648492753505706787109375">
        <ele>9.80000019073486328125</ele>
        <time>2026-09-29T22:53:17.000Z</time>
        <extensions>
          <ns3:TrackPointExtension>
            <ns3:hr>152</ns3:hr>
            <ns3:cad>93</ns3:cad>
          </ns3:TrackPointExtension>
        </extensions>
      </trkpt>
      <trkpt lat="22.598982565104961395263671875" lon="113.87939999811351299285888671875">
        <ele>9.6000003814697265625</ele>
        <time>2026-09-29T22:53:18.000Z</time>
        <extensions>
          <ns3:TrackPointExtension>
            <ns3:hr>153</ns3:hr>
            <ns3:cad>93</ns3:cad>
          </ns3:TrackPointExtension>
        </extensions>
      </trkpt>
      <trkpt lat="22.5989663042128086090087890625" lon="113.87938155792653560638427734375">
        <ele>9.6000003814697265625</ele>
        <time>2026-09-29T22:53:19.000Z</time>
        <extensions>
          <ns3:TrackPointExtension>
            <ns3:hr>153</ns3:hr>
            <ns3:cad>93</ns3:cad>
          </ns3:TrackPointExtension>
        </extensions>
      </trkpt>
      <trkpt lat="22.59894442744553089141845703125" lon="113.87935305945575237274169921875">
        <ele>9.6000003814697265625</ele>
        <time>2026-09-29T22:53:20.000Z</time>
        <extensions>
          <ns3:TrackPointExtension>
            <ns3:hr>155</ns3:hr>
            <ns3:cad>93</ns3:cad>
          </ns3:TrackPointExtension>
        </extensions>
      </trkpt>
      <trkpt lat="22.5989265739917755126953125" lon="113.87933311052620410919189453125">
        <ele>9.6000003814697265625</ele>
        <time>2026-09-29T22:53:21.000Z</time>
        <extensions>
          <ns3:TrackPointExtension>
            <ns3:hr>155</ns3:hr>
            <ns3:cad>92</ns3:cad>
          </ns3:TrackPointExtension>
        </extensions>
      </trkpt>
      <trkpt lat="22.59890369139611721038818359375" lon="113.87930477969348430633544921875">
        <ele>9.80000019073486328125</ele>
        <time>2026-09-29T22:53:22.000Z</time>
        <extensions>
          <ns3:TrackPointExtension>
            <ns3:hr>154</ns3:hr>
            <ns3:cad>92</ns3:cad>
          </ns3:TrackPointExtension>
        </extensions>
      </trkpt>
      <trkpt lat="22.59888256900012493133544921875" lon="113.879285752773284912109375">
        <ele>10</ele>
        <time>2026-09-29T22:53:23.000Z</time>
        <extensions>
          <ns3:TrackPointExtension>
            <ns3:hr>154</ns3:hr>
            <ns3:cad>92</ns3:cad>
          </ns3:TrackPointExtension>
        </extensions>
      </trkpt>
      <trkpt lat="22.5988570041954517364501953125" lon="113.879267983138561248779296875">
        <ele>10</ele>
        <time>2026-09-29T22:53:24.000Z</time>
        <extensions>
          <ns3:TrackPointExtension>
            <ns3:hr>154</ns3:hr>
            <ns3:cad>94</ns3:cad>
          </ns3:TrackPointExtension>
        </extensions>
      </trkpt>
      <trkpt lat="22.5988318584859371185302734375" lon="113.87924795038998126983642578125">
        <ele>10</ele>
        <time>2026-09-29T22:53:25.000Z</time>
        <extensions>
          <ns3:TrackPointExtension>
            <ns3:hr>154</ns3:hr>
            <ns3:cad>94</ns3:cad>
          </ns3:TrackPointExtension>
        </extensions>
      </trkpt>
      <trkpt lat="22.59880897589027881622314453125" lon="113.87923034839332103729248046875">
        <ele>10</ele>
        <time>2026-09-29T22:53:26.000Z</time>
        <extensions>
          <ns3:TrackPointExtension>
            <ns3:hr>153</ns3:hr>
            <ns3:cad>92</ns3:cad>
          </ns3:TrackPointExtension>
        </extensions>
      </trkpt>
      <trkpt lat="22.59878198616206645965576171875" lon="113.87921039946377277374267578125">
        <ele>10</ele>
        <time>2026-09-29T22:53:27.000Z</time>
        <extensions>
          <ns3:TrackPointExtension>
            <ns3:hr>153</ns3:hr>
            <ns3:cad>92</ns3:cad>
          </ns3:TrackPointExtension>
        </extensions>
      </trkpt>
      <trkpt lat="22.59875960648059844970703125" lon="113.87919229455292224884033203125">
        <ele>9.80000019073486328125</ele>
        <time>2026-09-29T22:53:28.000Z</time>
        <extensions>
          <ns3:TrackPointExtension>
            <ns3:hr>153</ns3:hr>
            <ns3:cad>92</ns3:cad>
          </ns3:TrackPointExtension>
        </extensions>
      </trkpt>
      <trkpt lat="22.59873270057141780853271484375" lon="113.87916983105242252349853515625">
        <ele>9.80000019073486328125</ele>
        <time>2026-09-29T22:53:29.000Z</time>
        <extensions>
          <ns3:TrackPointExtension>
            <ns3:hr>152</ns3:hr>
            <ns3:cad>92</ns3:cad>
          </ns3:TrackPointExtension>
        </extensions>
      </trkpt>
      <trkpt lat="22.59871065616607666015625" lon="113.87915960513055324554443359375">
        <ele>9.80000019073486328125</ele>
        <time>2026-09-29T22:53:30.000Z</time>
        <extensions>
          <ns3:TrackPointExtension>
            <ns3:hr>152</ns3:hr>
            <ns3:cad>93</ns3:cad>
          </ns3:TrackPointExtension>
        </extensions>
      </trkpt>
      <trkpt lat="22.598682828247547149658203125" lon="113.879140578210353851318359375">
        <ele>9.80000019073486328125</ele>
        <time>2026-09-29T22:53:31.000Z</time>
        <extensions>
          <ns3:TrackPointExtension>
            <ns3:hr>151</ns3:hr>
            <ns3:cad>93</ns3:cad>
          </ns3:TrackPointExtension>
        </extensions>
      </trkpt>
      <trkpt lat="22.59865676052868366241455078125" lon="113.879133872687816619873046875">
        <ele>9.80000019073486328125</ele>
        <time>2026-09-29T22:53:32.000Z</time>
        <extensions>
          <ns3:TrackPointExtension>
            <ns3:hr>150</ns3:hr>
            <ns3:cad>93</ns3:cad>
          </ns3:TrackPointExtension>
        </extensions>
      </trkpt>
      <trkpt lat="22.5986330397427082061767578125" lon="113.8791159354150295257568359375">
        <ele>9.80000019073486328125</ele>
        <time>2026-09-29T22:53:33.000Z</time>
        <extensions>
          <ns3:TrackPointExtension>
            <ns3:hr>150</ns3:hr>
            <ns3:cad>93</ns3:cad>
          </ns3:TrackPointExtension>
        </extensions>
      </trkpt>
      <trkpt lat="22.59860537946224212646484375" lon="113.8791038654744625091552734375">
        <ele>9.80000019073486328125</ele>
        <time>2026-09-29T22:53:34.000Z</time>
        <extensions>
          <ns3:TrackPointExtension>
            <ns3:hr>150</ns3:hr>
            <ns3:cad>92</ns3:cad>
          </ns3:TrackPointExtension>
        </extensions>
      </trkpt>
      <trkpt lat="22.5985810719430446624755859375" lon="113.87908785603940486907958984375">
        <ele>9.80000019073486328125</ele>
        <time>2026-09-29T22:53:35.000Z</time>
        <extensions>
          <ns3:TrackPointExtension>
            <ns3:hr>150</ns3:hr>
            <ns3:cad>92</ns3:cad>
          </ns3:TrackPointExtension>
        </extensions>
      </trkpt>
      <trkpt lat="22.598552070558071136474609375" lon="113.87907494790852069854736328125">
        <ele>9.80000019073486328125</ele>
        <time>2026-09-29T22:53:36.000Z</time>
        <extensions>
          <ns3:TrackPointExtension>
            <ns3:hr>150</ns3:hr>
            <ns3:cad>94</ns3:cad>
          </ns3:TrackPointExtension>
        </extensions>
      </trkpt>
      <trkpt lat="22.59852784685790538787841796875" lon="113.87906321324408054351806640625">
        <ele>9.80000019073486328125</ele>
        <time>2026-09-29T22:53:37.000Z</time>
        <extensions>
          <ns3:TrackPointExtension>
            <ns3:hr>150</ns3:hr>
            <ns3:cad>94</ns3:cad>
          </ns3:TrackPointExtension>
        </extensions>
      </trkpt>
      <trkpt lat="22.5985001027584075927734375" lon="113.879046700894832611083984375">
        <ele>9.80000019073486328125</ele>
        <time>2026-09-29T22:53:38.000Z</time>
        <extensions>
          <ns3:TrackPointExtension>
            <ns3:hr>150</ns3:hr>
            <ns3:cad>92</ns3:cad>
          </ns3:TrackPointExtension>
        </extensions>
      </trkpt>
      <trkpt lat="22.5984768010675907135009765625" lon="113.8790349662303924560546875">
        <ele>9.80000019073486328125</ele>
        <time>2026-09-29T22:53:39.000Z</time>
        <extensions>
          <ns3:TrackPointExtension>
            <ns3:hr>150</ns3:hr>
            <ns3:cad>92</ns3:cad>
          </ns3:TrackPointExtension>
        </extensions>
      </trkpt>
      <trkpt lat="22.5984456203877925872802734375" lon="113.879017531871795654296875">
        <ele>9.80000019073486328125</ele>
        <time>2026-09-29T22:53:40.000Z</time>
        <extensions>
          <ns3:TrackPointExtension>
            <ns3:hr>149</ns3:hr>
            <ns3:cad>93</ns3:cad>
          </ns3:TrackPointExtension>
        </extensions>
      </trkpt>
      <trkpt lat="22.59842164814472198486328125" lon="113.87901074253022670745849609375">
        <ele>9.80000019073486328125</ele>
        <time>2026-09-29T22:53:41.000Z</time>
        <extensions>
          <ns3:TrackPointExtension>
            <ns3:hr>150</ns3:hr>
            <ns3:cad>93</ns3:cad>
          </ns3:TrackPointExtension>
        </extensions>
      </trkpt>
      <trkpt lat="22.598395831882953643798828125" lon="113.87899414636194705963134765625">
        <ele>10</ele>
        <time>2026-09-29T22:53:42.000Z</time>
        <extensions>
          <ns3:TrackPointExtension>
            <ns3:hr>150</ns3:hr>
            <ns3:cad>94</ns3:cad>
          </ns3:TrackPointExtension>
        </extensions>
      </trkpt>
      <trkpt lat="22.59837026707828044891357421875" lon="113.878984339535236358642578125">
        <ele>9.80000019073486328125</ele>
        <time>2026-09-29T22:53:43.000Z</time>
        <extensions>
          <ns3:TrackPointExtension>
            <ns3:hr>150</ns3:hr>
            <ns3:cad>94</ns3:cad>
          </ns3:TrackPointExtension>
        </extensions>
      </trkpt>
      <trkpt lat="22.59834579192101955413818359375" lon="113.87897905893623828887939453125">
        <ele>10</ele>
        <time>2026-09-29T22:53:44.000Z</time>
        <extensions>
          <ns3:TrackPointExtension>
            <ns3:hr>150</ns3:hr>
            <ns3:cad>94</ns3:cad>
          </ns3:TrackPointExtension>
        </extensions>
      </trkpt>
      <trkpt lat="22.59831427596509456634521484375" lon="113.87896933592855930328369140625">
        <ele>9.80000019073486328125</ele>
        <time>2026-09-29T22:53:45.000Z</time>
        <extensions>
          <ns3:TrackPointExtension>
            <ns3:hr>150</ns3:hr>
            <ns3:cad>92</ns3:cad>
          </ns3:TrackPointExtension>
        </extensions>
      </trkpt>
      <trkpt lat="22.59829047136008739471435546875" lon="113.878958523273468017578125">
        <ele>9.80000019073486328125</ele>
        <time>2026-09-29T22:53:46.000Z</time>
        <extensions>
          <ns3:TrackPointExtension>
            <ns3:hr>150</ns3:hr>
            <ns3:cad>92</ns3:cad>
          </ns3:TrackPointExtension>
        </extensions>
      </trkpt>
      <trkpt lat="22.59825878776609897613525390625" lon="113.878947459161281585693359375">
        <ele>9.80000019073486328125</ele>
        <time>2026-09-29T22:53:47.000Z</time>
        <extensions>
          <ns3:TrackPointExtension>
            <ns3:hr>149</ns3:hr>
            <ns3:cad>93</ns3:cad>
          </ns3:TrackPointExtension>
        </extensions>
      </trkpt>
      <trkpt lat="22.5982354022562503814697265625" lon="113.8789382390677928924560546875">
        <ele>9.80000019073486328125</ele>
        <time>2026-09-29T22:53:48.000Z</time>
        <extensions>
          <ns3:TrackPointExtension>
            <ns3:hr>149</ns3:hr>
            <ns3:cad>93</ns3:cad>
          </ns3:TrackPointExtension>
        </extensions>
      </trkpt>
      <trkpt lat="22.5982038863003253936767578125" lon="113.87892273254692554473876953125">
        <ele>9.80000019073486328125</ele>
        <time>2026-09-29T22:53:49.000Z</time>
        <extensions>
          <ns3:TrackPointExtension>
            <ns3:hr>149</ns3:hr>
            <ns3:cad>94</ns3:cad>
          </ns3:TrackPointExtension>
        </extensions>
      </trkpt>
      <trkpt lat="22.59818234480917453765869140625" lon="113.878915943205356597900390625">
        <ele>9.80000019073486328125</ele>
        <time>2026-09-29T22:53:50.000Z</time>
        <extensions>
          <ns3:TrackPointExtension>
            <ns3:hr>149</ns3:hr>
            <ns3:cad>94</ns3:cad>
          </ns3:TrackPointExtension>
        </extensions>
      </trkpt>
      <trkpt lat="22.59815518744289875030517578125" lon="113.8789070583879947662353515625">
        <ele>9.80000019073486328125</ele>
        <time>2026-09-29T22:53:51.000Z</time>
        <extensions>
          <ns3:TrackPointExtension>
            <ns3:hr>149</ns3:hr>
            <ns3:cad>93</ns3:cad>
          </ns3:TrackPointExtension>
        </extensions>
      </trkpt>
      <trkpt lat="22.59812886826694011688232421875" lon="113.87889808975160121917724609375">
        <ele>9.80000019073486328125</ele>
        <time>2026-09-29T22:53:52.000Z</time>
        <extensions>
          <ns3:TrackPointExtension>
            <ns3:hr>149</ns3:hr>
            <ns3:cad>93</ns3:cad>
          </ns3:TrackPointExtension>
        </extensions>
      </trkpt>
      <trkpt lat="22.59810112416744232177734375" lon="113.87888618744909763336181640625">
        <ele>9.80000019073486328125</ele>
        <time>2026-09-29T22:53:53.000Z</time>
        <extensions>
          <ns3:TrackPointExtension>
            <ns3:hr>149</ns3:hr>
            <ns3:cad>93</ns3:cad>
          </ns3:TrackPointExtension>
        </extensions>
      </trkpt>
      <trkpt lat="22.598074972629547119140625" lon="113.878872357308864593505859375">
        <ele>9.80000019073486328125</ele>
        <time>2026-09-29T22:53:54.000Z</time>
        <extensions>
          <ns3:TrackPointExtension>
            <ns3:hr>150</ns3:hr>
            <ns3:cad>93</ns3:cad>
          </ns3:TrackPointExtension>
        </extensions>
      </trkpt>
      <trkpt lat="22.598050497472286224365234375" lon="113.8788594491779804229736328125">
        <ele>9.80000019073486328125</ele>
        <time>2026-09-29T22:53:55.000Z</time>
        <extensions>
          <ns3:TrackPointExtension>
            <ns3:hr>150</ns3:hr>
            <ns3:cad>93</ns3:cad>
          </ns3:TrackPointExtension>
        </extensions>
      </trkpt>
      <trkpt lat="22.59802627377212047576904296875" lon="113.87884310446679592132568359375">
        <ele>9.80000019073486328125</ele>
        <time>2026-09-29T22:53:56.000Z</time>
        <extensions>
          <ns3:TrackPointExtension>
            <ns3:hr>150</ns3:hr>
            <ns3:cad>92</ns3:cad>
          </ns3:TrackPointExtension>
        </extensions>
      </trkpt>
      <trkpt lat="22.5980000384151935577392578125" lon="113.878837488591670989990234375">
        <ele>9.80000019073486328125</ele>
        <time>2026-09-29T22:53:57.000Z</time>
        <extensions>
          <ns3:TrackPointExtension>
            <ns3:hr>150</ns3:hr>
            <ns3:cad>92</ns3:cad>
          </ns3:TrackPointExtension>
        </extensions>
      </trkpt>
      <trkpt lat="22.59797279722988605499267578125" lon="113.87882147915661334991455078125">
        <ele>9.80000019073486328125</ele>
        <time>2026-09-29T22:53:58.000Z</time>
        <extensions>
          <ns3:TrackPointExtension>
            <ns3:hr>150</ns3:hr>
            <ns3:cad>93</ns3:cad>
          </ns3:TrackPointExtension>
        </extensions>
      </trkpt>
      <trkpt lat="22.5979520939290523529052734375" lon="113.87881494127213954925537109375">
        <ele>9.80000019073486328125</ele>
        <time>2026-09-29T22:53:59.000Z</time>
        <extensions>
          <ns3:TrackPointExtension>
            <ns3:hr>150</ns3:hr>
            <ns3:cad>93</ns3:cad>
          </ns3:TrackPointExtension>
        </extensions>
      </trkpt>
      <trkpt lat="22.597927786409854888916015625" lon="113.87880857102572917938232421875">
        <ele>9.80000019073486328125</ele>
        <time>2026-09-29T22:54:00.000Z</time>
        <extensions>
          <ns3:TrackPointExtension>
            <ns3:hr>150</ns3:hr>
            <ns3:cad>93</ns3:cad>
          </ns3:TrackPointExtension>
        </extensions>
      </trkpt>
      <trkpt lat="22.59789870120584964752197265625" lon="113.878797926008701324462890625">
        <ele>9.80000019073486328125</ele>
        <time>2026-09-29T22:54:01.000Z</time>
        <extensions>
          <ns3:TrackPointExtension>
            <ns3:hr>150</ns3:hr>
            <ns3:cad>93</ns3:cad>
          </ns3:TrackPointExtension>
        </extensions>
      </trkpt>
      <trkpt lat="22.59787154383957386016845703125" lon="113.87878208421170711517333984375">
        <ele>9.80000019073486328125</ele>
        <time>2026-09-29T22:54:02.000Z</time>
        <extensions>
          <ns3:TrackPointExtension>
            <ns3:hr>150</ns3:hr>
            <ns3:cad>93</ns3:cad>
          </ns3:TrackPointExtension>
        </extensions>
      </trkpt>
      <trkpt lat="22.59784723632037639617919921875" lon="113.87877051718533039093017578125">
        <ele>9.80000019073486328125</ele>
        <time>2026-09-29T22:54:03.000Z</time>
        <extensions>
          <ns3:TrackPointExtension>
            <ns3:hr>151</ns3:hr>
            <ns3:cad>93</ns3:cad>
          </ns3:TrackPointExtension>
        </extensions>
      </trkpt>
      <trkpt lat="22.59781756438314914703369140625" lon="113.87875802814960479736328125">
        <ele>10</ele>
        <time>2026-09-29T22:54:04.000Z</time>
        <extensions>
          <ns3:TrackPointExtension>
            <ns3:hr>151</ns3:hr>
            <ns3:cad>93</ns3:cad>
          </ns3:TrackPointExtension>
        </extensions>
      </trkpt>
      <trkpt lat="22.5977898202836513519287109375" lon="113.87874570675194263458251953125">
        <ele>10</ele>
        <time>2026-09-29T22:54:05.000Z</time>
        <extensions>
          <ns3:TrackPointExtension>
            <ns3:hr>151</ns3:hr>
            <ns3:cad>93</ns3:cad>
          </ns3:TrackPointExtension>
        </extensions>
      </trkpt>
      <trkpt lat="22.59776651859283447265625" lon="113.87874537147581577301025390625">
        <ele>10</ele>
        <time>2026-09-29T22:54:06.000Z</time>
        <extensions>
          <ns3:TrackPointExtension>
            <ns3:hr>151</ns3:hr>
            <ns3:cad>93</ns3:cad>
          </ns3:TrackPointExtension>
        </extensions>
      </trkpt>
      <trkpt lat="22.597744725644588470458984375" lon="113.87873095460236072540283203125">
        <ele>10</ele>
        <time>2026-09-29T22:54:07.000Z</time>
        <extensions>
          <ns3:TrackPointExtension>
            <ns3:hr>152</ns3:hr>
            <ns3:cad>93</ns3:cad>
          </ns3:TrackPointExtension>
        </extensions>
      </trkpt>
      <trkpt lat="22.59771362878382205963134765625" lon="113.87872047722339630126953125">
        <ele>10.19999980926513671875</ele>
        <time>2026-09-29T22:54:08.000Z</time>
        <extensions>
          <ns3:TrackPointExtension>
            <ns3:hr>152</ns3:hr>
            <ns3:cad>93</ns3:cad>
          </ns3:TrackPointExtension>
        </extensions>
      </trkpt>
      <trkpt lat="22.597681023180484771728515625" lon="113.8787008635699748992919921875">
        <ele>10.19999980926513671875</ele>
        <time>2026-09-29T22:54:09.000Z</time>
        <extensions>
          <ns3:TrackPointExtension>
            <ns3:hr>152</ns3:hr>
            <ns3:cad>93</ns3:cad>
          </ns3:TrackPointExtension>
        </extensions>
      </trkpt>
      <trkpt lat="22.59765847586095333099365234375" lon="113.8786894641816616058349609375">
        <ele>10.19999980926513671875</ele>
        <time>2026-09-29T22:54:10.000Z</time>
        <extensions>
          <ns3:TrackPointExtension>
            <ns3:hr>152</ns3:hr>
            <ns3:cad>92</ns3:cad>
          </ns3:TrackPointExtension>
        </extensions>
      </trkpt>
      <trkpt lat="22.597629390656948089599609375" lon="113.87867144308984279632568359375">
        <ele>10</ele>
        <time>2026-09-29T22:54:11.000Z</time>
        <extensions>
          <ns3:TrackPointExtension>
            <ns3:hr>152</ns3:hr>
            <ns3:cad>92</ns3:cad>
          </ns3:TrackPointExtension>
        </extensions>
      </trkpt>
      <trkpt lat="22.59760751388967037200927734375" lon="113.87866188772022724151611328125">
        <ele>10</ele>
        <time>2026-09-29T22:54:12.000Z</time>
        <extensions>
          <ns3:TrackPointExtension>
            <ns3:hr>152</ns3:hr>
            <ns3:cad>92</ns3:cad>
          </ns3:TrackPointExtension>
        </extensions>
      </trkpt>
      <trkpt lat="22.597577087581157684326171875" lon="113.8786418549716472625732421875">
        <ele>9.80000019073486328125</ele>
        <time>2026-09-29T22:54:13.000Z</time>
        <extensions>
          <ns3:TrackPointExtension>
            <ns3:hr>152</ns3:hr>
            <ns3:cad>91</ns3:cad>
          </ns3:TrackPointExtension>
        </extensions>
      </trkpt>
      <trkpt lat="22.59755252860486507415771484375" lon="113.87863540090620517730712890625">
        <ele>9.6000003814697265625</ele>
        <time>2026-09-29T22:54:14.000Z</time>
        <extensions>
          <ns3:TrackPointExtension>
            <ns3:hr>152</ns3:hr>
            <ns3:cad>91</ns3:cad>
          </ns3:TrackPointExtension>
        </extensions>
      </trkpt>
      <trkpt lat="22.597522102296352386474609375" lon="113.8786193914711475372314453125">
        <ele>9.6000003814697265625</ele>
        <time>2026-09-29T22:54:15.000Z</time>
        <extensions>
          <ns3:TrackPointExtension>
            <ns3:hr>152</ns3:hr>
            <ns3:cad>92</ns3:cad>
          </ns3:TrackPointExtension>
        </extensions>
      </trkpt>
      <trkpt lat="22.5974931009113788604736328125" lon="113.8786083273589611053466796875">
        <ele>9.6000003814697265625</ele>
        <time>2026-09-29T22:54:16.000Z</time>
        <extensions>
          <ns3:TrackPointExtension>
            <ns3:hr>153</ns3:hr>
            <ns3:cad>92</ns3:cad>
          </ns3:TrackPointExtension>
        </extensions>
      </trkpt>
      <trkpt lat="22.59746468625962734222412109375" lon="113.87859349139034748077392578125">
        <ele>9.3999996185302734375</ele>
        <time>2026-09-29T22:54:17.000Z</time>
        <extensions>
          <ns3:TrackPointExtension>
            <ns3:hr>153</ns3:hr>
            <ns3:cad>93</ns3:cad>
          </ns3:TrackPointExtension>
        </extensions>
      </trkpt>
      <trkpt lat="22.59743920527398586273193359375" lon="113.8785803318023681640625">
        <ele>9.3999996185302734375</ele>
        <time>2026-09-29T22:54:18.000Z</time>
        <extensions>
          <ns3:TrackPointExtension>
            <ns3:hr>153</ns3:hr>
            <ns3:cad>93</ns3:cad>
          </ns3:TrackPointExtension>
        </extensions>
      </trkpt>
      <trkpt lat="22.597413472831249237060546875" lon="113.87856834568083286285400390625">
        <ele>9.3999996185302734375</ele>
        <time>2026-09-29T22:54:19.000Z</time>
        <extensions>
          <ns3:TrackPointExtension>
            <ns3:hr>153</ns3:hr>
            <ns3:cad>93</ns3:cad>
          </ns3:TrackPointExtension>
        </extensions>
      </trkpt>
      <trkpt lat="22.5973861478269100189208984375" lon="113.87855627574026584625244140625">
        <ele>9.3999996185302734375</ele>
        <time>2026-09-29T22:54:20.000Z</time>
        <extensions>
          <ns3:TrackPointExtension>
            <ns3:hr>153</ns3:hr>
            <ns3:cad>93</ns3:cad>
          </ns3:TrackPointExtension>
        </extensions>
      </trkpt>
      <trkpt lat="22.59736259467899799346923828125" lon="113.878548145294189453125">
        <ele>9.3999996185302734375</ele>
        <time>2026-09-29T22:54:21.000Z</time>
        <extensions>
          <ns3:TrackPointExtension>
            <ns3:hr>153</ns3:hr>
            <ns3:cad>92</ns3:cad>
          </ns3:TrackPointExtension>
        </extensions>
      </trkpt>
      <trkpt lat="22.59733577258884906768798828125" lon="113.8785359077155590057373046875">
        <ele>9.3999996185302734375</ele>
        <time>2026-09-29T22:54:22.000Z</time>
        <extensions>
          <ns3:TrackPointExtension>
            <ns3:hr>153</ns3:hr>
            <ns3:cad>92</ns3:cad>
          </ns3:TrackPointExtension>
        </extensions>
      </trkpt>
      <trkpt lat="22.5973145663738250732421875" lon="113.87852408923208713531494140625">
        <ele>9.3999996185302734375</ele>
        <time>2026-09-29T22:54:23.000Z</time>
        <extensions>
          <ns3:TrackPointExtension>
            <ns3:hr>153</ns3:hr>
            <ns3:cad>92</ns3:cad>
          </ns3:TrackPointExtension>
        </extensions>
      </trkpt>
      <trkpt lat="22.59728682227432727813720703125" lon="113.8785094209015369415283203125">
        <ele>9.3999996185302734375</ele>
        <time>2026-09-29T22:54:24.000Z</time>
        <extensions>
          <ns3:TrackPointExtension>
            <ns3:hr>153</ns3:hr>
            <ns3:cad>92</ns3:cad>
          </ns3:TrackPointExtension>
        </extensions>
      </trkpt>
      <trkpt lat="22.597266621887683868408203125" lon="113.87850095517933368682861328125">
        <ele>9.3999996185302734375</ele>
        <time>2026-09-29T22:54:25.000Z</time>
        <extensions>
          <ns3:TrackPointExtension>
            <ns3:hr>153</ns3:hr>
            <ns3:cad>92</ns3:cad>
          </ns3:TrackPointExtension>
        </extensions>
      </trkpt>
      <trkpt lat="22.5972403027117252349853515625" lon="113.87847782112658023834228515625">
        <ele>9.3999996185302734375</ele>
        <time>2026-09-29T22:54:26.000Z</time>
        <extensions>
          <ns3:TrackPointExtension>
            <ns3:hr>153</ns3:hr>
            <ns3:cad>92</ns3:cad>
          </ns3:TrackPointExtension>
        </extensions>
      </trkpt>
      <trkpt lat="22.597222365438938140869140625" lon="113.8784651644527912139892578125">
        <ele>9.3999996185302734375</ele>
        <time>2026-09-29T22:54:27.000Z</time>
        <extensions>
          <ns3:TrackPointExtension>
            <ns3:hr>153</ns3:hr>
            <ns3:cad>92</ns3:cad>
          </ns3:TrackPointExtension>
        </extensions>
      </trkpt>
      <trkpt lat="22.597201578319072723388671875" lon="113.87844144366681575775146484375">
        <ele>9.19999980926513671875</ele>
        <time>2026-09-29T22:54:28.000Z</time>
        <extensions>
          <ns3:TrackPointExtension>
            <ns3:hr>153</ns3:hr>
            <ns3:cad>92</ns3:cad>
          </ns3:TrackPointExtension>
        </extensions>
      </trkpt>
      <trkpt lat="22.59718104265630245208740234375" lon="113.87843188829720020294189453125">
        <ele>9.19999980926513671875</ele>
        <time>2026-09-29T22:54:29.000Z</time>
        <extensions>
          <ns3:TrackPointExtension>
            <ns3:hr>153</ns3:hr>
            <ns3:cad>93</ns3:cad>
          </ns3:TrackPointExtension>
        </extensions>
      </trkpt>
      <trkpt lat="22.597162015736103057861328125" lon="113.8784095086157321929931640625">
        <ele>9.19999980926513671875</ele>
        <time>2026-09-29T22:54:30.000Z</time>
        <extensions>
          <ns3:TrackPointExtension>
            <ns3:hr>153</ns3:hr>
            <ns3:cad>94</ns3:cad>
          </ns3:TrackPointExtension>
        </extensions>
      </trkpt>
      <trkpt lat="22.59714047424495220184326171875" lon="113.8783930800855159759521484375">
        <ele>9</ele>
        <time>2026-09-29T22:54:31.000Z</time>
        <extensions>
          <ns3:TrackPointExtension>
            <ns3:hr>153</ns3:hr>
            <ns3:cad>94</ns3:cad>
          </ns3:TrackPointExtension>
        </extensions>
      </trkpt>
      <trkpt lat="22.5971172563731670379638671875" lon="113.87836919166147708892822265625">
        <ele>9</ele>
        <time>2026-09-29T22:54:32.000Z</time>
        <extensions>
          <ns3:TrackPointExtension>
            <ns3:hr>153</ns3:hr>
            <ns3:cad>92</ns3:cad>
          </ns3:TrackPointExtension>
        </extensions>
      </trkpt>
      <trkpt lat="22.59709638543426990509033203125" lon="113.87834605760872364044189453125">
        <ele>9</ele>
        <time>2026-09-29T22:54:33.000Z</time>
        <extensions>
          <ns3:TrackPointExtension>
            <ns3:hr>152</ns3:hr>
            <ns3:cad>92</ns3:cad>
          </ns3:TrackPointExtension>
        </extensions>
      </trkpt>
      <trkpt lat="22.59707920253276824951171875" lon="113.87832351028919219970703125">
        <ele>8.80000019073486328125</ele>
        <time>2026-09-29T22:54:34.000Z</time>
        <extensions>
          <ns3:TrackPointExtension>
            <ns3:hr>152</ns3:hr>
            <ns3:cad>92</ns3:cad>
          </ns3:TrackPointExtension>
        </extensions>
      </trkpt>
      <trkpt lat="22.59705749340355396270751953125" lon="113.87829895131289958953857421875">
        <ele>8.80000019073486328125</ele>
        <time>2026-09-29T22:54:35.000Z</time>
        <extensions>
          <ns3:TrackPointExtension>
            <ns3:hr>152</ns3:hr>
            <ns3:cad>94</ns3:cad>
          </ns3:TrackPointExtension>
        </extensions>
      </trkpt>
      <trkpt lat="22.5970329344272613525390625" lon="113.87827849946916103363037109375">
        <ele>8.80000019073486328125</ele>
        <time>2026-09-29T22:54:36.000Z</time>
        <extensions>
          <ns3:TrackPointExtension>
            <ns3:hr>151</ns3:hr>
            <ns3:cad>94</ns3:cad>
          </ns3:TrackPointExtension>
        </extensions>
      </trkpt>
      <trkpt lat="22.5970082916319370269775390625" lon="113.8782656751573085784912109375">
        <ele>9</ele>
        <time>2026-09-29T22:54:37.000Z</time>
        <extensions>
          <ns3:TrackPointExtension>
            <ns3:hr>151</ns3:hr>
            <ns3:cad>93</ns3:cad>
          </ns3:TrackPointExtension>
        </extensions>
      </trkpt>
      <trkpt lat="22.59698524139821529388427734375" lon="113.878250084817409515380859375">
        <ele>9</ele>
        <time>2026-09-29T22:54:38.000Z</time>
        <extensions>
          <ns3:TrackPointExtension>
            <ns3:hr>151</ns3:hr>
            <ns3:cad>92</ns3:cad>
          </ns3:TrackPointExtension>
        </extensions>
      </trkpt>
      <trkpt lat="22.596956826746463775634765625" lon="113.87823642231523990631103515625">
        <ele>9.19999980926513671875</ele>
        <time>2026-09-29T22:54:39.000Z</time>
        <extensions>
          <ns3:TrackPointExtension>
            <ns3:hr>150</ns3:hr>
            <ns3:cad>91</ns3:cad>
          </ns3:TrackPointExtension>
        </extensions>
      </trkpt>
      <trkpt lat="22.5969321839511394500732421875" lon="113.87822368182241916656494140625">
        <ele>9.19999980926513671875</ele>
        <time>2026-09-29T22:54:40.000Z</time>
        <extensions>
          <ns3:TrackPointExtension>
            <ns3:hr>150</ns3:hr>
            <ns3:cad>91</ns3:cad>
          </ns3:TrackPointExtension>
        </extensions>
      </trkpt>
      <trkpt lat="22.59690544568002223968505859375" lon="113.87821353971958160400390625">
        <ele>9.3999996185302734375</ele>
        <time>2026-09-29T22:54:41.000Z</time>
        <extensions>
          <ns3:TrackPointExtension>
            <ns3:hr>150</ns3:hr>
            <ns3:cad>89</ns3:cad>
          </ns3:TrackPointExtension>
        </extensions>
      </trkpt>
      <trkpt lat="22.596878707408905029296875" lon="113.8782061636447906494140625">
        <ele>9.3999996185302734375</ele>
        <time>2026-09-29T22:54:42.000Z</time>
        <extensions>
          <ns3:TrackPointExtension>
            <ns3:hr>150</ns3:hr>
            <ns3:cad>89</ns3:cad>
          </ns3:TrackPointExtension>
        </extensions>
      </trkpt>
      <trkpt lat="22.59685532189905643463134765625" lon="113.8781979493796825408935546875">
        <ele>9.6000003814697265625</ele>
        <time>2026-09-29T22:54:43.000Z</time>
        <extensions>
          <ns3:TrackPointExtension>
            <ns3:hr>150</ns3:hr>
            <ns3:cad>90</ns3:cad>
          </ns3:TrackPointExtension>
        </extensions>
      </trkpt>
      <trkpt lat="22.59682598523795604705810546875" lon="113.87819048948585987091064453125">
        <ele>9.6000003814697265625</ele>
        <time>2026-09-29T22:54:44.000Z</time>
        <extensions>
          <ns3:TrackPointExtension>
            <ns3:hr>150</ns3:hr>
            <ns3:cad>90</ns3:cad>
          </ns3:TrackPointExtension>
        </extensions>
      </trkpt>
      <trkpt lat="22.59679547511041164398193359375" lon="113.878181688487529754638671875">
        <ele>9.6000003814697265625</ele>
        <time>2026-09-29T22:54:45.000Z</time>
        <extensions>
          <ns3:TrackPointExtension>
            <ns3:hr>151</ns3:hr>
            <ns3:cad>92</ns3:cad>
          </ns3:TrackPointExtension>
        </extensions>
      </trkpt>
      <trkpt lat="22.59677384980022907257080078125" lon="113.8781738094985485076904296875">
        <ele>9.6000003814697265625</ele>
        <time>2026-09-29T22:54:46.000Z</time>
        <extensions>
          <ns3:TrackPointExtension>
            <ns3:hr>150</ns3:hr>
            <ns3:cad>92</ns3:cad>
          </ns3:TrackPointExtension>
        </extensions>
      </trkpt>
      <trkpt lat="22.59674585424363613128662109375" lon="113.87816282920539379119873046875">
        <ele>9.6000003814697265625</ele>
        <time>2026-09-29T22:54:47.000Z</time>
        <extensions>
          <ns3:TrackPointExtension>
            <ns3:hr>150</ns3:hr>
            <ns3:cad>92</ns3:cad>
          </ns3:TrackPointExtension>
        </extensions>
      </trkpt>
      <trkpt lat="22.59672087617218494415283203125" lon="113.8781500048935413360595703125">
        <ele>9.3999996185302734375</ele>
        <time>2026-09-29T22:54:48.000Z</time>
        <extensions>
          <ns3:TrackPointExtension>
            <ns3:hr>150</ns3:hr>
            <ns3:cad>93</ns3:cad>
          </ns3:TrackPointExtension>
        </extensions>
      </trkpt>
      <trkpt lat="22.5966971553862094879150390625" lon="113.8781369291245937347412109375">
        <ele>9.3999996185302734375</ele>
        <time>2026-09-29T22:54:49.000Z</time>
        <extensions>
          <ns3:TrackPointExtension>
            <ns3:hr>150</ns3:hr>
            <ns3:cad>93</ns3:cad>
          </ns3:TrackPointExtension>
        </extensions>
      </trkpt>
      <trkpt lat="22.59666991420090198516845703125" lon="113.87811505235731601715087890625">
        <ele>9.19999980926513671875</ele>
        <time>2026-09-29T22:54:50.000Z</time>
        <extensions>
          <ns3:TrackPointExtension>
            <ns3:hr>149</ns3:hr>
            <ns3:cad>93</ns3:cad>
          </ns3:TrackPointExtension>
        </extensions>
      </trkpt>
      <trkpt lat="22.59665273129940032958984375" lon="113.8780975341796875">
        <ele>9.3999996185302734375</ele>
        <time>2026-09-29T22:54:51.000Z</time>
        <extensions>
          <ns3:TrackPointExtension>
            <ns3:hr>150</ns3:hr>
            <ns3:cad>93</ns3:cad>
          </ns3:TrackPointExtension>
        </extensions>
      </trkpt>
      <trkpt lat="22.59661979041993618011474609375" lon="113.878081776201725006103515625">
        <ele>9.3999996185302734375</ele>
        <time>2026-09-29T22:54:52.000Z</time>
        <extensions>
          <ns3:TrackPointExtension>
            <ns3:hr>150</ns3:hr>
            <ns3:cad>92</ns3:cad>
          </ns3:TrackPointExtension>
        </extensions>
      </trkpt>
      <trkpt lat="22.59659095667302608489990234375" lon="113.87807331047952175140380859375">
        <ele>9.3999996185302734375</ele>
        <time>2026-09-29T22:54:53.000Z</time>
        <extensions>
          <ns3:TrackPointExtension>
            <ns3:hr>150</ns3:hr>
            <ns3:cad>92</ns3:cad>
          </ns3:TrackPointExtension>
        </extensions>
      </trkpt>
      <trkpt lat="22.59656296111643314361572265625" lon="113.87806040234863758087158203125">
        <ele>9.6000003814697265625</ele>
        <time>2026-09-29T22:54:54.000Z</time>
        <extensions>
          <ns3:TrackPointExtension>
            <ns3:hr>149</ns3:hr>
            <ns3:cad>93</ns3:cad>
          </ns3:TrackPointExtension>
        </extensions>
      </trkpt>
      <trkpt lat="22.59653965942561626434326171875" lon="113.87805084697902202606201171875">
        <ele>9.6000003814697265625</ele>
        <time>2026-09-29T22:54:55.000Z</time>
        <extensions>
          <ns3:TrackPointExtension>
            <ns3:hr>150</ns3:hr>
            <ns3:cad>93</ns3:cad>
          </ns3:TrackPointExtension>
        </extensions>
      </trkpt>
      <trkpt lat="22.59650789201259613037109375" lon="113.8780345022678375244140625">
        <ele>9.6000003814697265625</ele>
        <time>2026-09-29T22:54:56.000Z</time>
        <extensions>
          <ns3:TrackPointExtension>
            <ns3:hr>150</ns3:hr>
            <ns3:cad>93</ns3:cad>
          </ns3:TrackPointExtension>
        </extensions>
      </trkpt>
      <trkpt lat="22.596479393541812896728515625" lon="113.87801497243344783782958984375">
        <ele>9.6000003814697265625</ele>
        <time>2026-09-29T22:54:57.000Z</time>
        <extensions>
          <ns3:TrackPointExtension>
            <ns3:hr>150</ns3:hr>
            <ns3:cad>93</ns3:cad>
          </ns3:TrackPointExtension>
        </extensions>
      </trkpt>
      <trkpt lat="22.5964534096419811248779296875" lon="113.87800055555999279022216796875">
        <ele>9.3999996185302734375</ele>
        <time>2026-09-29T22:54:58.000Z</time>
        <extensions>
          <ns3:TrackPointExtension>
            <ns3:hr>151</ns3:hr>
            <ns3:cad>93</ns3:cad>
          </ns3:TrackPointExtension>
        </extensions>
      </trkpt>
      <trkpt lat="22.59643203578889369964599609375" lon="113.8779827021062374114990234375">
        <ele>9.3999996185302734375</ele>
        <time>2026-09-29T22:54:59.000Z</time>
        <extensions>
          <ns3:TrackPointExtension>
            <ns3:hr>151</ns3:hr>
            <ns3:cad>94</ns3:cad>
          </ns3:TrackPointExtension>
        </extensions>
      </trkpt>
      <trkpt lat="22.5964088179171085357666015625" lon="113.877967782318592071533203125">
        <ele>9.3999996185302734375</ele>
        <time>2026-09-29T22:55:00.000Z</time>
        <extensions>
          <ns3:TrackPointExtension>
            <ns3:hr>151</ns3:hr>
            <ns3:cad>94</ns3:cad>
          </ns3:TrackPointExtension>
        </extensions>
      </trkpt>
      <trkpt lat="22.59637939743697643280029296875" lon="113.87795194052159786224365234375">
        <ele>9.3999996185302734375</ele>
        <time>2026-09-29T22:55:01.000Z</time>
        <extensions>
          <ns3:TrackPointExtension>
            <ns3:hr>152</ns3:hr>
            <ns3:cad>94</ns3:cad>
          </ns3:TrackPointExtension>
        </extensions>
      </trkpt>
      <trkpt lat="22.5963581912219524383544921875" lon="113.87794573791325092315673828125">
        <ele>9.3999996185302734375</ele>
        <time>2026-09-29T22:55:02.000Z</time>
        <extensions>
          <ns3:TrackPointExtension>
            <ns3:hr>152</ns3:hr>
            <ns3:cad>93</ns3:cad>
          </ns3:TrackPointExtension>
        </extensions>
      </trkpt>
      <trkpt lat="22.59632893837988376617431640625" lon="113.87793232686817646026611328125">
        <ele>9.6000003814697265625</ele>
        <time>2026-09-29T22:55:03.000Z</time>
        <extensions>
          <ns3:TrackPointExtension>
            <ns3:hr>152</ns3:hr>
            <ns3:cad>93</ns3:cad>
          </ns3:TrackPointExtension>
        </extensions>
      </trkpt>
      <trkpt lat="22.59630404412746429443359375" lon="113.877929560840129852294921875">
        <ele>9.6000003814697265625</ele>
        <time>2026-09-29T22:55:04.000Z</time>
        <extensions>
          <ns3:TrackPointExtension>
            <ns3:hr>151</ns3:hr>
            <ns3:cad>93</ns3:cad>
          </ns3:TrackPointExtension>
        </extensions>
      </trkpt>
      <trkpt lat="22.596275545656681060791015625" lon="113.87792025692760944366455078125">
        <ele>9.6000003814697265625</ele>
        <time>2026-09-29T22:55:05.000Z</time>
        <extensions>
          <ns3:TrackPointExtension>
            <ns3:hr>152</ns3:hr>
            <ns3:cad>93</ns3:cad>
          </ns3:TrackPointExtension>
        </extensions>
      </trkpt>
      <trkpt lat="22.59624905884265899658203125" lon="113.87791019864380359649658203125">
        <ele>9.3999996185302734375</ele>
        <time>2026-09-29T22:55:06.000Z</time>
        <extensions>
          <ns3:TrackPointExtension>
            <ns3:hr>152</ns3:hr>
            <ns3:cad>93</ns3:cad>
          </ns3:TrackPointExtension>
        </extensions>
      </trkpt>
      <trkpt lat="22.59623036719858646392822265625" lon="113.8778978772461414337158203125">
        <ele>9.3999996185302734375</ele>
        <time>2026-09-29T22:55:07.000Z</time>
        <extensions>
          <ns3:TrackPointExtension>
            <ns3:hr>152</ns3:hr>
            <ns3:cad>93</ns3:cad>
          </ns3:TrackPointExtension>
        </extensions>
      </trkpt>
      <trkpt lat="22.59620404802262783050537109375" lon="113.87788807041943073272705078125">
        <ele>9.3999996185302734375</ele>
        <time>2026-09-29T22:55:08.000Z</time>
        <extensions>
          <ns3:TrackPointExtension>
            <ns3:hr>152</ns3:hr>
            <ns3:cad>92</ns3:cad>
          </ns3:TrackPointExtension>
        </extensions>
      </trkpt>
      <trkpt lat="22.5961799919605255126953125" lon="113.87788295745849609375">
        <ele>9.6000003814697265625</ele>
        <time>2026-09-29T22:55:09.000Z</time>
        <extensions>
          <ns3:TrackPointExtension>
            <ns3:hr>152</ns3:hr>
            <ns3:cad>92</ns3:cad>
          </ns3:TrackPointExtension>
        </extensions>
      </trkpt>
      <trkpt lat="22.59614570997655391693115234375" lon="113.87786862440407276153564453125">
        <ele>9.6000003814697265625</ele>
        <time>2026-09-29T22:55:10.000Z</time>
        <extensions>
          <ns3:TrackPointExtension>
            <ns3:hr>151</ns3:hr>
            <ns3:cad>92</ns3:cad>
          </ns3:TrackPointExtension>
        </extensions>
      </trkpt>
      <trkpt lat="22.59612592868506908416748046875" lon="113.87786610983312129974365234375">
        <ele>9.6000003814697265625</ele>
        <time>2026-09-29T22:55:11.000Z</time>
        <extensions>
          <ns3:TrackPointExtension>
            <ns3:hr>152</ns3:hr>
            <ns3:cad>93</ns3:cad>
          </ns3:TrackPointExtension>
        </extensions>
      </trkpt>
      <trkpt lat="22.5960956700146198272705078125" lon="113.87785571627318859100341796875">
        <ele>9.6000003814697265625</ele>
        <time>2026-09-29T22:55:12.000Z</time>
        <extensions>
          <ns3:TrackPointExtension>
            <ns3:hr>152</ns3:hr>
            <ns3:cad>93</ns3:cad>
          </ns3:TrackPointExtension>
        </extensions>
      </trkpt>
      <trkpt lat="22.59606624953448772430419921875" lon="113.8778536207973957061767578125">
        <ele>9.6000003814697265625</ele>
        <time>2026-09-29T22:55:13.000Z</time>
        <extensions>
          <ns3:TrackPointExtension>
            <ns3:hr>151</ns3:hr>
            <ns3:cad>93</ns3:cad>
          </ns3:TrackPointExtension>
        </extensions>
      </trkpt>
      <trkpt lat="22.59603506885468959808349609375" lon="113.8778482563793659210205078125">
        <ele>9.6000003814697265625</ele>
        <time>2026-09-29T22:55:14.000Z</time>
        <extensions>
          <ns3:TrackPointExtension>
            <ns3:hr>152</ns3:hr>
            <ns3:cad>92</ns3:cad>
          </ns3:TrackPointExtension>
        </extensions>
      </trkpt>
      <trkpt lat="22.595996595919132232666015625" lon="113.87784347869455814361572265625">
        <ele>9.3999996185302734375</ele>
        <time>2026-09-29T22:55:15.000Z</time>
        <extensions>
          <ns3:TrackPointExtension>
            <ns3:hr>152</ns3:hr>
            <ns3:cad>92</ns3:cad>
          </ns3:TrackPointExtension>
        </extensions>
      </trkpt>
      <trkpt lat="22.59597237221896648406982421875" lon="113.87783744372427463531494140625">
        <ele>9.6000003814697265625</ele>
        <time>2026-09-29T22:55:16.000Z</time>
        <extensions>
          <ns3:TrackPointExtension>
            <ns3:hr>151</ns3:hr>
            <ns3:cad>92</ns3:cad>
          </ns3:TrackPointExtension>
        </extensions>
      </trkpt>
      <trkpt lat="22.59594999253749847412109375" lon="113.87782285921275615692138671875">
        <ele>9.6000003814697265625</ele>
        <time>2026-09-29T22:55:17.000Z</time>
        <extensions>
          <ns3:TrackPointExtension>
            <ns3:hr>152</ns3:hr>
            <ns3:cad>93</ns3:cad>
          </ns3:TrackPointExtension>
        </extensions>
      </trkpt>
      <trkpt lat="22.5959305465221405029296875" lon="113.87781766243278980255126953125">
        <ele>9.6000003814697265625</ele>
        <time>2026-09-29T22:55:18.000Z</time>
        <extensions>
          <ns3:TrackPointExtension>
            <ns3:hr>152</ns3:hr>
            <ns3:cad>93</ns3:cad>
          </ns3:TrackPointExtension>
        </extensions>
      </trkpt>
      <trkpt lat="22.5959062390029430389404296875" lon="113.87780894525349140167236328125">
        <ele>9.6000003814697265625</ele>
        <time>2026-09-29T22:55:19.000Z</time>
        <extensions>
          <ns3:TrackPointExtension>
            <ns3:hr>152</ns3:hr>
            <ns3:cad>93</ns3:cad>
          </ns3:TrackPointExtension>
        </extensions>
      </trkpt>
      <trkpt lat="22.59588696062564849853515625" lon="113.8778070174157619476318359375">
        <ele>9.80000019073486328125</ele>
        <time>2026-09-29T22:55:20.000Z</time>
        <extensions>
          <ns3:TrackPointExtension>
            <ns3:hr>152</ns3:hr>
            <ns3:cad>93</ns3:cad>
          </ns3:TrackPointExtension>
        </extensions>
      </trkpt>
      <trkpt lat="22.5958532653748989105224609375" lon="113.8778065145015716552734375">
        <ele>9.80000019073486328125</ele>
        <time>2026-09-29T22:55:21.000Z</time>
        <extensions>
          <ns3:TrackPointExtension>
            <ns3:hr>152</ns3:hr>
            <ns3:cad>93</ns3:cad>
          </ns3:TrackPointExtension>
        </extensions>
      </trkpt>
      <trkpt lat="22.5958281196653842926025390625" lon="113.8778073526918888092041015625">
        <ele>9.80000019073486328125</ele>
        <time>2026-09-29T22:55:22.000Z</time>
        <extensions>
          <ns3:TrackPointExtension>
            <ns3:hr>151</ns3:hr>
            <ns3:cad>93</ns3:cad>
          </ns3:TrackPointExtension>
        </extensions>
      </trkpt>
      <trkpt lat="22.59579635225236415863037109375" lon="113.87780576013028621673583984375">
        <ele>9.80000019073486328125</ele>
        <time>2026-09-29T22:55:23.000Z</time>
        <extensions>
          <ns3:TrackPointExtension>
            <ns3:hr>152</ns3:hr>
            <ns3:cad>93</ns3:cad>
          </ns3:TrackPointExtension>
        </extensions>
      </trkpt>
      <trkpt lat="22.59576282463967800140380859375" lon="113.8778056763112545013427734375">
        <ele>9.6000003814697265625</ele>
        <time>2026-09-29T22:55:24.000Z</time>
        <extensions>
          <ns3:TrackPointExtension>
            <ns3:hr>151</ns3:hr>
            <ns3:cad>93</ns3:cad>
          </ns3:TrackPointExtension>
        </extensions>
      </trkpt>
      <trkpt lat="22.5957362540066242218017578125" lon="113.8778083585202693939208984375">
        <ele>9.6000003814697265625</ele>
        <time>2026-09-29T22:55:25.000Z</time>
        <extensions>
          <ns3:TrackPointExtension>
            <ns3:hr>152</ns3:hr>
            <ns3:cad>93</ns3:cad>
          </ns3:TrackPointExtension>
        </extensions>
      </trkpt>
      <trkpt lat="22.59569258429110050201416015625" lon="113.87781791388988494873046875">
        <ele>9.6000003814697265625</ele>
        <time>2026-09-29T22:55:26.000Z</time>
        <extensions>
          <ns3:TrackPointExtension>
            <ns3:hr>151</ns3:hr>
            <ns3:cad>93</ns3:cad>
          </ns3:TrackPointExtension>
        </extensions>
      </trkpt>
      <trkpt lat="22.59567162953317165374755859375" lon="113.877825625240802764892578125">
        <ele>9.80000019073486328125</ele>
        <time>2026-09-29T22:55:27.000Z</time>
        <extensions>
          <ns3:TrackPointExtension>
            <ns3:hr>151</ns3:hr>
            <ns3:cad>93</ns3:cad>
          </ns3:TrackPointExtension>
        </extensions>
      </trkpt>
      <trkpt lat="22.59564111940562725067138671875" lon="113.87782998383045196533203125">
        <ele>10</ele>
        <time>2026-09-29T22:55:28.000Z</time>
        <extensions>
          <ns3:TrackPointExtension>
            <ns3:hr>152</ns3:hr>
            <ns3:cad>93</ns3:cad>
          </ns3:TrackPointExtension>
        </extensions>
      </trkpt>
      <trkpt lat="22.59562033228576183319091796875" lon="113.87783442623913288116455078125">
        <ele>10.19999980926513671875</ele>
        <time>2026-09-29T22:55:29.000Z</time>
        <extensions>
          <ns3:TrackPointExtension>
            <ns3:hr>152</ns3:hr>
            <ns3:cad>94</ns3:cad>
          </ns3:TrackPointExtension>
        </extensions>
      </trkpt>
      <trkpt lat="22.59558596648275852203369140625" lon="113.87783979065716266632080078125">
        <ele>10.3999996185302734375</ele>
        <time>2026-09-29T22:55:30.000Z</time>
        <extensions>
          <ns3:TrackPointExtension>
            <ns3:hr>152</ns3:hr>
            <ns3:cad>94</ns3:cad>
          </ns3:TrackPointExtension>
        </extensions>
      </trkpt>
      <trkpt lat="22.59556182660162448883056640625" lon="113.87784431688487529754638671875">
        <ele>10.3999996185302734375</ele>
        <time>2026-09-29T22:55:31.000Z</time>
        <extensions>
          <ns3:TrackPointExtension>
            <ns3:hr>152</ns3:hr>
            <ns3:cad>93</ns3:cad>
          </ns3:TrackPointExtension>
        </extensions>
      </trkpt>
      <trkpt lat="22.59552947245538234710693359375" lon="113.87785102240741252899169921875">
        <ele>10.3999996185302734375</ele>
        <time>2026-09-29T22:55:32.000Z</time>
        <extensions>
          <ns3:TrackPointExtension>
            <ns3:hr>152</ns3:hr>
            <ns3:cad>93</ns3:cad>
          </ns3:TrackPointExtension>
        </extensions>
      </trkpt>
      <trkpt lat="22.5955183245241641998291015625" lon="113.8778573088347911834716796875">
        <ele>10.19999980926513671875</ele>
        <time>2026-09-29T22:55:33.000Z</time>
        <extensions>
          <ns3:TrackPointExtension>
            <ns3:hr>153</ns3:hr>
            <ns3:cad>90</ns3:cad>
          </ns3:TrackPointExtension>
        </extensions>
      </trkpt>
      <trkpt lat="22.5954906642436981201171875" lon="113.877863846719264984130859375">
        <ele>10.19999980926513671875</ele>
        <time>2026-09-29T22:55:34.000Z</time>
        <extensions>
          <ns3:TrackPointExtension>
            <ns3:hr>153</ns3:hr>
            <ns3:cad>90</ns3:cad>
          </ns3:TrackPointExtension>
        </extensions>
      </trkpt>
      <trkpt lat="22.59547415189445018768310546875" lon="113.87786753475666046142578125">
        <ele>10.3999996185302734375</ele>
        <time>2026-09-29T22:55:35.000Z</time>
        <extensions>
          <ns3:TrackPointExtension>
            <ns3:hr>153</ns3:hr>
            <ns3:cad>90</ns3:cad>
          </ns3:TrackPointExtension>
        </extensions>
      </trkpt>
      <trkpt lat="22.59543961845338344573974609375" lon="113.87786912731826305389404296875">
        <ele>10.3999996185302734375</ele>
        <time>2026-09-29T22:55:36.000Z</time>
        <extensions>
          <ns3:TrackPointExtension>
            <ns3:hr>153</ns3:hr>
            <ns3:cad>91</ns3:cad>
          </ns3:TrackPointExtension>
        </extensions>
      </trkpt>
      <trkpt lat="22.59541598148643970489501953125" lon="113.87787382118403911590576171875">
        <ele>10.19999980926513671875</ele>
        <time>2026-09-29T22:55:37.000Z</time>
        <extensions>
          <ns3:TrackPointExtension>
            <ns3:hr>154</ns3:hr>
            <ns3:cad>93</ns3:cad>
          </ns3:TrackPointExtension>
        </extensions>
      </trkpt>
      <trkpt lat="22.595380358397960662841796875" lon="113.87787784449756145477294921875">
        <ele>10.19999980926513671875</ele>
        <time>2026-09-29T22:55:38.000Z</time>
        <extensions>
          <ns3:TrackPointExtension>
            <ns3:hr>154</ns3:hr>
            <ns3:cad>93</ns3:cad>
          </ns3:TrackPointExtension>
        </extensions>
      </trkpt>
      <trkpt lat="22.59535747580230236053466796875" lon="113.87788496911525726318359375">
        <ele>10.19999980926513671875</ele>
        <time>2026-09-29T22:55:39.000Z</time>
        <extensions>
          <ns3:TrackPointExtension>
            <ns3:hr>154</ns3:hr>
            <ns3:cad>92</ns3:cad>
          </ns3:TrackPointExtension>
        </extensions>
      </trkpt>
      <trkpt lat="22.59532914496958255767822265625" lon="113.877894692122936248779296875">
        <ele>9.80000019073486328125</ele>
        <time>2026-09-29T22:55:40.000Z</time>
        <extensions>
          <ns3:TrackPointExtension>
            <ns3:hr>155</ns3:hr>
            <ns3:cad>91</ns3:cad>
          </ns3:TrackPointExtension>
        </extensions>
      </trkpt>
      <trkpt lat="22.59530517272651195526123046875" lon="113.87791137211024761199951171875">
        <ele>9.80000019073486328125</ele>
        <time>2026-09-29T22:55:41.000Z</time>
        <extensions>
          <ns3:TrackPointExtension>
            <ns3:hr>155</ns3:hr>
            <ns3:cad>89</ns3:cad>
          </ns3:TrackPointExtension>
        </extensions>
      </trkpt>
      <trkpt lat="22.59527902118861675262451171875" lon="113.8779189996421337127685546875">
        <ele>9.80000019073486328125</ele>
        <time>2026-09-29T22:55:42.000Z</time>
        <extensions>
          <ns3:TrackPointExtension>
            <ns3:hr>155</ns3:hr>
            <ns3:cad>89</ns3:cad>
          </ns3:TrackPointExtension>
        </extensions>
      </trkpt>
      <trkpt lat="22.59525102563202381134033203125" lon="113.87792645953595638275146484375">
        <ele>9.80000019073486328125</ele>
        <time>2026-09-29T22:55:43.000Z</time>
        <extensions>
          <ns3:TrackPointExtension>
            <ns3:hr>155</ns3:hr>
            <ns3:cad>92</ns3:cad>
          </ns3:TrackPointExtension>
        </extensions>
      </trkpt>
      <trkpt lat="22.59522889740765094757080078125" lon="113.877926208078861236572265625">
        <ele>9.80000019073486328125</ele>
        <time>2026-09-29T22:55:44.000Z</time>
        <extensions>
          <ns3:TrackPointExtension>
            <ns3:hr>155</ns3:hr>
            <ns3:cad>92</ns3:cad>
          </ns3:TrackPointExtension>
        </extensions>
      </trkpt>
      <trkpt lat="22.59519922547042369842529296875" lon="113.877930231392383575439453125">
        <ele>9.80000019073486328125</ele>
        <time>2026-09-29T22:55:45.000Z</time>
        <extensions>
          <ns3:TrackPointExtension>
            <ns3:hr>155</ns3:hr>
            <ns3:cad>92</ns3:cad>
          </ns3:TrackPointExtension>
        </extensions>
      </trkpt>
      <trkpt lat="22.5951796956360340118408203125" lon="113.87793056666851043701171875">
        <ele>10</ele>
        <time>2026-09-29T22:55:46.000Z</time>
        <extensions>
          <ns3:TrackPointExtension>
            <ns3:hr>155</ns3:hr>
            <ns3:cad>92</ns3:cad>
          </ns3:TrackPointExtension>
        </extensions>
      </trkpt>
      <trkpt lat="22.59515128098428249359130859375" lon="113.87794439680874347686767578125">
        <ele>10</ele>
        <time>2026-09-29T22:55:47.000Z</time>
        <extensions>
          <ns3:TrackPointExtension>
            <ns3:hr>154</ns3:hr>
            <ns3:cad>92</ns3:cad>
          </ns3:TrackPointExtension>
        </extensions>
      </trkpt>
      <trkpt lat="22.595126219093799591064453125" lon="113.87795981951057910919189453125">
        <ele>9.80000019073486328125</ele>
        <time>2026-09-29T22:55:48.000Z</time>
        <extensions>
          <ns3:TrackPointExtension>
            <ns3:hr>154</ns3:hr>
            <ns3:cad>93</ns3:cad>
          </ns3:TrackPointExtension>
        </extensions>
      </trkpt>
      <trkpt lat="22.59509327821433544158935546875" lon="113.8779642619192600250244140625">
        <ele>9.80000019073486328125</ele>
        <time>2026-09-29T22:55:49.000Z</time>
        <extensions>
          <ns3:TrackPointExtension>
            <ns3:hr>153</ns3:hr>
            <ns3:cad>93</ns3:cad>
          </ns3:TrackPointExtension>
        </extensions>
      </trkpt>
      <trkpt lat="22.59506595320999622344970703125" lon="113.877965770661830902099609375">
        <ele>9.80000019073486328125</ele>
        <time>2026-09-29T22:55:50.000Z</time>
        <extensions>
          <ns3:TrackPointExtension>
            <ns3:hr>153</ns3:hr>
            <ns3:cad>93</ns3:cad>
          </ns3:TrackPointExtension>
        </extensions>
      </trkpt>
      <trkpt lat="22.5950358621776103973388671875" lon="113.8779786787927150726318359375">
        <ele>9.6000003814697265625</ele>
        <time>2026-09-29T22:55:51.000Z</time>
        <extensions>
          <ns3:TrackPointExtension>
            <ns3:hr>153</ns3:hr>
            <ns3:cad>93</ns3:cad>
          </ns3:TrackPointExtension>
        </extensions>
      </trkpt>
      <trkpt lat="22.59500225074589252471923828125" lon="113.87798278592526912689208984375">
        <ele>9.6000003814697265625</ele>
        <time>2026-09-29T22:55:52.000Z</time>
        <extensions>
          <ns3:TrackPointExtension>
            <ns3:hr>153</ns3:hr>
            <ns3:cad>93</ns3:cad>
          </ns3:TrackPointExtension>
        </extensions>
      </trkpt>
      <trkpt lat="22.59497660212218761444091796875" lon="113.8779887370765209197998046875">
        <ele>9.80000019073486328125</ele>
        <time>2026-09-29T22:55:53.000Z</time>
        <extensions>
          <ns3:TrackPointExtension>
            <ns3:hr>153</ns3:hr>
            <ns3:cad>93</ns3:cad>
          </ns3:TrackPointExtension>
        </extensions>
      </trkpt>
      <trkpt lat="22.59494290687143802642822265625" lon="113.87799502350389957427978515625">
        <ele>9.80000019073486328125</ele>
        <time>2026-09-29T22:55:54.000Z</time>
        <extensions>
          <ns3:TrackPointExtension>
            <ns3:hr>152</ns3:hr>
            <ns3:cad>94</ns3:cad>
          </ns3:TrackPointExtension>
        </extensions>
      </trkpt>
      <trkpt lat="22.594916336238384246826171875" lon="113.87800432741641998291015625">
        <ele>9.80000019073486328125</ele>
        <time>2026-09-29T22:55:55.000Z</time>
        <extensions>
          <ns3:TrackPointExtension>
            <ns3:hr>153</ns3:hr>
            <ns3:cad>94</ns3:cad>
          </ns3:TrackPointExtension>
        </extensions>
      </trkpt>
      <trkpt lat="22.594885490834712982177734375" lon="113.878015391528606414794921875">
        <ele>9.80000019073486328125</ele>
        <time>2026-09-29T22:55:56.000Z</time>
        <extensions>
          <ns3:TrackPointExtension>
            <ns3:hr>153</ns3:hr>
            <ns3:cad>93</ns3:cad>
          </ns3:TrackPointExtension>
        </extensions>
      </trkpt>
      <trkpt lat="22.5948642008006572723388671875" lon="113.87802670709788799285888671875">
        <ele>9.80000019073486328125</ele>
        <time>2026-09-29T22:55:57.000Z</time>
        <extensions>
          <ns3:TrackPointExtension>
            <ns3:hr>153</ns3:hr>
            <ns3:cad>93</ns3:cad>
          </ns3:TrackPointExtension>
        </extensions>
      </trkpt>
      <trkpt lat="22.5948303379118442535400390625" lon="113.87803793884813785552978515625">
        <ele>9.80000019073486328125</ele>
        <time>2026-09-29T22:55:58.000Z</time>
        <extensions>
          <ns3:TrackPointExtension>
            <ns3:hr>153</ns3:hr>
            <ns3:cad>93</ns3:cad>
          </ns3:TrackPointExtension>
        </extensions>
      </trkpt>
      <trkpt lat="22.5948051922023296356201171875" lon="113.87804925441741943359375">
        <ele>9.80000019073486328125</ele>
        <time>2026-09-29T22:55:59.000Z</time>
        <extensions>
          <ns3:TrackPointExtension>
            <ns3:hr>153</ns3:hr>
            <ns3:cad>93</ns3:cad>
          </ns3:TrackPointExtension>
        </extensions>
      </trkpt>
      <trkpt lat="22.59477895684540271759033203125" lon="113.8780598156154155731201171875">
        <ele>9.6000003814697265625</ele>
        <time>2026-09-29T22:56:00.000Z</time>
        <extensions>
          <ns3:TrackPointExtension>
            <ns3:hr>153</ns3:hr>
            <ns3:cad>93</ns3:cad>
          </ns3:TrackPointExtension>
        </extensions>
      </trkpt>
      <trkpt lat="22.594744674861431121826171875" lon="113.87806601822376251220703125">
        <ele>9.6000003814697265625</ele>
        <time>2026-09-29T22:56:01.000Z</time>
        <extensions>
          <ns3:TrackPointExtension>
            <ns3:hr>153</ns3:hr>
            <ns3:cad>93</ns3:cad>
          </ns3:TrackPointExtension>
        </extensions>
      </trkpt>
      <trkpt lat="22.59472413919866085052490234375" lon="113.87806995771825313568115234375">
        <ele>9.6000003814697265625</ele>
        <time>2026-09-29T22:56:02.000Z</time>
        <extensions>
          <ns3:TrackPointExtension>
            <ns3:hr>153</ns3:hr>
            <ns3:cad>93</ns3:cad>
          </ns3:TrackPointExtension>
        </extensions>
      </trkpt>
      <trkpt lat="22.5946918688714504241943359375" lon="113.87808186002075672149658203125">
        <ele>9.6000003814697265625</ele>
        <time>2026-09-29T22:56:03.000Z</time>
        <extensions>
          <ns3:TrackPointExtension>
            <ns3:hr>153</ns3:hr>
            <ns3:cad>93</ns3:cad>
          </ns3:TrackPointExtension>
        </extensions>
      </trkpt>
      <trkpt lat="22.59467326104640960693359375" lon="113.878084458410739898681640625">
        <ele>9.6000003814697265625</ele>
        <time>2026-09-29T22:56:04.000Z</time>
        <extensions>
          <ns3:TrackPointExtension>
            <ns3:hr>153</ns3:hr>
            <ns3:cad>93</ns3:cad>
          </ns3:TrackPointExtension>
        </extensions>
      </trkpt>
      <trkpt lat="22.59464442729949951171875" lon="113.87808722443878650665283203125">
        <ele>9.3999996185302734375</ele>
        <time>2026-09-29T22:56:05.000Z</time>
        <extensions>
          <ns3:TrackPointExtension>
            <ns3:hr>153</ns3:hr>
            <ns3:cad>93</ns3:cad>
          </ns3:TrackPointExtension>
        </extensions>
      </trkpt>
      <trkpt lat="22.59462255053222179412841796875" lon="113.8780943490564823150634765625">
        <ele>9.3999996185302734375</ele>
        <time>2026-09-29T22:56:06.000Z</time>
        <extensions>
          <ns3:TrackPointExtension>
            <ns3:hr>153</ns3:hr>
            <ns3:cad>93</ns3:cad>
          </ns3:TrackPointExtension>
        </extensions>
      </trkpt>
      <trkpt lat="22.59458768181502819061279296875" lon="113.8781050778925418853759765625">
        <ele>9.3999996185302734375</ele>
        <time>2026-09-29T22:56:07.000Z</time>
        <extensions>
          <ns3:TrackPointExtension>
            <ns3:hr>153</ns3:hr>
            <ns3:cad>96</ns3:cad>
          </ns3:TrackPointExtension>
        </extensions>
      </trkpt>
      <trkpt lat="22.5945624522864818572998046875" lon="113.87811287306249141693115234375">
        <ele>9.19999980926513671875</ele>
        <time>2026-09-29T22:56:08.000Z</time>
        <extensions>
          <ns3:TrackPointExtension>
            <ns3:hr>153</ns3:hr>
            <ns3:cad>96</ns3:cad>
          </ns3:TrackPointExtension>
        </extensions>
      </trkpt>
      <trkpt lat="22.594523727893829345703125" lon="113.87811790220439434051513671875">
        <ele>9.19999980926513671875</ele>
        <time>2026-09-29T22:56:09.000Z</time>
        <extensions>
          <ns3:TrackPointExtension>
            <ns3:hr>153</ns3:hr>
            <ns3:cad>94</ns3:cad>
          </ns3:TrackPointExtension>
        </extensions>
      </trkpt>
      <trkpt lat="22.5944890268146991729736328125" lon="113.87811706401407718658447265625">
        <ele>9</ele>
        <time>2026-09-29T22:56:10.000Z</time>
        <extensions>
          <ns3:TrackPointExtension>
            <ns3:hr>153</ns3:hr>
            <ns3:cad>92</ns3:cad>
          </ns3:TrackPointExtension>
        </extensions>
      </trkpt>
      <trkpt lat="22.594459690153598785400390625" lon="113.87811471708118915557861328125">
        <ele>9</ele>
        <time>2026-09-29T22:56:11.000Z</time>
        <extensions>
          <ns3:TrackPointExtension>
            <ns3:hr>153</ns3:hr>
            <ns3:cad>91</ns3:cad>
          </ns3:TrackPointExtension>
        </extensions>
      </trkpt>
      <trkpt lat="22.594424821436405181884765625" lon="113.87811429798603057861328125">
        <ele>8.80000019073486328125</ele>
        <time>2026-09-29T22:56:12.000Z</time>
        <extensions>
          <ns3:TrackPointExtension>
            <ns3:hr>153</ns3:hr>
            <ns3:cad>91</ns3:cad>
          </ns3:TrackPointExtension>
        </extensions>
      </trkpt>
      <trkpt lat="22.59440026246011257171630859375" lon="113.87811035849153995513916015625">
        <ele>8.80000019073486328125</ele>
        <time>2026-09-29T22:56:13.000Z</time>
        <extensions>
          <ns3:TrackPointExtension>
            <ns3:hr>153</ns3:hr>
            <ns3:cad>93</ns3:cad>
          </ns3:TrackPointExtension>
        </extensions>
      </trkpt>
      <trkpt lat="22.594363130629062652587890625" lon="113.87810935266315937042236328125">
        <ele>8.80000019073486328125</ele>
        <time>2026-09-29T22:56:14.000Z</time>
        <extensions>
          <ns3:TrackPointExtension>
            <ns3:hr>153</ns3:hr>
            <ns3:cad>93</ns3:cad>
          </ns3:TrackPointExtension>
        </extensions>
      </trkpt>
      <trkpt lat="22.59433706291019916534423828125" lon="113.87811186723411083221435546875">
        <ele>8.80000019073486328125</ele>
        <time>2026-09-29T22:56:15.000Z</time>
        <extensions>
          <ns3:TrackPointExtension>
            <ns3:hr>153</ns3:hr>
            <ns3:cad>93</ns3:cad>
          </ns3:TrackPointExtension>
        </extensions>
      </trkpt>
      <trkpt lat="22.59430772624909877777099609375" lon="113.87811220251023769378662109375">
        <ele>9</ele>
        <time>2026-09-29T22:56:16.000Z</time>
        <extensions>
          <ns3:TrackPointExtension>
            <ns3:hr>153</ns3:hr>
            <ns3:cad>93</ns3:cad>
          </ns3:TrackPointExtension>
        </extensions>
      </trkpt>
      <trkpt lat="22.5942835025489330291748046875" lon="113.87810625135898590087890625">
        <ele>9</ele>
        <time>2026-09-29T22:56:17.000Z</time>
        <extensions>
          <ns3:TrackPointExtension>
            <ns3:hr>153</ns3:hr>
            <ns3:cad>92</ns3:cad>
          </ns3:TrackPointExtension>
        </extensions>
      </trkpt>
      <trkpt lat="22.59425357915461063385009765625" lon="113.87810298241674900054931640625">
        <ele>9</ele>
        <time>2026-09-29T22:56:18.000Z</time>
        <extensions>
          <ns3:TrackPointExtension>
            <ns3:hr>153</ns3:hr>
            <ns3:cad>92</ns3:cad>
          </ns3:TrackPointExtension>
        </extensions>
      </trkpt>
      <trkpt lat="22.59422860108315944671630859375" lon="113.87809912674129009246826171875">
        <ele>9</ele>
        <time>2026-09-29T22:56:19.000Z</time>
        <extensions>
          <ns3:TrackPointExtension>
            <ns3:hr>152</ns3:hr>
            <ns3:cad>93</ns3:cad>
          </ns3:TrackPointExtension>
        </extensions>
      </trkpt>
      <trkpt lat="22.59420680813491344451904296875" lon="113.87809820473194122314453125">
        <ele>9</ele>
        <time>2026-09-29T22:56:20.000Z</time>
        <extensions>
          <ns3:TrackPointExtension>
            <ns3:hr>152</ns3:hr>
            <ns3:cad>93</ns3:cad>
          </ns3:TrackPointExtension>
        </extensions>
      </trkpt>
      <trkpt lat="22.59418132714927196502685546875" lon="113.878101222217082977294921875">
        <ele>9</ele>
        <time>2026-09-29T22:56:21.000Z</time>
        <extensions>
          <ns3:TrackPointExtension>
            <ns3:hr>152</ns3:hr>
            <ns3:cad>92</ns3:cad>
          </ns3:TrackPointExtension>
        </extensions>
      </trkpt>
      <trkpt lat="22.59415551088750362396240234375" lon="113.87810046784579753875732421875">
        <ele>9</ele>
        <time>2026-09-29T22:56:22.000Z</time>
        <extensions>
          <ns3:TrackPointExtension>
            <ns3:hr>152</ns3:hr>
            <ns3:cad>92</ns3:cad>
          </ns3:TrackPointExtension>
        </extensions>
      </trkpt>
      <trkpt lat="22.594117708504199981689453125" lon="113.87809795327484607696533203125">
        <ele>9</ele>
        <time>2026-09-29T22:56:23.000Z</time>
        <extensions>
          <ns3:TrackPointExtension>
            <ns3:hr>152</ns3:hr>
            <ns3:cad>92</ns3:cad>
          </ns3:TrackPointExtension>
        </extensions>
      </trkpt>
      <trkpt lat="22.594090886414051055908203125" lon="113.87810197658836841583251953125">
        <ele>9</ele>
        <time>2026-09-29T22:56:24.000Z</time>
        <extensions>
          <ns3:TrackPointExtension>
            <ns3:hr>151</ns3:hr>
            <ns3:cad>94</ns3:cad>
          </ns3:TrackPointExtension>
        </extensions>
      </trkpt>
      <trkpt lat="22.59405509568750858306884765625" lon="113.878095187246799468994140625">
        <ele>9</ele>
        <time>2026-09-29T22:56:25.000Z</time>
        <extensions>
          <ns3:TrackPointExtension>
            <ns3:hr>151</ns3:hr>
            <ns3:cad>94</ns3:cad>
          </ns3:TrackPointExtension>
        </extensions>
      </trkpt>
      <trkpt lat="22.5940300337970256805419921875" lon="113.87809677980840206146240234375">
        <ele>9</ele>
        <time>2026-09-29T22:56:26.000Z</time>
        <extensions>
          <ns3:TrackPointExtension>
            <ns3:hr>151</ns3:hr>
            <ns3:cad>94</ns3:cad>
          </ns3:TrackPointExtension>
        </extensions>
      </trkpt>
      <trkpt lat="22.5939961709082126617431640625" lon="113.87808890081942081451416015625">
        <ele>9</ele>
        <time>2026-09-29T22:56:27.000Z</time>
        <extensions>
          <ns3:TrackPointExtension>
            <ns3:hr>152</ns3:hr>
            <ns3:cad>92</ns3:cad>
          </ns3:TrackPointExtension>
        </extensions>
      </trkpt>
      <trkpt lat="22.59396742098033428192138671875" lon="113.87808387167751789093017578125">
        <ele>9</ele>
        <time>2026-09-29T22:56:28.000Z</time>
        <extensions>
          <ns3:TrackPointExtension>
            <ns3:hr>152</ns3:hr>
            <ns3:cad>92</ns3:cad>
          </ns3:TrackPointExtension>
        </extensions>
      </trkpt>
      <trkpt lat="22.59393322281539440155029296875" lon="113.87806895188987255096435546875">
        <ele>9</ele>
        <time>2026-09-29T22:56:29.000Z</time>
        <extensions>
          <ns3:TrackPointExtension>
            <ns3:hr>151</ns3:hr>
            <ns3:cad>92</ns3:cad>
          </ns3:TrackPointExtension>
        </extensions>
      </trkpt>
      <trkpt lat="22.593901790678501129150390625" lon="113.87805906124413013458251953125">
        <ele>9</ele>
        <time>2026-09-29T22:56:30.000Z</time>
        <extensions>
          <ns3:TrackPointExtension>
            <ns3:hr>151</ns3:hr>
            <ns3:cad>94</ns3:cad>
          </ns3:TrackPointExtension>
        </extensions>
      </trkpt>
      <trkpt lat="22.59387304075062274932861328125" lon="113.87804313562810420989990234375">
        <ele>9</ele>
        <time>2026-09-29T22:56:31.000Z</time>
        <extensions>
          <ns3:TrackPointExtension>
            <ns3:hr>151</ns3:hr>
            <ns3:cad>94</ns3:cad>
          </ns3:TrackPointExtension>
        </extensions>
      </trkpt>
      <trkpt lat="22.59384320117533206939697265625" lon="113.87802955694496631622314453125">
        <ele>9</ele>
        <time>2026-09-29T22:56:32.000Z</time>
        <extensions>
          <ns3:TrackPointExtension>
            <ns3:hr>151</ns3:hr>
            <ns3:cad>93</ns3:cad>
          </ns3:TrackPointExtension>
        </extensions>
      </trkpt>
      <trkpt lat="22.59381973184645175933837890625" lon="113.8780209235846996307373046875">
        <ele>9</ele>
        <time>2026-09-29T22:56:33.000Z</time>
        <extensions>
          <ns3:TrackPointExtension>
            <ns3:hr>151</ns3:hr>
            <ns3:cad>92</ns3:cad>
          </ns3:TrackPointExtension>
        </extensions>
      </trkpt>
      <trkpt lat="22.5937832705676555633544921875" lon="113.87800659053027629852294921875">
        <ele>9</ele>
        <time>2026-09-29T22:56:34.000Z</time>
        <extensions>
          <ns3:TrackPointExtension>
            <ns3:hr>151</ns3:hr>
            <ns3:cad>92</ns3:cad>
          </ns3:TrackPointExtension>
        </extensions>
      </trkpt>
      <trkpt lat="22.59376357309520244598388671875" lon="113.87800524942576885223388671875">
        <ele>9</ele>
        <time>2026-09-29T22:56:35.000Z</time>
        <extensions>
          <ns3:TrackPointExtension>
            <ns3:hr>151</ns3:hr>
            <ns3:cad>93</ns3:cad>
          </ns3:TrackPointExtension>
        </extensions>
      </trkpt>
      <trkpt lat="22.593736834824085235595703125" lon="113.877998627722263336181640625">
        <ele>9</ele>
        <time>2026-09-29T22:56:36.000Z</time>
        <extensions>
          <ns3:TrackPointExtension>
            <ns3:hr>151</ns3:hr>
            <ns3:cad>94</ns3:cad>
          </ns3:TrackPointExtension>
        </extensions>
      </trkpt>
      <trkpt lat="22.5937148742377758026123046875" lon="113.87799225747585296630859375">
        <ele>9.19999980926513671875</ele>
        <time>2026-09-29T22:56:37.000Z</time>
        <extensions>
          <ns3:TrackPointExtension>
            <ns3:hr>152</ns3:hr>
            <ns3:cad>94</ns3:cad>
          </ns3:TrackPointExtension>
        </extensions>
      </trkpt>
      <trkpt lat="22.5936857052147388458251953125" lon="113.87797214090824127197265625">
        <ele>9</ele>
        <time>2026-09-29T22:56:38.000Z</time>
        <extensions>
          <ns3:TrackPointExtension>
            <ns3:hr>152</ns3:hr>
            <ns3:cad>94</ns3:cad>
          </ns3:TrackPointExtension>
        </extensions>
      </trkpt>
      <trkpt lat="22.59365879930555820465087890625" lon="113.877964429557323455810546875">
        <ele>9</ele>
        <time>2026-09-29T22:56:39.000Z</time>
        <extensions>
          <ns3:TrackPointExtension>
            <ns3:hr>152</ns3:hr>
            <ns3:cad>93</ns3:cad>
          </ns3:TrackPointExtension>
        </extensions>
      </trkpt>
      <trkpt lat="22.5936265289783477783203125" lon="113.8779609091579914093017578125">
        <ele>9</ele>
        <time>2026-09-29T22:56:40.000Z</time>
        <extensions>
          <ns3:TrackPointExtension>
            <ns3:hr>152</ns3:hr>
            <ns3:cad>93</ns3:cad>
          </ns3:TrackPointExtension>
        </extensions>
      </trkpt>
      <trkpt lat="22.59360373020172119140625" lon="113.8779696263372898101806640625">
        <ele>9</ele>
        <time>2026-09-29T22:56:41.000Z</time>
        <extensions>
          <ns3:TrackPointExtension>
            <ns3:hr>152</ns3:hr>
            <ns3:cad>93</ns3:cad>
          </ns3:TrackPointExtension>
        </extensions>
      </trkpt>
      <trkpt lat="22.59358302690088748931884765625" lon="113.8779862225055694580078125">
        <ele>8.80000019073486328125</ele>
        <time>2026-09-29T22:56:42.000Z</time>
        <extensions>
          <ns3:TrackPointExtension>
            <ns3:hr>152</ns3:hr>
            <ns3:cad>93</ns3:cad>
          </ns3:TrackPointExtension>
        </extensions>
      </trkpt>
      <trkpt lat="22.59356123395264148712158203125" lon="113.87800541706383228302001953125">
        <ele>8.80000019073486328125</ele>
        <time>2026-09-29T22:56:43.000Z</time>
        <extensions>
          <ns3:TrackPointExtension>
            <ns3:hr>153</ns3:hr>
            <ns3:cad>94</ns3:cad>
          </ns3:TrackPointExtension>
        </extensions>
      </trkpt>
      <trkpt lat="22.59354916401207447052001953125" lon="113.8780222646892070770263671875">
        <ele>8.80000019073486328125</ele>
        <time>2026-09-29T22:56:44.000Z</time>
        <extensions>
          <ns3:TrackPointExtension>
            <ns3:hr>153</ns3:hr>
            <ns3:cad>94</ns3:cad>
          </ns3:TrackPointExtension>
        </extensions>
      </trkpt>
      <trkpt lat="22.593525946140289306640625" lon="113.87804062105715274810791015625">
        <ele>8.80000019073486328125</ele>
        <time>2026-09-29T22:56:45.000Z</time>
        <extensions>
          <ns3:TrackPointExtension>
            <ns3:hr>153</ns3:hr>
            <ns3:cad>94</ns3:cad>
          </ns3:TrackPointExtension>
        </extensions>
      </trkpt>
      <trkpt lat="22.5935093499720096588134765625" lon="113.87805922888219356536865234375">
        <ele>8.80000019073486328125</ele>
        <time>2026-09-29T22:56:46.000Z</time>
        <extensions>
          <ns3:TrackPointExtension>
            <ns3:hr>153</ns3:hr>
            <ns3:cad>93</ns3:cad>
          </ns3:TrackPointExtension>
        </extensions>
      </trkpt>
      <trkpt lat="22.5934781692922115325927734375" lon="113.87807448394596576690673828125">
        <ele>8.80000019073486328125</ele>
        <time>2026-09-29T22:56:47.000Z</time>
        <extensions>
          <ns3:TrackPointExtension>
            <ns3:hr>153</ns3:hr>
            <ns3:cad>92</ns3:cad>
          </ns3:TrackPointExtension>
        </extensions>
      </trkpt>
      <trkpt lat="22.59345293976366519927978515625" lon="113.87809493578970432281494140625">
        <ele>8.6000003814697265625</ele>
        <time>2026-09-29T22:56:48.000Z</time>
        <extensions>
          <ns3:TrackPointExtension>
            <ns3:hr>153</ns3:hr>
            <ns3:cad>92</ns3:cad>
          </ns3:TrackPointExtension>
        </extensions>
      </trkpt>
      <trkpt lat="22.59342812933027744293212890625" lon="113.87811521999537944793701171875">
        <ele>8.6000003814697265625</ele>
        <time>2026-09-29T22:56:49.000Z</time>
        <extensions>
          <ns3:TrackPointExtension>
            <ns3:hr>153</ns3:hr>
            <ns3:cad>92</ns3:cad>
          </ns3:TrackPointExtension>
        </extensions>
      </trkpt>
      <trkpt lat="22.59340231306850910186767578125" lon="113.87813575565814971923828125">
        <ele>8.6000003814697265625</ele>
        <time>2026-09-29T22:56:50.000Z</time>
        <extensions>
          <ns3:TrackPointExtension>
            <ns3:hr>153</ns3:hr>
            <ns3:cad>92</ns3:cad>
          </ns3:TrackPointExtension>
        </extensions>
      </trkpt>
      <trkpt lat="22.59337733499705791473388671875" lon="113.878156207501888275146484375">
        <ele>8.80000019073486328125</ele>
        <time>2026-09-29T22:56:51.000Z</time>
        <extensions>
          <ns3:TrackPointExtension>
            <ns3:hr>154</ns3:hr>
            <ns3:cad>94</ns3:cad>
          </ns3:TrackPointExtension>
        </extensions>
      </trkpt>
      <trkpt lat="22.59335093200206756591796875" lon="113.87818269431591033935546875">
        <ele>8.80000019073486328125</ele>
        <time>2026-09-29T22:56:52.000Z</time>
        <extensions>
          <ns3:TrackPointExtension>
            <ns3:hr>154</ns3:hr>
            <ns3:cad>94</ns3:cad>
          </ns3:TrackPointExtension>
        </extensions>
      </trkpt>
      <trkpt lat="22.5933313183486461639404296875" lon="113.87820105068385601043701171875">
        <ele>8.80000019073486328125</ele>
        <time>2026-09-29T22:56:53.000Z</time>
        <extensions>
          <ns3:TrackPointExtension>
            <ns3:hr>154</ns3:hr>
            <ns3:cad>92</ns3:cad>
          </ns3:TrackPointExtension>
        </extensions>
      </trkpt>
      <trkpt lat="22.593303658068180084228515625" lon="113.878219239413738250732421875">
        <ele>8.80000019073486328125</ele>
        <time>2026-09-29T22:56:54.000Z</time>
        <extensions>
          <ns3:TrackPointExtension>
            <ns3:hr>154</ns3:hr>
            <ns3:cad>92</ns3:cad>
          </ns3:TrackPointExtension>
        </extensions>
      </trkpt>
      <trkpt lat="22.593284882605075836181640625" lon="113.87823902070522308349609375">
        <ele>8.80000019073486328125</ele>
        <time>2026-09-29T22:56:55.000Z</time>
        <extensions>
          <ns3:TrackPointExtension>
            <ns3:hr>153</ns3:hr>
            <ns3:cad>93</ns3:cad>
          </ns3:TrackPointExtension>
        </extensions>
      </trkpt>
      <trkpt lat="22.59325898252427577972412109375" lon="113.8782582990825176239013671875">
        <ele>9</ele>
        <time>2026-09-29T22:56:56.000Z</time>
        <extensions>
          <ns3:TrackPointExtension>
            <ns3:hr>153</ns3:hr>
            <ns3:cad>93</ns3:cad>
          </ns3:TrackPointExtension>
        </extensions>
      </trkpt>
      <trkpt lat="22.59323894977569580078125" lon="113.87827816419303417205810546875">
        <ele>9</ele>
        <time>2026-09-29T22:56:57.000Z</time>
        <extensions>
          <ns3:TrackPointExtension>
            <ns3:hr>153</ns3:hr>
            <ns3:cad>93</ns3:cad>
          </ns3:TrackPointExtension>
        </extensions>
      </trkpt>
      <trkpt lat="22.5932153128087520599365234375" lon="113.87829878367483615875244140625">
        <ele>9</ele>
        <time>2026-09-29T22:56:58.000Z</time>
        <extensions>
          <ns3:TrackPointExtension>
            <ns3:hr>154</ns3:hr>
            <ns3:cad>93</ns3:cad>
          </ns3:TrackPointExtension>
        </extensions>
      </trkpt>
      <trkpt lat="22.59319175966084003448486328125" lon="113.87832292355597019195556640625">
        <ele>9</ele>
        <time>2026-09-29T22:56:59.000Z</time>
        <extensions>
          <ns3:TrackPointExtension>
            <ns3:hr>153</ns3:hr>
            <ns3:cad>93</ns3:cad>
          </ns3:TrackPointExtension>
        </extensions>
      </trkpt>
      <trkpt lat="22.59317130781710147857666015625" lon="113.8783454708755016326904296875">
        <ele>9.19999980926513671875</ele>
        <time>2026-09-29T22:57:00.000Z</time>
        <extensions>
          <ns3:TrackPointExtension>
            <ns3:hr>153</ns3:hr>
            <ns3:cad>93</ns3:cad>
          </ns3:TrackPointExtension>
        </extensions>
      </trkpt>
      <trkpt lat="22.5931465812027454376220703125" lon="113.87837405316531658172607421875">
        <ele>9.19999980926513671875</ele>
        <time>2026-09-29T22:57:01.000Z</time>
        <extensions>
          <ns3:TrackPointExtension>
            <ns3:hr>153</ns3:hr>
            <ns3:cad>94</ns3:cad>
          </ns3:TrackPointExtension>
        </extensions>
      </trkpt>
      <trkpt lat="22.5931237824261188507080078125" lon="113.87839718721807003021240234375">
        <ele>9.19999980926513671875</ele>
        <time>2026-09-29T22:57:02.000Z</time>
        <extensions>
          <ns3:TrackPointExtension>
            <ns3:hr>153</ns3:hr>
            <ns3:cad>94</ns3:cad>
          </ns3:TrackPointExtension>
        </extensions>
      </trkpt>
      <trkpt lat="22.5930969603359699249267578125" lon="113.87841948308050632476806640625">
        <ele>9.3999996185302734375</ele>
        <time>2026-09-29T22:57:03.000Z</time>
        <extensions>
          <ns3:TrackPointExtension>
            <ns3:hr>153</ns3:hr>
            <ns3:cad>94</ns3:cad>
          </ns3:TrackPointExtension>
        </extensions>
      </trkpt>
      <trkpt lat="22.59308002889156341552734375" lon="113.87844085693359375">
        <ele>9.3999996185302734375</ele>
        <time>2026-09-29T22:57:04.000Z</time>
        <extensions>
          <ns3:TrackPointExtension>
            <ns3:hr>154</ns3:hr>
            <ns3:cad>93</ns3:cad>
          </ns3:TrackPointExtension>
        </extensions>
      </trkpt>
      <trkpt lat="22.59305647574365139007568359375" lon="113.87846139259636402130126953125">
        <ele>9.3999996185302734375</ele>
        <time>2026-09-29T22:57:05.000Z</time>
        <extensions>
          <ns3:TrackPointExtension>
            <ns3:hr>153</ns3:hr>
            <ns3:cad>93</ns3:cad>
          </ns3:TrackPointExtension>
        </extensions>
      </trkpt>
      <trkpt lat="22.5930342637002468109130859375" lon="113.878480754792690277099609375">
        <ele>9.3999996185302734375</ele>
        <time>2026-09-29T22:57:06.000Z</time>
        <extensions>
          <ns3:TrackPointExtension>
            <ns3:hr>153</ns3:hr>
            <ns3:cad>93</ns3:cad>
          </ns3:TrackPointExtension>
        </extensions>
      </trkpt>
      <trkpt lat="22.5930111296474933624267578125" lon="113.87849726714193820953369140625">
        <ele>9.19999980926513671875</ele>
        <time>2026-09-29T22:57:07.000Z</time>
        <extensions>
          <ns3:TrackPointExtension>
            <ns3:hr>154</ns3:hr>
            <ns3:cad>94</ns3:cad>
          </ns3:TrackPointExtension>
        </extensions>
      </trkpt>
      <trkpt lat="22.5929876603186130523681640625" lon="113.8785208202898502349853515625">
        <ele>9.19999980926513671875</ele>
        <time>2026-09-29T22:57:08.000Z</time>
        <extensions>
          <ns3:TrackPointExtension>
            <ns3:hr>153</ns3:hr>
            <ns3:cad>94</ns3:cad>
          </ns3:TrackPointExtension>
        </extensions>
      </trkpt>
      <trkpt lat="22.59296980686485767364501953125" lon="113.87854185886681079864501953125">
        <ele>9.19999980926513671875</ele>
        <time>2026-09-29T22:57:09.000Z</time>
        <extensions>
          <ns3:TrackPointExtension>
            <ns3:hr>153</ns3:hr>
            <ns3:cad>94</ns3:cad>
          </ns3:TrackPointExtension>
        </extensions>
      </trkpt>
      <trkpt lat="22.59294734336435794830322265625" lon="113.8785647414624691009521484375">
        <ele>9.19999980926513671875</ele>
        <time>2026-09-29T22:57:10.000Z</time>
        <extensions>
          <ns3:TrackPointExtension>
            <ns3:hr>154</ns3:hr>
            <ns3:cad>94</ns3:cad>
          </ns3:TrackPointExtension>
        </extensions>
      </trkpt>
      <trkpt lat="22.59293292649090290069580078125" lon="113.878586702048778533935546875">
        <ele>9.19999980926513671875</ele>
        <time>2026-09-29T22:57:11.000Z</time>
        <extensions>
          <ns3:TrackPointExtension>
            <ns3:hr>154</ns3:hr>
            <ns3:cad>93</ns3:cad>
          </ns3:TrackPointExtension>
        </extensions>
      </trkpt>
      <trkpt lat="22.59291364811360836029052734375" lon="113.87861059047281742095947265625">
        <ele>9.19999980926513671875</ele>
        <time>2026-09-29T22:57:12.000Z</time>
        <extensions>
          <ns3:TrackPointExtension>
            <ns3:hr>154</ns3:hr>
            <ns3:cad>93</ns3:cad>
          </ns3:TrackPointExtension>
        </extensions>
      </trkpt>
      <trkpt lat="22.59290090762078762054443359375" lon="113.87863489799201488494873046875">
        <ele>9.19999980926513671875</ele>
        <time>2026-09-29T22:57:13.000Z</time>
        <extensions>
          <ns3:TrackPointExtension>
            <ns3:hr>153</ns3:hr>
            <ns3:cad>94</ns3:cad>
          </ns3:TrackPointExtension>
        </extensions>
      </trkpt>
      <trkpt lat="22.5928823836147785186767578125" lon="113.87866004370152950286865234375">
        <ele>9.19999980926513671875</ele>
        <time>2026-09-29T22:57:14.000Z</time>
        <extensions>
          <ns3:TrackPointExtension>
            <ns3:hr>153</ns3:hr>
            <ns3:cad>94</ns3:cad>
          </ns3:TrackPointExtension>
        </extensions>
      </trkpt>
      <trkpt lat="22.592866122722625732421875" lon="113.87868560850620269775390625">
        <ele>9.19999980926513671875</ele>
        <time>2026-09-29T22:57:15.000Z</time>
        <extensions>
          <ns3:TrackPointExtension>
            <ns3:hr>153</ns3:hr>
            <ns3:cad>93</ns3:cad>
          </ns3:TrackPointExtension>
        </extensions>
      </trkpt>
      <trkpt lat="22.59285363368690013885498046875" lon="113.87871301732957363128662109375">
        <ele>9.19999980926513671875</ele>
        <time>2026-09-29T22:57:16.000Z</time>
        <extensions>
          <ns3:TrackPointExtension>
            <ns3:hr>153</ns3:hr>
            <ns3:cad>92</ns3:cad>
          </ns3:TrackPointExtension>
        </extensions>
      </trkpt>
      <trkpt lat="22.5928367860615253448486328125" lon="113.87874537147581577301025390625">
        <ele>9.19999980926513671875</ele>
        <time>2026-09-29T22:57:17.000Z</time>
        <extensions>
          <ns3:TrackPointExtension>
            <ns3:hr>153</ns3:hr>
            <ns3:cad>92</ns3:cad>
          </ns3:TrackPointExtension>
        </extensions>
      </trkpt>
      <trkpt lat="22.592822872102260589599609375" lon="113.87876967899501323699951171875">
        <ele>9.19999980926513671875</ele>
        <time>2026-09-29T22:57:18.000Z</time>
        <extensions>
          <ns3:TrackPointExtension>
            <ns3:hr>153</ns3:hr>
            <ns3:cad>93</ns3:cad>
          </ns3:TrackPointExtension>
        </extensions>
      </trkpt>
      <trkpt lat="22.59279026649892330169677734375" lon="113.8787828385829925537109375">
        <ele>9.3999996185302734375</ele>
        <time>2026-09-29T22:57:19.000Z</time>
        <extensions>
          <ns3:TrackPointExtension>
            <ns3:hr>153</ns3:hr>
            <ns3:cad>94</ns3:cad>
          </ns3:TrackPointExtension>
        </extensions>
      </trkpt>
      <trkpt lat="22.5927643664181232452392578125" lon="113.87878216803073883056640625">
        <ele>9.3999996185302734375</ele>
        <time>2026-09-29T22:57:20.000Z</time>
        <extensions>
          <ns3:TrackPointExtension>
            <ns3:hr>153</ns3:hr>
            <ns3:cad>94</ns3:cad>
          </ns3:TrackPointExtension>
        </extensions>
      </trkpt>
      <trkpt lat="22.59274248965084552764892578125" lon="113.8787622191011905670166015625">
        <ele>9.3999996185302734375</ele>
        <time>2026-09-29T22:57:21.000Z</time>
        <extensions>
          <ns3:TrackPointExtension>
            <ns3:hr>153</ns3:hr>
            <ns3:cad>94</ns3:cad>
          </ns3:TrackPointExtension>
        </extensions>
      </trkpt>
      <trkpt lat="22.59272522293031215667724609375" lon="113.87874151580035686492919921875">
        <ele>9.3999996185302734375</ele>
        <time>2026-09-29T22:57:22.000Z</time>
        <extensions>
          <ns3:TrackPointExtension>
            <ns3:hr>153</ns3:hr>
            <ns3:cad>94</ns3:cad>
          </ns3:TrackPointExtension>
        </extensions>
      </trkpt>
      <trkpt lat="22.5927083753049373626708984375" lon="113.87871385551989078521728515625">
        <ele>9.3999996185302734375</ele>
        <time>2026-09-29T22:57:23.000Z</time>
        <extensions>
          <ns3:TrackPointExtension>
            <ns3:hr>153</ns3:hr>
            <ns3:cad>94</ns3:cad>
          </ns3:TrackPointExtension>
        </extensions>
      </trkpt>
      <trkpt lat="22.59268901310861110687255859375" lon="113.8786864466965198516845703125">
        <ele>9.3999996185302734375</ele>
        <time>2026-09-29T22:57:24.000Z</time>
        <extensions>
          <ns3:TrackPointExtension>
            <ns3:hr>153</ns3:hr>
            <ns3:cad>92</ns3:cad>
          </ns3:TrackPointExtension>
        </extensions>
      </trkpt>
      <trkpt lat="22.59267895482480525970458984375" lon="113.87865610420703887939453125">
        <ele>9.3999996185302734375</ele>
        <time>2026-09-29T22:57:25.000Z</time>
        <extensions>
          <ns3:TrackPointExtension>
            <ns3:hr>153</ns3:hr>
            <ns3:cad>92</ns3:cad>
          </ns3:TrackPointExtension>
        </extensions>
      </trkpt>
      <trkpt lat="22.592671327292919158935546875" lon="113.878623582422733306884765625">
        <ele>9.3999996185302734375</ele>
        <time>2026-09-29T22:57:26.000Z</time>
        <extensions>
          <ns3:TrackPointExtension>
            <ns3:hr>153</ns3:hr>
            <ns3:cad>92</ns3:cad>
          </ns3:TrackPointExtension>
        </extensions>
      </trkpt>
      <trkpt lat="22.592664621770381927490234375" lon="113.87859843671321868896484375">
        <ele>9.3999996185302734375</ele>
        <time>2026-09-29T22:57:27.000Z</time>
        <extensions>
          <ns3:TrackPointExtension>
            <ns3:hr>154</ns3:hr>
            <ns3:cad>92</ns3:cad>
          </ns3:TrackPointExtension>
        </extensions>
      </trkpt>
      <trkpt lat="22.5926547311246395111083984375" lon="113.8785647414624691009521484375">
        <ele>9.3999996185302734375</ele>
        <time>2026-09-29T22:57:28.000Z</time>
        <extensions>
          <ns3:TrackPointExtension>
            <ns3:hr>154</ns3:hr>
            <ns3:cad>92</ns3:cad>
          </ns3:TrackPointExtension>
        </extensions>
      </trkpt>
      <trkpt lat="22.5926450081169605255126953125" lon="113.8785382546484470367431640625">
        <ele>9.3999996185302734375</ele>
        <time>2026-09-29T22:57:29.000Z</time>
        <extensions>
          <ns3:TrackPointExtension>
            <ns3:hr>154</ns3:hr>
            <ns3:cad>92</ns3:cad>
          </ns3:TrackPointExtension>
        </extensions>
      </trkpt>
      <trkpt lat="22.59263738058507442474365234375" lon="113.8785023801028728485107421875">
        <ele>9.3999996185302734375</ele>
        <time>2026-09-29T22:57:30.000Z</time>
        <extensions>
          <ns3:TrackPointExtension>
            <ns3:hr>154</ns3:hr>
            <ns3:cad>93</ns3:cad>
          </ns3:TrackPointExtension>
        </extensions>
      </trkpt>
      <trkpt lat="22.592629082500934600830078125" lon="113.87847329489886760711669921875">
        <ele>9.3999996185302734375</ele>
        <time>2026-09-29T22:57:31.000Z</time>
        <extensions>
          <ns3:TrackPointExtension>
            <ns3:hr>155</ns3:hr>
            <ns3:cad>94</ns3:cad>
          </ns3:TrackPointExtension>
        </extensions>
      </trkpt>
      <trkpt lat="22.59262137115001678466796875" lon="113.87843574397265911102294921875">
        <ele>9.6000003814697265625</ele>
        <time>2026-09-29T22:57:32.000Z</time>
        <extensions>
          <ns3:TrackPointExtension>
            <ns3:hr>154</ns3:hr>
            <ns3:cad>94</ns3:cad>
          </ns3:TrackPointExtension>
        </extensions>
      </trkpt>
      <trkpt lat="22.59260594844818115234375" lon="113.8784088380634784698486328125">
        <ele>9.6000003814697265625</ele>
        <time>2026-09-29T22:57:33.000Z</time>
        <extensions>
          <ns3:TrackPointExtension>
            <ns3:hr>154</ns3:hr>
            <ns3:cad>93</ns3:cad>
          </ns3:TrackPointExtension>
        </extensions>
      </trkpt>
      <trkpt lat="22.59258138947188854217529296875" lon="113.87838930822908878326416015625">
        <ele>9.3999996185302734375</ele>
        <time>2026-09-29T22:57:34.000Z</time>
        <extensions>
          <ns3:TrackPointExtension>
            <ns3:hr>154</ns3:hr>
            <ns3:cad>92</ns3:cad>
          </ns3:TrackPointExtension>
        </extensions>
      </trkpt>
      <trkpt lat="22.59256504476070404052734375" lon="113.87838779948651790618896484375">
        <ele>9.3999996185302734375</ele>
        <time>2026-09-29T22:57:35.000Z</time>
        <extensions>
          <ns3:TrackPointExtension>
            <ns3:hr>154</ns3:hr>
            <ns3:cad>92</ns3:cad>
          </ns3:TrackPointExtension>
        </extensions>
      </trkpt>
      <trkpt lat="22.59254048578441143035888671875" lon="113.87839433737099170684814453125">
        <ele>9.3999996185302734375</ele>
        <time>2026-09-29T22:57:36.000Z</time>
        <extensions>
          <ns3:TrackPointExtension>
            <ns3:hr>154</ns3:hr>
            <ns3:cad>92</ns3:cad>
          </ns3:TrackPointExtension>
        </extensions>
      </trkpt>
      <trkpt lat="22.59252523072063922882080078125" lon="113.8784028030931949615478515625">
        <ele>9.3999996185302734375</ele>
        <time>2026-09-29T22:57:37.000Z</time>
        <extensions>
          <ns3:TrackPointExtension>
            <ns3:hr>154</ns3:hr>
            <ns3:cad>92</ns3:cad>
          </ns3:TrackPointExtension>
        </extensions>
      </trkpt>
      <trkpt lat="22.59251249022781848907470703125" lon="113.87842115946114063262939453125">
        <ele>9.3999996185302734375</ele>
        <time>2026-09-29T22:57:38.000Z</time>
        <extensions>
          <ns3:TrackPointExtension>
            <ns3:hr>155</ns3:hr>
            <ns3:cad>91</ns3:cad>
          </ns3:TrackPointExtension>
        </extensions>
      </trkpt>
      <trkpt lat="22.59250042028725147247314453125" lon="113.87843322940170764923095703125">
        <ele>9.3999996185302734375</ele>
        <time>2026-09-29T22:57:39.000Z</time>
        <extensions>
          <ns3:TrackPointExtension>
            <ns3:hr>155</ns3:hr>
            <ns3:cad>90</ns3:cad>
          </ns3:TrackPointExtension>
        </extensions>
      </trkpt>
      <trkpt lat="22.59250511415302753448486328125" lon="113.87841847725212574005126953125">
        <ele>9</ele>
        <time>2026-09-29T22:58:18.000Z</time>
        <extensions>
          <ns3:TrackPointExtension>
            <ns3:hr>133</ns3:hr>
            <ns3:cad>50</ns3:cad>
          </ns3:TrackPointExtension>
        </extensions>
      </trkpt>
      <trkpt lat="22.59249723516404628753662109375" lon="113.8784234225749969482421875">
        <ele>9</ele>
        <time>2026-09-29T22:58:19.000Z</time>
        <extensions>
          <ns3:TrackPointExtension>
            <ns3:hr>132</ns3:hr>
            <ns3:cad>50</ns3:cad>
          </ns3:TrackPointExtension>
        </extensions>
      </trkpt>
      <trkpt lat="22.59248281829059123992919921875" lon="113.878437168896198272705078125">
        <ele>9</ele>
        <time>2026-09-29T22:58:20.000Z</time>
        <extensions>
          <ns3:TrackPointExtension>
            <ns3:hr>131</ns3:hr>
            <ns3:cad>50</ns3:cad>
          </ns3:TrackPointExtension>
        </extensions>
      </trkpt>
      <trkpt lat="22.592461444437503814697265625" lon="113.87844999320805072784423828125">
        <ele>9</ele>
        <time>2026-09-29T22:58:21.000Z</time>
        <extensions>
          <ns3:TrackPointExtension>
            <ns3:hr>130</ns3:hr>
            <ns3:cad>53</ns3:cad>
          </ns3:TrackPointExtension>
        </extensions>
      </trkpt>
      <trkpt lat="22.59244325570762157440185546875" lon="113.8784651644527912139892578125">
        <ele>9</ele>
        <time>2026-09-29T22:58:22.000Z</time>
        <extensions>
          <ns3:TrackPointExtension>
            <ns3:hr>129</ns3:hr>
            <ns3:cad>53</ns3:cad>
          </ns3:TrackPointExtension>
        </extensions>
      </trkpt>
      <trkpt lat="22.5924230553209781646728515625" lon="113.87848335318267345428466796875">
        <ele>9</ele>
        <time>2026-09-29T22:58:23.000Z</time>
        <extensions>
          <ns3:TrackPointExtension>
            <ns3:hr>128</ns3:hr>
            <ns3:cad>0</ns3:cad>
          </ns3:TrackPointExtension>
        </extensions>
      </trkpt>
      <trkpt lat="22.59239966981112957000732421875" lon="113.87850095517933368682861328125">
        <ele>9</ele>
        <time>2026-09-29T22:58:24.000Z</time>
        <extensions>
          <ns3:TrackPointExtension>
            <ns3:hr>129</ns3:hr>
            <ns3:cad>0</ns3:cad>
          </ns3:TrackPointExtension>
        </extensions>
      </trkpt>
      <trkpt lat="22.59237485937774181365966796875" lon="113.87851973064243793487548828125">
        <ele>9</ele>
        <time>2026-09-29T22:58:25.000Z</time>
        <extensions>
          <ns3:TrackPointExtension>
            <ns3:hr>129</ns3:hr>
            <ns3:cad>92</ns3:cad>
          </ns3:TrackPointExtension>
        </extensions>
      </trkpt>
      <trkpt lat="22.59234971366822719573974609375" lon="113.87853004038333892822265625">
        <ele>9.19999980926513671875</ele>
        <time>2026-09-29T22:58:26.000Z</time>
        <extensions>
          <ns3:TrackPointExtension>
            <ns3:hr>130</ns3:hr>
            <ns3:cad>92</ns3:cad>
          </ns3:TrackPointExtension>
        </extensions>
      </trkpt>
      <trkpt lat="22.59232498705387115478515625" lon="113.8785493187606334686279296875">
        <ele>9.19999980926513671875</ele>
        <time>2026-09-29T22:58:27.000Z</time>
        <extensions>
          <ns3:TrackPointExtension>
            <ns3:hr>130</ns3:hr>
            <ns3:cad>92</ns3:cad>
          </ns3:TrackPointExtension>
        </extensions>
      </trkpt>
      <trkpt lat="22.59230545721948146820068359375" lon="113.87856532819569110870361328125">
        <ele>9.19999980926513671875</ele>
        <time>2026-09-29T22:58:28.000Z</time>
        <extensions>
          <ns3:TrackPointExtension>
            <ns3:hr>131</ns3:hr>
            <ns3:cad>92</ns3:cad>
          </ns3:TrackPointExtension>
        </extensions>
      </trkpt>
      <trkpt lat="22.59227964095771312713623046875" lon="113.8785878755152225494384765625">
        <ele>9.19999980926513671875</ele>
        <time>2026-09-29T22:58:29.000Z</time>
        <extensions>
          <ns3:TrackPointExtension>
            <ns3:hr>131</ns3:hr>
            <ns3:cad>92</ns3:cad>
          </ns3:TrackPointExtension>
        </extensions>
      </trkpt>
      <trkpt lat="22.59226371534168720245361328125" lon="113.87860673479735851287841796875">
        <ele>9.19999980926513671875</ele>
        <time>2026-09-29T22:58:30.000Z</time>
        <extensions>
          <ns3:TrackPointExtension>
            <ns3:hr>131</ns3:hr>
            <ns3:cad>92</ns3:cad>
          </ns3:TrackPointExtension>
        </extensions>
      </trkpt>
      <trkpt lat="22.5922396592795848846435546875" lon="113.87862659990787506103515625">
        <ele>9</ele>
        <time>2026-09-29T22:58:31.000Z</time>
        <extensions>
          <ns3:TrackPointExtension>
            <ns3:hr>131</ns3:hr>
            <ns3:cad>92</ns3:cad>
          </ns3:TrackPointExtension>
        </extensions>
      </trkpt>
      <trkpt lat="22.5922232307493686676025390625" lon="113.8786428608000278472900390625">
        <ele>9</ele>
        <time>2026-09-29T22:58:32.000Z</time>
        <extensions>
          <ns3:TrackPointExtension>
            <ns3:hr>131</ns3:hr>
            <ns3:cad>92</ns3:cad>
          </ns3:TrackPointExtension>
        </extensions>
      </trkpt>
      <trkpt lat="22.592196576297283172607421875" lon="113.87865610420703887939453125">
        <ele>9</ele>
        <time>2026-09-29T22:58:33.000Z</time>
        <extensions>
          <ns3:TrackPointExtension>
            <ns3:hr>131</ns3:hr>
            <ns3:cad>92</ns3:cad>
          </ns3:TrackPointExtension>
        </extensions>
      </trkpt>
      <trkpt lat="22.59217637591063976287841796875" lon="113.87867026962339878082275390625">
        <ele>9</ele>
        <time>2026-09-29T22:58:34.000Z</time>
        <extensions>
          <ns3:TrackPointExtension>
            <ns3:hr>131</ns3:hr>
            <ns3:cad>92</ns3:cad>
          </ns3:TrackPointExtension>
        </extensions>
      </trkpt>
      <trkpt lat="22.59215089492499828338623046875" lon="113.87868401594460010528564453125">
        <ele>9</ele>
        <time>2026-09-29T22:58:35.000Z</time>
        <extensions>
          <ns3:TrackPointExtension>
            <ns3:hr>130</ns3:hr>
            <ns3:cad>92</ns3:cad>
          </ns3:TrackPointExtension>
        </extensions>
      </trkpt>
      <trkpt lat="22.592128179967403411865234375" lon="113.87870128266513347625732421875">
        <ele>9</ele>
        <time>2026-09-29T22:58:36.000Z</time>
        <extensions>
          <ns3:TrackPointExtension>
            <ns3:hr>128</ns3:hr>
            <ns3:cad>92</ns3:cad>
          </ns3:TrackPointExtension>
        </extensions>
      </trkpt>
      <trkpt lat="22.5921058841049671173095703125" lon="113.87871519662439823150634765625">
        <ele>9</ele>
        <time>2026-09-29T22:58:37.000Z</time>
        <extensions>
          <ns3:TrackPointExtension>
            <ns3:hr>128</ns3:hr>
            <ns3:cad>93</ns3:cad>
          </ns3:TrackPointExtension>
        </extensions>
      </trkpt>
      <trkpt lat="22.59208090603351593017578125" lon="113.8787343911826610565185546875">
        <ele>8.80000019073486328125</ele>
        <time>2026-09-29T22:58:38.000Z</time>
        <extensions>
          <ns3:TrackPointExtension>
            <ns3:hr>128</ns3:hr>
            <ns3:cad>93</ns3:cad>
          </ns3:TrackPointExtension>
        </extensions>
      </trkpt>
      <trkpt lat="22.5920653156936168670654296875" lon="113.8787571899592876434326171875">
        <ele>8.80000019073486328125</ele>
        <time>2026-09-29T22:58:39.000Z</time>
        <extensions>
          <ns3:TrackPointExtension>
            <ns3:hr>128</ns3:hr>
            <ns3:cad>92</ns3:cad>
          </ns3:TrackPointExtension>
        </extensions>
      </trkpt>
      <trkpt lat="22.59205400012433528900146484375" lon="113.87878845445811748504638671875">
        <ele>8.80000019073486328125</ele>
        <time>2026-09-29T22:58:40.000Z</time>
        <extensions>
          <ns3:TrackPointExtension>
            <ns3:hr>128</ns3:hr>
            <ns3:cad>92</ns3:cad>
          </ns3:TrackPointExtension>
        </extensions>
      </trkpt>
      <trkpt lat="22.5920462049543857574462890625" lon="113.87881527654826641082763671875">
        <ele>8.80000019073486328125</ele>
        <time>2026-09-29T22:58:41.000Z</time>
        <extensions>
          <ns3:TrackPointExtension>
            <ns3:hr>128</ns3:hr>
            <ns3:cad>92</ns3:cad>
          </ns3:TrackPointExtension>
        </extensions>
      </trkpt>
      <trkpt lat="22.59203522466123104095458984375" lon="113.87884360738098621368408203125">
        <ele>8.80000019073486328125</ele>
        <time>2026-09-29T22:58:42.000Z</time>
        <extensions>
          <ns3:TrackPointExtension>
            <ns3:hr>129</ns3:hr>
            <ns3:cad>92</ns3:cad>
          </ns3:TrackPointExtension>
        </extensions>
      </trkpt>
      <trkpt lat="22.59203053079545497894287109375" lon="113.878864981234073638916015625">
        <ele>8.80000019073486328125</ele>
        <time>2026-09-29T22:58:43.000Z</time>
        <extensions>
          <ns3:TrackPointExtension>
            <ns3:hr>130</ns3:hr>
            <ns3:cad>93</ns3:cad>
          </ns3:TrackPointExtension>
        </extensions>
      </trkpt>
      <trkpt lat="22.59201577864587306976318359375" lon="113.87889213860034942626953125">
        <ele>8.80000019073486328125</ele>
        <time>2026-09-29T22:58:44.000Z</time>
        <extensions>
          <ns3:TrackPointExtension>
            <ns3:hr>130</ns3:hr>
            <ns3:cad>93</ns3:cad>
          </ns3:TrackPointExtension>
        </extensions>
      </trkpt>
      <trkpt lat="22.592002451419830322265625" lon="113.8789134286344051361083984375">
        <ele>8.80000019073486328125</ele>
        <time>2026-09-29T22:58:45.000Z</time>
        <extensions>
          <ns3:TrackPointExtension>
            <ns3:hr>132</ns3:hr>
            <ns3:cad>92</ns3:cad>
          </ns3:TrackPointExtension>
        </extensions>
      </trkpt>
      <trkpt lat="22.5919823348522186279296875" lon="113.8789375685155391693115234375">
        <ele>8.80000019073486328125</ele>
        <time>2026-09-29T22:58:46.000Z</time>
        <extensions>
          <ns3:TrackPointExtension>
            <ns3:hr>133</ns3:hr>
            <ns3:cad>92</ns3:cad>
          </ns3:TrackPointExtension>
        </extensions>
      </trkpt>
      <trkpt lat="22.59196758270263671875" lon="113.87896179221570491790771484375">
        <ele>9</ele>
        <time>2026-09-29T22:58:47.000Z</time>
        <extensions>
          <ns3:TrackPointExtension>
            <ns3:hr>134</ns3:hr>
            <ns3:cad>92</ns3:cad>
          </ns3:TrackPointExtension>
        </extensions>
      </trkpt>
      <trkpt lat="22.59194822050631046295166015625" lon="113.8789828307926654815673828125">
        <ele>8.80000019073486328125</ele>
        <time>2026-09-29T22:58:48.000Z</time>
        <extensions>
          <ns3:TrackPointExtension>
            <ns3:hr>134</ns3:hr>
            <ns3:cad>92</ns3:cad>
          </ns3:TrackPointExtension>
        </extensions>
      </trkpt>
      <trkpt lat="22.5919275172054767608642578125" lon="113.8790066353976726531982421875">
        <ele>8.80000019073486328125</ele>
        <time>2026-09-29T22:58:49.000Z</time>
        <extensions>
          <ns3:TrackPointExtension>
            <ns3:hr>135</ns3:hr>
            <ns3:cad>93</ns3:cad>
          </ns3:TrackPointExtension>
        </extensions>
      </trkpt>
      <trkpt lat="22.59191469289362430572509765625" lon="113.87903027236461639404296875">
        <ele>8.80000019073486328125</ele>
        <time>2026-09-29T22:58:50.000Z</time>
        <extensions>
          <ns3:TrackPointExtension>
            <ns3:hr>135</ns3:hr>
            <ns3:cad>93</ns3:cad>
          </ns3:TrackPointExtension>
        </extensions>
      </trkpt>
      <trkpt lat="22.59188937954604625701904296875" lon="113.879054076969623565673828125">
        <ele>8.6000003814697265625</ele>
        <time>2026-09-29T22:58:51.000Z</time>
        <extensions>
          <ns3:TrackPointExtension>
            <ns3:hr>136</ns3:hr>
            <ns3:cad>92</ns3:cad>
          </ns3:TrackPointExtension>
        </extensions>
      </trkpt>
      <trkpt lat="22.59187311865389347076416015625" lon="113.8790743611752986907958984375">
        <ele>8.6000003814697265625</ele>
        <time>2026-09-29T22:58:52.000Z</time>
        <extensions>
          <ns3:TrackPointExtension>
            <ns3:hr>137</ns3:hr>
            <ns3:cad>92</ns3:cad>
          </ns3:TrackPointExtension>
        </extensions>
      </trkpt>
      <trkpt lat="22.59184897877275943756103515625" lon="113.87909288518130779266357421875">
        <ele>8.6000003814697265625</ele>
        <time>2026-09-29T22:58:53.000Z</time>
        <extensions>
          <ns3:TrackPointExtension>
            <ns3:hr>138</ns3:hr>
            <ns3:cad>92</ns3:cad>
          </ns3:TrackPointExtension>
        </extensions>
      </trkpt>
      <trkpt lat="22.59183120913803577423095703125" lon="113.87911048717796802520751953125">
        <ele>8.6000003814697265625</ele>
        <time>2026-09-29T22:58:54.000Z</time>
        <extensions>
          <ns3:TrackPointExtension>
            <ns3:hr>138</ns3:hr>
            <ns3:cad>94</ns3:cad>
          </ns3:TrackPointExtension>
        </extensions>
      </trkpt>
      <trkpt lat="22.5918095000088214874267578125" lon="113.8791293464601039886474609375">
        <ele>8.6000003814697265625</ele>
        <time>2026-09-29T22:58:55.000Z</time>
        <extensions>
          <ns3:TrackPointExtension>
            <ns3:hr>139</ns3:hr>
            <ns3:cad>94</ns3:cad>
          </ns3:TrackPointExtension>
        </extensions>
      </trkpt>
      <trkpt lat="22.59178661741316318511962890625" lon="113.879146277904510498046875">
        <ele>8.6000003814697265625</ele>
        <time>2026-09-29T22:58:56.000Z</time>
        <extensions>
          <ns3:TrackPointExtension>
            <ns3:hr>139</ns3:hr>
            <ns3:cad>94</ns3:cad>
          </ns3:TrackPointExtension>
        </extensions>
      </trkpt>
      <trkpt lat="22.59177002124488353729248046875" lon="113.8791652210056781768798828125">
        <ele>8.6000003814697265625</ele>
        <time>2026-09-29T22:58:57.000Z</time>
        <extensions>
          <ns3:TrackPointExtension>
            <ns3:hr>139</ns3:hr>
            <ns3:cad>92</ns3:cad>
          </ns3:TrackPointExtension>
        </extensions>
      </trkpt>
      <trkpt lat="22.59174571372568607330322265625" lon="113.87918693013489246368408203125">
        <ele>8.6000003814697265625</ele>
        <time>2026-09-29T22:58:58.000Z</time>
        <extensions>
          <ns3:TrackPointExtension>
            <ns3:hr>139</ns3:hr>
            <ns3:cad>92</ns3:cad>
          </ns3:TrackPointExtension>
        </extensions>
      </trkpt>
      <trkpt lat="22.5917266868054866790771484375" lon="113.8792044483125209808349609375">
        <ele>8.6000003814697265625</ele>
        <time>2026-09-29T22:58:59.000Z</time>
        <extensions>
          <ns3:TrackPointExtension>
            <ns3:hr>140</ns3:hr>
            <ns3:cad>92</ns3:cad>
          </ns3:TrackPointExtension>
        </extensions>
      </trkpt>
      <trkpt lat="22.591702379286289215087890625" lon="113.8792249001562595367431640625">
        <ele>8.6000003814697265625</ele>
        <time>2026-09-29T22:59:00.000Z</time>
        <extensions>
          <ns3:TrackPointExtension>
            <ns3:hr>140</ns3:hr>
            <ns3:cad>93</ns3:cad>
          </ns3:TrackPointExtension>
        </extensions>
      </trkpt>
      <trkpt lat="22.59168553166091442108154296875" lon="113.87924619019031524658203125">
        <ele>8.6000003814697265625</ele>
        <time>2026-09-29T22:59:01.000Z</time>
        <extensions>
          <ns3:TrackPointExtension>
            <ns3:hr>141</ns3:hr>
            <ns3:cad>93</ns3:cad>
          </ns3:TrackPointExtension>
        </extensions>
      </trkpt>
      <trkpt lat="22.591660134494304656982421875" lon="113.879265300929546356201171875">
        <ele>8.3999996185302734375</ele>
        <time>2026-09-29T22:59:02.000Z</time>
        <extensions>
          <ns3:TrackPointExtension>
            <ns3:hr>141</ns3:hr>
            <ns3:cad>93</ns3:cad>
          </ns3:TrackPointExtension>
        </extensions>
      </trkpt>
      <trkpt lat="22.59164077229797840118408203125" lon="113.8792829029262065887451171875">
        <ele>8.3999996185302734375</ele>
        <time>2026-09-29T22:59:03.000Z</time>
        <extensions>
          <ns3:TrackPointExtension>
            <ns3:hr>142</ns3:hr>
            <ns3:cad>93</ns3:cad>
          </ns3:TrackPointExtension>
        </extensions>
      </trkpt>
      <trkpt lat="22.59161914698779582977294921875" lon="113.87930125929415225982666015625">
        <ele>8.19999980926513671875</ele>
        <time>2026-09-29T22:59:04.000Z</time>
        <extensions>
          <ns3:TrackPointExtension>
            <ns3:hr>144</ns3:hr>
            <ns3:cad>93</ns3:cad>
          </ns3:TrackPointExtension>
        </extensions>
      </trkpt>
      <trkpt lat="22.59159944951534271240234375" lon="113.87932355515658855438232421875">
        <ele>8.19999980926513671875</ele>
        <time>2026-09-29T22:59:05.000Z</time>
        <extensions>
          <ns3:TrackPointExtension>
            <ns3:hr>145</ns3:hr>
            <ns3:cad>93</ns3:cad>
          </ns3:TrackPointExtension>
        </extensions>
      </trkpt>
      <trkpt lat="22.59157841093838214874267578125" lon="113.87934434227645397186279296875">
        <ele>8.19999980926513671875</ele>
        <time>2026-09-29T22:59:06.000Z</time>
        <extensions>
          <ns3:TrackPointExtension>
            <ns3:hr>145</ns3:hr>
            <ns3:cad>93</ns3:cad>
          </ns3:TrackPointExtension>
        </extensions>
      </trkpt>
      <trkpt lat="22.5915550254285335540771484375" lon="113.87936932034790515899658203125">
        <ele>8.19999980926513671875</ele>
        <time>2026-09-29T22:59:07.000Z</time>
        <extensions>
          <ns3:TrackPointExtension>
            <ns3:hr>144</ns3:hr>
            <ns3:cad>94</ns3:cad>
          </ns3:TrackPointExtension>
        </extensions>
      </trkpt>
      <trkpt lat="22.59153583087027072906494140625" lon="113.87939010746777057647705078125">
        <ele>8.3999996185302734375</ele>
        <time>2026-09-29T22:59:08.000Z</time>
        <extensions>
          <ns3:TrackPointExtension>
            <ns3:hr>145</ns3:hr>
            <ns3:cad>94</ns3:cad>
          </ns3:TrackPointExtension>
        </extensions>
      </trkpt>
      <trkpt lat="22.59151093661785125732421875" lon="113.8794160075485706329345703125">
        <ele>8.3999996185302734375</ele>
        <time>2026-09-29T22:59:09.000Z</time>
        <extensions>
          <ns3:TrackPointExtension>
            <ns3:hr>145</ns3:hr>
            <ns3:cad>94</ns3:cad>
          </ns3:TrackPointExtension>
        </extensions>
      </trkpt>
      <trkpt lat="22.5914914906024932861328125" lon="113.87943352572619915008544921875">
        <ele>8.3999996185302734375</ele>
        <time>2026-09-29T22:59:10.000Z</time>
        <extensions>
          <ns3:TrackPointExtension>
            <ns3:hr>145</ns3:hr>
            <ns3:cad>93</ns3:cad>
          </ns3:TrackPointExtension>
        </extensions>
      </trkpt>
      <trkpt lat="22.5914651714265346527099609375" lon="113.87945313937962055206298828125">
        <ele>8.19999980926513671875</ele>
        <time>2026-09-29T22:59:11.000Z</time>
        <extensions>
          <ns3:TrackPointExtension>
            <ns3:hr>145</ns3:hr>
            <ns3:cad>93</ns3:cad>
          </ns3:TrackPointExtension>
        </extensions>
      </trkpt>
      <trkpt lat="22.5914433784782886505126953125" lon="113.87946973554790019989013671875">
        <ele>8.19999980926513671875</ele>
        <time>2026-09-29T22:59:12.000Z</time>
        <extensions>
          <ns3:TrackPointExtension>
            <ns3:hr>146</ns3:hr>
            <ns3:cad>93</ns3:cad>
          </ns3:TrackPointExtension>
        </extensions>
      </trkpt>
      <trkpt lat="22.59142108261585235595703125" lon="113.87949253432452678680419921875">
        <ele>8.19999980926513671875</ele>
        <time>2026-09-29T22:59:13.000Z</time>
        <extensions>
          <ns3:TrackPointExtension>
            <ns3:hr>146</ns3:hr>
            <ns3:cad>94</ns3:cad>
          </ns3:TrackPointExtension>
        </extensions>
      </trkpt>
      <trkpt lat="22.59140356443822383880615234375" lon="113.879516087472438812255859375">
        <ele>8.19999980926513671875</ele>
        <time>2026-09-29T22:59:14.000Z</time>
        <extensions>
          <ns3:TrackPointExtension>
            <ns3:hr>146</ns3:hr>
            <ns3:cad>94</ns3:cad>
          </ns3:TrackPointExtension>
        </extensions>
      </trkpt>
      <trkpt lat="22.59138227440416812896728515625" lon="113.87953394092619419097900390625">
        <ele>8.19999980926513671875</ele>
        <time>2026-09-29T22:59:15.000Z</time>
        <extensions>
          <ns3:TrackPointExtension>
            <ns3:hr>146</ns3:hr>
            <ns3:cad>94</ns3:cad>
          </ns3:TrackPointExtension>
        </extensions>
      </trkpt>
      <trkpt lat="22.59136199019849300384521484375" lon="113.8795538060367107391357421875">
        <ele>8.19999980926513671875</ele>
        <time>2026-09-29T22:59:16.000Z</time>
        <extensions>
          <ns3:TrackPointExtension>
            <ns3:hr>146</ns3:hr>
            <ns3:cad>94</ns3:cad>
          </ns3:TrackPointExtension>
        </extensions>
      </trkpt>
      <trkpt lat="22.59134355001151561737060546875" lon="113.879570066928863525390625">
        <ele>8.19999980926513671875</ele>
        <time>2026-09-29T22:59:17.000Z</time>
        <extensions>
          <ns3:TrackPointExtension>
            <ns3:hr>146</ns3:hr>
            <ns3:cad>93</ns3:cad>
          </ns3:TrackPointExtension>
        </extensions>
      </trkpt>
      <trkpt lat="22.59132158942520618438720703125" lon="113.8795943744480609893798828125">
        <ele>8</ele>
        <time>2026-09-29T22:59:18.000Z</time>
        <extensions>
          <ns3:TrackPointExtension>
            <ns3:hr>146</ns3:hr>
            <ns3:cad>93</ns3:cad>
          </ns3:TrackPointExtension>
        </extensions>
      </trkpt>
      <trkpt lat="22.5913126207888126373291015625" lon="113.87961843051016330718994140625">
        <ele>8</ele>
        <time>2026-09-29T22:59:19.000Z</time>
        <extensions>
          <ns3:TrackPointExtension>
            <ns3:hr>146</ns3:hr>
            <ns3:cad>94</ns3:cad>
          </ns3:TrackPointExtension>
        </extensions>
      </trkpt>
      <trkpt lat="22.5912916660308837890625" lon="113.87964181602001190185546875">
        <ele>8</ele>
        <time>2026-09-29T22:59:20.000Z</time>
        <extensions>
          <ns3:TrackPointExtension>
            <ns3:hr>146</ns3:hr>
            <ns3:cad>94</ns3:cad>
          </ns3:TrackPointExtension>
        </extensions>
      </trkpt>
      <trkpt lat="22.59127632714807987213134765625" lon="113.8796626031398773193359375">
        <ele>8</ele>
        <time>2026-09-29T22:59:21.000Z</time>
        <extensions>
          <ns3:TrackPointExtension>
            <ns3:hr>147</ns3:hr>
            <ns3:cad>92</ns3:cad>
          </ns3:TrackPointExtension>
        </extensions>
      </trkpt>
      <trkpt lat="22.591252438724040985107421875" lon="113.87967844493687152862548828125">
        <ele>8</ele>
        <time>2026-09-29T22:59:22.000Z</time>
        <extensions>
          <ns3:TrackPointExtension>
            <ns3:hr>146</ns3:hr>
            <ns3:cad>92</ns3:cad>
          </ns3:TrackPointExtension>
        </extensions>
      </trkpt>
      <trkpt lat="22.59123223833739757537841796875" lon="113.8796974718570709228515625">
        <ele>8</ele>
        <time>2026-09-29T22:59:23.000Z</time>
        <extensions>
          <ns3:TrackPointExtension>
            <ns3:hr>146</ns3:hr>
            <ns3:cad>92</ns3:cad>
          </ns3:TrackPointExtension>
        </extensions>
      </trkpt>
      <trkpt lat="22.5912140496075153350830078125" lon="113.87971549294888973236083984375">
        <ele>8</ele>
        <time>2026-09-29T22:59:24.000Z</time>
        <extensions>
          <ns3:TrackPointExtension>
            <ns3:hr>146</ns3:hr>
            <ns3:cad>93</ns3:cad>
          </ns3:TrackPointExtension>
        </extensions>
      </trkpt>
      <trkpt lat="22.59119443595409393310546875" lon="113.87974365614354610443115234375">
        <ele>8</ele>
        <time>2026-09-29T22:59:25.000Z</time>
        <extensions>
          <ns3:TrackPointExtension>
            <ns3:hr>146</ns3:hr>
            <ns3:cad>93</ns3:cad>
          </ns3:TrackPointExtension>
        </extensions>
      </trkpt>
      <trkpt lat="22.5911714695394039154052734375" lon="113.87976259924471378326416015625">
        <ele>8</ele>
        <time>2026-09-29T22:59:26.000Z</time>
        <extensions>
          <ns3:TrackPointExtension>
            <ns3:hr>146</ns3:hr>
            <ns3:cad>94</ns3:cad>
          </ns3:TrackPointExtension>
        </extensions>
      </trkpt>
      <trkpt lat="22.59114682674407958984375" lon="113.87978472746908664703369140625">
        <ele>8</ele>
        <time>2026-09-29T22:59:27.000Z</time>
        <extensions>
          <ns3:TrackPointExtension>
            <ns3:hr>147</ns3:hr>
            <ns3:cad>94</ns3:cad>
          </ns3:TrackPointExtension>
        </extensions>
      </trkpt>
      <trkpt lat="22.59112947620451450347900390625" lon="113.87980543076992034912109375">
        <ele>8</ele>
        <time>2026-09-29T22:59:28.000Z</time>
        <extensions>
          <ns3:TrackPointExtension>
            <ns3:hr>146</ns3:hr>
            <ns3:cad>93</ns3:cad>
          </ns3:TrackPointExtension>
        </extensions>
      </trkpt>
      <trkpt lat="22.59110231883823871612548828125" lon="113.879828564822673797607421875">
        <ele>7.80000019073486328125</ele>
        <time>2026-09-29T22:59:29.000Z</time>
        <extensions>
          <ns3:TrackPointExtension>
            <ns3:hr>146</ns3:hr>
            <ns3:cad>93</ns3:cad>
          </ns3:TrackPointExtension>
        </extensions>
      </trkpt>
      <trkpt lat="22.5910837948322296142578125" lon="113.87984943576157093048095703125">
        <ele>8</ele>
        <time>2026-09-29T22:59:30.000Z</time>
        <extensions>
          <ns3:TrackPointExtension>
            <ns3:hr>146</ns3:hr>
            <ns3:cad>93</ns3:cad>
          </ns3:TrackPointExtension>
        </extensions>
      </trkpt>
      <trkpt lat="22.59105873294174671173095703125" lon="113.87987357564270496368408203125">
        <ele>8</ele>
        <time>2026-09-29T22:59:31.000Z</time>
        <extensions>
          <ns3:TrackPointExtension>
            <ns3:hr>146</ns3:hr>
            <ns3:cad>93</ns3:cad>
          </ns3:TrackPointExtension>
        </extensions>
      </trkpt>
      <trkpt lat="22.5910393707454204559326171875" lon="113.87990199029445648193359375">
        <ele>8</ele>
        <time>2026-09-29T22:59:32.000Z</time>
        <extensions>
          <ns3:TrackPointExtension>
            <ns3:hr>147</ns3:hr>
            <ns3:cad>94</ns3:cad>
          </ns3:TrackPointExtension>
        </extensions>
      </trkpt>
      <trkpt lat="22.591020427644252777099609375" lon="113.879927806556224822998046875">
        <ele>8</ele>
        <time>2026-09-29T22:59:33.000Z</time>
        <extensions>
          <ns3:TrackPointExtension>
            <ns3:hr>146</ns3:hr>
            <ns3:cad>94</ns3:cad>
          </ns3:TrackPointExtension>
        </extensions>
      </trkpt>
      <trkpt lat="22.5909988023340702056884765625" lon="113.879949264228343963623046875">
        <ele>8</ele>
        <time>2026-09-29T22:59:34.000Z</time>
        <extensions>
          <ns3:TrackPointExtension>
            <ns3:hr>146</ns3:hr>
            <ns3:cad>92</ns3:cad>
          </ns3:TrackPointExtension>
        </extensions>
      </trkpt>
      <trkpt lat="22.59097994305193424224853515625" lon="113.87997164390981197357177734375">
        <ele>8</ele>
        <time>2026-09-29T22:59:35.000Z</time>
        <extensions>
          <ns3:TrackPointExtension>
            <ns3:hr>146</ns3:hr>
            <ns3:cad>92</ns3:cad>
          </ns3:TrackPointExtension>
        </extensions>
      </trkpt>
      <trkpt lat="22.59096200577914714813232421875" lon="113.87999586760997772216796875">
        <ele>8</ele>
        <time>2026-09-29T22:59:36.000Z</time>
        <extensions>
          <ns3:TrackPointExtension>
            <ns3:hr>147</ns3:hr>
            <ns3:cad>92</ns3:cad>
          </ns3:TrackPointExtension>
        </extensions>
      </trkpt>
      <trkpt lat="22.5909468345344066619873046875" lon="113.8800195045769214630126953125">
        <ele>7.80000019073486328125</ele>
        <time>2026-09-29T22:59:37.000Z</time>
        <extensions>
          <ns3:TrackPointExtension>
            <ns3:hr>147</ns3:hr>
            <ns3:cad>92</ns3:cad>
          </ns3:TrackPointExtension>
        </extensions>
      </trkpt>
      <trkpt lat="22.59092931635677814483642578125" lon="113.880042135715484619140625">
        <ele>7.80000019073486328125</ele>
        <time>2026-09-29T22:59:38.000Z</time>
        <extensions>
          <ns3:TrackPointExtension>
            <ns3:hr>147</ns3:hr>
            <ns3:cad>92</ns3:cad>
          </ns3:TrackPointExtension>
        </extensions>
      </trkpt>
      <trkpt lat="22.59090517647564411163330078125" lon="113.880058228969573974609375">
        <ele>7.599999904632568359375</ele>
        <time>2026-09-29T22:59:39.000Z</time>
        <extensions>
          <ns3:TrackPointExtension>
            <ns3:hr>147</ns3:hr>
            <ns3:cad>95</ns3:cad>
          </ns3:TrackPointExtension>
        </extensions>
      </trkpt>
      <trkpt lat="22.5908878259360790252685546875" lon="113.880075998604297637939453125">
        <ele>7.599999904632568359375</ele>
        <time>2026-09-29T22:59:40.000Z</time>
        <extensions>
          <ns3:TrackPointExtension>
            <ns3:hr>147</ns3:hr>
            <ns3:cad>95</ns3:cad>
          </ns3:TrackPointExtension>
        </extensions>
      </trkpt>
      <trkpt lat="22.59086142294108867645263671875" lon="113.88009645044803619384765625">
        <ele>7.599999904632568359375</ele>
        <time>2026-09-29T22:59:41.000Z</time>
        <extensions>
          <ns3:TrackPointExtension>
            <ns3:hr>147</ns3:hr>
            <ns3:cad>93</ns3:cad>
          </ns3:TrackPointExtension>
        </extensions>
      </trkpt>
      <trkpt lat="22.5908469222486019134521484375" lon="113.88011698611080646514892578125">
        <ele>7.599999904632568359375</ele>
        <time>2026-09-29T22:59:42.000Z</time>
        <extensions>
          <ns3:TrackPointExtension>
            <ns3:hr>147</ns3:hr>
            <ns3:cad>93</ns3:cad>
          </ns3:TrackPointExtension>
        </extensions>
      </trkpt>
      <trkpt lat="22.59082236327230930328369140625" lon="113.8801381923258304595947265625">
        <ele>7.599999904632568359375</ele>
        <time>2026-09-29T22:59:43.000Z</time>
        <extensions>
          <ns3:TrackPointExtension>
            <ns3:hr>146</ns3:hr>
            <ns3:cad>94</ns3:cad>
          </ns3:TrackPointExtension>
        </extensions>
      </trkpt>
      <trkpt lat="22.5908076949417591094970703125" lon="113.8801614940166473388671875">
        <ele>7.599999904632568359375</ele>
        <time>2026-09-29T22:59:44.000Z</time>
        <extensions>
          <ns3:TrackPointExtension>
            <ns3:hr>146</ns3:hr>
            <ns3:cad>94</ns3:cad>
          </ns3:TrackPointExtension>
        </extensions>
      </trkpt>
      <trkpt lat="22.5907822139561176300048828125" lon="113.88018202967941761016845703125">
        <ele>7.599999904632568359375</ele>
        <time>2026-09-29T22:59:45.000Z</time>
        <extensions>
          <ns3:TrackPointExtension>
            <ns3:hr>145</ns3:hr>
            <ns3:cad>94</ns3:cad>
          </ns3:TrackPointExtension>
        </extensions>
      </trkpt>
      <trkpt lat="22.590758912265300750732421875" lon="113.88020432554185390472412109375">
        <ele>7.599999904632568359375</ele>
        <time>2026-09-29T22:59:46.000Z</time>
        <extensions>
          <ns3:TrackPointExtension>
            <ns3:hr>145</ns3:hr>
            <ns3:cad>93</ns3:cad>
          </ns3:TrackPointExtension>
        </extensions>
      </trkpt>
      <trkpt lat="22.5907403044402599334716796875" lon="113.88022276572883129119873046875">
        <ele>7.599999904632568359375</ele>
        <time>2026-09-29T22:59:47.000Z</time>
        <extensions>
          <ns3:TrackPointExtension>
            <ns3:hr>144</ns3:hr>
            <ns3:cad>93</ns3:cad>
          </ns3:TrackPointExtension>
        </extensions>
      </trkpt>
      <trkpt lat="22.59071163833141326904296875" lon="113.88024799525737762451171875">
        <ele>7.599999904632568359375</ele>
        <time>2026-09-29T22:59:48.000Z</time>
        <extensions>
          <ns3:TrackPointExtension>
            <ns3:hr>144</ns3:hr>
            <ns3:cad>94</ns3:cad>
          </ns3:TrackPointExtension>
        </extensions>
      </trkpt>
      <trkpt lat="22.59069697000086307525634765625" lon="113.88026869855821132659912109375">
        <ele>7.599999904632568359375</ele>
        <time>2026-09-29T22:59:49.000Z</time>
        <extensions>
          <ns3:TrackPointExtension>
            <ns3:hr>144</ns3:hr>
            <ns3:cad>94</ns3:cad>
          </ns3:TrackPointExtension>
        </extensions>
      </trkpt>
      <trkpt lat="22.59066964499652385711669921875" lon="113.88029233552515506744384765625">
        <ele>7.599999904632568359375</ele>
        <time>2026-09-29T22:59:50.000Z</time>
        <extensions>
          <ns3:TrackPointExtension>
            <ns3:hr>144</ns3:hr>
            <ns3:cad>94</ns3:cad>
          </ns3:TrackPointExtension>
        </extensions>
      </trkpt>
      <trkpt lat="22.5906524620950222015380859375" lon="113.8803118653595447540283203125">
        <ele>7.599999904632568359375</ele>
        <time>2026-09-29T22:59:51.000Z</time>
        <extensions>
          <ns3:TrackPointExtension>
            <ns3:hr>143</ns3:hr>
            <ns3:cad>93</ns3:cad>
          </ns3:TrackPointExtension>
        </extensions>
      </trkpt>
      <trkpt lat="22.59062714874744415283203125" lon="113.88033424504101276397705078125">
        <ele>7.599999904632568359375</ele>
        <time>2026-09-29T22:59:52.000Z</time>
        <extensions>
          <ns3:TrackPointExtension>
            <ns3:hr>143</ns3:hr>
            <ns3:cad>93</ns3:cad>
          </ns3:TrackPointExtension>
        </extensions>
      </trkpt>
      <trkpt lat="22.5906172581017017364501953125" lon="113.8803574629127979278564453125">
        <ele>7.599999904632568359375</ele>
        <time>2026-09-29T22:59:53.000Z</time>
        <extensions>
          <ns3:TrackPointExtension>
            <ns3:hr>144</ns3:hr>
            <ns3:cad>93</ns3:cad>
          </ns3:TrackPointExtension>
        </extensions>
      </trkpt>
      <trkpt lat="22.5906011648476123809814453125" lon="113.88037498109042644500732421875">
        <ele>7.599999904632568359375</ele>
        <time>2026-09-29T22:59:54.000Z</time>
        <extensions>
          <ns3:TrackPointExtension>
            <ns3:hr>144</ns3:hr>
            <ns3:cad>93</ns3:cad>
          </ns3:TrackPointExtension>
        </extensions>
      </trkpt>
      <trkpt lat="22.59057727642357349395751953125" lon="113.88039509765803813934326171875">
        <ele>7.80000019073486328125</ele>
        <time>2026-09-29T22:59:55.000Z</time>
        <extensions>
          <ns3:TrackPointExtension>
            <ns3:hr>144</ns3:hr>
            <ns3:cad>94</ns3:cad>
          </ns3:TrackPointExtension>
        </extensions>
      </trkpt>
      <trkpt lat="22.59056235663592815399169921875" lon="113.880407921969890594482421875">
        <ele>7.80000019073486328125</ele>
        <time>2026-09-29T22:59:56.000Z</time>
        <extensions>
          <ns3:TrackPointExtension>
            <ns3:hr>144</ns3:hr>
            <ns3:cad>94</ns3:cad>
          </ns3:TrackPointExtension>
        </extensions>
      </trkpt>
      <trkpt lat="22.59053586982190608978271484375" lon="113.88042896054685115814208984375">
        <ele>7.80000019073486328125</ele>
        <time>2026-09-29T22:59:57.000Z</time>
        <extensions>
          <ns3:TrackPointExtension>
            <ns3:hr>144</ns3:hr>
            <ns3:cad>93</ns3:cad>
          </ns3:TrackPointExtension>
        </extensions>
      </trkpt>
      <trkpt lat="22.59051860310137271881103515625" lon="113.8804489932954311370849609375">
        <ele>7.80000019073486328125</ele>
        <time>2026-09-29T22:59:58.000Z</time>
        <extensions>
          <ns3:TrackPointExtension>
            <ns3:hr>145</ns3:hr>
            <ns3:cad>93</ns3:cad>
          </ns3:TrackPointExtension>
        </extensions>
      </trkpt>
      <trkpt lat="22.59048993699252605438232421875" lon="113.8804677687585353851318359375">
        <ele>7.80000019073486328125</ele>
        <time>2026-09-29T22:59:59.000Z</time>
        <extensions>
          <ns3:TrackPointExtension>
            <ns3:hr>145</ns3:hr>
            <ns3:cad>93</ns3:cad>
          </ns3:TrackPointExtension>
        </extensions>
      </trkpt>
      <trkpt lat="22.59046378545463085174560546875" lon="113.88047740794718265533447265625">
        <ele>7.599999904632568359375</ele>
        <time>2026-09-29T23:00:00.000Z</time>
        <extensions>
          <ns3:TrackPointExtension>
            <ns3:hr>145</ns3:hr>
            <ns3:cad>93</ns3:cad>
          </ns3:TrackPointExtension>
        </extensions>
      </trkpt>
      <trkpt lat="22.5904325209558010101318359375" lon="113.88047673739492893218994140625">
        <ele>7.599999904632568359375</ele>
        <time>2026-09-29T23:00:01.000Z</time>
        <extensions>
          <ns3:TrackPointExtension>
            <ns3:hr>145</ns3:hr>
            <ns3:cad>94</ns3:cad>
          </ns3:TrackPointExtension>
        </extensions>
      </trkpt>
      <trkpt lat="22.59040041826665401458740234375" lon="113.88048076070845127105712890625">
        <ele>7.599999904632568359375</ele>
        <time>2026-09-29T23:00:02.000Z</time>
        <extensions>
          <ns3:TrackPointExtension>
            <ns3:hr>145</ns3:hr>
            <ns3:cad>94</ns3:cad>
          </ns3:TrackPointExtension>
        </extensions>
      </trkpt>
      <trkpt lat="22.590372674167156219482421875" lon="113.88047187589108943939208984375">
        <ele>7.599999904632568359375</ele>
        <time>2026-09-29T23:00:03.000Z</time>
        <extensions>
          <ns3:TrackPointExtension>
            <ns3:hr>145</ns3:hr>
            <ns3:cad>92</ns3:cad>
          </ns3:TrackPointExtension>
        </extensions>
      </trkpt>
      <trkpt lat="22.59034006856381893157958984375" lon="113.880463577806949615478515625">
        <ele>7.400000095367431640625</ele>
        <time>2026-09-29T23:00:04.000Z</time>
        <extensions>
          <ns3:TrackPointExtension>
            <ns3:hr>145</ns3:hr>
            <ns3:cad>92</ns3:cad>
          </ns3:TrackPointExtension>
        </extensions>
      </trkpt>
      <trkpt lat="22.59031475521624088287353515625" lon="113.88045796193182468414306640625">
        <ele>7.599999904632568359375</ele>
        <time>2026-09-29T23:00:05.000Z</time>
        <extensions>
          <ns3:TrackPointExtension>
            <ns3:hr>145</ns3:hr>
            <ns3:cad>92</ns3:cad>
          </ns3:TrackPointExtension>
        </extensions>
      </trkpt>
      <trkpt lat="22.5902829878032207489013671875" lon="113.8804402761161327362060546875">
        <ele>7.599999904632568359375</ele>
        <time>2026-09-29T23:00:06.000Z</time>
        <extensions>
          <ns3:TrackPointExtension>
            <ns3:hr>146</ns3:hr>
            <ns3:cad>93</ns3:cad>
          </ns3:TrackPointExtension>
        </extensions>
      </trkpt>
      <trkpt lat="22.59025943465530872344970703125" lon="113.8804302178323268890380859375">
        <ele>7.599999904632568359375</ele>
        <time>2026-09-29T23:00:07.000Z</time>
        <extensions>
          <ns3:TrackPointExtension>
            <ns3:hr>146</ns3:hr>
            <ns3:cad>93</ns3:cad>
          </ns3:TrackPointExtension>
        </extensions>
      </trkpt>
      <trkpt lat="22.59024183265864849090576171875" lon="113.880405910313129425048828125">
        <ele>7.599999904632568359375</ele>
        <time>2026-09-29T23:00:08.000Z</time>
        <extensions>
          <ns3:TrackPointExtension>
            <ns3:hr>146</ns3:hr>
            <ns3:cad>93</ns3:cad>
          </ns3:TrackPointExtension>
        </extensions>
      </trkpt>
      <trkpt lat="22.59022213518619537353515625" lon="113.88038822449743747711181640625">
        <ele>7.599999904632568359375</ele>
        <time>2026-09-29T23:00:09.000Z</time>
        <extensions>
          <ns3:TrackPointExtension>
            <ns3:hr>146</ns3:hr>
            <ns3:cad>93</ns3:cad>
          </ns3:TrackPointExtension>
        </extensions>
      </trkpt>
      <trkpt lat="22.59020511992275714874267578125" lon="113.8803661800920963287353515625">
        <ele>7.599999904632568359375</ele>
        <time>2026-09-29T23:00:10.000Z</time>
        <extensions>
          <ns3:TrackPointExtension>
            <ns3:hr>146</ns3:hr>
            <ns3:cad>93</ns3:cad>
          </ns3:TrackPointExtension>
        </extensions>
      </trkpt>
      <trkpt lat="22.590189278125762939453125" lon="113.8803465664386749267578125">
        <ele>7.599999904632568359375</ele>
        <time>2026-09-29T23:00:11.000Z</time>
        <extensions>
          <ns3:TrackPointExtension>
            <ns3:hr>146</ns3:hr>
            <ns3:cad>93</ns3:cad>
          </ns3:TrackPointExtension>
        </extensions>
      </trkpt>
      <trkpt lat="22.5901699997484683990478515625" lon="113.880325444042682647705078125">
        <ele>7.599999904632568359375</ele>
        <time>2026-09-29T23:00:12.000Z</time>
        <extensions>
          <ns3:TrackPointExtension>
            <ns3:hr>145</ns3:hr>
            <ns3:cad>94</ns3:cad>
          </ns3:TrackPointExtension>
        </extensions>
      </trkpt>
      <trkpt lat="22.5901502184569835662841796875" lon="113.88029853813350200653076171875">
        <ele>7.599999904632568359375</ele>
        <time>2026-09-29T23:00:13.000Z</time>
        <extensions>
          <ns3:TrackPointExtension>
            <ns3:hr>146</ns3:hr>
            <ns3:cad>94</ns3:cad>
          </ns3:TrackPointExtension>
        </extensions>
      </trkpt>
      <trkpt lat="22.59013270027935504913330078125" lon="113.88027347624301910400390625">
        <ele>7.599999904632568359375</ele>
        <time>2026-09-29T23:00:14.000Z</time>
        <extensions>
          <ns3:TrackPointExtension>
            <ns3:hr>146</ns3:hr>
            <ns3:cad>94</ns3:cad>
          </ns3:TrackPointExtension>
        </extensions>
      </trkpt>
      <trkpt lat="22.590111829340457916259765625" lon="113.8802471570670604705810546875">
        <ele>7.599999904632568359375</ele>
        <time>2026-09-29T23:00:15.000Z</time>
        <extensions>
          <ns3:TrackPointExtension>
            <ns3:hr>146</ns3:hr>
            <ns3:cad>93</ns3:cad>
          </ns3:TrackPointExtension>
        </extensions>
      </trkpt>
      <trkpt lat="22.59009045548737049102783203125" lon="113.88022745959460735321044921875">
        <ele>7.599999904632568359375</ele>
        <time>2026-09-29T23:00:16.000Z</time>
        <extensions>
          <ns3:TrackPointExtension>
            <ns3:hr>146</ns3:hr>
            <ns3:cad>93</ns3:cad>
          </ns3:TrackPointExtension>
        </extensions>
      </trkpt>
      <trkpt lat="22.59007193148136138916015625" lon="113.8802002184092998504638671875">
        <ele>7.599999904632568359375</ele>
        <time>2026-09-29T23:00:17.000Z</time>
        <extensions>
          <ns3:TrackPointExtension>
            <ns3:hr>147</ns3:hr>
            <ns3:cad>93</ns3:cad>
          </ns3:TrackPointExtension>
        </extensions>
      </trkpt>
      <trkpt lat="22.5900513119995594024658203125" lon="113.880178928375244140625">
        <ele>7.599999904632568359375</ele>
        <time>2026-09-29T23:00:18.000Z</time>
        <extensions>
          <ns3:TrackPointExtension>
            <ns3:hr>146</ns3:hr>
            <ns3:cad>93</ns3:cad>
          </ns3:TrackPointExtension>
        </extensions>
      </trkpt>
      <trkpt lat="22.59003697894513607025146484375" lon="113.880152441561222076416015625">
        <ele>7.599999904632568359375</ele>
        <time>2026-09-29T23:00:19.000Z</time>
        <extensions>
          <ns3:TrackPointExtension>
            <ns3:hr>147</ns3:hr>
            <ns3:cad>94</ns3:cad>
          </ns3:TrackPointExtension>
        </extensions>
      </trkpt>
      <trkpt lat="22.590014934539794921875" lon="113.8801251165568828582763671875">
        <ele>7.599999904632568359375</ele>
        <time>2026-09-29T23:00:20.000Z</time>
        <extensions>
          <ns3:TrackPointExtension>
            <ns3:hr>147</ns3:hr>
            <ns3:cad>94</ns3:cad>
          </ns3:TrackPointExtension>
        </extensions>
      </trkpt>
      <trkpt lat="22.58999523706734180450439453125" lon="113.8801009766757488250732421875">
        <ele>7.599999904632568359375</ele>
        <time>2026-09-29T23:00:21.000Z</time>
        <extensions>
          <ns3:TrackPointExtension>
            <ns3:hr>147</ns3:hr>
            <ns3:cad>95</ns3:cad>
          </ns3:TrackPointExtension>
        </extensions>
      </trkpt>
      <trkpt lat="22.58997562341392040252685546875" lon="113.88007088564336299896240234375">
        <ele>7.599999904632568359375</ele>
        <time>2026-09-29T23:00:22.000Z</time>
        <extensions>
          <ns3:TrackPointExtension>
            <ns3:hr>147</ns3:hr>
            <ns3:cad>95</ns3:cad>
          </ns3:TrackPointExtension>
        </extensions>
      </trkpt>
      <trkpt lat="22.5899520702660083770751953125" lon="113.880053199827671051025390625">
        <ele>7.400000095367431640625</ele>
        <time>2026-09-29T23:00:23.000Z</time>
        <extensions>
          <ns3:TrackPointExtension>
            <ns3:hr>148</ns3:hr>
            <ns3:cad>94</ns3:cad>
          </ns3:TrackPointExtension>
        </extensions>
      </trkpt>
      <trkpt lat="22.58993111550807952880859375" lon="113.88002444989979267120361328125">
        <ele>7.400000095367431640625</ele>
        <time>2026-09-29T23:00:24.000Z</time>
        <extensions>
          <ns3:TrackPointExtension>
            <ns3:hr>148</ns3:hr>
            <ns3:cad>94</ns3:cad>
          </ns3:TrackPointExtension>
        </extensions>
      </trkpt>
      <trkpt lat="22.58990831673145294189453125" lon="113.88000215403735637664794921875">
        <ele>7.599999904632568359375</ele>
        <time>2026-09-29T23:00:25.000Z</time>
        <extensions>
          <ns3:TrackPointExtension>
            <ns3:hr>149</ns3:hr>
            <ns3:cad>94</ns3:cad>
          </ns3:TrackPointExtension>
        </extensions>
      </trkpt>
      <trkpt lat="22.58988954126834869384765625" lon="113.8799812830984592437744140625">
        <ele>7.599999904632568359375</ele>
        <time>2026-09-29T23:00:26.000Z</time>
        <extensions>
          <ns3:TrackPointExtension>
            <ns3:hr>149</ns3:hr>
            <ns3:cad>94</ns3:cad>
          </ns3:TrackPointExtension>
        </extensions>
      </trkpt>
      <trkpt lat="22.58986665867269039154052734375" lon="113.87995420955121517181396484375">
        <ele>7.599999904632568359375</ele>
        <time>2026-09-29T23:00:27.000Z</time>
        <extensions>
          <ns3:TrackPointExtension>
            <ns3:hr>149</ns3:hr>
            <ns3:cad>94</ns3:cad>
          </ns3:TrackPointExtension>
        </extensions>
      </trkpt>
      <trkpt lat="22.58984805084764957427978515625" lon="113.87993996031582355499267578125">
        <ele>7.599999904632568359375</ele>
        <time>2026-09-29T23:00:28.000Z</time>
        <extensions>
          <ns3:TrackPointExtension>
            <ns3:hr>149</ns3:hr>
            <ns3:cad>93</ns3:cad>
          </ns3:TrackPointExtension>
        </extensions>
      </trkpt>
      <trkpt lat="22.58982894010841846466064453125" lon="113.87991447933018207550048828125">
        <ele>7.599999904632568359375</ele>
        <time>2026-09-29T23:00:29.000Z</time>
        <extensions>
          <ns3:TrackPointExtension>
            <ns3:hr>149</ns3:hr>
            <ns3:cad>93</ns3:cad>
          </ns3:TrackPointExtension>
        </extensions>
      </trkpt>
      <trkpt lat="22.58981301449239253997802734375" lon="113.879896961152553558349609375">
        <ele>7.599999904632568359375</ele>
        <time>2026-09-29T23:00:30.000Z</time>
        <extensions>
          <ns3:TrackPointExtension>
            <ns3:hr>150</ns3:hr>
            <ns3:cad>94</ns3:cad>
          </ns3:TrackPointExtension>
        </extensions>
      </trkpt>
      <trkpt lat="22.589798681437969207763671875" lon="113.8798716478049755096435546875">
        <ele>7.599999904632568359375</ele>
        <time>2026-09-29T23:00:31.000Z</time>
        <extensions>
          <ns3:TrackPointExtension>
            <ns3:hr>150</ns3:hr>
            <ns3:cad>95</ns3:cad>
          </ns3:TrackPointExtension>
        </extensions>
      </trkpt>
      <trkpt lat="22.58978149853646755218505859375" lon="113.87985169887542724609375">
        <ele>7.400000095367431640625</ele>
        <time>2026-09-29T23:00:32.000Z</time>
        <extensions>
          <ns3:TrackPointExtension>
            <ns3:hr>150</ns3:hr>
            <ns3:cad>95</ns3:cad>
          </ns3:TrackPointExtension>
        </extensions>
      </trkpt>
      <trkpt lat="22.58976523764431476593017578125" lon="113.879829235374927520751953125">
        <ele>7.400000095367431640625</ele>
        <time>2026-09-29T23:00:33.000Z</time>
        <extensions>
          <ns3:TrackPointExtension>
            <ns3:hr>150</ns3:hr>
            <ns3:cad>95</ns3:cad>
          </ns3:TrackPointExtension>
        </extensions>
      </trkpt>
      <trkpt lat="22.58974780328571796417236328125" lon="113.87980802915990352630615234375">
        <ele>7.599999904632568359375</ele>
        <time>2026-09-29T23:00:34.000Z</time>
        <extensions>
          <ns3:TrackPointExtension>
            <ns3:hr>150</ns3:hr>
            <ns3:cad>93</ns3:cad>
          </ns3:TrackPointExtension>
        </extensions>
      </trkpt>
      <trkpt lat="22.58972332812845706939697265625" lon="113.8797888346016407012939453125">
        <ele>7.599999904632568359375</ele>
        <time>2026-09-29T23:00:35.000Z</time>
        <extensions>
          <ns3:TrackPointExtension>
            <ns3:hr>150</ns3:hr>
            <ns3:cad>93</ns3:cad>
          </ns3:TrackPointExtension>
        </extensions>
      </trkpt>
      <trkpt lat="22.58970178663730621337890625" lon="113.8797640241682529449462890625">
        <ele>7.599999904632568359375</ele>
        <time>2026-09-29T23:00:36.000Z</time>
        <extensions>
          <ns3:TrackPointExtension>
            <ns3:hr>151</ns3:hr>
            <ns3:cad>93</ns3:cad>
          </ns3:TrackPointExtension>
        </extensions>
      </trkpt>
      <trkpt lat="22.58968158625066280364990234375" lon="113.8797442428767681121826171875">
        <ele>7.599999904632568359375</ele>
        <time>2026-09-29T23:00:37.000Z</time>
        <extensions>
          <ns3:TrackPointExtension>
            <ns3:hr>151</ns3:hr>
            <ns3:cad>93</ns3:cad>
          </ns3:TrackPointExtension>
        </extensions>
      </trkpt>
      <trkpt lat="22.58965727873146533966064453125" lon="113.87971415184438228607177734375">
        <ele>7.400000095367431640625</ele>
        <time>2026-09-29T23:00:38.000Z</time>
        <extensions>
          <ns3:TrackPointExtension>
            <ns3:hr>151</ns3:hr>
            <ns3:cad>93</ns3:cad>
          </ns3:TrackPointExtension>
        </extensions>
      </trkpt>
      <trkpt lat="22.589636407792568206787109375" lon="113.8796939514577388763427734375">
        <ele>7.400000095367431640625</ele>
        <time>2026-09-29T23:00:39.000Z</time>
        <extensions>
          <ns3:TrackPointExtension>
            <ns3:hr>151</ns3:hr>
            <ns3:cad>92</ns3:cad>
          </ns3:TrackPointExtension>
        </extensions>
      </trkpt>
      <trkpt lat="22.589617632329463958740234375" lon="113.8796667940914630889892578125">
        <ele>7.400000095367431640625</ele>
        <time>2026-09-29T23:00:40.000Z</time>
        <extensions>
          <ns3:TrackPointExtension>
            <ns3:hr>151</ns3:hr>
            <ns3:cad>91</ns3:cad>
          </ns3:TrackPointExtension>
        </extensions>
      </trkpt>
      <trkpt lat="22.589602209627628326416015625" lon="113.87964558787643909454345703125">
        <ele>7.400000095367431640625</ele>
        <time>2026-09-29T23:00:41.000Z</time>
        <extensions>
          <ns3:TrackPointExtension>
            <ns3:hr>151</ns3:hr>
            <ns3:cad>91</ns3:cad>
          </ns3:TrackPointExtension>
        </extensions>
      </trkpt>
      <trkpt lat="22.58958586491644382476806640625" lon="113.8796265609562397003173828125">
        <ele>7.599999904632568359375</ele>
        <time>2026-09-29T23:00:42.000Z</time>
        <extensions>
          <ns3:TrackPointExtension>
            <ns3:hr>151</ns3:hr>
            <ns3:cad>92</ns3:cad>
          </ns3:TrackPointExtension>
        </extensions>
      </trkpt>
      <trkpt lat="22.589564658701419830322265625" lon="113.879601918160915374755859375">
        <ele>7.599999904632568359375</ele>
        <time>2026-09-29T23:00:43.000Z</time>
        <extensions>
          <ns3:TrackPointExtension>
            <ns3:hr>151</ns3:hr>
            <ns3:cad>92</ns3:cad>
          </ns3:TrackPointExtension>
        </extensions>
      </trkpt>
      <trkpt lat="22.58954797871410846710205078125" lon="113.87957886792719364166259765625">
        <ele>7.80000019073486328125</ele>
        <time>2026-09-29T23:00:44.000Z</time>
        <extensions>
          <ns3:TrackPointExtension>
            <ns3:hr>151</ns3:hr>
            <ns3:cad>93</ns3:cad>
          </ns3:TrackPointExtension>
        </extensions>
      </trkpt>
      <trkpt lat="22.5895289517939090728759765625" lon="113.879555650055408477783203125">
        <ele>7.80000019073486328125</ele>
        <time>2026-09-29T23:00:45.000Z</time>
        <extensions>
          <ns3:TrackPointExtension>
            <ns3:hr>151</ns3:hr>
            <ns3:cad>92</ns3:cad>
          </ns3:TrackPointExtension>
        </extensions>
      </trkpt>
      <trkpt lat="22.58951193653047084808349609375" lon="113.87953444384038448333740234375">
        <ele>7.80000019073486328125</ele>
        <time>2026-09-29T23:00:46.000Z</time>
        <extensions>
          <ns3:TrackPointExtension>
            <ns3:hr>149</ns3:hr>
            <ns3:cad>92</ns3:cad>
          </ns3:TrackPointExtension>
        </extensions>
      </trkpt>
      <trkpt lat="22.58949299342930316925048828125" lon="113.87951566837728023529052734375">
        <ele>7.599999904632568359375</ele>
        <time>2026-09-29T23:00:47.000Z</time>
        <extensions>
          <ns3:TrackPointExtension>
            <ns3:hr>149</ns3:hr>
            <ns3:cad>92</ns3:cad>
          </ns3:TrackPointExtension>
        </extensions>
      </trkpt>
      <trkpt lat="22.5894743017852306365966796875" lon="113.87949672527611255645751953125">
        <ele>7.400000095367431640625</ele>
        <time>2026-09-29T23:00:48.000Z</time>
        <extensions>
          <ns3:TrackPointExtension>
            <ns3:hr>149</ns3:hr>
            <ns3:cad>93</ns3:cad>
          </ns3:TrackPointExtension>
        </extensions>
      </trkpt>
      <trkpt lat="22.5894568674266338348388671875" lon="113.87947023846209049224853515625">
        <ele>7.400000095367431640625</ele>
        <time>2026-09-29T23:00:49.000Z</time>
        <extensions>
          <ns3:TrackPointExtension>
            <ns3:hr>150</ns3:hr>
            <ns3:cad>94</ns3:cad>
          </ns3:TrackPointExtension>
        </extensions>
      </trkpt>
      <trkpt lat="22.58943985216319561004638671875" lon="113.8794512115418910980224609375">
        <ele>7.400000095367431640625</ele>
        <time>2026-09-29T23:00:50.000Z</time>
        <extensions>
          <ns3:TrackPointExtension>
            <ns3:hr>150</ns3:hr>
            <ns3:cad>94</ns3:cad>
          </ns3:TrackPointExtension>
        </extensions>
      </trkpt>
      <trkpt lat="22.58942040614783763885498046875" lon="113.8794307596981525421142578125">
        <ele>7.400000095367431640625</ele>
        <time>2026-09-29T23:00:51.000Z</time>
        <extensions>
          <ns3:TrackPointExtension>
            <ns3:hr>150</ns3:hr>
            <ns3:cad>94</ns3:cad>
          </ns3:TrackPointExtension>
        </extensions>
      </trkpt>
      <trkpt lat="22.58939274586737155914306640625" lon="113.8793982379138469696044921875">
        <ele>7.400000095367431640625</ele>
        <time>2026-09-29T23:00:52.000Z</time>
        <extensions>
          <ns3:TrackPointExtension>
            <ns3:hr>150</ns3:hr>
            <ns3:cad>93</ns3:cad>
          </ns3:TrackPointExtension>
        </extensions>
      </trkpt>
      <trkpt lat="22.58937313221395015716552734375" lon="113.87936286628246307373046875">
        <ele>7.19999980926513671875</ele>
        <time>2026-09-29T23:00:53.000Z</time>
        <extensions>
          <ns3:TrackPointExtension>
            <ns3:hr>150</ns3:hr>
            <ns3:cad>93</ns3:cad>
          </ns3:TrackPointExtension>
        </extensions>
      </trkpt>
      <trkpt lat="22.58935100398957729339599609375" lon="113.879329673945903778076171875">
        <ele>7.19999980926513671875</ele>
        <time>2026-09-29T23:00:54.000Z</time>
        <extensions>
          <ns3:TrackPointExtension>
            <ns3:hr>150</ns3:hr>
            <ns3:cad>94</ns3:cad>
          </ns3:TrackPointExtension>
        </extensions>
      </trkpt>
      <trkpt lat="22.5893308036029338836669921875" lon="113.879301846027374267578125">
        <ele>7.400000095367431640625</ele>
        <time>2026-09-29T23:00:55.000Z</time>
        <extensions>
          <ns3:TrackPointExtension>
            <ns3:hr>150</ns3:hr>
            <ns3:cad>94</ns3:cad>
          </ns3:TrackPointExtension>
        </extensions>
      </trkpt>
      <trkpt lat="22.5893069989979267120361328125" lon="113.8792683184146881103515625">
        <ele>7.400000095367431640625</ele>
        <time>2026-09-29T23:00:56.000Z</time>
        <extensions>
          <ns3:TrackPointExtension>
            <ns3:hr>150</ns3:hr>
            <ns3:cad>94</ns3:cad>
          </ns3:TrackPointExtension>
        </extensions>
      </trkpt>
      <trkpt lat="22.58928998373448848724365234375" lon="113.8792473636567592620849609375">
        <ele>7.400000095367431640625</ele>
        <time>2026-09-29T23:00:57.000Z</time>
        <extensions>
          <ns3:TrackPointExtension>
            <ns3:hr>150</ns3:hr>
            <ns3:cad>93</ns3:cad>
          </ns3:TrackPointExtension>
        </extensions>
      </trkpt>
      <trkpt lat="22.5892697833478450775146484375" lon="113.87922330759465694427490234375">
        <ele>7.400000095367431640625</ele>
        <time>2026-09-29T23:00:58.000Z</time>
        <extensions>
          <ns3:TrackPointExtension>
            <ns3:hr>150</ns3:hr>
            <ns3:cad>93</ns3:cad>
          </ns3:TrackPointExtension>
        </extensions>
      </trkpt>
      <trkpt lat="22.58925008587539196014404296875" lon="113.87920067645609378814697265625">
        <ele>7.400000095367431640625</ele>
        <time>2026-09-29T23:00:59.000Z</time>
        <extensions>
          <ns3:TrackPointExtension>
            <ns3:hr>150</ns3:hr>
            <ns3:cad>93</ns3:cad>
          </ns3:TrackPointExtension>
        </extensions>
      </trkpt>
      <trkpt lat="22.58923508226871490478515625" lon="113.8791798055171966552734375">
        <ele>7.19999980926513671875</ele>
        <time>2026-09-29T23:01:00.000Z</time>
        <extensions>
          <ns3:TrackPointExtension>
            <ns3:hr>150</ns3:hr>
            <ns3:cad>94</ns3:cad>
          </ns3:TrackPointExtension>
        </extensions>
      </trkpt>
      <trkpt lat="22.58921555243432521820068359375" lon="113.87915499508380889892578125">
        <ele>7.19999980926513671875</ele>
        <time>2026-09-29T23:01:01.000Z</time>
        <extensions>
          <ns3:TrackPointExtension>
            <ns3:hr>151</ns3:hr>
            <ns3:cad>94</ns3:cad>
          </ns3:TrackPointExtension>
        </extensions>
      </trkpt>
      <trkpt lat="22.58919979445636272430419921875" lon="113.87913529761135578155517578125">
        <ele>7.400000095367431640625</ele>
        <time>2026-09-29T23:01:02.000Z</time>
        <extensions>
          <ns3:TrackPointExtension>
            <ns3:hr>151</ns3:hr>
            <ns3:cad>94</ns3:cad>
          </ns3:TrackPointExtension>
        </extensions>
      </trkpt>
      <trkpt lat="22.58917875587940216064453125" lon="113.8791065476834774017333984375">
        <ele>7.400000095367431640625</ele>
        <time>2026-09-29T23:01:03.000Z</time>
        <extensions>
          <ns3:TrackPointExtension>
            <ns3:hr>151</ns3:hr>
            <ns3:cad>93</ns3:cad>
          </ns3:TrackPointExtension>
        </extensions>
      </trkpt>
      <trkpt lat="22.58915922604501247406005859375" lon="113.8790891133248805999755859375">
        <ele>7.400000095367431640625</ele>
        <time>2026-09-29T23:01:04.000Z</time>
        <extensions>
          <ns3:TrackPointExtension>
            <ns3:hr>152</ns3:hr>
            <ns3:cad>93</ns3:cad>
          </ns3:TrackPointExtension>
        </extensions>
      </trkpt>
      <trkpt lat="22.589136846363544464111328125" lon="113.8790617883205413818359375">
        <ele>7.400000095367431640625</ele>
        <time>2026-09-29T23:01:05.000Z</time>
        <extensions>
          <ns3:TrackPointExtension>
            <ns3:hr>152</ns3:hr>
            <ns3:cad>94</ns3:cad>
          </ns3:TrackPointExtension>
        </extensions>
      </trkpt>
      <trkpt lat="22.5891138799488544464111328125" lon="113.8790349662303924560546875">
        <ele>7.400000095367431640625</ele>
        <time>2026-09-29T23:01:06.000Z</time>
        <extensions>
          <ns3:TrackPointExtension>
            <ns3:hr>152</ns3:hr>
            <ns3:cad>94</ns3:cad>
          </ns3:TrackPointExtension>
        </extensions>
      </trkpt>
      <trkpt lat="22.58909300900995731353759765625" lon="113.87901258654892444610595703125">
        <ele>7.400000095367431640625</ele>
        <time>2026-09-29T23:01:07.000Z</time>
        <extensions>
          <ns3:TrackPointExtension>
            <ns3:hr>152</ns3:hr>
            <ns3:cad>94</ns3:cad>
          </ns3:TrackPointExtension>
        </extensions>
      </trkpt>
      <trkpt lat="22.589064426720142364501953125" lon="113.87898475863039493560791015625">
        <ele>7.19999980926513671875</ele>
        <time>2026-09-29T23:01:08.000Z</time>
        <extensions>
          <ns3:TrackPointExtension>
            <ns3:hr>152</ns3:hr>
            <ns3:cad>95</ns3:cad>
          </ns3:TrackPointExtension>
        </extensions>
      </trkpt>
      <trkpt lat="22.5890453159809112548828125" lon="113.878968246281147003173828125">
        <ele>7.19999980926513671875</ele>
        <time>2026-09-29T23:01:09.000Z</time>
        <extensions>
          <ns3:TrackPointExtension>
            <ns3:hr>153</ns3:hr>
            <ns3:cad>95</ns3:cad>
          </ns3:TrackPointExtension>
        </extensions>
      </trkpt>
      <trkpt lat="22.58902528323233127593994140625" lon="113.87893714942038059234619140625">
        <ele>7.400000095367431640625</ele>
        <time>2026-09-29T23:01:10.000Z</time>
        <extensions>
          <ns3:TrackPointExtension>
            <ns3:hr>153</ns3:hr>
            <ns3:cad>93</ns3:cad>
          </ns3:TrackPointExtension>
        </extensions>
      </trkpt>
      <trkpt lat="22.58900684304535388946533203125" lon="113.87891829013824462890625">
        <ele>7.400000095367431640625</ele>
        <time>2026-09-29T23:01:11.000Z</time>
        <extensions>
          <ns3:TrackPointExtension>
            <ns3:hr>153</ns3:hr>
            <ns3:cad>93</ns3:cad>
          </ns3:TrackPointExtension>
        </extensions>
      </trkpt>
      <trkpt lat="22.58898697793483734130859375" lon="113.87888669036328792572021484375">
        <ele>7.400000095367431640625</ele>
        <time>2026-09-29T23:01:12.000Z</time>
        <extensions>
          <ns3:TrackPointExtension>
            <ns3:hr>153</ns3:hr>
            <ns3:cad>93</ns3:cad>
          </ns3:TrackPointExtension>
        </extensions>
      </trkpt>
      <trkpt lat="22.58896560408174991607666015625" lon="113.878866992890834808349609375">
        <ele>7.400000095367431640625</ele>
        <time>2026-09-29T23:01:13.000Z</time>
        <extensions>
          <ns3:TrackPointExtension>
            <ns3:hr>154</ns3:hr>
            <ns3:cad>94</ns3:cad>
          </ns3:TrackPointExtension>
        </extensions>
      </trkpt>
      <trkpt lat="22.58894766680896282196044921875" lon="113.8788418471813201904296875">
        <ele>7.599999904632568359375</ele>
        <time>2026-09-29T23:01:14.000Z</time>
        <extensions>
          <ns3:TrackPointExtension>
            <ns3:hr>154</ns3:hr>
            <ns3:cad>94</ns3:cad>
          </ns3:TrackPointExtension>
        </extensions>
      </trkpt>
      <trkpt lat="22.58892872370779514312744140625" lon="113.8788161985576152801513671875">
        <ele>7.599999904632568359375</ele>
        <time>2026-09-29T23:01:15.000Z</time>
        <extensions>
          <ns3:TrackPointExtension>
            <ns3:hr>154</ns3:hr>
            <ns3:cad>94</ns3:cad>
          </ns3:TrackPointExtension>
        </extensions>
      </trkpt>
      <trkpt lat="22.5889140553772449493408203125" lon="113.87879566289484500885009765625">
        <ele>7.599999904632568359375</ele>
        <time>2026-09-29T23:01:16.000Z</time>
        <extensions>
          <ns3:TrackPointExtension>
            <ns3:hr>155</ns3:hr>
            <ns3:cad>93</ns3:cad>
          </ns3:TrackPointExtension>
        </extensions>
      </trkpt>
      <trkpt lat="22.5888939388096332550048828125" lon="113.8787685893476009368896484375">
        <ele>7.400000095367431640625</ele>
        <time>2026-09-29T23:01:17.000Z</time>
        <extensions>
          <ns3:TrackPointExtension>
            <ns3:hr>155</ns3:hr>
            <ns3:cad>93</ns3:cad>
          </ns3:TrackPointExtension>
        </extensions>
      </trkpt>
      <trkpt lat="22.588877342641353607177734375" lon="113.87874855659902095794677734375">
        <ele>7.400000095367431640625</ele>
        <time>2026-09-29T23:01:18.000Z</time>
        <extensions>
          <ns3:TrackPointExtension>
            <ns3:hr>155</ns3:hr>
            <ns3:cad>94</ns3:cad>
          </ns3:TrackPointExtension>
        </extensions>
      </trkpt>
      <trkpt lat="22.58885764516890048980712890625" lon="113.878717124462127685546875">
        <ele>7.400000095367431640625</ele>
        <time>2026-09-29T23:01:19.000Z</time>
        <extensions>
          <ns3:TrackPointExtension>
            <ns3:hr>155</ns3:hr>
            <ns3:cad>94</ns3:cad>
          </ns3:TrackPointExtension>
        </extensions>
      </trkpt>
      <trkpt lat="22.58883920498192310333251953125" lon="113.878698013722896575927734375">
        <ele>7.599999904632568359375</ele>
        <time>2026-09-29T23:01:20.000Z</time>
        <extensions>
          <ns3:TrackPointExtension>
            <ns3:hr>156</ns3:hr>
            <ns3:cad>94</ns3:cad>
          </ns3:TrackPointExtension>
        </extensions>
      </trkpt>
      <trkpt lat="22.5888205133378505706787109375" lon="113.87866859324276447296142578125">
        <ele>7.599999904632568359375</ele>
        <time>2026-09-29T23:01:21.000Z</time>
        <extensions>
          <ns3:TrackPointExtension>
            <ns3:hr>155</ns3:hr>
            <ns3:cad>93</ns3:cad>
          </ns3:TrackPointExtension>
        </extensions>
      </trkpt>
      <trkpt lat="22.58879930712282657623291015625" lon="113.8786445371806621551513671875">
        <ele>7.599999904632568359375</ele>
        <time>2026-09-29T23:01:22.000Z</time>
        <extensions>
          <ns3:TrackPointExtension>
            <ns3:hr>155</ns3:hr>
            <ns3:cad>93</ns3:cad>
          </ns3:TrackPointExtension>
        </extensions>
      </trkpt>
      <trkpt lat="22.588782124221324920654296875" lon="113.87861880473792552947998046875">
        <ele>7.599999904632568359375</ele>
        <time>2026-09-29T23:01:23.000Z</time>
        <extensions>
          <ns3:TrackPointExtension>
            <ns3:hr>155</ns3:hr>
            <ns3:cad>93</ns3:cad>
          </ns3:TrackPointExtension>
        </extensions>
      </trkpt>
      <trkpt lat="22.58876024745404720306396484375" lon="113.8785929046571254730224609375">
        <ele>7.599999904632568359375</ele>
        <time>2026-09-29T23:01:24.000Z</time>
        <extensions>
          <ns3:TrackPointExtension>
            <ns3:hr>155</ns3:hr>
            <ns3:cad>94</ns3:cad>
          </ns3:TrackPointExtension>
        </extensions>
      </trkpt>
      <trkpt lat="22.58874356746673583984375" lon="113.87857655994594097137451171875">
        <ele>7.599999904632568359375</ele>
        <time>2026-09-29T23:01:25.000Z</time>
        <extensions>
          <ns3:TrackPointExtension>
            <ns3:hr>156</ns3:hr>
            <ns3:cad>94</ns3:cad>
          </ns3:TrackPointExtension>
        </extensions>
      </trkpt>
      <trkpt lat="22.588722445070743560791015625" lon="113.8785469718277454376220703125">
        <ele>7.599999904632568359375</ele>
        <time>2026-09-29T23:01:26.000Z</time>
        <extensions>
          <ns3:TrackPointExtension>
            <ns3:hr>156</ns3:hr>
            <ns3:cad>94</ns3:cad>
          </ns3:TrackPointExtension>
        </extensions>
      </trkpt>
      <trkpt lat="22.5887035019695758819580078125" lon="113.8785325549542903900146484375">
        <ele>7.599999904632568359375</ele>
        <time>2026-09-29T23:01:27.000Z</time>
        <extensions>
          <ns3:TrackPointExtension>
            <ns3:hr>156</ns3:hr>
            <ns3:cad>93</ns3:cad>
          </ns3:TrackPointExtension>
        </extensions>
      </trkpt>
      <trkpt lat="22.58868346922099590301513671875" lon="113.87850598432123661041259765625">
        <ele>7.599999904632568359375</ele>
        <time>2026-09-29T23:01:28.000Z</time>
        <extensions>
          <ns3:TrackPointExtension>
            <ns3:hr>155</ns3:hr>
            <ns3:cad>93</ns3:cad>
          </ns3:TrackPointExtension>
        </extensions>
      </trkpt>
      <trkpt lat="22.58866150863468647003173828125" lon="113.87848586775362491607666015625">
        <ele>7.599999904632568359375</ele>
        <time>2026-09-29T23:01:29.000Z</time>
        <extensions>
          <ns3:TrackPointExtension>
            <ns3:hr>156</ns3:hr>
            <ns3:cad>94</ns3:cad>
          </ns3:TrackPointExtension>
        </extensions>
      </trkpt>
      <trkpt lat="22.58864357136189937591552734375" lon="113.87846298515796661376953125">
        <ele>7.599999904632568359375</ele>
        <time>2026-09-29T23:01:30.000Z</time>
        <extensions>
          <ns3:TrackPointExtension>
            <ns3:hr>156</ns3:hr>
            <ns3:cad>94</ns3:cad>
          </ns3:TrackPointExtension>
        </extensions>
      </trkpt>
      <trkpt lat="22.588622868061065673828125" lon="113.87843591161072254180908203125">
        <ele>7.599999904632568359375</ele>
        <time>2026-09-29T23:01:31.000Z</time>
        <extensions>
          <ns3:TrackPointExtension>
            <ns3:hr>156</ns3:hr>
            <ns3:cad>94</ns3:cad>
          </ns3:TrackPointExtension>
        </extensions>
      </trkpt>
      <trkpt lat="22.58860987611114978790283203125" lon="113.8784135319292545318603515625">
        <ele>7.599999904632568359375</ele>
        <time>2026-09-29T23:01:32.000Z</time>
        <extensions>
          <ns3:TrackPointExtension>
            <ns3:hr>156</ns3:hr>
            <ns3:cad>94</ns3:cad>
          </ns3:TrackPointExtension>
        </extensions>
      </trkpt>
      <trkpt lat="22.58858975954353809356689453125" lon="113.8783863745629787445068359375">
        <ele>7.599999904632568359375</ele>
        <time>2026-09-29T23:01:33.000Z</time>
        <extensions>
          <ns3:TrackPointExtension>
            <ns3:hr>155</ns3:hr>
            <ns3:cad>93</ns3:cad>
          </ns3:TrackPointExtension>
        </extensions>
      </trkpt>
      <trkpt lat="22.5885747559368610382080078125" lon="113.8783689402043819427490234375">
        <ele>7.599999904632568359375</ele>
        <time>2026-09-29T23:01:34.000Z</time>
        <extensions>
          <ns3:TrackPointExtension>
            <ns3:hr>156</ns3:hr>
            <ns3:cad>93</ns3:cad>
          </ns3:TrackPointExtension>
        </extensions>
      </trkpt>
      <trkpt lat="22.58855514228343963623046875" lon="113.87834488414227962493896484375">
        <ele>7.599999904632568359375</ele>
        <time>2026-09-29T23:01:35.000Z</time>
        <extensions>
          <ns3:TrackPointExtension>
            <ns3:hr>156</ns3:hr>
            <ns3:cad>93</ns3:cad>
          </ns3:TrackPointExtension>
        </extensions>
      </trkpt>
      <trkpt lat="22.58854265324771404266357421875" lon="113.87832493521273136138916015625">
        <ele>7.599999904632568359375</ele>
        <time>2026-09-29T23:01:36.000Z</time>
        <extensions>
          <ns3:TrackPointExtension>
            <ns3:hr>156</ns3:hr>
            <ns3:cad>93</ns3:cad>
          </ns3:TrackPointExtension>
        </extensions>
      </trkpt>
      <trkpt lat="22.58852739818394184112548828125" lon="113.878299705684185028076171875">
        <ele>7.599999904632568359375</ele>
        <time>2026-09-29T23:01:37.000Z</time>
        <extensions>
          <ns3:TrackPointExtension>
            <ns3:hr>156</ns3:hr>
            <ns3:cad>94</ns3:cad>
          </ns3:TrackPointExtension>
        </extensions>
      </trkpt>
      <trkpt lat="22.58850644342601299285888671875" lon="113.8782797567546367645263671875">
        <ele>7.599999904632568359375</ele>
        <time>2026-09-29T23:01:38.000Z</time>
        <extensions>
          <ns3:TrackPointExtension>
            <ns3:hr>156</ns3:hr>
            <ns3:cad>94</ns3:cad>
          </ns3:TrackPointExtension>
        </extensions>
      </trkpt>
      <trkpt lat="22.58848716504871845245361328125" lon="113.87825838290154933929443359375">
        <ele>7.80000019073486328125</ele>
        <time>2026-09-29T23:01:39.000Z</time>
        <extensions>
          <ns3:TrackPointExtension>
            <ns3:hr>156</ns3:hr>
            <ns3:cad>94</ns3:cad>
          </ns3:TrackPointExtension>
        </extensions>
      </trkpt>
      <trkpt lat="22.58846134878695011138916015625" lon="113.87823499739170074462890625">
        <ele>7.80000019073486328125</ele>
        <time>2026-09-29T23:01:40.000Z</time>
        <extensions>
          <ns3:TrackPointExtension>
            <ns3:hr>156</ns3:hr>
            <ns3:cad>93</ns3:cad>
          </ns3:TrackPointExtension>
        </extensions>
      </trkpt>
      <trkpt lat="22.588443495333194732666015625" lon="113.87821177951991558074951171875">
        <ele>7.80000019073486328125</ele>
        <time>2026-09-29T23:01:41.000Z</time>
        <extensions>
          <ns3:TrackPointExtension>
            <ns3:hr>156</ns3:hr>
            <ns3:cad>93</ns3:cad>
          </ns3:TrackPointExtension>
        </extensions>
      </trkpt>
      <trkpt lat="22.5884201936423778533935546875" lon="113.87818478979170322418212890625">
        <ele>7.80000019073486328125</ele>
        <time>2026-09-29T23:01:42.000Z</time>
        <extensions>
          <ns3:TrackPointExtension>
            <ns3:hr>155</ns3:hr>
            <ns3:cad>93</ns3:cad>
          </ns3:TrackPointExtension>
        </extensions>
      </trkpt>
      <trkpt lat="22.58840024471282958984375" lon="113.87816794216632843017578125">
        <ele>7.80000019073486328125</ele>
        <time>2026-09-29T23:01:43.000Z</time>
        <extensions>
          <ns3:TrackPointExtension>
            <ns3:hr>155</ns3:hr>
            <ns3:cad>93</ns3:cad>
          </ns3:TrackPointExtension>
        </extensions>
      </trkpt>
      <trkpt lat="22.58838021196424961090087890625" lon="113.87814112007617950439453125">
        <ele>7.80000019073486328125</ele>
        <time>2026-09-29T23:01:44.000Z</time>
        <extensions>
          <ns3:TrackPointExtension>
            <ns3:hr>155</ns3:hr>
            <ns3:cad>94</ns3:cad>
          </ns3:TrackPointExtension>
        </extensions>
      </trkpt>
      <trkpt lat="22.58836076594889163970947265625" lon="113.8781221769750118255615234375">
        <ele>7.80000019073486328125</ele>
        <time>2026-09-29T23:01:45.000Z</time>
        <extensions>
          <ns3:TrackPointExtension>
            <ns3:hr>155</ns3:hr>
            <ns3:cad>93</ns3:cad>
          </ns3:TrackPointExtension>
        </extensions>
      </trkpt>
      <trkpt lat="22.58834190666675567626953125" lon="113.8780916668474674224853515625">
        <ele>7.80000019073486328125</ele>
        <time>2026-09-29T23:01:46.000Z</time>
        <extensions>
          <ns3:TrackPointExtension>
            <ns3:hr>155</ns3:hr>
            <ns3:cad>92</ns3:cad>
          </ns3:TrackPointExtension>
        </extensions>
      </trkpt>
      <trkpt lat="22.5883226282894611358642578125" lon="113.87806962244212627410888671875">
        <ele>7.80000019073486328125</ele>
        <time>2026-09-29T23:01:47.000Z</time>
        <extensions>
          <ns3:TrackPointExtension>
            <ns3:hr>155</ns3:hr>
            <ns3:cad>92</ns3:cad>
          </ns3:TrackPointExtension>
        </extensions>
      </trkpt>
      <trkpt lat="22.58830569684505462646484375" lon="113.878041543066501617431640625">
        <ele>7.80000019073486328125</ele>
        <time>2026-09-29T23:01:48.000Z</time>
        <extensions>
          <ns3:TrackPointExtension>
            <ns3:hr>155</ns3:hr>
            <ns3:cad>93</ns3:cad>
          </ns3:TrackPointExtension>
        </extensions>
      </trkpt>
      <trkpt lat="22.58828348480165004730224609375" lon="113.8780172355473041534423828125">
        <ele>7.80000019073486328125</ele>
        <time>2026-09-29T23:01:49.000Z</time>
        <extensions>
          <ns3:TrackPointExtension>
            <ns3:hr>155</ns3:hr>
            <ns3:cad>93</ns3:cad>
          </ns3:TrackPointExtension>
        </extensions>
      </trkpt>
      <trkpt lat="22.58826487697660923004150390625" lon="113.87800139375030994415283203125">
        <ele>7.80000019073486328125</ele>
        <time>2026-09-29T23:01:50.000Z</time>
        <extensions>
          <ns3:TrackPointExtension>
            <ns3:hr>155</ns3:hr>
            <ns3:cad>93</ns3:cad>
          </ns3:TrackPointExtension>
        </extensions>
      </trkpt>
      <trkpt lat="22.58824358694255352020263671875" lon="113.87797943316400051116943359375">
        <ele>7.80000019073486328125</ele>
        <time>2026-09-29T23:01:51.000Z</time>
        <extensions>
          <ns3:TrackPointExtension>
            <ns3:hr>154</ns3:hr>
            <ns3:cad>93</ns3:cad>
          </ns3:TrackPointExtension>
        </extensions>
      </trkpt>
      <trkpt lat="22.5882257334887981414794921875" lon="113.8779647648334503173828125">
        <ele>7.599999904632568359375</ele>
        <time>2026-09-29T23:01:52.000Z</time>
        <extensions>
          <ns3:TrackPointExtension>
            <ns3:hr>154</ns3:hr>
            <ns3:cad>93</ns3:cad>
          </ns3:TrackPointExtension>
        </extensions>
      </trkpt>
      <trkpt lat="22.58821190334856510162353515625" lon="113.87793685309588909149169921875">
        <ele>7.599999904632568359375</ele>
        <time>2026-09-29T23:01:53.000Z</time>
        <extensions>
          <ns3:TrackPointExtension>
            <ns3:hr>154</ns3:hr>
            <ns3:cad>93</ns3:cad>
          </ns3:TrackPointExtension>
        </extensions>
      </trkpt>
      <trkpt lat="22.58818860165774822235107421875" lon="113.87791539542376995086669921875">
        <ele>7.599999904632568359375</ele>
        <time>2026-09-29T23:01:54.000Z</time>
        <extensions>
          <ns3:TrackPointExtension>
            <ns3:hr>154</ns3:hr>
            <ns3:cad>94</ns3:cad>
          </ns3:TrackPointExtension>
        </extensions>
      </trkpt>
      <trkpt lat="22.58816756308078765869140625" lon="113.87788941152393817901611328125">
        <ele>7.400000095367431640625</ele>
        <time>2026-09-29T23:01:55.000Z</time>
        <extensions>
          <ns3:TrackPointExtension>
            <ns3:hr>154</ns3:hr>
            <ns3:cad>94</ns3:cad>
          </ns3:TrackPointExtension>
        </extensions>
      </trkpt>
      <trkpt lat="22.58814887143671512603759765625" lon="113.877869211137294769287109375">
        <ele>7.599999904632568359375</ele>
        <time>2026-09-29T23:01:56.000Z</time>
        <extensions>
          <ns3:TrackPointExtension>
            <ns3:hr>154</ns3:hr>
            <ns3:cad>94</ns3:cad>
          </ns3:TrackPointExtension>
        </extensions>
      </trkpt>
      <trkpt lat="22.5881352089345455169677734375" lon="113.8778432272374629974365234375">
        <ele>7.599999904632568359375</ele>
        <time>2026-09-29T23:01:57.000Z</time>
        <extensions>
          <ns3:TrackPointExtension>
            <ns3:hr>154</ns3:hr>
            <ns3:cad>93</ns3:cad>
          </ns3:TrackPointExtension>
        </extensions>
      </trkpt>
      <trkpt lat="22.58811584673821926116943359375" lon="113.87782218866050243377685546875">
        <ele>7.599999904632568359375</ele>
        <time>2026-09-29T23:01:58.000Z</time>
        <extensions>
          <ns3:TrackPointExtension>
            <ns3:hr>154</ns3:hr>
            <ns3:cad>93</ns3:cad>
          </ns3:TrackPointExtension>
        </extensions>
      </trkpt>
      <trkpt lat="22.58809916675090789794921875" lon="113.8778063468635082244873046875">
        <ele>7.599999904632568359375</ele>
        <time>2026-09-29T23:01:59.000Z</time>
        <extensions>
          <ns3:TrackPointExtension>
            <ns3:hr>154</ns3:hr>
            <ns3:cad>93</ns3:cad>
          </ns3:TrackPointExtension>
        </extensions>
      </trkpt>
      <trkpt lat="22.58807829581201076507568359375" lon="113.8777791894972324371337890625">
        <ele>7.80000019073486328125</ele>
        <time>2026-09-29T23:02:00.000Z</time>
        <extensions>
          <ns3:TrackPointExtension>
            <ns3:hr>155</ns3:hr>
            <ns3:cad>94</ns3:cad>
          </ns3:TrackPointExtension>
        </extensions>
      </trkpt>
      <trkpt lat="22.58806035853922367095947265625" lon="113.87776066549122333526611328125">
        <ele>7.80000019073486328125</ele>
        <time>2026-09-29T23:02:01.000Z</time>
        <extensions>
          <ns3:TrackPointExtension>
            <ns3:hr>155</ns3:hr>
            <ns3:cad>94</ns3:cad>
          </ns3:TrackPointExtension>
        </extensions>
      </trkpt>
      <trkpt lat="22.5880383141338825225830078125" lon="113.87773116119205951690673828125">
        <ele>7.80000019073486328125</ele>
        <time>2026-09-29T23:02:02.000Z</time>
        <extensions>
          <ns3:TrackPointExtension>
            <ns3:hr>154</ns3:hr>
            <ns3:cad>94</ns3:cad>
          </ns3:TrackPointExtension>
        </extensions>
      </trkpt>
      <trkpt lat="22.58801828138530254364013671875" lon="113.87770987115800380706787109375">
        <ele>7.599999904632568359375</ele>
        <time>2026-09-29T23:02:03.000Z</time>
        <extensions>
          <ns3:TrackPointExtension>
            <ns3:hr>154</ns3:hr>
            <ns3:cad>92</ns3:cad>
          </ns3:TrackPointExtension>
        </extensions>
      </trkpt>
      <trkpt lat="22.58799833245575428009033203125" lon="113.877683468163013458251953125">
        <ele>7.599999904632568359375</ele>
        <time>2026-09-29T23:02:04.000Z</time>
        <extensions>
          <ns3:TrackPointExtension>
            <ns3:hr>154</ns3:hr>
            <ns3:cad>92</ns3:cad>
          </ns3:TrackPointExtension>
        </extensions>
      </trkpt>
      <trkpt lat="22.58797972463071346282958984375" lon="113.8776589930057525634765625">
        <ele>7.599999904632568359375</ele>
        <time>2026-09-29T23:02:05.000Z</time>
        <extensions>
          <ns3:TrackPointExtension>
            <ns3:hr>154</ns3:hr>
            <ns3:cad>92</ns3:cad>
          </ns3:TrackPointExtension>
        </extensions>
      </trkpt>
      <trkpt lat="22.587958686053752899169921875" lon="113.87763678096234798431396484375">
        <ele>7.599999904632568359375</ele>
        <time>2026-09-29T23:02:06.000Z</time>
        <extensions>
          <ns3:TrackPointExtension>
            <ns3:hr>155</ns3:hr>
            <ns3:cad>92</ns3:cad>
          </ns3:TrackPointExtension>
        </extensions>
      </trkpt>
      <trkpt lat="22.58793815039098262786865234375" lon="113.8776132278144359588623046875">
        <ele>7.599999904632568359375</ele>
        <time>2026-09-29T23:02:07.000Z</time>
        <extensions>
          <ns3:TrackPointExtension>
            <ns3:hr>154</ns3:hr>
            <ns3:cad>93</ns3:cad>
          </ns3:TrackPointExtension>
        </extensions>
      </trkpt>
      <trkpt lat="22.5879156030714511871337890625" lon="113.87759554199874401092529296875">
        <ele>7.599999904632568359375</ele>
        <time>2026-09-29T23:02:08.000Z</time>
        <extensions>
          <ns3:TrackPointExtension>
            <ns3:hr>154</ns3:hr>
            <ns3:cad>93</ns3:cad>
          </ns3:TrackPointExtension>
        </extensions>
      </trkpt>
      <trkpt lat="22.58789255283772945404052734375" lon="113.87757307849824428558349609375">
        <ele>7.599999904632568359375</ele>
        <time>2026-09-29T23:02:09.000Z</time>
        <extensions>
          <ns3:TrackPointExtension>
            <ns3:hr>154</ns3:hr>
            <ns3:cad>93</ns3:cad>
          </ns3:TrackPointExtension>
        </extensions>
      </trkpt>
      <trkpt lat="22.58787411265075206756591796875" lon="113.87755681760609149932861328125">
        <ele>7.599999904632568359375</ele>
        <time>2026-09-29T23:02:10.000Z</time>
        <extensions>
          <ns3:TrackPointExtension>
            <ns3:hr>154</ns3:hr>
            <ns3:cad>93</ns3:cad>
          </ns3:TrackPointExtension>
        </extensions>
      </trkpt>
      <trkpt lat="22.587850056588649749755859375" lon="113.87753133662045001983642578125">
        <ele>7.599999904632568359375</ele>
        <time>2026-09-29T23:02:11.000Z</time>
        <extensions>
          <ns3:TrackPointExtension>
            <ns3:hr>154</ns3:hr>
            <ns3:cad>92</ns3:cad>
          </ns3:TrackPointExtension>
        </extensions>
      </trkpt>
      <trkpt lat="22.58783253841102123260498046875" lon="113.8775133155286312103271484375">
        <ele>7.400000095367431640625</ele>
        <time>2026-09-29T23:02:12.000Z</time>
        <extensions>
          <ns3:TrackPointExtension>
            <ns3:hr>154</ns3:hr>
            <ns3:cad>92</ns3:cad>
          </ns3:TrackPointExtension>
        </extensions>
      </trkpt>
      <trkpt lat="22.5878120027482509613037109375" lon="113.87748959474265575408935546875">
        <ele>7.599999904632568359375</ele>
        <time>2026-09-29T23:02:13.000Z</time>
        <extensions>
          <ns3:TrackPointExtension>
            <ns3:hr>154</ns3:hr>
            <ns3:cad>94</ns3:cad>
          </ns3:TrackPointExtension>
        </extensions>
      </trkpt>
      <trkpt lat="22.58779465220868587493896484375" lon="113.87747165746986865997314453125">
        <ele>7.599999904632568359375</ele>
        <time>2026-09-29T23:02:14.000Z</time>
        <extensions>
          <ns3:TrackPointExtension>
            <ns3:hr>154</ns3:hr>
            <ns3:cad>94</ns3:cad>
          </ns3:TrackPointExtension>
        </extensions>
      </trkpt>
      <trkpt lat="22.58777822367846965789794921875" lon="113.87745170854032039642333984375">
        <ele>7.599999904632568359375</ele>
        <time>2026-09-29T23:02:15.000Z</time>
        <extensions>
          <ns3:TrackPointExtension>
            <ns3:hr>154</ns3:hr>
            <ns3:cad>94</ns3:cad>
          </ns3:TrackPointExtension>
        </extensions>
      </trkpt>
      <trkpt lat="22.5877632200717926025390625" lon="113.8774331845343112945556640625">
        <ele>7.599999904632568359375</ele>
        <time>2026-09-29T23:02:16.000Z</time>
        <extensions>
          <ns3:TrackPointExtension>
            <ns3:hr>154</ns3:hr>
            <ns3:cad>92</ns3:cad>
          </ns3:TrackPointExtension>
        </extensions>
      </trkpt>
      <trkpt lat="22.58775274269282817840576171875" lon="113.87740711681544780731201171875">
        <ele>7.599999904632568359375</ele>
        <time>2026-09-29T23:02:17.000Z</time>
        <extensions>
          <ns3:TrackPointExtension>
            <ns3:hr>154</ns3:hr>
            <ns3:cad>92</ns3:cad>
          </ns3:TrackPointExtension>
        </extensions>
      </trkpt>
      <trkpt lat="22.58773438632488250732421875" lon="113.87738565914332866668701171875">
        <ele>7.599999904632568359375</ele>
        <time>2026-09-29T23:02:18.000Z</time>
        <extensions>
          <ns3:TrackPointExtension>
            <ns3:hr>154</ns3:hr>
            <ns3:cad>92</ns3:cad>
          </ns3:TrackPointExtension>
        </extensions>
      </trkpt>
      <trkpt lat="22.58771619759500026702880859375" lon="113.87736202217638492584228515625">
        <ele>7.599999904632568359375</ele>
        <time>2026-09-29T23:02:19.000Z</time>
        <extensions>
          <ns3:TrackPointExtension>
            <ns3:hr>154</ns3:hr>
            <ns3:cad>92</ns3:cad>
          </ns3:TrackPointExtension>
        </extensions>
      </trkpt>
      <trkpt lat="22.587698511779308319091796875" lon="113.877333439886569976806640625">
        <ele>7.599999904632568359375</ele>
        <time>2026-09-29T23:02:20.000Z</time>
        <extensions>
          <ns3:TrackPointExtension>
            <ns3:hr>153</ns3:hr>
            <ns3:cad>92</ns3:cad>
          </ns3:TrackPointExtension>
        </extensions>
      </trkpt>
      <trkpt lat="22.58768216706812381744384765625" lon="113.87731139548122882843017578125">
        <ele>7.599999904632568359375</ele>
        <time>2026-09-29T23:02:21.000Z</time>
        <extensions>
          <ns3:TrackPointExtension>
            <ns3:hr>153</ns3:hr>
            <ns3:cad>92</ns3:cad>
          </ns3:TrackPointExtension>
        </extensions>
      </trkpt>
      <trkpt lat="22.58765819482505321502685546875" lon="113.877284824848175048828125">
        <ele>7.599999904632568359375</ele>
        <time>2026-09-29T23:02:22.000Z</time>
        <extensions>
          <ns3:TrackPointExtension>
            <ns3:hr>153</ns3:hr>
            <ns3:cad>92</ns3:cad>
          </ns3:TrackPointExtension>
        </extensions>
      </trkpt>
      <trkpt lat="22.58763288147747516632080078125" lon="113.87725356034934520721435546875">
        <ele>7.599999904632568359375</ele>
        <time>2026-09-29T23:02:23.000Z</time>
        <extensions>
          <ns3:TrackPointExtension>
            <ns3:hr>153</ns3:hr>
            <ns3:cad>93</ns3:cad>
          </ns3:TrackPointExtension>
        </extensions>
      </trkpt>
      <trkpt lat="22.58761527948081493377685546875" lon="113.87722791172564029693603515625">
        <ele>7.599999904632568359375</ele>
        <time>2026-09-29T23:02:24.000Z</time>
        <extensions>
          <ns3:TrackPointExtension>
            <ns3:hr>152</ns3:hr>
            <ns3:cad>93</ns3:cad>
          </ns3:TrackPointExtension>
        </extensions>
      </trkpt>
      <trkpt lat="22.58759030140936374664306640625" lon="113.877207376062870025634765625">
        <ele>7.599999904632568359375</ele>
        <time>2026-09-29T23:02:25.000Z</time>
        <extensions>
          <ns3:TrackPointExtension>
            <ns3:hr>152</ns3:hr>
            <ns3:cad>93</ns3:cad>
          </ns3:TrackPointExtension>
        </extensions>
      </trkpt>
      <trkpt lat="22.58757336996495723724365234375" lon="113.877191282808780670166015625">
        <ele>7.599999904632568359375</ele>
        <time>2026-09-29T23:02:26.000Z</time>
        <extensions>
          <ns3:TrackPointExtension>
            <ns3:hr>152</ns3:hr>
            <ns3:cad>92</ns3:cad>
          </ns3:TrackPointExtension>
        </extensions>
      </trkpt>
      <trkpt lat="22.5875494815409183502197265625" lon="113.87715850956737995147705078125">
        <ele>7.599999904632568359375</ele>
        <time>2026-09-29T23:02:27.000Z</time>
        <extensions>
          <ns3:TrackPointExtension>
            <ns3:hr>152</ns3:hr>
            <ns3:cad>92</ns3:cad>
          </ns3:TrackPointExtension>
        </extensions>
      </trkpt>
      <trkpt lat="22.58752919733524322509765625" lon="113.87714057229459285736083984375">
        <ele>7.599999904632568359375</ele>
        <time>2026-09-29T23:02:28.000Z</time>
        <extensions>
          <ns3:TrackPointExtension>
            <ns3:hr>152</ns3:hr>
            <ns3:cad>92</ns3:cad>
          </ns3:TrackPointExtension>
        </extensions>
      </trkpt>
      <trkpt lat="22.587505392730236053466796875" lon="113.87711375020444393157958984375">
        <ele>7.599999904632568359375</ele>
        <time>2026-09-29T23:02:29.000Z</time>
        <extensions>
          <ns3:TrackPointExtension>
            <ns3:hr>152</ns3:hr>
            <ns3:cad>93</ns3:cad>
          </ns3:TrackPointExtension>
        </extensions>
      </trkpt>
      <trkpt lat="22.587482593953609466552734375" lon="113.8770957291126251220703125">
        <ele>7.599999904632568359375</ele>
        <time>2026-09-29T23:02:30.000Z</time>
        <extensions>
          <ns3:TrackPointExtension>
            <ns3:hr>153</ns3:hr>
            <ns3:cad>93</ns3:cad>
          </ns3:TrackPointExtension>
        </extensions>
      </trkpt>
      <trkpt lat="22.58746339939534664154052734375" lon="113.877071253955364227294921875">
        <ele>7.599999904632568359375</ele>
        <time>2026-09-29T23:02:31.000Z</time>
        <extensions>
          <ns3:TrackPointExtension>
            <ns3:hr>153</ns3:hr>
            <ns3:cad>95</ns3:cad>
          </ns3:TrackPointExtension>
        </extensions>
      </trkpt>
      <trkpt lat="22.58744537830352783203125" lon="113.87704418040812015533447265625">
        <ele>7.599999904632568359375</ele>
        <time>2026-09-29T23:02:32.000Z</time>
        <extensions>
          <ns3:TrackPointExtension>
            <ns3:hr>153</ns3:hr>
            <ns3:cad>95</ns3:cad>
          </ns3:TrackPointExtension>
        </extensions>
      </trkpt>
      <trkpt lat="22.58743129670619964599609375" lon="113.87701853178441524505615234375">
        <ele>7.599999904632568359375</ele>
        <time>2026-09-29T23:02:33.000Z</time>
        <extensions>
          <ns3:TrackPointExtension>
            <ns3:hr>153</ns3:hr>
            <ns3:cad>95</ns3:cad>
          </ns3:TrackPointExtension>
        </extensions>
      </trkpt>
      <trkpt lat="22.58741310797631740570068359375" lon="113.87699120678007602691650390625">
        <ele>7.599999904632568359375</ele>
        <time>2026-09-29T23:02:34.000Z</time>
        <extensions>
          <ns3:TrackPointExtension>
            <ns3:hr>153</ns3:hr>
            <ns3:cad>93</ns3:cad>
          </ns3:TrackPointExtension>
        </extensions>
      </trkpt>
      <trkpt lat="22.58739131502807140350341796875" lon="113.87697025202214717864990234375">
        <ele>7.599999904632568359375</ele>
        <time>2026-09-29T23:02:35.000Z</time>
        <extensions>
          <ns3:TrackPointExtension>
            <ns3:hr>154</ns3:hr>
            <ns3:cad>93</ns3:cad>
          </ns3:TrackPointExtension>
        </extensions>
      </trkpt>
      <trkpt lat="22.5873670913279056549072265625" lon="113.87694091536104679107666015625">
        <ele>7.599999904632568359375</ele>
        <time>2026-09-29T23:02:36.000Z</time>
        <extensions>
          <ns3:TrackPointExtension>
            <ns3:hr>154</ns3:hr>
            <ns3:cad>93</ns3:cad>
          </ns3:TrackPointExtension>
        </extensions>
      </trkpt>
      <trkpt lat="22.58734940551221370697021484375" lon="113.8769240677356719970703125">
        <ele>7.599999904632568359375</ele>
        <time>2026-09-29T23:02:37.000Z</time>
        <extensions>
          <ns3:TrackPointExtension>
            <ns3:hr>154</ns3:hr>
            <ns3:cad>94</ns3:cad>
          </ns3:TrackPointExtension>
        </extensions>
      </trkpt>
      <trkpt lat="22.58732828311622142791748046875" lon="113.8768950663506984710693359375">
        <ele>7.599999904632568359375</ele>
        <time>2026-09-29T23:02:38.000Z</time>
        <extensions>
          <ns3:TrackPointExtension>
            <ns3:hr>154</ns3:hr>
            <ns3:cad>94</ns3:cad>
          </ns3:TrackPointExtension>
        </extensions>
      </trkpt>
      <trkpt lat="22.5873114354908466339111328125" lon="113.8768729381263256072998046875">
        <ele>7.599999904632568359375</ele>
        <time>2026-09-29T23:02:39.000Z</time>
        <extensions>
          <ns3:TrackPointExtension>
            <ns3:hr>155</ns3:hr>
            <ns3:cad>94</ns3:cad>
          </ns3:TrackPointExtension>
        </extensions>
      </trkpt>
      <trkpt lat="22.5872899778187274932861328125" lon="113.87684234417974948883056640625">
        <ele>7.80000019073486328125</ele>
        <time>2026-09-29T23:02:40.000Z</time>
        <extensions>
          <ns3:TrackPointExtension>
            <ns3:hr>155</ns3:hr>
            <ns3:cad>93</ns3:cad>
          </ns3:TrackPointExtension>
        </extensions>
      </trkpt>
      <trkpt lat="22.58727262727916240692138671875" lon="113.8768206350505352020263671875">
        <ele>7.80000019073486328125</ele>
        <time>2026-09-29T23:02:41.000Z</time>
        <extensions>
          <ns3:TrackPointExtension>
            <ns3:hr>155</ns3:hr>
            <ns3:cad>93</ns3:cad>
          </ns3:TrackPointExtension>
        </extensions>
      </trkpt>
      <trkpt lat="22.58725368417799472808837890625" lon="113.8767958246171474456787109375">
        <ele>7.599999904632568359375</ele>
        <time>2026-09-29T23:02:42.000Z</time>
        <extensions>
          <ns3:TrackPointExtension>
            <ns3:hr>155</ns3:hr>
            <ns3:cad>93</ns3:cad>
          </ns3:TrackPointExtension>
        </extensions>
      </trkpt>
      <trkpt lat="22.587235830724239349365234375" lon="113.8767730258405208587646484375">
        <ele>7.80000019073486328125</ele>
        <time>2026-09-29T23:02:43.000Z</time>
        <extensions>
          <ns3:TrackPointExtension>
            <ns3:hr>155</ns3:hr>
            <ns3:cad>93</ns3:cad>
          </ns3:TrackPointExtension>
        </extensions>
      </trkpt>
      <trkpt lat="22.5872192345559597015380859375" lon="113.8767596147954463958740234375">
        <ele>7.80000019073486328125</ele>
        <time>2026-09-29T23:02:44.000Z</time>
        <extensions>
          <ns3:TrackPointExtension>
            <ns3:hr>156</ns3:hr>
            <ns3:cad>93</ns3:cad>
          </ns3:TrackPointExtension>
        </extensions>
      </trkpt>
      <trkpt lat="22.58719584904611110687255859375" lon="113.8767314516007900238037109375">
        <ele>7.599999904632568359375</ele>
        <time>2026-09-29T23:02:45.000Z</time>
        <extensions>
          <ns3:TrackPointExtension>
            <ns3:hr>155</ns3:hr>
            <ns3:cad>93</ns3:cad>
          </ns3:TrackPointExtension>
        </extensions>
      </trkpt>
      <trkpt lat="22.58717690594494342803955078125" lon="113.87671426869928836822509765625">
        <ele>7.599999904632568359375</ele>
        <time>2026-09-29T23:02:46.000Z</time>
        <extensions>
          <ns3:TrackPointExtension>
            <ns3:hr>155</ns3:hr>
            <ns3:cad>93</ns3:cad>
          </ns3:TrackPointExtension>
        </extensions>
      </trkpt>
      <trkpt lat="22.58715637028217315673828125" lon="113.8766882009804248809814453125">
        <ele>7.599999904632568359375</ele>
        <time>2026-09-29T23:02:47.000Z</time>
        <extensions>
          <ns3:TrackPointExtension>
            <ns3:hr>155</ns3:hr>
            <ns3:cad>93</ns3:cad>
          </ns3:TrackPointExtension>
        </extensions>
      </trkpt>
      <trkpt lat="22.58713818155229091644287109375" lon="113.87667068280279636383056640625">
        <ele>7.599999904632568359375</ele>
        <time>2026-09-29T23:02:48.000Z</time>
        <extensions>
          <ns3:TrackPointExtension>
            <ns3:hr>155</ns3:hr>
            <ns3:cad>94</ns3:cad>
          </ns3:TrackPointExtension>
        </extensions>
      </trkpt>
      <trkpt lat="22.587121166288852691650390625" lon="113.8766451179981231689453125">
        <ele>7.400000095367431640625</ele>
        <time>2026-09-29T23:02:49.000Z</time>
        <extensions>
          <ns3:TrackPointExtension>
            <ns3:hr>156</ns3:hr>
            <ns3:cad>94</ns3:cad>
          </ns3:TrackPointExtension>
        </extensions>
      </trkpt>
      <trkpt lat="22.5871015526354312896728515625" lon="113.87662164866924285888671875">
        <ele>7.400000095367431640625</ele>
        <time>2026-09-29T23:02:50.000Z</time>
        <extensions>
          <ns3:TrackPointExtension>
            <ns3:hr>155</ns3:hr>
            <ns3:cad>94</ns3:cad>
          </ns3:TrackPointExtension>
        </extensions>
      </trkpt>
      <trkpt lat="22.58708353154361248016357421875" lon="113.87659742496907711029052734375">
        <ele>7.599999904632568359375</ele>
        <time>2026-09-29T23:02:51.000Z</time>
        <extensions>
          <ns3:TrackPointExtension>
            <ns3:hr>155</ns3:hr>
            <ns3:cad>94</ns3:cad>
          </ns3:TrackPointExtension>
        </extensions>
      </trkpt>
      <trkpt lat="22.58705888874828815460205078125" lon="113.87657177634537220001220703125">
        <ele>7.400000095367431640625</ele>
        <time>2026-09-29T23:02:52.000Z</time>
        <extensions>
          <ns3:TrackPointExtension>
            <ns3:hr>155</ns3:hr>
            <ns3:cad>94</ns3:cad>
          </ns3:TrackPointExtension>
        </extensions>
      </trkpt>
      <trkpt lat="22.58704229258000850677490234375" lon="113.876555599272251129150390625">
        <ele>7.400000095367431640625</ele>
        <time>2026-09-29T23:02:53.000Z</time>
        <extensions>
          <ns3:TrackPointExtension>
            <ns3:hr>155</ns3:hr>
            <ns3:cad>94</ns3:cad>
          </ns3:TrackPointExtension>
        </extensions>
      </trkpt>
      <trkpt lat="22.58702150546014308929443359375" lon="113.87652819044888019561767578125">
        <ele>7.400000095367431640625</ele>
        <time>2026-09-29T23:02:54.000Z</time>
        <extensions>
          <ns3:TrackPointExtension>
            <ns3:hr>155</ns3:hr>
            <ns3:cad>94</ns3:cad>
          </ns3:TrackPointExtension>
        </extensions>
      </trkpt>
      <trkpt lat="22.58700557984411716461181640625" lon="113.87651025317609310150146484375">
        <ele>7.400000095367431640625</ele>
        <time>2026-09-29T23:02:55.000Z</time>
        <extensions>
          <ns3:TrackPointExtension>
            <ns3:hr>155</ns3:hr>
            <ns3:cad>93</ns3:cad>
          </ns3:TrackPointExtension>
        </extensions>
      </trkpt>
      <trkpt lat="22.5869826972484588623046875" lon="113.87647806666791439056396484375">
        <ele>7.400000095367431640625</ele>
        <time>2026-09-29T23:02:56.000Z</time>
        <extensions>
          <ns3:TrackPointExtension>
            <ns3:hr>154</ns3:hr>
            <ns3:cad>93</ns3:cad>
          </ns3:TrackPointExtension>
        </extensions>
      </trkpt>
      <trkpt lat="22.58696048520505428314208984375" lon="113.8764598779380321502685546875">
        <ele>7.400000095367431640625</ele>
        <time>2026-09-29T23:02:57.000Z</time>
        <extensions>
          <ns3:TrackPointExtension>
            <ns3:hr>154</ns3:hr>
            <ns3:cad>93</ns3:cad>
          </ns3:TrackPointExtension>
        </extensions>
      </trkpt>
      <trkpt lat="22.58694489486515522003173828125" lon="113.87643381021916866302490234375">
        <ele>7.400000095367431640625</ele>
        <time>2026-09-29T23:02:58.000Z</time>
        <extensions>
          <ns3:TrackPointExtension>
            <ns3:hr>153</ns3:hr>
            <ns3:cad>93</ns3:cad>
          </ns3:TrackPointExtension>
        </extensions>
      </trkpt>
      <trkpt lat="22.58692611940205097198486328125" lon="113.8764105923473834991455078125">
        <ele>7.400000095367431640625</ele>
        <time>2026-09-29T23:02:59.000Z</time>
        <extensions>
          <ns3:TrackPointExtension>
            <ns3:hr>153</ns3:hr>
            <ns3:cad>92</ns3:cad>
          </ns3:TrackPointExtension>
        </extensions>
      </trkpt>
      <trkpt lat="22.58690851740539073944091796875" lon="113.8763830997049808502197265625">
        <ele>7.400000095367431640625</ele>
        <time>2026-09-29T23:03:00.000Z</time>
        <extensions>
          <ns3:TrackPointExtension>
            <ns3:hr>154</ns3:hr>
            <ns3:cad>92</ns3:cad>
          </ns3:TrackPointExtension>
        </extensions>
      </trkpt>
      <trkpt lat="22.58688588626682758331298828125" lon="113.8763586245477199554443359375">
        <ele>7.599999904632568359375</ele>
        <time>2026-09-29T23:03:01.000Z</time>
        <extensions>
          <ns3:TrackPointExtension>
            <ns3:hr>153</ns3:hr>
            <ns3:cad>92</ns3:cad>
          </ns3:TrackPointExtension>
        </extensions>
      </trkpt>
      <trkpt lat="22.5868708826601505279541015625" lon="113.87634135782718658447265625">
        <ele>7.599999904632568359375</ele>
        <time>2026-09-29T23:03:02.000Z</time>
        <extensions>
          <ns3:TrackPointExtension>
            <ns3:hr>153</ns3:hr>
            <ns3:cad>94</ns3:cad>
          </ns3:TrackPointExtension>
        </extensions>
      </trkpt>
      <trkpt lat="22.5868484191596508026123046875" lon="113.8763180561363697052001953125">
        <ele>7.599999904632568359375</ele>
        <time>2026-09-29T23:03:03.000Z</time>
        <extensions>
          <ns3:TrackPointExtension>
            <ns3:hr>153</ns3:hr>
            <ns3:cad>94</ns3:cad>
          </ns3:TrackPointExtension>
        </extensions>
      </trkpt>
      <trkpt lat="22.58682989515364170074462890625" lon="113.87630380690097808837890625">
        <ele>7.599999904632568359375</ele>
        <time>2026-09-29T23:03:04.000Z</time>
        <extensions>
          <ns3:TrackPointExtension>
            <ns3:hr>153</ns3:hr>
            <ns3:cad>94</ns3:cad>
          </ns3:TrackPointExtension>
        </extensions>
      </trkpt>
      <trkpt lat="22.586811371147632598876953125" lon="113.87627405114471912384033203125">
        <ele>7.599999904632568359375</ele>
        <time>2026-09-29T23:03:05.000Z</time>
        <extensions>
          <ns3:TrackPointExtension>
            <ns3:hr>153</ns3:hr>
            <ns3:cad>93</ns3:cad>
          </ns3:TrackPointExtension>
        </extensions>
      </trkpt>
      <trkpt lat="22.5867937691509723663330078125" lon="113.8762496598064899444580078125">
        <ele>7.400000095367431640625</ele>
        <time>2026-09-29T23:03:06.000Z</time>
        <extensions>
          <ns3:TrackPointExtension>
            <ns3:hr>153</ns3:hr>
            <ns3:cad>93</ns3:cad>
          </ns3:TrackPointExtension>
        </extensions>
      </trkpt>
      <trkpt lat="22.5867753289639949798583984375" lon="113.87622199952602386474609375">
        <ele>7.400000095367431640625</ele>
        <time>2026-09-29T23:03:07.000Z</time>
        <extensions>
          <ns3:TrackPointExtension>
            <ns3:hr>154</ns3:hr>
            <ns3:cad>94</ns3:cad>
          </ns3:TrackPointExtension>
        </extensions>
      </trkpt>
      <trkpt lat="22.58675445802509784698486328125" lon="113.8761896453797817230224609375">
        <ele>7.400000095367431640625</ele>
        <time>2026-09-29T23:03:08.000Z</time>
        <extensions>
          <ns3:TrackPointExtension>
            <ns3:hr>153</ns3:hr>
            <ns3:cad>94</ns3:cad>
          </ns3:TrackPointExtension>
        </extensions>
      </trkpt>
      <trkpt lat="22.5867364369332790374755859375" lon="113.8761591352522373199462890625">
        <ele>7.400000095367431640625</ele>
        <time>2026-09-29T23:03:09.000Z</time>
        <extensions>
          <ns3:TrackPointExtension>
            <ns3:hr>154</ns3:hr>
            <ns3:cad>94</ns3:cad>
          </ns3:TrackPointExtension>
        </extensions>
      </trkpt>
      <trkpt lat="22.586715482175350189208984375" lon="113.876128457486629486083984375">
        <ele>7.400000095367431640625</ele>
        <time>2026-09-29T23:03:10.000Z</time>
        <extensions>
          <ns3:TrackPointExtension>
            <ns3:hr>154</ns3:hr>
            <ns3:cad>93</ns3:cad>
          </ns3:TrackPointExtension>
        </extensions>
      </trkpt>
      <trkpt lat="22.586700730025768280029296875" lon="113.8761091791093349456787109375">
        <ele>7.400000095367431640625</ele>
        <time>2026-09-29T23:03:11.000Z</time>
        <extensions>
          <ns3:TrackPointExtension>
            <ns3:hr>154</ns3:hr>
            <ns3:cad>93</ns3:cad>
          </ns3:TrackPointExtension>
        </extensions>
      </trkpt>
      <trkpt lat="22.58667902089655399322509765625" lon="113.8760823570191860198974609375">
        <ele>7.400000095367431640625</ele>
        <time>2026-09-29T23:03:12.000Z</time>
        <extensions>
          <ns3:TrackPointExtension>
            <ns3:hr>154</ns3:hr>
            <ns3:cad>94</ns3:cad>
          </ns3:TrackPointExtension>
        </extensions>
      </trkpt>
      <trkpt lat="22.58666443638503551483154296875" lon="113.876062072813510894775390625">
        <ele>7.400000095367431640625</ele>
        <time>2026-09-29T23:03:13.000Z</time>
        <extensions>
          <ns3:TrackPointExtension>
            <ns3:hr>154</ns3:hr>
            <ns3:cad>94</ns3:cad>
          </ns3:TrackPointExtension>
        </extensions>
      </trkpt>
      <trkpt lat="22.58664230816066265106201171875" lon="113.87603499926626682281494140625">
        <ele>7.400000095367431640625</ele>
        <time>2026-09-29T23:03:14.000Z</time>
        <extensions>
          <ns3:TrackPointExtension>
            <ns3:hr>154</ns3:hr>
            <ns3:cad>93</ns3:cad>
          </ns3:TrackPointExtension>
        </extensions>
      </trkpt>
      <trkpt lat="22.5866205990314483642578125" lon="113.87601806782186031341552734375">
        <ele>7.400000095367431640625</ele>
        <time>2026-09-29T23:03:15.000Z</time>
        <extensions>
          <ns3:TrackPointExtension>
            <ns3:hr>154</ns3:hr>
            <ns3:cad>93</ns3:cad>
          </ns3:TrackPointExtension>
        </extensions>
      </trkpt>
      <trkpt lat="22.58659805171191692352294921875" lon="113.8759871385991573333740234375">
        <ele>7.400000095367431640625</ele>
        <time>2026-09-29T23:03:16.000Z</time>
        <extensions>
          <ns3:TrackPointExtension>
            <ns3:hr>154</ns3:hr>
            <ns3:cad>91</ns3:cad>
          </ns3:TrackPointExtension>
        </extensions>
      </trkpt>
      <trkpt lat="22.5865778513252735137939453125" lon="113.87596677057445049285888671875">
        <ele>7.400000095367431640625</ele>
        <time>2026-09-29T23:03:17.000Z</time>
        <extensions>
          <ns3:TrackPointExtension>
            <ns3:hr>154</ns3:hr>
            <ns3:cad>91</ns3:cad>
          </ns3:TrackPointExtension>
        </extensions>
      </trkpt>
      <trkpt lat="22.58655781857669353485107421875" lon="113.8759371824562549591064453125">
        <ele>7.19999980926513671875</ele>
        <time>2026-09-29T23:03:18.000Z</time>
        <extensions>
          <ns3:TrackPointExtension>
            <ns3:hr>155</ns3:hr>
            <ns3:cad>91</ns3:cad>
          </ns3:TrackPointExtension>
        </extensions>
      </trkpt>
      <trkpt lat="22.58653669618070125579833984375" lon="113.87591077946126461029052734375">
        <ele>7.19999980926513671875</ele>
        <time>2026-09-29T23:03:19.000Z</time>
        <extensions>
          <ns3:TrackPointExtension>
            <ns3:hr>154</ns3:hr>
            <ns3:cad>93</ns3:cad>
          </ns3:TrackPointExtension>
        </extensions>
      </trkpt>
      <trkpt lat="22.58652311749756336212158203125" lon="113.8758905790746212005615234375">
        <ele>7.19999980926513671875</ele>
        <time>2026-09-29T23:03:20.000Z</time>
        <extensions>
          <ns3:TrackPointExtension>
            <ns3:hr>155</ns3:hr>
            <ns3:cad>94</ns3:cad>
          </ns3:TrackPointExtension>
        </extensions>
      </trkpt>
      <trkpt lat="22.58650216273963451385498046875" lon="113.87586451135575771331787109375">
        <ele>7.400000095367431640625</ele>
        <time>2026-09-29T23:03:21.000Z</time>
        <extensions>
          <ns3:TrackPointExtension>
            <ns3:hr>155</ns3:hr>
            <ns3:cad>94</ns3:cad>
          </ns3:TrackPointExtension>
        </extensions>
      </trkpt>
      <trkpt lat="22.5864856503903865814208984375" lon="113.8758490048348903656005859375">
        <ele>7.400000095367431640625</ele>
        <time>2026-09-29T23:03:22.000Z</time>
        <extensions>
          <ns3:TrackPointExtension>
            <ns3:hr>155</ns3:hr>
            <ns3:cad>94</ns3:cad>
          </ns3:TrackPointExtension>
        </extensions>
      </trkpt>
      <trkpt lat="22.58646494708955287933349609375" lon="113.87581698596477508544921875">
        <ele>7.400000095367431640625</ele>
        <time>2026-09-29T23:03:23.000Z</time>
        <extensions>
          <ns3:TrackPointExtension>
            <ns3:hr>154</ns3:hr>
            <ns3:cad>94</ns3:cad>
          </ns3:TrackPointExtension>
        </extensions>
      </trkpt>
      <trkpt lat="22.58644667454063892364501953125" lon="113.8758000545203685760498046875">
        <ele>7.599999904632568359375</ele>
        <time>2026-09-29T23:03:24.000Z</time>
        <extensions>
          <ns3:TrackPointExtension>
            <ns3:hr>155</ns3:hr>
            <ns3:cad>94</ns3:cad>
          </ns3:TrackPointExtension>
        </extensions>
      </trkpt>
      <trkpt lat="22.5864276476204395294189453125" lon="113.87577147223055362701416015625">
        <ele>7.599999904632568359375</ele>
        <time>2026-09-29T23:03:25.000Z</time>
        <extensions>
          <ns3:TrackPointExtension>
            <ns3:hr>155</ns3:hr>
            <ns3:cad>94</ns3:cad>
          </ns3:TrackPointExtension>
        </extensions>
      </trkpt>
      <trkpt lat="22.58640727959573268890380859375" lon="113.87575286440551280975341796875">
        <ele>7.599999904632568359375</ele>
        <time>2026-09-29T23:03:26.000Z</time>
        <extensions>
          <ns3:TrackPointExtension>
            <ns3:hr>154</ns3:hr>
            <ns3:cad>94</ns3:cad>
          </ns3:TrackPointExtension>
        </extensions>
      </trkpt>
      <trkpt lat="22.58638800121843814849853515625" lon="113.87573383748531341552734375">
        <ele>7.599999904632568359375</ele>
        <time>2026-09-29T23:03:27.000Z</time>
        <extensions>
          <ns3:TrackPointExtension>
            <ns3:hr>155</ns3:hr>
            <ns3:cad>94</ns3:cad>
          </ns3:TrackPointExtension>
        </extensions>
      </trkpt>
      <trkpt lat="22.5863421522080898284912109375" lon="113.8757018186151981353759765625">
        <ele>7.599999904632568359375</ele>
        <time>2026-09-29T23:03:28.000Z</time>
        <extensions>
          <ns3:TrackPointExtension>
            <ns3:hr>155</ns3:hr>
            <ns3:cad>93</ns3:cad>
          </ns3:TrackPointExtension>
        </extensions>
      </trkpt>
      <trkpt lat="22.58632228709757328033447265625" lon="113.87570223771035671234130859375">
        <ele>7.599999904632568359375</ele>
        <time>2026-09-29T23:03:29.000Z</time>
        <extensions>
          <ns3:TrackPointExtension>
            <ns3:hr>154</ns3:hr>
            <ns3:cad>93</ns3:cad>
          </ns3:TrackPointExtension>
        </extensions>
      </trkpt>
      <trkpt lat="22.58630032651126384735107421875" lon="113.8756894133985042572021484375">
        <ele>7.599999904632568359375</ele>
        <time>2026-09-29T23:03:30.000Z</time>
        <extensions>
          <ns3:TrackPointExtension>
            <ns3:hr>155</ns3:hr>
            <ns3:cad>93</ns3:cad>
          </ns3:TrackPointExtension>
        </extensions>
      </trkpt>
      <trkpt lat="22.586289010941982269287109375" lon="113.8756709732115268707275390625">
        <ele>7.599999904632568359375</ele>
        <time>2026-09-29T23:03:31.000Z</time>
        <extensions>
          <ns3:TrackPointExtension>
            <ns3:hr>155</ns3:hr>
            <ns3:cad>93</ns3:cad>
          </ns3:TrackPointExtension>
        </extensions>
      </trkpt>
    </trkseg>
  </trk>
</gpx>
